target_relic_rate,target_founder_rate,control_relic_rate,control_founder_rate,target_relic_n,target_founder_n,control_relic_n,control_founder_n,target_relic_yes,target_founder_yes,control_relic_yes,control_founder_yes,target_relic_minus_founder,control_relic_minus_founder,did_lift,unit_type,target_name,control_set,feature,feature_type
0.40601503759398494,0.1752808988764045,0.35344827586206895,0.3972972972972973,133,445,232,1480,54,78,82,588,0.23073413871758044,-0.04384902143522834,0.2745831601528088,cluster,I2_all,non_I2_excl_R1a,other_i2_social,binary
0.7142857142857143,0.5348314606741573,0.7586206896551724,0.8452702702702702,133,445,232,1480,95,238,176,1251,0.17945425361155698,-0.08664958061509787,0.26610383422665485,cluster,I2_all,non_I2_excl_R1a,other_i2_near_30km,binary
0.44360902255639095,0.2876404494382023,0.625,0.6391891891891892,133,445,232,1480,59,128,145,946,0.15596857311818868,-0.01418918918918921,0.1701577623073779,cluster,I2_all,non_I2_excl_R1a,other_i2_dist_le_20,binary
0.924812030075188,0.8966292134831461,0.9396551724137931,0.9702702702702702,133,445,232,1480,123,399,218,1436,0.028182816592041915,-0.03061509785647709,0.058797914448519006,cluster,I2_all,non_I2_excl_R1a,other_i2_dist_le_50,binary
0.3533834586466165,0.11235955056179775,0.30603448275862066,0.3587837837837838,133,445,232,1480,47,50,71,531,0.24102390808481877,-0.05274930102516312,0.2937732091099819,cluster,I2_all,non_I2_excl_R1a,other_i2_cloud_social_spatial,binary
0.19548872180451127,0.10786516853932585,0.15517241379310345,0.14391891891891892,133,445,232,1480,26,48,36,213,0.08762355326518542,0.011253494874184533,0.07637005839100089,cluster,I2_all,non_I2_excl_R1a,nonph_i2_social,binary
0.518796992481203,0.47415730337078654,0.49137931034482757,0.5567567567567567,133,445,232,1480,69,211,114,824,0.04463968911041649,-0.06537744641192916,0.11001713552234565,cluster,I2_all,non_I2_excl_R1a,nonph_i2_near_30km,binary
0.13533834586466165,0.06292134831460675,0.09913793103448276,0.11351351351351352,133,445,232,1480,18,28,23,168,0.0724169975500549,-0.014375582479030757,0.08679258002908566,cluster,I2_all,non_I2_excl_R1a,nonph_i2_cloud_social_spatial,binary
0.8646616541353384,0.750561797752809,0.7887931034482759,0.8297297297297297,133,445,232,1480,115,334,183,1228,0.1140998563825294,-0.04093662628145378,0.15503648266398318,cluster,I2_all,non_I2_excl_R1a,surname_ic,binary
0.5338345864661654,0.39775280898876403,0.5387931034482759,0.4972972972972973,133,445,232,1480,71,177,125,736,0.1360817774774014,0.04149580615097859,0.09458597132642282,cluster,I2_all,non_I2_excl_R1a,surname_ovic_evic,binary
0.3308270676691729,0.35280898876404493,0.25,0.3324324324324324,133,445,232,1480,44,157,58,492,-0.021981921094872015,-0.08243243243243242,0.06045051133756041,cluster,I2_all,non_I2_excl_R1a,surname_non_ovic_ic,binary
0.5488721804511278,0.4067415730337079,0.5474137931034483,0.5094594594594595,133,445,232,1480,73,181,127,754,0.14213060741741995,0.037954333643988813,0.10417627377343114,cluster,I2_all,non_I2_excl_R1a,surname_vic,binary
0,0.0022471910112359553,0.021551724137931036,0.005405405405405406,133,445,232,1480,0,1,5,8,-0.0022471910112359553,0.01614631873252563,-0.018393509743761586,cluster,I2_all,non_I2_excl_R1a,surname_ski,binary
0.924812030075188,0.9865168539325843,0.9051724137931034,0.970945945945946,133,445,232,1480,123,439,210,1437,-0.061704823857396285,-0.06577353215284254,0.004068708295446255,cluster,I2_all,non_I2_excl_R1a,slava_informative,binary
0.15789473684210525,0.10561797752808989,0.21551724137931033,0.12162162162162163,133,445,232,1480,21,47,50,180,0.05227675931401536,0.0938956197576887,-0.04161886044367334,cluster,I2_all,non_I2_excl_R1a,rare_slava_region_2,binary
0.37593984962406013,0.2449438202247191,0.40948275862068967,0.2560810810810811,133,445,232,1480,50,109,95,379,0.13099602939934102,0.1534016775396086,-0.022405648140267576,cluster,I2_all,non_I2_excl_R1a,rare_slava_region_5,binary
0.7443609022556391,0.7303370786516854,0.7586206896551724,0.7445945945945946,133,445,232,1480,99,325,176,1102,0.014023823603953711,0.014026095060577726,-2.2714566240145118e-6,cluster,I2_all,non_I2_excl_R1a,rare_surname_region_1,binary
0.924812030075188,0.8876404494382022,0.9310344827586207,0.9060810810810811,133,445,232,1480,123,395,216,1341,0.03717158063698578,0.024953401677539566,0.012218178959446213,cluster,I2_all,non_I2_excl_R1a,rare_surname_region_2,binary
0.8796992481203008,0.8876404494382022,0.7586206896551724,0.8452702702702702,133,445,232,1480,117,395,176,1251,-0.007941201317901436,-0.08664958061509787,0.07870837929719643,cluster,I2_all,non_I2_excl_R1a,i2_ecology_near30,binary
0.7593984962406015,0.698876404494382,0.5431034482758621,0.647972972972973,133,445,232,1480,101,311,126,959,0.060522091746219475,-0.10486952469711086,0.16539161644333034,cluster,I2_all,non_I2_excl_R1a,i2_ecology_dense30,binary
0.5112781954887218,0.39325842696629215,0.4482758620689655,0.5331081081081082,133,445,232,1480,68,175,104,789,0.11801976852242962,-0.08483224603914263,0.20285201456157226,cluster,I2_all,non_I2_excl_R1a,i2_ecology_diverse30,binary
0.47368421052631576,0.5438202247191011,0.3706896551724138,0.49594594594594593,133,445,232,1480,63,242,86,734,-0.07013601419278531,-0.12525629077353212,0.05512027658074681,cluster,I2_all,non_I2_excl_R1a,i2_ecology_terminal_diverse30,binary
0.18796992481203006,0.28314606741573034,0.10775862068965517,0.2668918918918919,133,445,232,1480,25,126,25,395,-0.09517614260370028,-0.15913327120223672,0.06395712859853644,cluster,I2_all,non_I2_excl_R1a,i2_ecology_share30_gt50,binary
0.12781954887218044,0.23595505617977527,0.09482758620689655,0.20743243243243242,133,445,232,1480,17,105,22,307,-0.10813550730759483,-0.11260484622553588,0.004469338917941046,cluster,I2_all,non_I2_excl_R1a,i2_ecology_share50_gt50,binary
0.37593984962406013,0.4134831460674157,0.25862068965517243,0.35945945945945945,133,445,232,1480,50,184,60,532,-0.03754329644335558,-0.10083876980428702,0.06329547336093144,cluster,I2_all,non_I2_excl_R1a,i2_ecology_no_r1a30,binary
0.21052631578947367,0.28314606741573034,0.10775862068965517,0.2668918918918919,133,445,232,1480,28,126,25,395,-0.07261975162625667,-0.15913327120223672,0.08651351957598005,cluster,I2_all,non_I2_excl_R1a,i2_ecology_i2_over_non_i2_30,binary
0.45864661654135336,0.44719101123595506,0.27155172413793105,0.3783783783783784,133,445,232,1480,61,199,63,560,0.011455605305398298,-0.10682665424044735,0.11828225954584565,cluster,I2_all,non_I2_excl_R1a,nearest_relic_is_i2,binary
0.10526315789473684,0.24719101123595505,0.08620689655172414,0.1918918918918919,133,445,232,1480,14,110,20,284,-0.1419278533412182,-0.10568499534016776,-0.036242858001050454,cluster,I2_all,non_I2_excl_R1a,nearest_i2_and_i2_share30_gt50,binary
0.6240601503759399,0.44269662921348313,0.6379310344827587,0.7087837837837838,133,445,232,1480,83,197,148,1049,0.18136352116245674,-0.07085274930102514,0.2522162704634819,cluster,I2_all,non_I2_excl_R1a,geography_plus_suffix_ic,binary
0.38345864661654133,0.2449438202247191,0.4396551724137931,0.4331081081081081,133,445,232,1480,51,109,102,641,0.13851482639182222,0.006547064305684969,0.13196776208613725,cluster,I2_all,non_I2_excl_R1a,geography_plus_ovic_evic,binary
0.3308270676691729,0.0898876404494382,0.2629310344827586,0.3027027027027027,133,445,232,1480,44,40,61,448,0.24093942721973471,-0.0397716682199441,0.2807110954396788,cluster,I2_all,non_I2_excl_R1a,cloud_plus_suffix_ic,binary
0.10526315789473684,0.04719101123595506,0.09913793103448276,0.12297297297297298,133,445,232,1480,14,21,23,182,0.05807214665878178,-0.023835041938490217,0.081907188597272,cluster,I2_all,non_I2_excl_R1a,cloud_plus_non_ovic_ic,binary
0.3308270676691729,0.0898876404494382,0.2629310344827586,0.3027027027027027,133,445,232,1480,44,40,61,448,0.24093942721973471,-0.0397716682199441,0.2807110954396788,cluster,I2_all,non_I2_excl_R1a,geo_cloud_suffix_triad,binary
0,0,0,0,133,445,232,1480,0,0,0,0,0,0,0,cluster,I2_all,non_I2_excl_R1a,elevation_ge_700,binary
0,0,0,0,133,445,232,1480,0,0,0,0,0,0,0,cluster,I2_all,non_I2_excl_R1a,elevation_ge_900,binary
0,0,0,0,133,445,232,1480,0,0,0,0,0,0,0,cluster,I2_all,non_I2_excl_R1a,elevation_resid_ge_100,binary
0,0,0,0,133,445,232,1480,0,0,0,0,0,0,0,cluster,I2_all,non_I2_excl_R1a,mountain_i2_near30,binary
0,0,0,0,133,445,232,1480,0,0,0,0,0,0,0,cluster,I2_all,non_I2_excl_R1a,mountain_cloud_i2,binary
0.37593984962406013,0.9056179775280899,0,0,133,445,232,1480,50,403,0,0,-0.5296781279040298,0,-0.5296781279040298,cluster,I2_all,non_I2_excl_R1a,old_age_known,binary
0.022556390977443608,0.5797752808988764,0,0,133,445,232,1480,3,258,0,0,-0.5572188899214328,0,-0.5572188899214328,cluster,I2_all,non_I2_excl_R1a,age_ge_1500,binary
0.022556390977443608,0,0,0,133,445,232,1480,3,0,0,0,0.022556390977443608,0,0.022556390977443608,cluster,I2_all,non_I2_excl_R1a,age_ge_2000,binary
0.40601503759398494,0.1752808988764045,0.3535714285714286,0.3857677902621723,133,445,280,1869,54,78,99,721,0.23073413871758044,-0.03219636169074369,0.2629305004083241,cluster,I2_all,all_non_I2,other_i2_social,binary
0.7142857142857143,0.5348314606741573,0.7642857142857142,0.8421615837346175,133,445,280,1869,95,238,214,1574,0.17945425361155698,-0.07787586944890323,0.2573301230604602,cluster,I2_all,all_non_I2,other_i2_near_30km,binary
0.44360902255639095,0.2876404494382023,0.6285714285714286,0.6393793472445158,133,445,280,1869,59,128,176,1195,0.15596857311818868,-0.01080791867308728,0.16677649179127596,cluster,I2_all,all_non_I2,other_i2_dist_le_20,binary
0.924812030075188,0.8966292134831461,0.9464285714285714,0.9684323167469235,133,445,280,1869,123,399,265,1810,0.028182816592041915,-0.02200374531835214,0.050186561910394056,cluster,I2_all,all_non_I2,other_i2_dist_le_50,binary
0.3533834586466165,0.11235955056179775,0.30714285714285716,0.34724451578384163,133,445,280,1869,47,50,86,649,0.24102390808481877,-0.04010165864098447,0.28112556672580324,cluster,I2_all,all_non_I2,other_i2_cloud_social_spatial,binary
0.19548872180451127,0.10786516853932585,0.14285714285714285,0.13590155163188872,133,445,280,1869,26,48,40,254,0.08762355326518542,0.006955591225254132,0.08066796203993129,cluster,I2_all,all_non_I2,nonph_i2_social,binary
0.518796992481203,0.47415730337078654,0.48928571428571427,0.5521669341894061,133,445,280,1869,69,211,137,1032,0.04463968911041649,-0.06288121990369183,0.10752090901410832,cluster,I2_all,all_non_I2,nonph_i2_near_30km,binary
0.13533834586466165,0.06292134831460675,0.09642857142857143,0.10593900481540931,133,445,280,1869,18,28,27,198,0.0724169975500549,-0.00951043338683788,0.08192743093689278,cluster,I2_all,all_non_I2,nonph_i2_cloud_social_spatial,binary
0.8646616541353384,0.750561797752809,0.7821428571428571,0.8228999464954521,133,445,280,1869,115,334,219,1538,0.1140998563825294,-0.04075708935259492,0.15485694573512432,cluster,I2_all,all_non_I2,surname_ic,binary
0.5338345864661654,0.39775280898876403,0.5142857142857142,0.4756554307116105,133,445,280,1869,71,177,144,889,0.1360817774774014,0.03863028357410375,0.09745149390329766,cluster,I2_all,all_non_I2,surname_ovic_evic,binary
0.3308270676691729,0.35280898876404493,0.26785714285714285,0.34724451578384163,133,445,280,1869,44,157,75,649,-0.021981921094872015,-0.07938737292669878,0.05740545183182677,cluster,I2_all,all_non_I2,surname_non_ovic_ic,binary
0.5488721804511278,0.4067415730337079,0.5214285714285715,0.4884965222043874,133,445,280,1869,73,181,146,913,0.14213060741741995,0.03293204922418408,0.10919855819323587,cluster,I2_all,all_non_I2,surname_vic,binary
0,0.0022471910112359553,0.02142857142857143,0.00749063670411985,133,445,280,1869,0,1,6,14,-0.0022471910112359553,0.013937934724451578,-0.016185125735687533,cluster,I2_all,all_non_I2,surname_ski,binary
0.924812030075188,0.9865168539325843,0.9,0.9684323167469235,133,445,280,1869,123,439,252,1810,-0.061704823857396285,-0.06843231674692352,0.006727492889527231,cluster,I2_all,all_non_I2,slava_informative,binary
0.15789473684210525,0.10561797752808989,0.225,0.12520064205457465,133,445,280,1869,21,47,63,234,0.05227675931401536,0.09979935794542535,-0.04752259863140999,cluster,I2_all,all_non_I2,rare_slava_region_2,binary
0.37593984962406013,0.2449438202247191,0.41785714285714287,0.25842696629213485,133,445,280,1869,50,109,117,483,0.13099602939934102,0.15943017656500802,-0.028434147165667,cluster,I2_all,all_non_I2,rare_slava_region_5,binary
0.7443609022556391,0.7303370786516854,0.7821428571428571,0.7437132156233279,133,445,280,1869,99,325,219,1390,0.014023823603953711,0.03842964151952921,-0.0244058179155755,cluster,I2_all,all_non_I2,rare_surname_region_1,binary
0.924812030075188,0.8876404494382022,0.9321428571428572,0.9052969502407705,133,445,280,1869,123,395,261,1692,0.03717158063698578,0.026845906902086658,0.010325673734899121,cluster,I2_all,all_non_I2,rare_surname_region_2,binary
0.8796992481203008,0.8876404494382022,0.7642857142857142,0.8421615837346175,133,445,280,1869,117,395,214,1574,-0.007941201317901436,-0.07787586944890323,0.0699346681310018,cluster,I2_all,all_non_I2,i2_ecology_near30,binary
0.7593984962406015,0.698876404494382,0.5392857142857143,0.6474050294275013,133,445,280,1869,101,311,151,1210,0.060522091746219475,-0.10811931514178708,0.16864140688800655,cluster,I2_all,all_non_I2,i2_ecology_dense30,binary
0.5112781954887218,0.39325842696629215,0.45,0.5280898876404494,133,445,280,1869,68,175,126,987,0.11801976852242962,-0.07808988764044938,0.196109656162879,cluster,I2_all,all_non_I2,i2_ecology_diverse30,binary
0.47368421052631576,0.5438202247191011,0.3821428571428571,0.4917067950775816,133,445,280,1869,63,242,107,919,-0.07013601419278531,-0.10956393793472446,0.03942792374193915,cluster,I2_all,all_non_I2,i2_ecology_terminal_diverse30,binary
0.18796992481203006,0.28314606741573034,0.125,0.26110219368646337,133,445,280,1869,25,126,35,488,-0.09517614260370028,-0.13610219368646337,0.04092605108276309,cluster,I2_all,all_non_I2,i2_ecology_share30_gt50,binary
0.12781954887218044,0.23595505617977527,0.09642857142857143,0.20117710005350456,133,445,280,1869,17,105,27,376,-0.10813550730759483,-0.10474852862493313,-0.0033869786826617038,cluster,I2_all,all_non_I2,i2_ecology_share50_gt50,binary
0.37593984962406013,0.4134831460674157,0.275,0.3552701979668272,133,445,280,1869,50,184,77,664,-0.03754329644335558,-0.08027019796682716,0.04272690152347158,cluster,I2_all,all_non_I2,i2_ecology_no_r1a30,binary
0.21052631578947367,0.28314606741573034,0.125,0.26110219368646337,133,445,280,1869,28,126,35,488,-0.07261975162625667,-0.13610219368646337,0.0634824420602067,cluster,I2_all,all_non_I2,i2_ecology_i2_over_non_i2_30,binary
0.45864661654135336,0.44719101123595506,0.2857142857142857,0.3750668806848582,133,445,280,1869,61,199,80,701,0.011455605305398298,-0.08935259497057252,0.10080820027597082,cluster,I2_all,all_non_I2,nearest_relic_is_i2,binary
0.10526315789473684,0.24719101123595505,0.1,0.18994114499732478,133,445,280,1869,14,110,28,355,-0.1419278533412182,-0.08994114499732478,-0.051986708343893434,cluster,I2_all,all_non_I2,nearest_i2_and_i2_share30_gt50,binary
0.6240601503759399,0.44269662921348313,0.6392857142857142,0.7025147137506688,133,445,280,1869,83,197,179,1313,0.18136352116245674,-0.06322899946495453,0.24459252062741127,cluster,I2_all,all_non_I2,geography_plus_suffix_ic,binary
0.38345864661654133,0.2449438202247191,0.425,0.4146602461209203,133,445,280,1869,51,109,119,775,0.13851482639182222,0.010339753879079705,0.12817507251274252,cluster,I2_all,all_non_I2,geography_plus_ovic_evic,binary
0.3308270676691729,0.0898876404494382,0.2571428571428571,0.28731942215088285,133,445,280,1869,44,40,72,537,0.24093942721973471,-0.030176565008025735,0.27111599222776045,cluster,I2_all,all_non_I2,cloud_plus_suffix_ic,binary
0.10526315789473684,0.04719101123595506,0.09642857142857143,0.12092027822364901,133,445,280,1869,14,21,27,226,0.05807214665878178,-0.024491706795077575,0.08256385345385936,cluster,I2_all,all_non_I2,cloud_plus_non_ovic_ic,binary
0.3308270676691729,0.0898876404494382,0.2571428571428571,0.28731942215088285,133,445,280,1869,44,40,72,537,0.24093942721973471,-0.030176565008025735,0.27111599222776045,cluster,I2_all,all_non_I2,geo_cloud_suffix_triad,binary
0,0,0,0,133,445,280,1869,0,0,0,0,0,0,0,cluster,I2_all,all_non_I2,elevation_ge_700,binary
0,0,0,0,133,445,280,1869,0,0,0,0,0,0,0,cluster,I2_all,all_non_I2,elevation_ge_900,binary
0,0,0,0,133,445,280,1869,0,0,0,0,0,0,0,cluster,I2_all,all_non_I2,elevation_resid_ge_100,binary
0,0,0,0,133,445,280,1869,0,0,0,0,0,0,0,cluster,I2_all,all_non_I2,mountain_i2_near30,binary
0,0,0,0,133,445,280,1869,0,0,0,0,0,0,0,cluster,I2_all,all_non_I2,mountain_cloud_i2,binary
0.37593984962406013,0.9056179775280899,0.16785714285714284,0.2081326912787587,133,445,280,1869,50,403,47,389,-0.5296781279040298,-0.04027554842161585,-0.48940257948241395,cluster,I2_all,all_non_I2,old_age_known,binary
0.022556390977443608,0.5797752808988764,0.10714285714285714,0.12145532370251472,133,445,280,1869,3,258,30,227,-0.5572188899214328,-0.01431246655965758,-0.5429064233617752,cluster,I2_all,all_non_I2,age_ge_1500,binary
0.022556390977443608,0,0.05714285714285714,0.11235955056179775,133,445,280,1869,3,0,16,210,0.022556390977443608,-0.05521669341894061,0.07777308439638422,cluster,I2_all,all_non_I2,age_ge_2000,binary
0.34146341463414637,0.1488833746898263,0.35344827586206895,0.3972972972972973,82,403,232,1480,28,60,82,588,0.19258003994432007,-0.04384902143522834,0.23642906137954842,cluster,PH908_primary,non_I2_excl_R1a,other_i2_social,binary
0.6829268292682927,0.5037220843672456,0.7586206896551724,0.8452702702702702,82,403,232,1480,56,203,176,1251,0.1792047449010471,-0.08664958061509787,0.26585432551614496,cluster,PH908_primary,non_I2_excl_R1a,other_i2_near_30km,binary
0.3902439024390244,0.25806451612903225,0.625,0.6391891891891892,82,403,232,1480,32,104,145,946,0.13217938630999215,-0.01418918918918921,0.14636857549918136,cluster,PH908_primary,non_I2_excl_R1a,other_i2_dist_le_20,binary
0.9146341463414634,0.890818858560794,0.9396551724137931,0.9702702702702702,82,403,232,1480,75,359,218,1436,0.023815287780669436,-0.03061509785647709,0.05443038563714653,cluster,PH908_primary,non_I2_excl_R1a,other_i2_dist_le_50,binary
0.2804878048780488,0.08684863523573201,0.30603448275862066,0.3587837837837838,82,403,232,1480,23,35,71,531,0.1936391696423168,-0.05274930102516312,0.24638847066747993,cluster,PH908_primary,non_I2_excl_R1a,other_i2_cloud_social_spatial,binary
0.21951219512195122,0.10918114143920596,0.15517241379310345,0.14391891891891892,82,403,232,1480,18,44,36,213,0.11033105368274526,0.011253494874184533,0.09907755880856073,cluster,PH908_primary,non_I2_excl_R1a,nonph_i2_social,binary
0.6341463414634146,0.4813895781637717,0.49137931034482757,0.5567567567567567,82,403,232,1480,52,194,114,824,0.15275676329964294,-0.06537744641192916,0.2181342097115721,cluster,PH908_primary,non_I2_excl_R1a,nonph_i2_near_30km,binary
0.17073170731707318,0.06699751861042183,0.09913793103448276,0.11351351351351352,82,403,232,1480,14,27,23,168,0.10373418870665135,-0.014375582479030757,0.11810977118568211,cluster,PH908_primary,non_I2_excl_R1a,nonph_i2_cloud_social_spatial,binary
0.8658536585365854,0.7444168734491315,0.7887931034482759,0.8297297297297297,82,403,232,1480,71,300,183,1228,0.12143678508745381,-0.04093662628145378,0.1623734113689076,cluster,PH908_primary,non_I2_excl_R1a,surname_ic,binary
0.5121951219512195,0.3945409429280397,0.5387931034482759,0.4972972972972973,82,403,232,1480,42,159,125,736,0.11765417902317982,0.04149580615097859,0.07615837287220123,cluster,PH908_primary,non_I2_excl_R1a,surname_ovic_evic,binary
0.35365853658536583,0.34987593052109184,0.25,0.3324324324324324,82,403,232,1480,29,141,58,492,0.0037826060642739967,-0.08243243243243242,0.08621503849670642,cluster,PH908_primary,non_I2_excl_R1a,surname_non_ovic_ic,binary
0.5365853658536586,0.4044665012406948,0.5474137931034483,0.5094594594594595,82,403,232,1480,44,163,127,754,0.1321188646129638,0.037954333643988813,0.09416453096897498,cluster,PH908_primary,non_I2_excl_R1a,surname_vic,binary
0,0.0024813895781637717,0.021551724137931036,0.005405405405405406,82,403,232,1480,0,1,5,8,-0.0024813895781637717,0.01614631873252563,-0.0186277083106894,cluster,PH908_primary,non_I2_excl_R1a,surname_ski,binary
0.9390243902439024,0.9851116625310173,0.9051724137931034,0.970945945945946,82,403,232,1480,77,397,210,1437,-0.046087272287114955,-0.06577353215284254,0.019686259865727584,cluster,PH908_primary,non_I2_excl_R1a,slava_informative,binary
0.17073170731707318,0.10669975186104218,0.21551724137931033,0.12162162162162163,82,403,232,1480,14,43,50,180,0.064031955456031,0.0938956197576887,-0.029863664301657697,cluster,PH908_primary,non_I2_excl_R1a,rare_slava_region_2,binary
0.3780487804878049,0.24813895781637718,0.40948275862068967,0.2560810810810811,82,403,232,1480,31,100,95,379,0.1299098226714277,0.1534016775396086,-0.023491854868180895,cluster,PH908_primary,non_I2_excl_R1a,rare_slava_region_5,binary
0.7195121951219512,0.7295285359801489,0.7586206896551724,0.7445945945945946,82,403,232,1480,59,294,176,1102,-0.010016340858197692,0.014026095060577726,-0.024042435918775418,cluster,PH908_primary,non_I2_excl_R1a,rare_surname_region_1,binary
0.8902439024390244,0.8833746898263027,0.9310344827586207,0.9060810810810811,82,403,232,1480,73,356,216,1341,0.006869212612721665,0.024953401677539566,-0.0180841890648179,cluster,PH908_primary,non_I2_excl_R1a,rare_surname_region_2,binary
0.9390243902439024,0.8933002481389578,0.7586206896551724,0.8452702702702702,82,403,232,1480,77,360,176,1251,0.045724142104944576,-0.08664958061509787,0.13237372272004244,cluster,PH908_primary,non_I2_excl_R1a,i2_ecology_near30,binary
0.8414634146341463,0.7096774193548387,0.5431034482758621,0.647972972972973,82,403,232,1480,69,286,126,959,0.13178599527930757,-0.10486952469711086,0.23665551997641843,cluster,PH908_primary,non_I2_excl_R1a,i2_ecology_dense30,binary
0.5853658536585366,0.3970223325062035,0.4482758620689655,0.5331081081081082,82,403,232,1480,48,160,104,789,0.18834352115233305,-0.08483224603914263,0.2731757671914757,cluster,PH908_primary,non_I2_excl_R1a,i2_ecology_diverse30,binary
0.5121951219512195,0.5558312655086849,0.3706896551724138,0.49594594594594593,82,403,232,1480,42,224,86,734,-0.04363614355746537,-0.12525629077353212,0.08162014721606675,cluster,PH908_primary,non_I2_excl_R1a,i2_ecology_terminal_diverse30,binary
0.23170731707317074,0.2903225806451613,0.10775862068965517,0.2668918918918919,82,403,232,1480,19,117,25,395,-0.05861526357199057,-0.15913327120223672,0.10051800763024615,cluster,PH908_primary,non_I2_excl_R1a,i2_ecology_share30_gt50,binary
0.14634146341463414,0.24813895781637718,0.09482758620689655,0.20743243243243242,82,403,232,1480,12,100,22,307,-0.10179749440174304,-0.11260484622553588,0.010807351823792832,cluster,PH908_primary,non_I2_excl_R1a,i2_ecology_share50_gt50,binary
0.4268292682926829,0.41935483870967744,0.25862068965517243,0.35945945945945945,82,403,232,1480,35,169,60,532,0.007474429583005482,-0.10083876980428702,0.1083131993872925,cluster,PH908_primary,non_I2_excl_R1a,i2_ecology_no_r1a30,binary
0.2682926829268293,0.2903225806451613,0.10775862068965517,0.2668918918918919,82,403,232,1480,22,117,25,395,-0.022029897718332025,-0.15913327120223672,0.1371033734839047,cluster,PH908_primary,non_I2_excl_R1a,i2_ecology_i2_over_non_i2_30,binary
0.5121951219512195,0.456575682382134,0.27155172413793105,0.3783783783783784,82,403,232,1480,42,184,63,560,0.05561943956908555,-0.10682665424044735,0.1624460938095329,cluster,PH908_primary,non_I2_excl_R1a,nearest_relic_is_i2,binary
0.14634146341463414,0.2555831265508685,0.08620689655172414,0.1918918918918919,82,403,232,1480,12,103,20,284,-0.10924166313623437,-0.10568499534016776,-0.003556667796066615,cluster,PH908_primary,non_I2_excl_R1a,nearest_i2_and_i2_share30_gt50,binary
0.6097560975609756,0.41935483870967744,0.6379310344827587,0.7087837837837838,82,403,232,1480,50,169,148,1049,0.19040125885129816,-0.07085274930102514,0.2612540081523233,cluster,PH908_primary,non_I2_excl_R1a,geography_plus_suffix_ic,binary
0.32926829268292684,0.23076923076923078,0.4396551724137931,0.4331081081081081,82,403,232,1480,27,93,102,641,0.09849906191369606,0.006547064305684969,0.0919519976080111,cluster,PH908_primary,non_I2_excl_R1a,geography_plus_ovic_evic,binary
0.2804878048780488,0.07444168734491315,0.2629310344827586,0.3027027027027027,82,403,232,1480,23,30,61,448,0.20604611753313568,-0.0397716682199441,0.24581778575307978,cluster,PH908_primary,non_I2_excl_R1a,cloud_plus_suffix_ic,binary
0.13414634146341464,0.04466501240694789,0.09913793103448276,0.12297297297297298,82,403,232,1480,11,18,23,182,0.08948132905646675,-0.023835041938490217,0.11331637099495696,cluster,PH908_primary,non_I2_excl_R1a,cloud_plus_non_ovic_ic,binary
0.2804878048780488,0.07444168734491315,0.2629310344827586,0.3027027027027027,82,403,232,1480,23,30,61,448,0.20604611753313568,-0.0397716682199441,0.24581778575307978,cluster,PH908_primary,non_I2_excl_R1a,geo_cloud_suffix_triad,binary
0,0,0,0,82,403,232,1480,0,0,0,0,0,0,0,cluster,PH908_primary,non_I2_excl_R1a,elevation_ge_700,binary
0,0,0,0,82,403,232,1480,0,0,0,0,0,0,0,cluster,PH908_primary,non_I2_excl_R1a,elevation_ge_900,binary
0,0,0,0,82,403,232,1480,0,0,0,0,0,0,0,cluster,PH908_primary,non_I2_excl_R1a,elevation_resid_ge_100,binary
0,0,0,0,82,403,232,1480,0,0,0,0,0,0,0,cluster,PH908_primary,non_I2_excl_R1a,mountain_i2_near30,binary
0,0,0,0,82,403,232,1480,0,0,0,0,0,0,0,cluster,PH908_primary,non_I2_excl_R1a,mountain_cloud_i2,binary
0.6097560975609756,1,0,0,82,403,232,1480,50,403,0,0,-0.3902439024390244,0,-0.3902439024390244,cluster,PH908_primary,non_I2_excl_R1a,old_age_known,binary
0.036585365853658534,0.6401985111662531,0,0,82,403,232,1480,3,258,0,0,-0.6036131453125946,0,-0.6036131453125946,cluster,PH908_primary,non_I2_excl_R1a,age_ge_1500,binary
0.036585365853658534,0,0,0,82,403,232,1480,3,0,0,0,0.036585365853658534,0,0.036585365853658534,cluster,PH908_primary,non_I2_excl_R1a,age_ge_2000,binary
0.34146341463414637,0.1488833746898263,0.3535714285714286,0.3857677902621723,82,403,280,1869,28,60,99,721,0.19258003994432007,-0.03219636169074369,0.22477640163506377,cluster,PH908_primary,all_non_I2,other_i2_social,binary
0.6829268292682927,0.5037220843672456,0.7642857142857142,0.8421615837346175,82,403,280,1869,56,203,214,1574,0.1792047449010471,-0.07787586944890323,0.25708061434995033,cluster,PH908_primary,all_non_I2,other_i2_near_30km,binary
0.3902439024390244,0.25806451612903225,0.6285714285714286,0.6393793472445158,82,403,280,1869,32,104,176,1195,0.13217938630999215,-0.01080791867308728,0.14298730498307943,cluster,PH908_primary,all_non_I2,other_i2_dist_le_20,binary
0.9146341463414634,0.890818858560794,0.9464285714285714,0.9684323167469235,82,403,280,1869,75,359,265,1810,0.023815287780669436,-0.02200374531835214,0.04581903309902158,cluster,PH908_primary,all_non_I2,other_i2_dist_le_50,binary
0.2804878048780488,0.08684863523573201,0.30714285714285716,0.34724451578384163,82,403,280,1869,23,35,86,649,0.1936391696423168,-0.04010165864098447,0.23374082828330128,cluster,PH908_primary,all_non_I2,other_i2_cloud_social_spatial,binary
0.21951219512195122,0.10918114143920596,0.14285714285714285,0.13590155163188872,82,403,280,1869,18,44,40,254,0.11033105368274526,0.006955591225254132,0.10337546245749113,cluster,PH908_primary,all_non_I2,nonph_i2_social,binary
0.6341463414634146,0.4813895781637717,0.48928571428571427,0.5521669341894061,82,403,280,1869,52,194,137,1032,0.15275676329964294,-0.06288121990369183,0.21563798320333477,cluster,PH908_primary,all_non_I2,nonph_i2_near_30km,binary
0.17073170731707318,0.06699751861042183,0.09642857142857143,0.10593900481540931,82,403,280,1869,14,27,27,198,0.10373418870665135,-0.00951043338683788,0.11324462209348923,cluster,PH908_primary,all_non_I2,nonph_i2_cloud_social_spatial,binary
0.8658536585365854,0.7444168734491315,0.7821428571428571,0.8228999464954521,82,403,280,1869,71,300,219,1538,0.12143678508745381,-0.04075708935259492,0.16219387444004874,cluster,PH908_primary,all_non_I2,surname_ic,binary
0.5121951219512195,0.3945409429280397,0.5142857142857142,0.4756554307116105,82,403,280,1869,42,159,144,889,0.11765417902317982,0.03863028357410375,0.07902389544907606,cluster,PH908_primary,all_non_I2,surname_ovic_evic,binary
0.35365853658536583,0.34987593052109184,0.26785714285714285,0.34724451578384163,82,403,280,1869,29,141,75,649,0.0037826060642739967,-0.07938737292669878,0.08316997899097278,cluster,PH908_primary,all_non_I2,surname_non_ovic_ic,binary
0.5365853658536586,0.4044665012406948,0.5214285714285715,0.4884965222043874,82,403,280,1869,44,163,146,913,0.1321188646129638,0.03293204922418408,0.09918681538877971,cluster,PH908_primary,all_non_I2,surname_vic,binary
0,0.0024813895781637717,0.02142857142857143,0.00749063670411985,82,403,280,1869,0,1,6,14,-0.0024813895781637717,0.013937934724451578,-0.01641932430261535,cluster,PH908_primary,all_non_I2,surname_ski,binary
0.9390243902439024,0.9851116625310173,0.9,0.9684323167469235,82,403,280,1869,77,397,252,1810,-0.046087272287114955,-0.06843231674692352,0.02234504445980856,cluster,PH908_primary,all_non_I2,slava_informative,binary
0.17073170731707318,0.10669975186104218,0.225,0.12520064205457465,82,403,280,1869,14,43,63,234,0.064031955456031,0.09979935794542535,-0.03576740248939435,cluster,PH908_primary,all_non_I2,rare_slava_region_2,binary
0.3780487804878049,0.24813895781637718,0.41785714285714287,0.25842696629213485,82,403,280,1869,31,100,117,483,0.1299098226714277,0.15943017656500802,-0.02952035389358032,cluster,PH908_primary,all_non_I2,rare_slava_region_5,binary
0.7195121951219512,0.7295285359801489,0.7821428571428571,0.7437132156233279,82,403,280,1869,59,294,219,1390,-0.010016340858197692,0.03842964151952921,-0.048445982377726904,cluster,PH908_primary,all_non_I2,rare_surname_region_1,binary
0.8902439024390244,0.8833746898263027,0.9321428571428572,0.9052969502407705,82,403,280,1869,73,356,261,1692,0.006869212612721665,0.026845906902086658,-0.019976694289364993,cluster,PH908_primary,all_non_I2,rare_surname_region_2,binary
0.9390243902439024,0.8933002481389578,0.7642857142857142,0.8421615837346175,82,403,280,1869,77,360,214,1574,0.045724142104944576,-0.07787586944890323,0.12360001155384781,cluster,PH908_primary,all_non_I2,i2_ecology_near30,binary
0.8414634146341463,0.7096774193548387,0.5392857142857143,0.6474050294275013,82,403,280,1869,69,286,151,1210,0.13178599527930757,-0.10811931514178708,0.23990531042109464,cluster,PH908_primary,all_non_I2,i2_ecology_dense30,binary
0.5853658536585366,0.3970223325062035,0.45,0.5280898876404494,82,403,280,1869,48,160,126,987,0.18834352115233305,-0.07808988764044938,0.26643340879278243,cluster,PH908_primary,all_non_I2,i2_ecology_diverse30,binary
0.5121951219512195,0.5558312655086849,0.3821428571428571,0.4917067950775816,82,403,280,1869,42,224,107,919,-0.04363614355746537,-0.10956393793472446,0.0659277943772591,cluster,PH908_primary,all_non_I2,i2_ecology_terminal_diverse30,binary
0.23170731707317074,0.2903225806451613,0.125,0.26110219368646337,82,403,280,1869,19,117,35,488,-0.05861526357199057,-0.13610219368646337,0.0774869301144728,cluster,PH908_primary,all_non_I2,i2_ecology_share30_gt50,binary
0.14634146341463414,0.24813895781637718,0.09642857142857143,0.20117710005350456,82,403,280,1869,12,100,27,376,-0.10179749440174304,-0.10474852862493313,0.0029510342231900827,cluster,PH908_primary,all_non_I2,i2_ecology_share50_gt50,binary
0.4268292682926829,0.41935483870967744,0.275,0.3552701979668272,82,403,280,1869,35,169,77,664,0.007474429583005482,-0.08027019796682716,0.08774462754983264,cluster,PH908_primary,all_non_I2,i2_ecology_no_r1a30,binary
0.2682926829268293,0.2903225806451613,0.125,0.26110219368646337,82,403,280,1869,22,117,35,488,-0.022029897718332025,-0.13610219368646337,0.11407229596813134,cluster,PH908_primary,all_non_I2,i2_ecology_i2_over_non_i2_30,binary
0.5121951219512195,0.456575682382134,0.2857142857142857,0.3750668806848582,82,403,280,1869,42,184,80,701,0.05561943956908555,-0.08935259497057252,0.14497203453965807,cluster,PH908_primary,all_non_I2,nearest_relic_is_i2,binary
0.14634146341463414,0.2555831265508685,0.1,0.18994114499732478,82,403,280,1869,12,103,28,355,-0.10924166313623437,-0.08994114499732478,-0.019300518138909595,cluster,PH908_primary,all_non_I2,nearest_i2_and_i2_share30_gt50,binary
0.6097560975609756,0.41935483870967744,0.6392857142857142,0.7025147137506688,82,403,280,1869,50,169,179,1313,0.19040125885129816,-0.06322899946495453,0.2536302583162527,cluster,PH908_primary,all_non_I2,geography_plus_suffix_ic,binary
0.32926829268292684,0.23076923076923078,0.425,0.4146602461209203,82,403,280,1869,27,93,119,775,0.09849906191369606,0.010339753879079705,0.08815930803461636,cluster,PH908_primary,all_non_I2,geography_plus_ovic_evic,binary
0.2804878048780488,0.07444168734491315,0.2571428571428571,0.28731942215088285,82,403,280,1869,23,30,72,537,0.20604611753313568,-0.030176565008025735,0.2362226825411614,cluster,PH908_primary,all_non_I2,cloud_plus_suffix_ic,binary
0.13414634146341464,0.04466501240694789,0.09642857142857143,0.12092027822364901,82,403,280,1869,11,18,27,226,0.08948132905646675,-0.024491706795077575,0.11397303585154432,cluster,PH908_primary,all_non_I2,cloud_plus_non_ovic_ic,binary
0.2804878048780488,0.07444168734491315,0.2571428571428571,0.28731942215088285,82,403,280,1869,23,30,72,537,0.20604611753313568,-0.030176565008025735,0.2362226825411614,cluster,PH908_primary,all_non_I2,geo_cloud_suffix_triad,binary
0,0,0,0,82,403,280,1869,0,0,0,0,0,0,0,cluster,PH908_primary,all_non_I2,elevation_ge_700,binary
0,0,0,0,82,403,280,1869,0,0,0,0,0,0,0,cluster,PH908_primary,all_non_I2,elevation_ge_900,binary
0,0,0,0,82,403,280,1869,0,0,0,0,0,0,0,cluster,PH908_primary,all_non_I2,elevation_resid_ge_100,binary
0,0,0,0,82,403,280,1869,0,0,0,0,0,0,0,cluster,PH908_primary,all_non_I2,mountain_i2_near30,binary
0,0,0,0,82,403,280,1869,0,0,0,0,0,0,0,cluster,PH908_primary,all_non_I2,mountain_cloud_i2,binary
0.6097560975609756,1,0.16785714285714284,0.2081326912787587,82,403,280,1869,50,403,47,389,-0.3902439024390244,-0.04027554842161585,-0.34996835401740856,cluster,PH908_primary,all_non_I2,old_age_known,binary
0.036585365853658534,0.6401985111662531,0.10714285714285714,0.12145532370251472,82,403,280,1869,3,258,30,227,-0.6036131453125946,-0.01431246655965758,-0.589300678752937,cluster,PH908_primary,all_non_I2,age_ge_1500,binary
0.036585365853658534,0,0.05714285714285714,0.11235955056179775,82,403,280,1869,3,0,16,210,0.036585365853658534,-0.05521669341894061,0.09180205927259914,cluster,PH908_primary,all_non_I2,age_ge_2000,binary
0.5098039215686274,0.42857142857142855,0.35344827586206895,0.3972972972972973,51,42,232,1480,26,18,82,588,0.08123249299719887,-0.04384902143522834,0.1250815144324272,cluster,nonPH908_I2,non_I2_excl_R1a,other_i2_social,binary
0.7647058823529411,0.8333333333333334,0.7586206896551724,0.8452702702702702,51,42,232,1480,39,35,176,1251,-0.06862745098039225,-0.08664958061509787,0.01802212963470562,cluster,nonPH908_I2,non_I2_excl_R1a,other_i2_near_30km,binary
0.5294117647058824,0.5714285714285714,0.625,0.6391891891891892,51,42,232,1480,27,24,145,946,-0.04201680672268904,-0.01418918918918921,-0.027827617533499827,cluster,nonPH908_I2,non_I2_excl_R1a,other_i2_dist_le_20,binary
0.9411764705882353,0.9523809523809523,0.9396551724137931,0.9702702702702702,51,42,232,1480,48,40,218,1436,-0.011204481792717047,-0.03061509785647709,0.019410616063760044,cluster,nonPH908_I2,non_I2_excl_R1a,other_i2_dist_le_50,binary
0.47058823529411764,0.35714285714285715,0.30603448275862066,0.3587837837837838,51,42,232,1480,24,15,71,531,0.11344537815126049,-0.05274930102516312,0.1661946791764236,cluster,nonPH908_I2,non_I2_excl_R1a,other_i2_cloud_social_spatial,binary
0.1568627450980392,0.09523809523809523,0.15517241379310345,0.14391891891891892,51,42,232,1480,8,4,36,213,0.06162464985994398,0.011253494874184533,0.05037115498575945,cluster,nonPH908_I2,non_I2_excl_R1a,nonph_i2_social,binary
0.3333333333333333,0.40476190476190477,0.49137931034482757,0.5567567567567567,51,42,232,1480,17,17,114,824,-0.07142857142857145,-0.06537744641192916,-0.006051125016642289,cluster,nonPH908_I2,non_I2_excl_R1a,nonph_i2_near_30km,binary
0.0784313725490196,0.023809523809523808,0.09913793103448276,0.11351351351351352,51,42,232,1480,4,1,23,168,0.0546218487394958,-0.014375582479030757,0.06899743121852656,cluster,nonPH908_I2,non_I2_excl_R1a,nonph_i2_cloud_social_spatial,binary
0.8627450980392157,0.8095238095238095,0.7887931034482759,0.8297297297297297,51,42,232,1480,44,34,183,1228,0.053221288515406195,-0.04093662628145378,0.09415791479685998,cluster,nonPH908_I2,non_I2_excl_R1a,surname_ic,binary
0.5686274509803921,0.42857142857142855,0.5387931034482759,0.4972972972972973,51,42,232,1480,29,18,125,736,0.1400560224089636,0.04149580615097859,0.098560216257985,cluster,nonPH908_I2,non_I2_excl_R1a,surname_ovic_evic,binary
0.29411764705882354,0.38095238095238093,0.25,0.3324324324324324,51,42,232,1480,15,16,58,492,-0.08683473389355739,-0.08243243243243242,-0.004402301461124969,cluster,nonPH908_I2,non_I2_excl_R1a,surname_non_ovic_ic,binary
0.5686274509803921,0.42857142857142855,0.5474137931034483,0.5094594594594595,51,42,232,1480,29,18,127,754,0.1400560224089636,0.037954333643988813,0.10210168876497477,cluster,nonPH908_I2,non_I2_excl_R1a,surname_vic,binary
0,0,0.021551724137931036,0.005405405405405406,51,42,232,1480,0,0,5,8,0,0.01614631873252563,-0.01614631873252563,cluster,nonPH908_I2,non_I2_excl_R1a,surname_ski,binary
0.9019607843137255,1,0.9051724137931034,0.970945945945946,51,42,232,1480,46,42,210,1437,-0.0980392156862745,-0.06577353215284254,-0.032265683533431955,cluster,nonPH908_I2,non_I2_excl_R1a,slava_informative,binary
0.13725490196078433,0.09523809523809523,0.21551724137931033,0.12162162162162163,51,42,232,1480,7,4,50,180,0.04201680672268909,0.0938956197576887,-0.05187881303499961,cluster,nonPH908_I2,non_I2_excl_R1a,rare_slava_region_2,binary
0.37254901960784315,0.21428571428571427,0.40948275862068967,0.2560810810810811,51,42,232,1480,19,9,95,379,0.15826330532212887,0.1534016775396086,0.004861627782520278,cluster,nonPH908_I2,non_I2_excl_R1a,rare_slava_region_5,binary
0.7843137254901961,0.7380952380952381,0.7586206896551724,0.7445945945945946,51,42,232,1480,40,31,176,1102,0.04621848739495793,0.014026095060577726,0.032192392334380204,cluster,nonPH908_I2,non_I2_excl_R1a,rare_surname_region_1,binary
0.9803921568627451,0.9285714285714286,0.9310344827586207,0.9060810810810811,51,42,232,1480,50,39,216,1341,0.051820728291316454,0.024953401677539566,0.026867326613776887,cluster,nonPH908_I2,non_I2_excl_R1a,rare_surname_region_2,binary
0.7843137254901961,0.8333333333333334,0.7586206896551724,0.8452702702702702,51,42,232,1480,40,35,176,1251,-0.0490196078431373,-0.08664958061509787,0.03762997277196056,cluster,nonPH908_I2,non_I2_excl_R1a,i2_ecology_near30,binary
0.6274509803921569,0.5952380952380952,0.5431034482758621,0.647972972972973,51,42,232,1480,32,25,126,959,0.03221288515406162,-0.10486952469711086,0.13708240985117248,cluster,nonPH908_I2,non_I2_excl_R1a,i2_ecology_dense30,binary
0.39215686274509803,0.35714285714285715,0.4482758620689655,0.5331081081081082,51,42,232,1480,20,15,104,789,0.03501400560224088,-0.08483224603914263,0.11984625164138352,cluster,nonPH908_I2,non_I2_excl_R1a,i2_ecology_diverse30,binary
0.4117647058823529,0.42857142857142855,0.3706896551724138,0.49594594594594593,51,42,232,1480,21,18,86,734,-0.016806722689075626,-0.12525629077353212,0.1084495680844565,cluster,nonPH908_I2,non_I2_excl_R1a,i2_ecology_terminal_diverse30,binary
0.11764705882352941,0.21428571428571427,0.10775862068965517,0.2668918918918919,51,42,232,1480,6,9,25,395,-0.09663865546218486,-0.15913327120223672,0.062494615740051856,cluster,nonPH908_I2,non_I2_excl_R1a,i2_ecology_share30_gt50,binary
0.09803921568627451,0.11904761904761904,0.09482758620689655,0.20743243243243242,51,42,232,1480,5,5,22,307,-0.021008403361344533,-0.11260484622553588,0.09159644286419134,cluster,nonPH908_I2,non_I2_excl_R1a,i2_ecology_share50_gt50,binary
0.29411764705882354,0.35714285714285715,0.25862068965517243,0.35945945945945945,51,42,232,1480,15,15,60,532,-0.06302521008403361,-0.10083876980428702,0.03781355972025341,cluster,nonPH908_I2,non_I2_excl_R1a,i2_ecology_no_r1a30,binary
0.11764705882352941,0.21428571428571427,0.10775862068965517,0.2668918918918919,51,42,232,1480,6,9,25,395,-0.09663865546218486,-0.15913327120223672,0.062494615740051856,cluster,nonPH908_I2,non_I2_excl_R1a,i2_ecology_i2_over_non_i2_30,binary
0.37254901960784315,0.35714285714285715,0.27155172413793105,0.3783783783783784,51,42,232,1480,19,15,63,560,0.015406162464985995,-0.10682665424044735,0.12223281670543334,cluster,nonPH908_I2,non_I2_excl_R1a,nearest_relic_is_i2,binary
0.0392156862745098,0.16666666666666666,0.08620689655172414,0.1918918918918919,51,42,232,1480,2,7,20,284,-0.12745098039215685,-0.10568499534016776,-0.021765985051989095,cluster,nonPH908_I2,non_I2_excl_R1a,nearest_i2_and_i2_share30_gt50,binary
0.6470588235294118,0.6666666666666666,0.6379310344827587,0.7087837837837838,51,42,232,1480,33,28,148,1049,-0.019607843137254832,-0.07085274930102514,0.05124490616377031,cluster,nonPH908_I2,non_I2_excl_R1a,geography_plus_suffix_ic,binary
0.47058823529411764,0.38095238095238093,0.4396551724137931,0.4331081081081081,51,42,232,1480,24,16,102,641,0.08963585434173671,0.006547064305684969,0.08308879003605174,cluster,nonPH908_I2,non_I2_excl_R1a,geography_plus_ovic_evic,binary
0.4117647058823529,0.23809523809523808,0.2629310344827586,0.3027027027027027,51,42,232,1480,21,10,61,448,0.17366946778711484,-0.0397716682199441,0.21344113600705894,cluster,nonPH908_I2,non_I2_excl_R1a,cloud_plus_suffix_ic,binary
0.058823529411764705,0.07142857142857142,0.09913793103448276,0.12297297297297298,51,42,232,1480,3,3,23,182,-0.01260504201680672,-0.023835041938490217,0.011229999921683498,cluster,nonPH908_I2,non_I2_excl_R1a,cloud_plus_non_ovic_ic,binary
0.4117647058823529,0.23809523809523808,0.2629310344827586,0.3027027027027027,51,42,232,1480,21,10,61,448,0.17366946778711484,-0.0397716682199441,0.21344113600705894,cluster,nonPH908_I2,non_I2_excl_R1a,geo_cloud_suffix_triad,binary
0,0,0,0,51,42,232,1480,0,0,0,0,0,0,0,cluster,nonPH908_I2,non_I2_excl_R1a,elevation_ge_700,binary
0,0,0,0,51,42,232,1480,0,0,0,0,0,0,0,cluster,nonPH908_I2,non_I2_excl_R1a,elevation_ge_900,binary
0,0,0,0,51,42,232,1480,0,0,0,0,0,0,0,cluster,nonPH908_I2,non_I2_excl_R1a,elevation_resid_ge_100,binary
0,0,0,0,51,42,232,1480,0,0,0,0,0,0,0,cluster,nonPH908_I2,non_I2_excl_R1a,mountain_i2_near30,binary
0,0,0,0,51,42,232,1480,0,0,0,0,0,0,0,cluster,nonPH908_I2,non_I2_excl_R1a,mountain_cloud_i2,binary
0,0,0,0,51,42,232,1480,0,0,0,0,0,0,0,cluster,nonPH908_I2,non_I2_excl_R1a,old_age_known,binary
0,0,0,0,51,42,232,1480,0,0,0,0,0,0,0,cluster,nonPH908_I2,non_I2_excl_R1a,age_ge_1500,binary
0,0,0,0,51,42,232,1480,0,0,0,0,0,0,0,cluster,nonPH908_I2,non_I2_excl_R1a,age_ge_2000,binary
0.5098039215686274,0.42857142857142855,0.3535714285714286,0.3857677902621723,51,42,280,1869,26,18,99,721,0.08123249299719887,-0.03219636169074369,0.11342885468794256,cluster,nonPH908_I2,all_non_I2,other_i2_social,binary
0.7647058823529411,0.8333333333333334,0.7642857142857142,0.8421615837346175,51,42,280,1869,39,35,214,1574,-0.06862745098039225,-0.07787586944890323,0.009248418468510988,cluster,nonPH908_I2,all_non_I2,other_i2_near_30km,binary
0.5294117647058824,0.5714285714285714,0.6285714285714286,0.6393793472445158,51,42,280,1869,27,24,176,1195,-0.04201680672268904,-0.01080791867308728,-0.031208888049601757,cluster,nonPH908_I2,all_non_I2,other_i2_dist_le_20,binary
0.9411764705882353,0.9523809523809523,0.9464285714285714,0.9684323167469235,51,42,280,1869,48,40,265,1810,-0.011204481792717047,-0.02200374531835214,0.010799263525635094,cluster,nonPH908_I2,all_non_I2,other_i2_dist_le_50,binary
0.47058823529411764,0.35714285714285715,0.30714285714285716,0.34724451578384163,51,42,280,1869,24,15,86,649,0.11344537815126049,-0.04010165864098447,0.15354703679224496,cluster,nonPH908_I2,all_non_I2,other_i2_cloud_social_spatial,binary
0.1568627450980392,0.09523809523809523,0.14285714285714285,0.13590155163188872,51,42,280,1869,8,4,40,254,0.06162464985994398,0.006955591225254132,0.05466905863468985,cluster,nonPH908_I2,all_non_I2,nonph_i2_social,binary
0.3333333333333333,0.40476190476190477,0.48928571428571427,0.5521669341894061,51,42,280,1869,17,17,137,1032,-0.07142857142857145,-0.06288121990369183,-0.00854735152487962,cluster,nonPH908_I2,all_non_I2,nonph_i2_near_30km,binary
0.0784313725490196,0.023809523809523808,0.09642857142857143,0.10593900481540931,51,42,280,1869,4,1,27,198,0.0546218487394958,-0.00951043338683788,0.06413228212633368,cluster,nonPH908_I2,all_non_I2,nonph_i2_cloud_social_spatial,binary
0.8627450980392157,0.8095238095238095,0.7821428571428571,0.8228999464954521,51,42,280,1869,44,34,219,1538,0.053221288515406195,-0.04075708935259492,0.09397837786800112,cluster,nonPH908_I2,all_non_I2,surname_ic,binary
0.5686274509803921,0.42857142857142855,0.5142857142857142,0.4756554307116105,51,42,280,1869,29,18,144,889,0.1400560224089636,0.03863028357410375,0.10142573883485984,cluster,nonPH908_I2,all_non_I2,surname_ovic_evic,binary
0.29411764705882354,0.38095238095238093,0.26785714285714285,0.34724451578384163,51,42,280,1869,15,16,75,649,-0.08683473389355739,-0.07938737292669878,-0.007447360966858607,cluster,nonPH908_I2,all_non_I2,surname_non_ovic_ic,binary
0.5686274509803921,0.42857142857142855,0.5214285714285715,0.4884965222043874,51,42,280,1869,29,18,146,913,0.1400560224089636,0.03293204922418408,0.10712397318477951,cluster,nonPH908_I2,all_non_I2,surname_vic,binary
0,0,0.02142857142857143,0.00749063670411985,51,42,280,1869,0,0,6,14,0,0.013937934724451578,-0.013937934724451578,cluster,nonPH908_I2,all_non_I2,surname_ski,binary
0.9019607843137255,1,0.9,0.9684323167469235,51,42,280,1869,46,42,252,1810,-0.0980392156862745,-0.06843231674692352,-0.02960689893935098,cluster,nonPH908_I2,all_non_I2,slava_informative,binary
0.13725490196078433,0.09523809523809523,0.225,0.12520064205457465,51,42,280,1869,7,4,63,234,0.04201680672268909,0.09979935794542535,-0.05778255122273626,cluster,nonPH908_I2,all_non_I2,rare_slava_region_2,binary
0.37254901960784315,0.21428571428571427,0.41785714285714287,0.25842696629213485,51,42,280,1869,19,9,117,483,0.15826330532212887,0.15943017656500802,-0.0011668712428791472,cluster,nonPH908_I2,all_non_I2,rare_slava_region_5,binary
0.7843137254901961,0.7380952380952381,0.7821428571428571,0.7437132156233279,51,42,280,1869,40,31,219,1390,0.04621848739495793,0.03842964151952921,0.007788845875428718,cluster,nonPH908_I2,all_non_I2,rare_surname_region_1,binary
0.9803921568627451,0.9285714285714286,0.9321428571428572,0.9052969502407705,51,42,280,1869,50,39,261,1692,0.051820728291316454,0.026845906902086658,0.024974821389229795,cluster,nonPH908_I2,all_non_I2,rare_surname_region_2,binary
0.7843137254901961,0.8333333333333334,0.7642857142857142,0.8421615837346175,51,42,280,1869,40,35,214,1574,-0.0490196078431373,-0.07787586944890323,0.02885626160576593,cluster,nonPH908_I2,all_non_I2,i2_ecology_near30,binary
0.6274509803921569,0.5952380952380952,0.5392857142857143,0.6474050294275013,51,42,280,1869,32,25,151,1210,0.03221288515406162,-0.10811931514178708,0.1403322002958487,cluster,nonPH908_I2,all_non_I2,i2_ecology_dense30,binary
0.39215686274509803,0.35714285714285715,0.45,0.5280898876404494,51,42,280,1869,20,15,126,987,0.03501400560224088,-0.07808988764044938,0.11310389324269027,cluster,nonPH908_I2,all_non_I2,i2_ecology_diverse30,binary
0.4117647058823529,0.42857142857142855,0.3821428571428571,0.4917067950775816,51,42,280,1869,21,18,107,919,-0.016806722689075626,-0.10956393793472446,0.09275721524564884,cluster,nonPH908_I2,all_non_I2,i2_ecology_terminal_diverse30,binary
0.11764705882352941,0.21428571428571427,0.125,0.26110219368646337,51,42,280,1869,6,9,35,488,-0.09663865546218486,-0.13610219368646337,0.039463538224278505,cluster,nonPH908_I2,all_non_I2,i2_ecology_share30_gt50,binary
0.09803921568627451,0.11904761904761904,0.09642857142857143,0.20117710005350456,51,42,280,1869,5,5,27,376,-0.021008403361344533,-0.10474852862493313,0.0837401252635886,cluster,nonPH908_I2,all_non_I2,i2_ecology_share50_gt50,binary
0.29411764705882354,0.35714285714285715,0.275,0.3552701979668272,51,42,280,1869,15,15,77,664,-0.06302521008403361,-0.08027019796682716,0.01724498788279355,cluster,nonPH908_I2,all_non_I2,i2_ecology_no_r1a30,binary
0.11764705882352941,0.21428571428571427,0.125,0.26110219368646337,51,42,280,1869,6,9,35,488,-0.09663865546218486,-0.13610219368646337,0.039463538224278505,cluster,nonPH908_I2,all_non_I2,i2_ecology_i2_over_non_i2_30,binary
0.37254901960784315,0.35714285714285715,0.2857142857142857,0.3750668806848582,51,42,280,1869,19,15,80,701,0.015406162464985995,-0.08935259497057252,0.10475875743555851,cluster,nonPH908_I2,all_non_I2,nearest_relic_is_i2,binary
0.0392156862745098,0.16666666666666666,0.1,0.18994114499732478,51,42,280,1869,2,7,28,355,-0.12745098039215685,-0.08994114499732478,-0.037509835394832075,cluster,nonPH908_I2,all_non_I2,nearest_i2_and_i2_share30_gt50,binary
0.6470588235294118,0.6666666666666666,0.6392857142857142,0.7025147137506688,51,42,280,1869,33,28,179,1313,-0.019607843137254832,-0.06322899946495453,0.043621156327699695,cluster,nonPH908_I2,all_non_I2,geography_plus_suffix_ic,binary
0.47058823529411764,0.38095238095238093,0.425,0.4146602461209203,51,42,280,1869,24,16,119,775,0.08963585434173671,0.010339753879079705,0.079296100462657,cluster,nonPH908_I2,all_non_I2,geography_plus_ovic_evic,binary
0.4117647058823529,0.23809523809523808,0.2571428571428571,0.28731942215088285,51,42,280,1869,21,10,72,537,0.17366946778711484,-0.030176565008025735,0.20384603279514057,cluster,nonPH908_I2,all_non_I2,cloud_plus_suffix_ic,binary
0.058823529411764705,0.07142857142857142,0.09642857142857143,0.12092027822364901,51,42,280,1869,3,3,27,226,-0.01260504201680672,-0.024491706795077575,0.011886664778270856,cluster,nonPH908_I2,all_non_I2,cloud_plus_non_ovic_ic,binary
0.4117647058823529,0.23809523809523808,0.2571428571428571,0.28731942215088285,51,42,280,1869,21,10,72,537,0.17366946778711484,-0.030176565008025735,0.20384603279514057,cluster,nonPH908_I2,all_non_I2,geo_cloud_suffix_triad,binary
0,0,0,0,51,42,280,1869,0,0,0,0,0,0,0,cluster,nonPH908_I2,all_non_I2,elevation_ge_700,binary
0,0,0,0,51,42,280,1869,0,0,0,0,0,0,0,cluster,nonPH908_I2,all_non_I2,elevation_ge_900,binary
0,0,0,0,51,42,280,1869,0,0,0,0,0,0,0,cluster,nonPH908_I2,all_non_I2,elevation_resid_ge_100,binary
0,0,0,0,51,42,280,1869,0,0,0,0,0,0,0,cluster,nonPH908_I2,all_non_I2,mountain_i2_near30,binary
0,0,0,0,51,42,280,1869,0,0,0,0,0,0,0,cluster,nonPH908_I2,all_non_I2,mountain_cloud_i2,binary
0,0,0.16785714285714284,0.2081326912787587,51,42,280,1869,0,0,47,389,0,-0.04027554842161585,0.04027554842161585,cluster,nonPH908_I2,all_non_I2,old_age_known,binary
0,0,0.10714285714285714,0.12145532370251472,51,42,280,1869,0,0,30,227,0,-0.01431246655965758,0.01431246655965758,cluster,nonPH908_I2,all_non_I2,age_ge_1500,binary
0,0,0.05714285714285714,0.11235955056179775,51,42,280,1869,0,0,16,210,0,-0.05521669341894061,0.05521669341894061,cluster,nonPH908_I2,all_non_I2,age_ge_2000,binary
0.3541666666666667,0.34190231362467866,0.35344827586206895,0.3972972972972973,48,389,232,1480,17,133,82,588,0.01226435304198803,-0.04384902143522834,0.05611337447721637,cluster,R1a,non_I2_excl_R1a,other_i2_social,binary
0.7916666666666666,0.8303341902313625,0.7586206896551724,0.8452702702702702,48,389,232,1480,38,323,176,1251,-0.03866752356469583,-0.08664958061509787,0.04798205705040204,cluster,R1a,non_I2_excl_R1a,other_i2_near_30km,binary
0.6458333333333334,0.6401028277634961,0.625,0.6391891891891892,48,389,232,1480,31,249,145,946,0.00573050556983723,-0.01418918918918921,0.01991969475902644,cluster,R1a,non_I2_excl_R1a,other_i2_dist_le_20,binary
0.9791666666666666,0.961439588688946,0.9396551724137931,0.9702702702702702,48,389,232,1480,47,374,218,1436,0.017727077977720662,-0.03061509785647709,0.048342175834197754,cluster,R1a,non_I2_excl_R1a,other_i2_dist_le_50,binary
0.3125,0.3033419023136247,0.30603448275862066,0.3587837837837838,48,389,232,1480,15,118,71,531,0.009158097686375322,-0.05274930102516312,0.06190739871153844,cluster,R1a,non_I2_excl_R1a,other_i2_cloud_social_spatial,binary
0.08333333333333333,0.10539845758354756,0.15517241379310345,0.14391891891891892,48,389,232,1480,4,41,36,213,-0.02206512425021423,0.011253494874184533,-0.03331861912439876,cluster,R1a,non_I2_excl_R1a,nonph_i2_social,binary
0.4791666666666667,0.5347043701799485,0.49137931034482757,0.5567567567567567,48,389,232,1480,23,208,114,824,-0.055537703513281855,-0.06537744641192916,0.009839742898647308,cluster,R1a,non_I2_excl_R1a,nonph_i2_near_30km,binary
0.08333333333333333,0.07712082262210797,0.09913793103448276,0.11351351351351352,48,389,232,1480,4,30,23,168,0.006212510711225361,-0.014375582479030757,0.020588093190256118,cluster,R1a,non_I2_excl_R1a,nonph_i2_cloud_social_spatial,binary
0.75,0.7969151670951157,0.7887931034482759,0.8297297297297297,48,389,232,1480,36,310,183,1228,-0.04691516709511567,-0.04093662628145378,-0.005978540813661892,cluster,R1a,non_I2_excl_R1a,surname_ic,binary
0.3958333333333333,0.39331619537275064,0.5387931034482759,0.4972972972972973,48,389,232,1480,19,153,125,736,0.0025171379605826716,0.04149580615097859,-0.038978668190395915,cluster,R1a,non_I2_excl_R1a,surname_ovic_evic,binary
0.3541666666666667,0.40359897172236503,0.25,0.3324324324324324,48,389,232,1480,17,157,58,492,-0.049432305055698345,-0.08243243243243242,0.03300012737673408,cluster,R1a,non_I2_excl_R1a,surname_non_ovic_ic,binary
0.3958333333333333,0.4087403598971722,0.5474137931034483,0.5094594594594595,48,389,232,1480,19,159,127,754,-0.012907026563838908,0.037954333643988813,-0.05086136020782772,cluster,R1a,non_I2_excl_R1a,surname_vic,binary
0.020833333333333332,0.015424164524421594,0.021551724137931036,0.005405405405405406,48,389,232,1480,1,6,5,8,0.005409168808911739,0.01614631873252563,-0.010737149923613892,cluster,R1a,non_I2_excl_R1a,surname_ski,binary
0.875,0.9588688946015425,0.9051724137931034,0.970945945945946,48,389,232,1480,42,373,210,1437,-0.08386889460154245,-0.06577353215284254,-0.018095362448699914,cluster,R1a,non_I2_excl_R1a,slava_informative,binary
0.2708333333333333,0.13881748071979436,0.21551724137931033,0.12162162162162163,48,389,232,1480,13,54,50,180,0.13201585261353896,0.0938956197576887,0.038120232855850256,cluster,R1a,non_I2_excl_R1a,rare_slava_region_2,binary
0.4583333333333333,0.26735218508997427,0.40948275862068967,0.2560810810810811,48,389,232,1480,22,104,95,379,0.19098114824335904,0.1534016775396086,0.03757947070375045,cluster,R1a,non_I2_excl_R1a,rare_slava_region_5,binary
0.8958333333333334,0.7403598971722365,0.7586206896551724,0.7445945945945946,48,389,232,1480,43,288,176,1102,0.15547343616109688,0.014026095060577726,0.14144734110051915,cluster,R1a,non_I2_excl_R1a,rare_surname_region_1,binary
0.9375,0.9023136246786633,0.9310344827586207,0.9060810810810811,48,389,232,1480,45,351,216,1341,0.03518637532133673,0.024953401677539566,0.01023297364379716,cluster,R1a,non_I2_excl_R1a,rare_surname_region_2,binary
0.7916666666666666,0.8303341902313625,0.7586206896551724,0.8452702702702702,48,389,232,1480,38,323,176,1251,-0.03866752356469583,-0.08664958061509787,0.04798205705040204,cluster,R1a,non_I2_excl_R1a,i2_ecology_near30,binary
0.5208333333333334,0.6452442159383034,0.5431034482758621,0.647972972972973,48,389,232,1480,25,251,126,959,-0.12441088260497002,-0.10486952469711086,-0.019541357907859158,cluster,R1a,non_I2_excl_R1a,i2_ecology_dense30,binary
0.4583333333333333,0.5089974293059126,0.4482758620689655,0.5331081081081082,48,389,232,1480,22,198,104,789,-0.050664095972579315,-0.08483224603914263,0.03416815006656332,cluster,R1a,non_I2_excl_R1a,i2_ecology_diverse30,binary
0.4375,0.4755784061696658,0.3706896551724138,0.49594594594594593,48,389,232,1480,21,185,86,734,-0.03807840616966579,-0.12525629077353212,0.08717788460386633,cluster,R1a,non_I2_excl_R1a,i2_ecology_terminal_diverse30,binary
0.20833333333333334,0.2390745501285347,0.10775862068965517,0.2668918918918919,48,389,232,1480,10,93,25,395,-0.030741216795201365,-0.15913327120223672,0.12839205440703536,cluster,R1a,non_I2_excl_R1a,i2_ecology_share30_gt50,binary
0.10416666666666667,0.17737789203084833,0.09482758620689655,0.20743243243243242,48,389,232,1480,5,69,22,307,-0.07321122536418166,-0.11260484622553588,0.039393620861354214,cluster,R1a,non_I2_excl_R1a,i2_ecology_share50_gt50,binary
0.3541666666666667,0.3393316195372751,0.25862068965517243,0.35945945945945945,48,389,232,1480,17,132,60,532,0.014835047129391599,-0.10083876980428702,0.11567381693367862,cluster,R1a,non_I2_excl_R1a,i2_ecology_no_r1a30,binary
0.20833333333333334,0.2390745501285347,0.10775862068965517,0.2668918918918919,48,389,232,1480,10,93,25,395,-0.030741216795201365,-0.15913327120223672,0.12839205440703536,cluster,R1a,non_I2_excl_R1a,i2_ecology_i2_over_non_i2_30,binary
0.3541666666666667,0.36246786632390743,0.27155172413793105,0.3783783783783784,48,389,232,1480,17,141,63,560,-0.008301199657240743,-0.10682665424044735,0.0985254545832066,cluster,R1a,non_I2_excl_R1a,nearest_relic_is_i2,binary
0.16666666666666666,0.18251928020565553,0.08620689655172414,0.1918918918918919,48,389,232,1480,8,71,20,284,-0.01585261353898887,-0.10568499534016776,0.08983238180117889,cluster,R1a,non_I2_excl_R1a,nearest_i2_and_i2_share30_gt50,binary
0.6458333333333334,0.6786632390745502,0.6379310344827587,0.7087837837837838,48,389,232,1480,31,264,148,1049,-0.0328299057412168,-0.07085274930102514,0.03802284355980834,cluster,R1a,non_I2_excl_R1a,geography_plus_suffix_ic,binary
0.3541666666666667,0.3444730077120823,0.4396551724137931,0.4331081081081081,48,389,232,1480,17,134,102,641,0.009693658954584405,0.006547064305684969,0.0031465946488994367,cluster,R1a,non_I2_excl_R1a,geography_plus_ovic_evic,binary
0.22916666666666666,0.22879177377892032,0.2629310344827586,0.3027027027027027,48,389,232,1480,11,89,61,448,3.7489288774633645e-4,-0.0397716682199441,0.04014656110769044,cluster,R1a,non_I2_excl_R1a,cloud_plus_suffix_ic,binary
0.08333333333333333,0.11311053984575835,0.09913793103448276,0.12297297297297298,48,389,232,1480,4,44,23,182,-0.02977720651242502,-0.023835041938490217,-0.005942164573934802,cluster,R1a,non_I2_excl_R1a,cloud_plus_non_ovic_ic,binary
0.22916666666666666,0.22879177377892032,0.2629310344827586,0.3027027027027027,48,389,232,1480,11,89,61,448,3.7489288774633645e-4,-0.0397716682199441,0.04014656110769044,cluster,R1a,non_I2_excl_R1a,geo_cloud_suffix_triad,binary
0,0,0,0,48,389,232,1480,0,0,0,0,0,0,0,cluster,R1a,non_I2_excl_R1a,elevation_ge_700,binary
0,0,0,0,48,389,232,1480,0,0,0,0,0,0,0,cluster,R1a,non_I2_excl_R1a,elevation_ge_900,binary
0,0,0,0,48,389,232,1480,0,0,0,0,0,0,0,cluster,R1a,non_I2_excl_R1a,elevation_resid_ge_100,binary
0,0,0,0,48,389,232,1480,0,0,0,0,0,0,0,cluster,R1a,non_I2_excl_R1a,mountain_i2_near30,binary
0,0,0,0,48,389,232,1480,0,0,0,0,0,0,0,cluster,R1a,non_I2_excl_R1a,mountain_cloud_i2,binary
0.9791666666666666,1,0,0,48,389,232,1480,47,389,0,0,-0.02083333333333337,0,-0.02083333333333337,cluster,R1a,non_I2_excl_R1a,old_age_known,binary
0.625,0.583547557840617,0,0,48,389,232,1480,30,227,0,0,0.04145244215938304,0,0.04145244215938304,cluster,R1a,non_I2_excl_R1a,age_ge_1500,binary
0.3333333333333333,0.5398457583547558,0,0,48,389,232,1480,16,210,0,0,-0.20651242502142247,0,-0.20651242502142247,cluster,R1a,non_I2_excl_R1a,age_ge_2000,binary
0.3541666666666667,0.34190231362467866,0.35344827586206895,0.3972972972972973,48,389,232,1480,17,133,82,588,0.01226435304198803,-0.04384902143522834,0.05611337447721637,cluster,R1a,all_non_I2,other_i2_social,binary
0.7916666666666666,0.8303341902313625,0.7586206896551724,0.8452702702702702,48,389,232,1480,38,323,176,1251,-0.03866752356469583,-0.08664958061509787,0.04798205705040204,cluster,R1a,all_non_I2,other_i2_near_30km,binary
0.6458333333333334,0.6401028277634961,0.625,0.6391891891891892,48,389,232,1480,31,249,145,946,0.00573050556983723,-0.01418918918918921,0.01991969475902644,cluster,R1a,all_non_I2,other_i2_dist_le_20,binary
0.9791666666666666,0.961439588688946,0.9396551724137931,0.9702702702702702,48,389,232,1480,47,374,218,1436,0.017727077977720662,-0.03061509785647709,0.048342175834197754,cluster,R1a,all_non_I2,other_i2_dist_le_50,binary
0.3125,0.3033419023136247,0.30603448275862066,0.3587837837837838,48,389,232,1480,15,118,71,531,0.009158097686375322,-0.05274930102516312,0.06190739871153844,cluster,R1a,all_non_I2,other_i2_cloud_social_spatial,binary
0.08333333333333333,0.10539845758354756,0.15517241379310345,0.14391891891891892,48,389,232,1480,4,41,36,213,-0.02206512425021423,0.011253494874184533,-0.03331861912439876,cluster,R1a,all_non_I2,nonph_i2_social,binary
0.4791666666666667,0.5347043701799485,0.49137931034482757,0.5567567567567567,48,389,232,1480,23,208,114,824,-0.055537703513281855,-0.06537744641192916,0.009839742898647308,cluster,R1a,all_non_I2,nonph_i2_near_30km,binary
0.08333333333333333,0.07712082262210797,0.09913793103448276,0.11351351351351352,48,389,232,1480,4,30,23,168,0.006212510711225361,-0.014375582479030757,0.020588093190256118,cluster,R1a,all_non_I2,nonph_i2_cloud_social_spatial,binary
0.75,0.7969151670951157,0.7887931034482759,0.8297297297297297,48,389,232,1480,36,310,183,1228,-0.04691516709511567,-0.04093662628145378,-0.005978540813661892,cluster,R1a,all_non_I2,surname_ic,binary
0.3958333333333333,0.39331619537275064,0.5387931034482759,0.4972972972972973,48,389,232,1480,19,153,125,736,0.0025171379605826716,0.04149580615097859,-0.038978668190395915,cluster,R1a,all_non_I2,surname_ovic_evic,binary
0.3541666666666667,0.40359897172236503,0.25,0.3324324324324324,48,389,232,1480,17,157,58,492,-0.049432305055698345,-0.08243243243243242,0.03300012737673408,cluster,R1a,all_non_I2,surname_non_ovic_ic,binary
0.3958333333333333,0.4087403598971722,0.5474137931034483,0.5094594594594595,48,389,232,1480,19,159,127,754,-0.012907026563838908,0.037954333643988813,-0.05086136020782772,cluster,R1a,all_non_I2,surname_vic,binary
0.020833333333333332,0.015424164524421594,0.021551724137931036,0.005405405405405406,48,389,232,1480,1,6,5,8,0.005409168808911739,0.01614631873252563,-0.010737149923613892,cluster,R1a,all_non_I2,surname_ski,binary
0.875,0.9588688946015425,0.9051724137931034,0.970945945945946,48,389,232,1480,42,373,210,1437,-0.08386889460154245,-0.06577353215284254,-0.018095362448699914,cluster,R1a,all_non_I2,slava_informative,binary
0.2708333333333333,0.13881748071979436,0.21551724137931033,0.12162162162162163,48,389,232,1480,13,54,50,180,0.13201585261353896,0.0938956197576887,0.038120232855850256,cluster,R1a,all_non_I2,rare_slava_region_2,binary
0.4583333333333333,0.26735218508997427,0.40948275862068967,0.2560810810810811,48,389,232,1480,22,104,95,379,0.19098114824335904,0.1534016775396086,0.03757947070375045,cluster,R1a,all_non_I2,rare_slava_region_5,binary
0.8958333333333334,0.7403598971722365,0.7586206896551724,0.7445945945945946,48,389,232,1480,43,288,176,1102,0.15547343616109688,0.014026095060577726,0.14144734110051915,cluster,R1a,all_non_I2,rare_surname_region_1,binary
0.9375,0.9023136246786633,0.9310344827586207,0.9060810810810811,48,389,232,1480,45,351,216,1341,0.03518637532133673,0.024953401677539566,0.01023297364379716,cluster,R1a,all_non_I2,rare_surname_region_2,binary
0.7916666666666666,0.8303341902313625,0.7586206896551724,0.8452702702702702,48,389,232,1480,38,323,176,1251,-0.03866752356469583,-0.08664958061509787,0.04798205705040204,cluster,R1a,all_non_I2,i2_ecology_near30,binary
0.5208333333333334,0.6452442159383034,0.5431034482758621,0.647972972972973,48,389,232,1480,25,251,126,959,-0.12441088260497002,-0.10486952469711086,-0.019541357907859158,cluster,R1a,all_non_I2,i2_ecology_dense30,binary
0.4583333333333333,0.5089974293059126,0.4482758620689655,0.5331081081081082,48,389,232,1480,22,198,104,789,-0.050664095972579315,-0.08483224603914263,0.03416815006656332,cluster,R1a,all_non_I2,i2_ecology_diverse30,binary
0.4375,0.4755784061696658,0.3706896551724138,0.49594594594594593,48,389,232,1480,21,185,86,734,-0.03807840616966579,-0.12525629077353212,0.08717788460386633,cluster,R1a,all_non_I2,i2_ecology_terminal_diverse30,binary
0.20833333333333334,0.2390745501285347,0.10775862068965517,0.2668918918918919,48,389,232,1480,10,93,25,395,-0.030741216795201365,-0.15913327120223672,0.12839205440703536,cluster,R1a,all_non_I2,i2_ecology_share30_gt50,binary
0.10416666666666667,0.17737789203084833,0.09482758620689655,0.20743243243243242,48,389,232,1480,5,69,22,307,-0.07321122536418166,-0.11260484622553588,0.039393620861354214,cluster,R1a,all_non_I2,i2_ecology_share50_gt50,binary
0.3541666666666667,0.3393316195372751,0.25862068965517243,0.35945945945945945,48,389,232,1480,17,132,60,532,0.014835047129391599,-0.10083876980428702,0.11567381693367862,cluster,R1a,all_non_I2,i2_ecology_no_r1a30,binary
0.20833333333333334,0.2390745501285347,0.10775862068965517,0.2668918918918919,48,389,232,1480,10,93,25,395,-0.030741216795201365,-0.15913327120223672,0.12839205440703536,cluster,R1a,all_non_I2,i2_ecology_i2_over_non_i2_30,binary
0.3541666666666667,0.36246786632390743,0.27155172413793105,0.3783783783783784,48,389,232,1480,17,141,63,560,-0.008301199657240743,-0.10682665424044735,0.0985254545832066,cluster,R1a,all_non_I2,nearest_relic_is_i2,binary
0.16666666666666666,0.18251928020565553,0.08620689655172414,0.1918918918918919,48,389,232,1480,8,71,20,284,-0.01585261353898887,-0.10568499534016776,0.08983238180117889,cluster,R1a,all_non_I2,nearest_i2_and_i2_share30_gt50,binary
0.6458333333333334,0.6786632390745502,0.6379310344827587,0.7087837837837838,48,389,232,1480,31,264,148,1049,-0.0328299057412168,-0.07085274930102514,0.03802284355980834,cluster,R1a,all_non_I2,geography_plus_suffix_ic,binary
0.3541666666666667,0.3444730077120823,0.4396551724137931,0.4331081081081081,48,389,232,1480,17,134,102,641,0.009693658954584405,0.006547064305684969,0.0031465946488994367,cluster,R1a,all_non_I2,geography_plus_ovic_evic,binary
0.22916666666666666,0.22879177377892032,0.2629310344827586,0.3027027027027027,48,389,232,1480,11,89,61,448,3.7489288774633645e-4,-0.0397716682199441,0.04014656110769044,cluster,R1a,all_non_I2,cloud_plus_suffix_ic,binary
0.08333333333333333,0.11311053984575835,0.09913793103448276,0.12297297297297298,48,389,232,1480,4,44,23,182,-0.02977720651242502,-0.023835041938490217,-0.005942164573934802,cluster,R1a,all_non_I2,cloud_plus_non_ovic_ic,binary
0.22916666666666666,0.22879177377892032,0.2629310344827586,0.3027027027027027,48,389,232,1480,11,89,61,448,3.7489288774633645e-4,-0.0397716682199441,0.04014656110769044,cluster,R1a,all_non_I2,geo_cloud_suffix_triad,binary
0,0,0,0,48,389,232,1480,0,0,0,0,0,0,0,cluster,R1a,all_non_I2,elevation_ge_700,binary
0,0,0,0,48,389,232,1480,0,0,0,0,0,0,0,cluster,R1a,all_non_I2,elevation_ge_900,binary
0,0,0,0,48,389,232,1480,0,0,0,0,0,0,0,cluster,R1a,all_non_I2,elevation_resid_ge_100,binary
0,0,0,0,48,389,232,1480,0,0,0,0,0,0,0,cluster,R1a,all_non_I2,mountain_i2_near30,binary
0,0,0,0,48,389,232,1480,0,0,0,0,0,0,0,cluster,R1a,all_non_I2,mountain_cloud_i2,binary
0.9791666666666666,1,0,0,48,389,232,1480,47,389,0,0,-0.02083333333333337,0,-0.02083333333333337,cluster,R1a,all_non_I2,old_age_known,binary
0.625,0.583547557840617,0,0,48,389,232,1480,30,227,0,0,0.04145244215938304,0,0.04145244215938304,cluster,R1a,all_non_I2,age_ge_1500,binary
0.3333333333333333,0.5398457583547558,0,0,48,389,232,1480,16,210,0,0,-0.20651242502142247,0,-0.20651242502142247,cluster,R1a,all_non_I2,age_ge_2000,binary
0.35,0.39344262295081966,0.3546511627906977,0.39764359351988215,60,122,172,1358,21,48,61,540,-0.04344262295081969,-0.04299243072918446,-4.501922216352261e-4,cluster,R1b,non_I2_excl_R1a,other_i2_social,binary
0.8,0.819672131147541,0.7441860465116279,0.8475699558173785,60,122,172,1358,48,100,128,1151,-0.01967213114754096,-0.10338390930575059,0.08371177815820963,cluster,R1b,non_I2_excl_R1a,other_i2_near_30km,binary
0.6666666666666666,0.5655737704918032,0.6104651162790697,0.6458026509572902,60,122,172,1358,40,69,105,877,0.10109289617486339,-0.03533753467822043,0.13643043085308382,cluster,R1b,non_I2_excl_R1a,other_i2_dist_le_20,binary
0.95,0.9508196721311475,0.936046511627907,0.9720176730486009,60,122,172,1358,57,116,161,1320,-8.196721311475308e-4,-0.0359711614206939,0.03515148928954637,cluster,R1b,non_I2_excl_R1a,other_i2_dist_le_50,binary
0.35,0.3524590163934426,0.29069767441860467,0.3593519882179676,60,122,172,1358,21,43,50,488,-0.002459016393442648,-0.06865431379936293,0.06619529740592028,cluster,R1b,non_I2_excl_R1a,other_i2_cloud_social_spatial,binary
0.13333333333333333,0.1721311475409836,0.16279069767441862,0.14138438880706922,60,122,172,1358,8,21,28,192,-0.03879781420765027,0.0214063088673494,-0.06020412307499967,cluster,R1b,non_I2_excl_R1a,nonph_i2_social,binary
0.45,0.5409836065573771,0.5058139534883721,0.5581737849779087,60,122,172,1358,27,66,87,758,-0.09098360655737708,-0.0523598314895366,-0.03862377506784048,cluster,R1b,non_I2_excl_R1a,nonph_i2_near_30km,binary
0.06666666666666667,0.12295081967213115,0.11046511627906977,0.11266568483063329,60,122,172,1358,4,15,19,153,-0.05628415300546448,-0.002200568551563517,-0.05408358445390096,cluster,R1b,non_I2_excl_R1a,nonph_i2_cloud_social_spatial,binary
0.8166666666666667,0.8114754098360656,0.7790697674418605,0.8313696612665685,60,122,172,1358,49,99,134,1129,0.005191256830601065,-0.05229989382470801,0.057491150655309076,cluster,R1b,non_I2_excl_R1a,surname_ic,binary
0.5333333333333333,0.5081967213114754,0.5406976744186046,0.4963181148748159,60,122,172,1358,32,62,93,674,0.025136612021857907,0.044379559543788694,-0.019242947521930787,cluster,R1b,non_I2_excl_R1a,surname_ovic_evic,binary
0.2833333333333333,0.30327868852459017,0.23837209302325582,0.33505154639175255,60,122,172,1358,17,37,41,455,-0.01994535519125684,-0.09667945336849673,0.07673409817723989,cluster,R1b,non_I2_excl_R1a,surname_non_ovic_ic,binary
0.55,0.5245901639344263,0.5465116279069767,0.508100147275405,60,122,172,1358,33,64,94,690,0.025409836065573788,0.03841148063157174,-0.01300164456599795,cluster,R1b,non_I2_excl_R1a,surname_vic,binary
0.016666666666666666,0,0.023255813953488372,0.005891016200294551,60,122,172,1358,1,0,4,8,0.016666666666666666,0.01736479775319382,-6.981310865271546e-4,cluster,R1b,non_I2_excl_R1a,surname_ski,binary
0.9333333333333333,0.9180327868852459,0.8953488372093024,0.975699558173785,60,122,172,1358,56,112,154,1325,0.015300546448087426,-0.08035072096448259,0.09565126741257002,cluster,R1b,non_I2_excl_R1a,slava_informative,binary
0.25,0.11475409836065574,0.20348837209302326,0.12223858615611193,60,122,172,1358,15,14,35,166,0.13524590163934425,0.08124978593691133,0.053996115702432915,cluster,R1b,non_I2_excl_R1a,rare_slava_region_2,binary
0.38333333333333336,0.3524590163934426,0.4186046511627907,0.24742268041237114,60,122,172,1358,23,43,72,336,0.030874316939890734,0.17118197075041958,-0.14030765381052884,cluster,R1b,non_I2_excl_R1a,rare_slava_region_5,binary
0.7833333333333333,0.6967213114754098,0.75,0.7488954344624448,60,122,172,1358,47,85,129,1017,0.0866120218579235,0.0011045655375552244,0.08550745632036827,cluster,R1b,non_I2_excl_R1a,rare_surname_region_1,binary
0.9833333333333333,0.9098360655737705,0.9127906976744186,0.9057437407952872,60,122,172,1358,59,111,157,1230,0.07349726775956278,0.007046956879131372,0.0664503108804314,cluster,R1b,non_I2_excl_R1a,rare_surname_region_2,binary
0.8,0.819672131147541,0.7441860465116279,0.8475699558173785,60,122,172,1358,48,100,128,1151,-0.01967213114754096,-0.10338390930575059,0.08371177815820963,cluster,R1b,non_I2_excl_R1a,i2_ecology_near30,binary
0.5,0.6147540983606558,0.5581395348837209,0.6509572901325479,60,122,172,1358,30,75,96,884,-0.11475409836065575,-0.09281775524882696,-0.021936343111828793,cluster,R1b,non_I2_excl_R1a,i2_ecology_dense30,binary
0.35,0.5163934426229508,0.48255813953488375,0.5346097201767305,60,122,172,1358,21,63,83,726,-0.16639344262295086,-0.05205158064184673,-0.11434186198110413,cluster,R1b,non_I2_excl_R1a,i2_ecology_diverse30,binary
0.4,0.4672131147540984,0.36046511627906974,0.49852724594992637,60,122,172,1358,24,57,62,677,-0.06721311475409836,-0.13806212967085663,0.07084901491675827,cluster,R1b,non_I2_excl_R1a,i2_ecology_terminal_diverse30,binary
0.1,0.27049180327868855,0.11046511627906977,0.2665684830633284,60,122,172,1358,6,33,19,362,-0.17049180327868854,-0.15610336678425865,-0.01438843649442989,cluster,R1b,non_I2_excl_R1a,i2_ecology_share30_gt50,binary
0.06666666666666667,0.19672131147540983,0.10465116279069768,0.20839469808541974,60,122,172,1358,4,24,18,283,-0.13005464480874318,-0.10374353529472206,-0.026311109514021117,cluster,R1b,non_I2_excl_R1a,i2_ecology_share50_gt50,binary
0.21666666666666667,0.36065573770491804,0.27325581395348836,0.3593519882179676,60,122,172,1358,13,44,47,488,-0.14398907103825137,-0.08609617426447924,-0.05789289677377213,cluster,R1b,non_I2_excl_R1a,i2_ecology_no_r1a30,binary
0.1,0.27049180327868855,0.11046511627906977,0.2665684830633284,60,122,172,1358,6,33,19,362,-0.17049180327868854,-0.15610336678425865,-0.01438843649442989,cluster,R1b,non_I2_excl_R1a,i2_ecology_i2_over_non_i2_30,binary
0.25,0.28688524590163933,0.27906976744186046,0.3865979381443299,60,122,172,1358,15,35,48,525,-0.03688524590163933,-0.10752817070246945,0.07064292480083012,cluster,R1b,non_I2_excl_R1a,nearest_relic_is_i2,binary
0.03333333333333333,0.13934426229508196,0.10465116279069768,0.19661266568483063,60,122,172,1358,2,17,18,267,-0.10601092896174863,-0.09196150289413295,-0.01404942606761568,cluster,R1b,non_I2_excl_R1a,nearest_i2_and_i2_share30_gt50,binary
0.7,0.7049180327868853,0.6162790697674418,0.7091310751104566,60,122,172,1358,42,86,106,963,-0.004918032786885296,-0.09285200534301474,0.08793397255612945,cluster,R1b,non_I2_excl_R1a,geography_plus_suffix_ic,binary
0.45,0.4262295081967213,0.436046511627907,0.4337260677466863,60,122,172,1358,27,52,75,589,0.023770491803278726,0.0023204438812206574,0.02145004792205807,cluster,R1b,non_I2_excl_R1a,geography_plus_ovic_evic,binary
0.31666666666666665,0.3360655737704918,0.2441860465116279,0.29970544918998526,60,122,172,1358,19,41,42,407,-0.019398907103825136,-0.055519402678357366,0.03612049557453223,cluster,R1b,non_I2_excl_R1a,cloud_plus_suffix_ic,binary
0.15,0.10655737704918032,0.08139534883720931,0.12444771723122239,60,122,172,1358,9,13,14,169,0.04344262295081967,-0.04305236839401308,0.08649499134483275,cluster,R1b,non_I2_excl_R1a,cloud_plus_non_ovic_ic,binary
0.31666666666666665,0.3360655737704918,0.2441860465116279,0.29970544918998526,60,122,172,1358,19,41,42,407,-0.019398907103825136,-0.055519402678357366,0.03612049557453223,cluster,R1b,non_I2_excl_R1a,geo_cloud_suffix_triad,binary
0,0,0,0,60,122,172,1358,0,0,0,0,0,0,0,cluster,R1b,non_I2_excl_R1a,elevation_ge_700,binary
0,0,0,0,60,122,172,1358,0,0,0,0,0,0,0,cluster,R1b,non_I2_excl_R1a,elevation_ge_900,binary
0,0,0,0,60,122,172,1358,0,0,0,0,0,0,0,cluster,R1b,non_I2_excl_R1a,elevation_resid_ge_100,binary
0,0,0,0,60,122,172,1358,0,0,0,0,0,0,0,cluster,R1b,non_I2_excl_R1a,mountain_i2_near30,binary
0,0,0,0,60,122,172,1358,0,0,0,0,0,0,0,cluster,R1b,non_I2_excl_R1a,mountain_cloud_i2,binary
0,0,0,0,60,122,172,1358,0,0,0,0,0,0,0,cluster,R1b,non_I2_excl_R1a,old_age_known,binary
0,0,0,0,60,122,172,1358,0,0,0,0,0,0,0,cluster,R1b,non_I2_excl_R1a,age_ge_1500,binary
0,0,0,0,60,122,172,1358,0,0,0,0,0,0,0,cluster,R1b,non_I2_excl_R1a,age_ge_2000,binary
0.35,0.39344262295081966,0.35454545454545455,0.38523182598740696,60,122,220,1747,21,48,78,673,-0.04344262295081969,-0.03068637144195241,-0.012756251508867278,cluster,R1b,all_non_I2,other_i2_social,binary
0.8,0.819672131147541,0.7545454545454545,0.8437321121923297,60,122,220,1747,48,100,166,1474,-0.01967213114754096,-0.08918665764687517,0.0695145264993342,cluster,R1b,all_non_I2,other_i2_near_30km,binary
0.6666666666666666,0.5655737704918032,0.6181818181818182,0.6445334859759588,60,122,220,1747,40,69,136,1126,0.10109289617486339,-0.026351667794140665,0.12744456396900405,cluster,R1b,all_non_I2,other_i2_dist_le_20,binary
0.95,0.9508196721311475,0.9454545454545454,0.9696622781911849,60,122,220,1747,57,116,208,1694,-8.196721311475308e-4,-0.024207732736639453,0.023388060605491923,cluster,R1b,all_non_I2,other_i2_dist_le_50,binary
0.35,0.3524590163934426,0.29545454545454547,0.34688036634230107,60,122,220,1747,21,43,65,606,-0.002459016393442648,-0.0514258208877556,0.048966804494312954,cluster,R1b,all_non_I2,other_i2_cloud_social_spatial,binary
0.13333333333333333,0.1721311475409836,0.14545454545454545,0.1333714939896966,60,122,220,1747,8,21,32,233,-0.03879781420765027,0.012083051464848837,-0.05088086567249911,cluster,R1b,all_non_I2,nonph_i2_social,binary
0.45,0.5409836065573771,0.5,0.5529479107040641,60,122,220,1747,27,66,110,966,-0.09098360655737708,-0.05294791070406413,-0.038035695853312956,cluster,R1b,all_non_I2,nonph_i2_near_30km,binary
0.06666666666666667,0.12295081967213115,0.10454545454545454,0.10475100171722954,60,122,220,1747,4,15,23,183,-0.05628415300546448,-2.0554717177499737e-4,-0.05607860583368948,cluster,R1b,all_non_I2,nonph_i2_cloud_social_spatial,binary
0.8166666666666667,0.8114754098360656,0.7727272727272727,0.8236977676016027,60,122,220,1747,49,99,170,1439,0.005191256830601065,-0.05097049487433003,0.056161751704931095,cluster,R1b,all_non_I2,surname_ic,binary
0.5333333333333333,0.5081967213114754,0.509090909090909,0.4733829421866056,60,122,220,1747,32,62,112,827,0.025136612021857907,0.035707966904303445,-0.010571354882445538,cluster,R1b,all_non_I2,surname_ovic_evic,binary
0.2833333333333333,0.30327868852459017,0.2636363636363636,0.35031482541499714,60,122,220,1747,17,37,58,612,-0.01994535519125684,-0.08667846177863353,0.06673310658737669,cluster,R1b,all_non_I2,surname_non_ovic_ic,binary
0.55,0.5245901639344263,0.5136363636363637,0.48597595878649114,60,122,220,1747,33,64,113,849,0.025409836065573788,0.027660404849872533,-0.0022505687842987454,cluster,R1b,all_non_I2,surname_vic,binary
0.016666666666666666,0,0.022727272727272728,0.008013737836290785,60,122,220,1747,1,0,5,14,0.016666666666666666,0.014713534890981943,0.0019531317756847234,cluster,R1b,all_non_I2,surname_ski,binary
0.9333333333333333,0.9180327868852459,0.8909090909090909,0.9719519175729823,60,122,220,1747,56,112,196,1698,0.015300546448087426,-0.0810428266638914,0.09634337311197883,cluster,R1b,all_non_I2,slava_informative,binary
0.25,0.11475409836065574,0.21818181818181817,0.12593016599885518,60,122,220,1747,15,14,48,220,0.13524590163934425,0.092251652182963,0.04299424945638125,cluster,R1b,all_non_I2,rare_slava_region_2,binary
0.38333333333333336,0.3524590163934426,0.42727272727272725,0.25186033199771035,60,122,220,1747,23,43,94,440,0.030874316939890734,0.1754123952750169,-0.14453807833512616,cluster,R1b,all_non_I2,rare_slava_region_5,binary
0.7833333333333333,0.6967213114754098,0.7818181818181819,0.746994848311391,60,122,220,1747,47,85,172,1305,0.0866120218579235,0.0348233335067909,0.051788688351132595,cluster,R1b,all_non_I2,rare_surname_region_1,binary
0.9833333333333333,0.9098360655737705,0.9181818181818182,0.9049799656554093,60,122,220,1747,59,111,202,1581,0.07349726775956278,0.01320185252640893,0.06029541523315385,cluster,R1b,all_non_I2,rare_surname_region_2,binary
0.8,0.819672131147541,0.7545454545454545,0.8437321121923297,60,122,220,1747,48,100,166,1474,-0.01967213114754096,-0.08918665764687517,0.0695145264993342,cluster,R1b,all_non_I2,i2_ecology_near30,binary
0.5,0.6147540983606558,0.55,0.6496851745850029,60,122,220,1747,30,75,121,1135,-0.11475409836065575,-0.09968517458500281,-0.015068923775652943,cluster,R1b,all_non_I2,i2_ecology_dense30,binary
0.35,0.5163934426229508,0.4772727272727273,0.5289066971951918,60,122,220,1747,21,63,105,924,-0.16639344262295086,-0.051633969922464495,-0.11475947270048636,cluster,R1b,all_non_I2,i2_ecology_diverse30,binary
0.4,0.4672131147540984,0.37727272727272726,0.4934172867773326,60,122,220,1747,24,57,83,862,-0.06721311475409836,-0.11614455950460534,0.04893144475050698,cluster,R1b,all_non_I2,i2_ecology_terminal_diverse30,binary
0.1,0.27049180327868855,0.1318181818181818,0.2604464796794505,60,122,220,1747,6,33,29,455,-0.17049180327868854,-0.1286282978612687,-0.041863505417419844,cluster,R1b,all_non_I2,i2_ecology_share30_gt50,binary
0.06666666666666667,0.19672131147540983,0.10454545454545454,0.2014882655981683,60,122,220,1747,4,24,23,352,-0.13005464480874318,-0.09694281105271375,-0.03311183375602943,cluster,R1b,all_non_I2,i2_ecology_share50_gt50,binary
0.21666666666666667,0.36065573770491804,0.2909090909090909,0.35489410417859185,60,122,220,1747,13,44,64,620,-0.14398907103825137,-0.06398501326950096,-0.08000405776875041,cluster,R1b,all_non_I2,i2_ecology_no_r1a30,binary
0.1,0.27049180327868855,0.1318181818181818,0.2604464796794505,60,122,220,1747,6,33,29,455,-0.17049180327868854,-0.1286282978612687,-0.041863505417419844,cluster,R1b,all_non_I2,i2_ecology_i2_over_non_i2_30,binary
0.25,0.28688524590163933,0.29545454545454547,0.38122495706926157,60,122,220,1747,15,35,65,666,-0.03688524590163933,-0.0857704116147161,0.04888516571307677,cluster,R1b,all_non_I2,nearest_relic_is_i2,binary
0.03333333333333333,0.13934426229508196,0.11818181818181818,0.1934745277618775,60,122,220,1747,2,17,26,338,-0.10601092896174863,-0.07529270958005933,-0.030718219381689296,cluster,R1b,all_non_I2,nearest_i2_and_i2_share30_gt50,binary
0.7,0.7049180327868853,0.6227272727272727,0.7023468803663423,60,122,220,1747,42,86,137,1227,-0.004918032786885296,-0.07961960763906961,0.07470157485218432,cluster,R1b,all_non_I2,geography_plus_suffix_ic,binary
0.45,0.4262295081967213,0.41818181818181815,0.41385231825987406,60,122,220,1747,27,52,92,723,0.023770491803278726,0.004329499921944091,0.019440991881334635,cluster,R1b,all_non_I2,geography_plus_ovic_evic,binary
0.31666666666666665,0.3360655737704918,0.2409090909090909,0.28391528334287347,60,122,220,1747,19,41,53,496,-0.019398907103825136,-0.043006192433782564,0.023607285329957428,cluster,R1b,all_non_I2,cloud_plus_suffix_ic,binary
0.15,0.10655737704918032,0.08181818181818182,0.12192329708070979,60,122,220,1747,9,13,18,213,0.04344262295081967,-0.04010511526252797,0.08354773821334764,cluster,R1b,all_non_I2,cloud_plus_non_ovic_ic,binary
0.31666666666666665,0.3360655737704918,0.2409090909090909,0.28391528334287347,60,122,220,1747,19,41,53,496,-0.019398907103825136,-0.043006192433782564,0.023607285329957428,cluster,R1b,all_non_I2,geo_cloud_suffix_triad,binary
0,0,0,0,60,122,220,1747,0,0,0,0,0,0,0,cluster,R1b,all_non_I2,elevation_ge_700,binary
0,0,0,0,60,122,220,1747,0,0,0,0,0,0,0,cluster,R1b,all_non_I2,elevation_ge_900,binary
0,0,0,0,60,122,220,1747,0,0,0,0,0,0,0,cluster,R1b,all_non_I2,elevation_resid_ge_100,binary
0,0,0,0,60,122,220,1747,0,0,0,0,0,0,0,cluster,R1b,all_non_I2,mountain_i2_near30,binary
0,0,0,0,60,122,220,1747,0,0,0,0,0,0,0,cluster,R1b,all_non_I2,mountain_cloud_i2,binary
0,0,0.21363636363636362,0.22266742987979393,60,122,220,1747,0,0,47,389,0,-0.009031066243430308,0.009031066243430308,cluster,R1b,all_non_I2,old_age_known,binary
0,0,0.13636363636363635,0.12993703491700057,60,122,220,1747,0,0,30,227,0,0.006426601446635788,-0.006426601446635788,cluster,R1b,all_non_I2,age_ge_1500,binary
0,0,0.07272727272727272,0.12020606754436176,60,122,220,1747,0,0,16,210,0,-0.04747879481708904,0.04747879481708904,cluster,R1b,all_non_I2,age_ge_2000,binary
0.27450980392156865,0.3745173745173745,0.3756906077348066,0.4021294021294021,51,259,181,1221,14,97,68,491,-0.10000757059580584,-0.02643879439459551,-0.07356877620121033,cluster,J2,non_I2_excl_R1a,other_i2_social,binary
0.7058823529411765,0.8262548262548263,0.7734806629834254,0.8493038493038493,51,259,181,1221,36,214,140,1037,-0.12037247331364975,-0.07582318632042384,-0.04454928699322591,cluster,J2,non_I2_excl_R1a,other_i2_near_30km,binary
0.5882352941176471,0.5907335907335908,0.6353591160220995,0.6494676494676495,51,259,181,1221,30,153,115,793,-0.002498296615943696,-0.014108533445549964,0.011610236829606269,cluster,J2,non_I2_excl_R1a,other_i2_dist_le_20,binary
0.9411764705882353,0.9806949806949807,0.9392265193370166,0.9680589680589681,51,259,181,1221,48,254,170,1182,-0.03951851010674545,-0.028832448721951454,-0.010686061384793999,cluster,J2,non_I2_excl_R1a,other_i2_dist_le_50,binary
0.19607843137254902,0.3474903474903475,0.3370165745856354,0.36117936117936117,51,259,181,1221,10,90,61,441,-0.1514119161177985,-0.024162786593725782,-0.12724912952407272,cluster,J2,non_I2_excl_R1a,other_i2_cloud_social_spatial,binary
0.1568627450980392,0.11969111969111969,0.15469613259668508,0.14905814905814907,51,259,181,1221,8,31,28,182,0.037171625406919526,0.005637983538536007,0.03153364186838352,cluster,J2,non_I2_excl_R1a,nonph_i2_social,binary
0.45098039215686275,0.5405405405405406,0.5027624309392266,0.5601965601965602,51,259,181,1221,23,140,91,684,-0.08956014838367782,-0.0574341292573336,-0.03212601912634422,cluster,J2,non_I2_excl_R1a,nonph_i2_near_30km,binary
0.11764705882352941,0.0888030888030888,0.09392265193370165,0.11875511875511875,51,259,181,1221,6,23,17,145,0.028843970020440604,-0.0248324668214171,0.0536764368418577,cluster,J2,non_I2_excl_R1a,nonph_i2_cloud_social_spatial,binary
0.6666666666666666,0.7953667953667953,0.8232044198895028,0.8370188370188371,51,259,181,1221,34,206,149,1022,-0.1287001287001287,-0.013814417129334289,-0.11488571157079441,cluster,J2,non_I2_excl_R1a,surname_ic,binary
0.45098039215686275,0.4942084942084942,0.56353591160221,0.49795249795249796,51,259,181,1221,23,128,102,608,-0.04322810205163147,0.06558341364971199,-0.10881151570134345,cluster,J2,non_I2_excl_R1a,surname_ovic_evic,binary
0.21568627450980393,0.30115830115830117,0.2596685082872928,0.33906633906633904,51,259,181,1221,11,78,47,414,-0.08547202664849723,-0.07939783077904622,-0.006074195869451016,cluster,J2,non_I2_excl_R1a,surname_non_ovic_ic,binary
0.47058823529411764,0.5096525096525096,0.569060773480663,0.5094185094185094,51,259,181,1221,24,132,103,622,-0.03906427435839199,0.05964226406215356,-0.09870653842054555,cluster,J2,non_I2_excl_R1a,surname_vic,binary
0.0392156862745098,0.003861003861003861,0.016574585635359115,0.005733005733005733,51,259,181,1221,2,1,3,7,0.03535468241350594,0.010841579902353383,0.02451310251115256,cluster,J2,non_I2_excl_R1a,surname_ski,binary
0.803921568627451,0.972972972972973,0.9337016574585635,0.9705159705159705,51,259,181,1221,41,252,169,1185,-0.16905140434552202,-0.03681431305740701,-0.132237091288115,cluster,J2,non_I2_excl_R1a,slava_informative,binary
0.21568627450980393,0.12355212355212356,0.2154696132596685,0.12121212121212122,51,259,181,1221,11,32,39,148,0.09213415095768038,0.0942574920475473,-0.0021233410898669203,cluster,J2,non_I2_excl_R1a,rare_slava_region_2,binary
0.47058823529411764,0.22393822393822393,0.39226519337016574,0.2628992628992629,51,259,181,1221,24,58,71,321,0.2466500113558937,0.12936593047090283,0.11728408088499087,cluster,J2,non_I2_excl_R1a,rare_slava_region_5,binary
0.7450980392156863,0.7335907335907336,0.7624309392265194,0.7469287469287469,51,259,181,1221,38,190,138,912,0.011507305624952724,0.015502192297772499,-0.003994886672819775,cluster,J2,non_I2_excl_R1a,rare_surname_region_1,binary
0.9607843137254902,0.8803088803088803,0.9226519337016574,0.9115479115479116,51,259,181,1221,49,228,167,1113,0.0804754334166099,0.01110402215374584,0.06937141126286406,cluster,J2,non_I2_excl_R1a,rare_surname_region_2,binary
0.7058823529411765,0.8262548262548263,0.7734806629834254,0.8493038493038493,51,259,181,1221,36,214,140,1037,-0.12037247331364975,-0.07582318632042384,-0.04454928699322591,cluster,J2,non_I2_excl_R1a,i2_ecology_near30,binary
0.49019607843137253,0.5945945945945946,0.5580110497237569,0.6592956592956593,51,259,181,1221,25,154,101,805,-0.1043985161632221,-0.10128460957190233,-0.0031139065913197705,cluster,J2,non_I2_excl_R1a,i2_ecology_dense30,binary
0.43137254901960786,0.4864864864864865,0.4530386740331492,0.542997542997543,51,259,181,1221,22,126,82,663,-0.05511393746687865,-0.08995886896439381,0.034844931497515164,cluster,J2,non_I2_excl_R1a,i2_ecology_diverse30,binary
0.27450980392156865,0.47876447876447875,0.39779005524861877,0.4995904995904996,51,259,181,1221,14,124,72,610,-0.2042546748429101,-0.10180044434188085,-0.10245423050102925,cluster,J2,non_I2_excl_R1a,i2_ecology_terminal_diverse30,binary
0.0784313725490196,0.2548262548262548,0.11602209944751381,0.26945126945126946,51,259,181,1221,4,66,21,329,-0.1763948822772352,-0.15342917000375567,-0.022965712273479544,cluster,J2,non_I2_excl_R1a,i2_ecology_share30_gt50,binary
0.0392156862745098,0.1969111969111969,0.11049723756906077,0.20966420966420968,51,259,181,1221,2,51,20,256,-0.1576955106366871,-0.09916697209514891,-0.058528538541538194,cluster,J2,non_I2_excl_R1a,i2_ecology_share50_gt50,binary
0.23529411764705882,0.3204633204633205,0.26519337016574585,0.3677313677313677,51,259,181,1221,12,83,48,449,-0.08516920281626167,-0.10253799756562187,0.017368794749360206,cluster,J2,non_I2_excl_R1a,i2_ecology_no_r1a30,binary
0.0784313725490196,0.2548262548262548,0.11602209944751381,0.26945126945126946,51,259,181,1221,4,66,21,329,-0.1763948822772352,-0.15342917000375567,-0.022965712273479544,cluster,J2,non_I2_excl_R1a,i2_ecology_i2_over_non_i2_30,binary
0.29411764705882354,0.4247104247104247,0.26519337016574585,0.36855036855036855,51,259,181,1221,15,110,48,450,-0.13059277765160116,-0.1033569983846227,-0.027235779266978455,cluster,J2,non_I2_excl_R1a,nearest_relic_is_i2,binary
0.0784313725490196,0.21621621621621623,0.08839779005524862,0.18673218673218672,51,259,181,1221,4,56,16,228,-0.13778484366719662,-0.09833439667693811,-0.039450446990258514,cluster,J2,non_I2_excl_R1a,nearest_i2_and_i2_share30_gt50,binary
0.47058823529411764,0.6602316602316602,0.6850828729281768,0.719082719082719,51,259,181,1221,24,171,124,878,-0.1896434249375426,-0.03399984615454221,-0.1556435787830004,cluster,J2,non_I2_excl_R1a,geography_plus_suffix_ic,binary
0.29411764705882354,0.42857142857142855,0.48066298342541436,0.43407043407043405,51,259,181,1221,15,111,87,530,-0.134453781512605,0.046592549354980306,-0.18104633086758531,cluster,J2,non_I2_excl_R1a,geography_plus_ovic_evic,binary
0.13725490196078433,0.277992277992278,0.2983425414364641,0.30794430794430794,51,259,181,1221,7,72,54,376,-0.14073737603149367,-0.009601766507843834,-0.13113560952364983,cluster,J2,non_I2_excl_R1a,cloud_plus_suffix_ic,binary
0.0784313725490196,0.10810810810810811,0.10497237569060773,0.12612612612612611,51,259,181,1221,4,28,19,154,-0.029676735559088507,-0.021153750435518384,-0.008522985123570123,cluster,J2,non_I2_excl_R1a,cloud_plus_non_ovic_ic,binary
0.13725490196078433,0.277992277992278,0.2983425414364641,0.30794430794430794,51,259,181,1221,7,72,54,376,-0.14073737603149367,-0.009601766507843834,-0.13113560952364983,cluster,J2,non_I2_excl_R1a,geo_cloud_suffix_triad,binary
0,0,0,0,51,259,181,1221,0,0,0,0,0,0,0,cluster,J2,non_I2_excl_R1a,elevation_ge_700,binary
0,0,0,0,51,259,181,1221,0,0,0,0,0,0,0,cluster,J2,non_I2_excl_R1a,elevation_ge_900,binary
0,0,0,0,51,259,181,1221,0,0,0,0,0,0,0,cluster,J2,non_I2_excl_R1a,elevation_resid_ge_100,binary
0,0,0,0,51,259,181,1221,0,0,0,0,0,0,0,cluster,J2,non_I2_excl_R1a,mountain_i2_near30,binary
0,0,0,0,51,259,181,1221,0,0,0,0,0,0,0,cluster,J2,non_I2_excl_R1a,mountain_cloud_i2,binary
0,0,0,0,51,259,181,1221,0,0,0,0,0,0,0,cluster,J2,non_I2_excl_R1a,old_age_known,binary
0,0,0,0,51,259,181,1221,0,0,0,0,0,0,0,cluster,J2,non_I2_excl_R1a,age_ge_1500,binary
0,0,0,0,51,259,181,1221,0,0,0,0,0,0,0,cluster,J2,non_I2_excl_R1a,age_ge_2000,binary
0.27450980392156865,0.3745173745173745,0.37117903930131,0.3875776397515528,51,259,229,1610,14,97,85,624,-0.10000757059580584,-0.016398600450242773,-0.08360897014556307,cluster,J2,all_non_I2,other_i2_social,binary
0.7058823529411765,0.8262548262548263,0.777292576419214,0.84472049689441,51,259,229,1610,36,214,178,1360,-0.12037247331364975,-0.06742792047519597,-0.052944552838453784,cluster,J2,all_non_I2,other_i2_near_30km,binary
0.5882352941176471,0.5907335907335908,0.6375545851528385,0.6472049689440994,51,259,229,1610,30,153,146,1042,-0.002498296615943696,-0.00965038379126093,0.007152087175317234,cluster,J2,all_non_I2,other_i2_dist_le_20,binary
0.9411764705882353,0.9806949806949807,0.9475982532751092,0.9664596273291925,51,259,229,1610,48,254,217,1556,-0.03951851010674545,-0.01886137405408339,-0.020657136052662062,cluster,J2,all_non_I2,other_i2_dist_le_50,binary
0.19607843137254902,0.3474903474903475,0.3318777292576419,0.34720496894409936,51,259,229,1610,10,90,76,559,-0.1514119161177985,-0.015327239686457439,-0.13608467643134106,cluster,J2,all_non_I2,other_i2_cloud_social_spatial,binary
0.1568627450980392,0.11969111969111969,0.13973799126637554,0.13850931677018632,51,259,229,1610,8,31,32,223,0.037171625406919526,0.0012286744961892138,0.03594295091073031,cluster,J2,all_non_I2,nonph_i2_social,binary
0.45098039215686275,0.5405405405405406,0.4978165938864629,0.5540372670807453,51,259,229,1610,23,140,114,892,-0.08956014838367782,-0.05622067319428242,-0.033339475189395396,cluster,J2,all_non_I2,nonph_i2_near_30km,binary
0.11764705882352941,0.0888030888030888,0.09170305676855896,0.10869565217391304,51,259,229,1610,6,23,21,175,0.028843970020440604,-0.016992595405354083,0.04583656542579469,cluster,J2,all_non_I2,nonph_i2_cloud_social_spatial,binary
0.6666666666666666,0.7953667953667953,0.8078602620087336,0.8273291925465839,51,259,229,1610,34,206,185,1332,-0.1287001287001287,-0.01946893053785026,-0.10923119816227844,cluster,J2,all_non_I2,surname_ic,binary
0.45098039215686275,0.4942084942084942,0.5283842794759825,0.47267080745341616,51,259,229,1610,23,128,121,761,-0.04322810205163147,0.05571347202256638,-0.09894157407419785,cluster,J2,all_non_I2,surname_ovic_evic,binary
0.21568627450980393,0.30115830115830117,0.2794759825327511,0.3546583850931677,51,259,229,1610,11,78,64,571,-0.08547202664849723,-0.07518240256041664,-0.010289624088080596,cluster,J2,all_non_I2,surname_non_ovic_ic,binary
0.47058823529411764,0.5096525096525096,0.5327510917030568,0.48509316770186334,51,259,229,1610,24,132,122,781,-0.03906427435839199,0.04765792400119345,-0.08672219835958545,cluster,J2,all_non_I2,surname_vic,binary
0.0392156862745098,0.003861003861003861,0.017467248908296942,0.008074534161490683,51,259,229,1610,2,1,4,13,0.03535468241350594,0.009392714746806259,0.025961967666699684,cluster,J2,all_non_I2,surname_ski,binary
0.803921568627451,0.972972972972973,0.9213973799126638,0.9677018633540373,51,259,229,1610,41,252,211,1558,-0.16905140434552202,-0.0463044834413735,-0.12274692090414852,cluster,J2,all_non_I2,slava_informative,binary
0.21568627450980393,0.12355212355212356,0.22707423580786026,0.12546583850931678,51,259,229,1610,11,32,52,202,0.09213415095768038,0.10160839729854348,-0.009474246340863107,cluster,J2,all_non_I2,rare_slava_region_2,binary
0.47058823529411764,0.22393822393822393,0.40611353711790393,0.2639751552795031,51,259,229,1610,24,58,93,425,0.2466500113558937,0.14213838183840083,0.10451162951749288,cluster,J2,all_non_I2,rare_slava_region_5,binary
0.7450980392156863,0.7335907335907336,0.7903930131004366,0.7453416149068323,51,259,229,1610,38,190,181,1200,0.011507305624952724,0.045051398193604375,-0.03354409256865165,cluster,J2,all_non_I2,rare_surname_region_1,binary
0.9607843137254902,0.8803088803088803,0.925764192139738,0.9093167701863354,51,259,229,1610,49,228,212,1464,0.0804754334166099,0.016447421953402652,0.06402801146320725,cluster,J2,all_non_I2,rare_surname_region_2,binary
0.7058823529411765,0.8262548262548263,0.777292576419214,0.84472049689441,51,259,229,1610,36,214,178,1360,-0.12037247331364975,-0.06742792047519597,-0.052944552838453784,cluster,J2,all_non_I2,i2_ecology_near30,binary
0.49019607843137253,0.5945945945945946,0.5502183406113537,0.6559006211180124,51,259,229,1610,25,154,126,1056,-0.1043985161632221,-0.10568228050665873,0.001283764343436633,cluster,J2,all_non_I2,i2_ecology_dense30,binary
0.43137254901960786,0.4864864864864865,0.45414847161572053,0.5347826086956522,51,259,229,1610,22,126,104,861,-0.05511393746687865,-0.08063413707993167,0.02552019961305302,cluster,J2,all_non_I2,i2_ecology_diverse30,binary
0.27450980392156865,0.47876447876447875,0.40611353711790393,0.4937888198757764,51,259,229,1610,14,124,93,795,-0.2042546748429101,-0.08767528275787245,-0.11657939208503765,cluster,J2,all_non_I2,i2_ecology_terminal_diverse30,binary
0.0784313725490196,0.2548262548262548,0.13537117903930132,0.26211180124223604,51,259,229,1610,4,66,31,422,-0.1763948822772352,-0.12674062220293472,-0.04965426007430049,cluster,J2,all_non_I2,i2_ecology_share30_gt50,binary
0.0392156862745098,0.1969111969111969,0.1091703056768559,0.20186335403726707,51,259,229,1610,2,51,25,325,-0.1576955106366871,-0.09269304836041117,-0.06500246227627593,cluster,J2,all_non_I2,i2_ecology_share50_gt50,binary
0.23529411764705882,0.3204633204633205,0.2838427947598253,0.36086956521739133,51,259,229,1610,12,83,65,581,-0.08516920281626167,-0.07702677045756601,-0.008142432358695662,cluster,J2,all_non_I2,i2_ecology_no_r1a30,binary
0.0784313725490196,0.2548262548262548,0.13537117903930132,0.26211180124223604,51,259,229,1610,4,66,31,422,-0.1763948822772352,-0.12674062220293472,-0.04965426007430049,cluster,J2,all_non_I2,i2_ecology_i2_over_non_i2_30,binary
0.29411764705882354,0.4247104247104247,0.2838427947598253,0.3670807453416149,51,259,229,1610,15,110,65,591,-0.13059277765160116,-0.08323795058178957,-0.04735482706981159,cluster,J2,all_non_I2,nearest_relic_is_i2,binary
0.0784313725490196,0.21621621621621623,0.10480349344978165,0.18571428571428572,51,259,229,1610,4,56,24,299,-0.13778484366719662,-0.08091079226450407,-0.056874051402692555,cluster,J2,all_non_I2,nearest_i2_and_i2_share30_gt50,binary
0.47058823529411764,0.6602316602316602,0.6768558951965066,0.7093167701863354,51,259,229,1610,24,171,155,1142,-0.1896434249375426,-0.03246087498982886,-0.15718254994771375,cluster,J2,all_non_I2,geography_plus_suffix_ic,binary
0.29411764705882354,0.42857142857142855,0.45414847161572053,0.4124223602484472,51,259,229,1610,15,111,104,664,-0.134453781512605,0.04172611136727333,-0.17617989287987834,cluster,J2,all_non_I2,geography_plus_ovic_evic,binary
0.13725490196078433,0.277992277992278,0.2838427947598253,0.2888198757763975,51,259,229,1610,7,72,65,465,-0.14073737603149367,-0.004977081016572182,-0.13576029501492148,cluster,J2,all_non_I2,cloud_plus_suffix_ic,binary
0.0784313725490196,0.10810810810810811,0.10043668122270742,0.12298136645962733,51,259,229,1610,4,28,23,198,-0.029676735559088507,-0.02254468523691991,-0.007132050322168598,cluster,J2,all_non_I2,cloud_plus_non_ovic_ic,binary
0.13725490196078433,0.277992277992278,0.2838427947598253,0.2888198757763975,51,259,229,1610,7,72,65,465,-0.14073737603149367,-0.004977081016572182,-0.13576029501492148,cluster,J2,all_non_I2,geo_cloud_suffix_triad,binary
0,0,0,0,51,259,229,1610,0,0,0,0,0,0,0,cluster,J2,all_non_I2,elevation_ge_700,binary
0,0,0,0,51,259,229,1610,0,0,0,0,0,0,0,cluster,J2,all_non_I2,elevation_ge_900,binary
0,0,0,0,51,259,229,1610,0,0,0,0,0,0,0,cluster,J2,all_non_I2,elevation_resid_ge_100,binary
0,0,0,0,51,259,229,1610,0,0,0,0,0,0,0,cluster,J2,all_non_I2,mountain_i2_near30,binary
0,0,0,0,51,259,229,1610,0,0,0,0,0,0,0,cluster,J2,all_non_I2,mountain_cloud_i2,binary
0,0,0.2052401746724891,0.24161490683229814,51,259,229,1610,0,0,47,389,0,-0.03637473215980905,0.03637473215980905,cluster,J2,all_non_I2,old_age_known,binary
0,0,0.13100436681222707,0.1409937888198758,51,259,229,1610,0,0,30,227,0,-0.009989422007648713,0.009989422007648713,cluster,J2,all_non_I2,age_ge_1500,binary
0,0,0.06986899563318777,0.13043478260869565,51,259,229,1610,0,0,16,210,0,-0.06056578697550788,0.06056578697550788,cluster,J2,all_non_I2,age_ge_2000,binary
0.5428571428571428,0.2916666666666667,0.3197969543147208,0.40269886363636365,35,72,197,1408,19,21,63,567,0.25119047619047613,-0.08290190932164282,0.33409238551211895,cluster,G,non_I2_excl_R1a,other_i2_social,binary
0.7428571428571429,0.9305555555555556,0.7614213197969543,0.8409090909090909,35,72,197,1408,26,67,150,1184,-0.1876984126984127,-0.07948777111213667,-0.10821064158627602,cluster,G,non_I2_excl_R1a,other_i2_near_30km,binary
0.6285714285714286,0.7083333333333334,0.6243654822335025,0.6356534090909091,35,72,197,1408,22,51,123,895,-0.07976190476190481,-0.011287926857406538,-0.06847397790449827,cluster,G,non_I2_excl_R1a,other_i2_dist_le_20,binary
0.9428571428571428,1,0.9390862944162437,0.96875,35,72,197,1408,33,72,185,1364,-0.05714285714285716,-0.029663705583756306,-0.027479151559100856,cluster,G,non_I2_excl_R1a,other_i2_dist_le_50,binary
0.45714285714285713,0.2777777777777778,0.27918781725888325,0.36292613636363635,35,72,197,1408,16,20,55,511,0.17936507936507934,-0.0837383191047531,0.26310339846983244,cluster,G,non_I2_excl_R1a,other_i2_cloud_social_spatial,binary
0.2,0.1111111111111111,0.14720812182741116,0.1455965909090909,35,72,197,1408,7,8,29,205,0.0888888888888889,0.001611530918320253,0.08727735797056865,cluster,G,non_I2_excl_R1a,nonph_i2_social,binary
0.42857142857142855,0.625,0.5025380710659898,0.5532670454545454,35,72,197,1408,15,45,99,779,-0.19642857142857145,-0.050728974388555614,-0.14569959704001584,cluster,G,non_I2_excl_R1a,nonph_i2_near_30km,binary
0.14285714285714285,0.06944444444444445,0.09137055837563451,0.11576704545454546,35,72,197,1408,5,5,18,163,0.0734126984126984,-0.02439648707891094,0.09780918549160934,cluster,G,non_I2_excl_R1a,nonph_i2_cloud_social_spatial,binary
0.8857142857142857,0.8194444444444444,0.7715736040609137,0.8302556818181818,35,72,197,1408,31,59,152,1169,0.06626984126984126,-0.05868207775726808,0.12495191902710934,cluster,G,non_I2_excl_R1a,surname_ic,binary
0.5714285714285714,0.4861111111111111,0.5329949238578681,0.4978693181818182,35,72,197,1408,20,35,105,701,0.08531746031746029,0.03512560567604989,0.050191854641410405,cluster,G,non_I2_excl_R1a,surname_ovic_evic,binary
0.3142857142857143,0.3333333333333333,0.23857868020304568,0.33238636363636365,35,72,197,1408,11,24,47,468,-0.019047619047619035,-0.09380768343331797,0.07476006438569893,cluster,G,non_I2_excl_R1a,surname_non_ovic_ic,binary
0.5714285714285714,0.5,0.5431472081218274,0.5099431818181818,35,72,197,1408,20,36,107,718,0.0714285714285714,0.033204026303645606,0.03822454512492579,cluster,G,non_I2_excl_R1a,surname_vic,binary
0,0,0.025380710659898477,0.005681818181818182,35,72,197,1408,0,0,5,8,0,0.019698892478080293,-0.019698892478080293,cluster,G,non_I2_excl_R1a,surname_ski,binary
0.9428571428571428,1,0.8984771573604061,0.9694602272727273,35,72,197,1408,33,72,177,1365,-0.05714285714285716,-0.07098306991232117,0.013840212769464011,cluster,G,non_I2_excl_R1a,slava_informative,binary
0.2,0.2222222222222222,0.2182741116751269,0.11647727272727272,35,72,197,1408,7,16,43,164,-0.0222222222222222,0.10179683894785417,-0.12401906117007637,cluster,G,non_I2_excl_R1a,rare_slava_region_2,binary
0.37142857142857144,0.3194444444444444,0.41624365482233505,0.2528409090909091,35,72,197,1408,13,23,82,356,0.05198412698412702,0.16340274573142594,-0.11141861874729891,cluster,G,non_I2_excl_R1a,rare_slava_region_5,binary
0.7142857142857143,0.7777777777777778,0.766497461928934,0.7428977272727273,35,72,197,1408,25,56,151,1046,-0.06349206349206349,0.023599734656206683,-0.08709179814827017,cluster,G,non_I2_excl_R1a,rare_surname_region_1,binary
0.8285714285714286,0.9444444444444444,0.949238578680203,0.9041193181818182,35,72,197,1408,29,68,187,1273,-0.1158730158730158,0.04511926049838477,-0.16099227637140057,cluster,G,non_I2_excl_R1a,rare_surname_region_2,binary
0.7428571428571429,0.9305555555555556,0.7614213197969543,0.8409090909090909,35,72,197,1408,26,67,150,1184,-0.1876984126984127,-0.07948777111213667,-0.10821064158627602,cluster,G,non_I2_excl_R1a,i2_ecology_near30,binary
0.6571428571428571,0.7638888888888888,0.5228426395939086,0.6420454545454546,35,72,197,1408,23,55,103,904,-0.1067460317460317,-0.11920281495154594,0.012456783205514244,cluster,G,non_I2_excl_R1a,i2_ecology_dense30,binary
0.5142857142857142,0.5972222222222222,0.4365482233502538,0.5298295454545454,35,72,197,1408,18,43,86,746,-0.08293650793650797,-0.09328132210429163,0.010344814167783656,cluster,G,non_I2_excl_R1a,i2_ecology_diverse30,binary
0.37142857142857144,0.5833333333333334,0.37055837563451777,0.4914772727272727,35,72,197,1408,13,42,73,692,-0.21190476190476193,-0.12091889709275494,-0.09098586481200699,cluster,G,non_I2_excl_R1a,i2_ecology_terminal_diverse30,binary
0.11428571428571428,0.3333333333333333,0.1065989847715736,0.2634943181818182,35,72,197,1408,4,24,21,371,-0.21904761904761905,-0.1568953334102446,-0.06215228563737446,cluster,G,non_I2_excl_R1a,i2_ecology_share30_gt50,binary
0.05714285714285714,0.2222222222222222,0.10152284263959391,0.20667613636363635,35,72,197,1408,2,16,20,291,-0.16507936507936508,-0.10515329372404245,-0.05992607135532263,cluster,G,non_I2_excl_R1a,i2_ecology_share50_gt50,binary
0.3142857142857143,0.3888888888888889,0.24873096446700507,0.35795454545454547,35,72,197,1408,11,28,49,504,-0.07460317460317462,-0.1092235809875404,0.03462040638436578,cluster,G,non_I2_excl_R1a,i2_ecology_no_r1a30,binary
0.11428571428571428,0.3333333333333333,0.1065989847715736,0.2634943181818182,35,72,197,1408,4,24,21,371,-0.21904761904761905,-0.1568953334102446,-0.06215228563737446,cluster,G,non_I2_excl_R1a,i2_ecology_i2_over_non_i2_30,binary
0.2571428571428571,0.4444444444444444,0.27411167512690354,0.375,35,72,197,1408,9,32,54,528,-0.1873015873015873,-0.10088832487309646,-0.08641326242849084,cluster,G,non_I2_excl_R1a,nearest_relic_is_i2,binary
0.08571428571428572,0.2638888888888889,0.08629441624365482,0.18821022727272727,35,72,197,1408,3,19,17,265,-0.17817460317460318,-0.10191581102907245,-0.07625879214553073,cluster,G,non_I2_excl_R1a,nearest_i2_and_i2_share30_gt50,binary
0.6857142857142857,0.7638888888888888,0.6294416243654822,0.7059659090909091,35,72,197,1408,24,55,124,994,-0.07817460317460312,-0.07652428472542683,-0.0016503184491762912,cluster,G,non_I2_excl_R1a,geography_plus_suffix_ic,binary
0.5142857142857142,0.4583333333333333,0.4263959390862944,0.4318181818181818,35,72,197,1408,18,33,84,608,0.05595238095238092,-0.005422242731887406,0.061374623684268326,cluster,G,non_I2_excl_R1a,geography_plus_ovic_evic,binary
0.4,0.20833333333333334,0.23857868020304568,0.3075284090909091,35,72,197,1408,14,15,47,433,0.19166666666666668,-0.06894972888786344,0.2606163955545301,cluster,G,non_I2_excl_R1a,cloud_plus_suffix_ic,binary
0.11428571428571428,0.08333333333333333,0.09644670050761421,0.125,35,72,197,1408,4,6,19,176,0.030952380952380953,-0.02855329949238579,0.05950568044476674,cluster,G,non_I2_excl_R1a,cloud_plus_non_ovic_ic,binary
0.4,0.20833333333333334,0.23857868020304568,0.3075284090909091,35,72,197,1408,14,15,47,433,0.19166666666666668,-0.06894972888786344,0.2606163955545301,cluster,G,non_I2_excl_R1a,geo_cloud_suffix_triad,binary
0,0,0,0,35,72,197,1408,0,0,0,0,0,0,0,cluster,G,non_I2_excl_R1a,elevation_ge_700,binary
0,0,0,0,35,72,197,1408,0,0,0,0,0,0,0,cluster,G,non_I2_excl_R1a,elevation_ge_900,binary
0,0,0,0,35,72,197,1408,0,0,0,0,0,0,0,cluster,G,non_I2_excl_R1a,elevation_resid_ge_100,binary
0,0,0,0,35,72,197,1408,0,0,0,0,0,0,0,cluster,G,non_I2_excl_R1a,mountain_i2_near30,binary
0,0,0,0,35,72,197,1408,0,0,0,0,0,0,0,cluster,G,non_I2_excl_R1a,mountain_cloud_i2,binary
0,0,0,0,35,72,197,1408,0,0,0,0,0,0,0,cluster,G,non_I2_excl_R1a,old_age_known,binary
0,0,0,0,35,72,197,1408,0,0,0,0,0,0,0,cluster,G,non_I2_excl_R1a,age_ge_1500,binary
0,0,0,0,35,72,197,1408,0,0,0,0,0,0,0,cluster,G,non_I2_excl_R1a,age_ge_2000,binary
0.5428571428571428,0.2916666666666667,0.32653061224489793,0.38953811908736785,35,72,245,1797,19,21,80,700,0.25119047619047613,-0.06300750684246992,0.31419798303294605,cluster,G,all_non_I2,other_i2_social,binary
0.7428571428571429,0.9305555555555556,0.7673469387755102,0.8386199220923762,35,72,245,1797,26,67,188,1507,-0.1876984126984127,-0.07127298331686605,-0.11642542938154665,cluster,G,all_non_I2,other_i2_near_30km,binary
0.6285714285714286,0.7083333333333334,0.6285714285714286,0.6366165831942125,35,72,245,1797,22,51,154,1144,-0.07976190476190481,-0.00804515462278399,-0.07171675013912082,cluster,G,all_non_I2,other_i2_dist_le_20,binary
0.9428571428571428,1,0.9469387755102041,0.9671675013912076,35,72,245,1797,33,72,232,1738,-0.05714285714285716,-0.02022872588100344,-0.03691413126185372,cluster,G,all_non_I2,other_i2_dist_le_50,binary
0.45714285714285713,0.2777777777777778,0.2857142857142857,0.3500278241513634,35,72,245,1797,16,20,70,629,0.17936507936507934,-0.06431353843707771,0.24367861780215705,cluster,G,all_non_I2,other_i2_cloud_social_spatial,binary
0.2,0.1111111111111111,0.1346938775510204,0.13689482470784642,35,72,245,1797,7,8,33,246,0.0888888888888889,-0.0022009471568260053,0.09108983604571491,cluster,G,all_non_I2,nonph_i2_social,binary
0.42857142857142855,0.625,0.49795918367346936,0.5492487479131887,35,72,245,1797,15,45,122,987,-0.19642857142857145,-0.05128956423971931,-0.14513900718885214,cluster,G,all_non_I2,nonph_i2_near_30km,binary
0.14285714285714285,0.06944444444444445,0.08979591836734693,0.10740122426266,35,72,245,1797,5,5,22,193,0.0734126984126984,-0.01760530589531306,0.09101800430801146,cluster,G,all_non_I2,nonph_i2_cloud_social_spatial,binary
0.8857142857142857,0.8194444444444444,0.7673469387755102,0.8230383973288815,35,72,245,1797,31,59,188,1479,0.06626984126984126,-0.05569145855337132,0.12196129982321258,cluster,G,all_non_I2,surname_ic,binary
0.5714285714285714,0.4861111111111111,0.5061224489795918,0.4752365052865888,35,72,245,1797,20,35,124,854,0.08531746031746029,0.030885943693003015,0.05443151662445728,cluster,G,all_non_I2,surname_ovic_evic,binary
0.3142857142857143,0.3333333333333333,0.2612244897959184,0.3478018920422927,35,72,245,1797,11,24,64,625,-0.019047619047619035,-0.08657740224637434,0.0675297831987553,cluster,G,all_non_I2,surname_non_ovic_ic,binary
0.5714285714285714,0.5,0.5142857142857142,0.48803561491374514,35,72,245,1797,20,36,126,877,0.0714285714285714,0.026250099371969093,0.045178472056602303,cluster,G,all_non_I2,surname_vic,binary
0,0,0.024489795918367346,0.0077907623817473565,35,72,245,1797,0,0,6,14,0,0.01669903353661999,-0.01669903353661999,cluster,G,all_non_I2,surname_ski,binary
0.9428571428571428,1,0.8938775510204081,0.9671675013912076,35,72,245,1797,33,72,219,1738,-0.05714285714285716,-0.07328995037079944,0.016147093227942277,cluster,G,all_non_I2,slava_informative,binary
0.2,0.2222222222222222,0.22857142857142856,0.1213132999443517,35,72,245,1797,7,16,56,218,-0.0222222222222222,0.10725812862707687,-0.12948035084929907,cluster,G,all_non_I2,rare_slava_region_2,binary
0.37142857142857144,0.3194444444444444,0.42448979591836733,0.25598219254312743,35,72,245,1797,13,23,104,460,0.05198412698412702,0.1685076033752399,-0.11652347639111288,cluster,G,all_non_I2,rare_slava_region_5,binary
0.7142857142857143,0.7777777777777778,0.7918367346938775,0.7423483583750695,35,72,245,1797,25,56,194,1334,-0.06349206349206349,0.04948837631880798,-0.11298043981087147,cluster,G,all_non_I2,rare_surname_region_1,binary
0.8285714285714286,0.9444444444444444,0.9469387755102041,0.9037284362826934,35,72,245,1797,29,68,232,1624,-0.1158730158730158,0.04321033922751072,-0.1590833551005265,cluster,G,all_non_I2,rare_surname_region_2,binary
0.7428571428571429,0.9305555555555556,0.7673469387755102,0.8386199220923762,35,72,245,1797,26,67,188,1507,-0.1876984126984127,-0.07127298331686605,-0.11642542938154665,cluster,G,all_non_I2,i2_ecology_near30,binary
0.6571428571428571,0.7638888888888888,0.5224489795918368,0.6427378964941569,35,72,245,1797,23,55,128,1155,-0.1067460317460317,-0.12028891690232013,0.013542885156288431,cluster,G,all_non_I2,i2_ecology_dense30,binary
0.5142857142857142,0.5972222222222222,0.44081632653061226,0.525319977740679,35,72,245,1797,18,43,108,944,-0.08293650793650797,-0.0845036512100667,0.0015671432735587243,cluster,G,all_non_I2,i2_ecology_diverse30,binary
0.37142857142857144,0.5833333333333334,0.3836734693877551,0.48803561491374514,35,72,245,1797,13,42,94,877,-0.21190476190476193,-0.10436214552599005,-0.10754261637877188,cluster,G,all_non_I2,i2_ecology_terminal_diverse30,binary
0.11428571428571428,0.3333333333333333,0.12653061224489795,0.2582081246521981,35,72,245,1797,4,24,31,464,-0.21904761904761905,-0.13167751240730016,-0.08737010664031888,cluster,G,all_non_I2,i2_ecology_share30_gt50,binary
0.05714285714285714,0.2222222222222222,0.10204081632653061,0.2003338898163606,35,72,245,1797,2,16,25,360,-0.16507936507936508,-0.09829307348982999,-0.06678629158953509,cluster,G,all_non_I2,i2_ecology_share50_gt50,binary
0.3142857142857143,0.3888888888888889,0.2693877551020408,0.35392320534223703,35,72,245,1797,11,28,66,636,-0.07460317460317462,-0.08453545024019621,0.009932275637021593,cluster,G,all_non_I2,i2_ecology_no_r1a30,binary
0.11428571428571428,0.3333333333333333,0.12653061224489795,0.2582081246521981,35,72,245,1797,4,24,31,464,-0.21904761904761905,-0.13167751240730016,-0.08737010664031888,cluster,G,all_non_I2,i2_ecology_i2_over_non_i2_30,binary
0.2571428571428571,0.4444444444444444,0.2897959183673469,0.37228714524207013,35,72,245,1797,9,32,71,669,-0.1873015873015873,-0.08249122687472321,-0.10481036042686409,cluster,G,all_non_I2,nearest_relic_is_i2,binary
0.08571428571428572,0.2638888888888889,0.10204081632653061,0.18697829716193656,35,72,245,1797,3,19,25,336,-0.17817460317460318,-0.08493748083540595,-0.09323712233919723,cluster,G,all_non_I2,nearest_i2_and_i2_share30_gt50,binary
0.6857142857142857,0.7638888888888888,0.6326530612244898,0.7000556483027268,35,72,245,1797,24,55,155,1258,-0.07817460317460312,-0.06740258707823699,-0.010772016096366133,cluster,G,all_non_I2,geography_plus_suffix_ic,binary
0.5142857142857142,0.4583333333333333,0.4122448979591837,0.4129104062326099,35,72,245,1797,18,33,101,742,0.05595238095238092,-6.655082734262074e-4,0.05661788922580713,cluster,G,all_non_I2,geography_plus_ovic_evic,binary
0.4,0.20833333333333334,0.23673469387755103,0.2904841402337229,35,72,245,1797,14,15,58,522,0.19166666666666668,-0.05374944635617185,0.24541611302283853,cluster,G,all_non_I2,cloud_plus_suffix_ic,binary
0.11428571428571428,0.08333333333333333,0.09387755102040816,0.12242626599888703,35,72,245,1797,4,6,23,220,0.030952380952380953,-0.02854871497847887,0.059501095930859824,cluster,G,all_non_I2,cloud_plus_non_ovic_ic,binary
0.4,0.20833333333333334,0.23673469387755103,0.2904841402337229,35,72,245,1797,14,15,58,522,0.19166666666666668,-0.05374944635617185,0.24541611302283853,cluster,G,all_non_I2,geo_cloud_suffix_triad,binary
0,0,0,0,35,72,245,1797,0,0,0,0,0,0,0,cluster,G,all_non_I2,elevation_ge_700,binary
0,0,0,0,35,72,245,1797,0,0,0,0,0,0,0,cluster,G,all_non_I2,elevation_ge_900,binary
0,0,0,0,35,72,245,1797,0,0,0,0,0,0,0,cluster,G,all_non_I2,elevation_resid_ge_100,binary
0,0,0,0,35,72,245,1797,0,0,0,0,0,0,0,cluster,G,all_non_I2,mountain_i2_near30,binary
0,0,0,0,35,72,245,1797,0,0,0,0,0,0,0,cluster,G,all_non_I2,mountain_cloud_i2,binary
0,0,0.19183673469387755,0.216471897607123,35,72,245,1797,0,0,47,389,0,-0.02463516291324544,0.02463516291324544,cluster,G,all_non_I2,old_age_known,binary
0,0,0.12244897959183673,0.12632164718976072,35,72,245,1797,0,0,30,227,0,-0.0038726675979239844,0.0038726675979239844,cluster,G,all_non_I2,age_ge_1500,binary
0,0,0.0653061224489796,0.11686143572621036,35,72,245,1797,0,0,16,210,0,-0.05155531327723076,0.05155531327723076,cluster,G,all_non_I2,age_ge_2000,binary
0.2978723404255319,0.4052388289676425,0.3675675675675676,0.3910950661853189,47,649,185,831,14,263,68,325,-0.10736648854211062,-0.02352749861775133,-0.08383898992435929,cluster,E,non_I2_excl_R1a,other_i2_social,binary
0.7446808510638298,0.8412942989214176,0.7621621621621621,0.8483754512635379,47,649,185,831,35,546,141,705,-0.09661344785758785,-0.08621328910137571,-0.010400158756212141,cluster,E,non_I2_excl_R1a,other_i2_near_30km,binary
0.6170212765957447,0.637904468412943,0.6270270270270271,0.6401925391095066,47,649,185,831,29,414,116,532,-0.020883191817198332,-0.013165512082479514,-0.007717679734718819,cluster,E,non_I2_excl_R1a,other_i2_dist_le_20,binary
0.9361702127659575,0.9661016949152542,0.9405405405405406,0.97352587244284,47,649,185,831,44,627,174,809,-0.02993148214929675,-0.03298533190229935,0.003053849753002602,cluster,E,non_I2_excl_R1a,other_i2_dist_le_50,binary
0.2553191489361702,0.35901386748844377,0.31891891891891894,0.358604091456077,47,649,185,831,12,233,59,298,-0.10369471855227358,-0.03968517253715809,-0.06400954601511549,cluster,E,non_I2_excl_R1a,other_i2_cloud_social_spatial,binary
0.10638297872340426,0.1263482280431433,0.16756756756756758,0.15764139590854392,47,649,185,831,5,82,31,131,-0.019965249319739045,0.009926171659023653,-0.029891420978762698,cluster,E,non_I2_excl_R1a,nonph_i2_social,binary
0.5531914893617021,0.5177195685670262,0.4756756756756757,0.5872442839951865,47,649,185,831,26,336,88,488,0.03547192079467598,-0.11156860831951076,0.14704052911418675,cluster,E,non_I2_excl_R1a,nonph_i2_near_30km,binary
0.0851063829787234,0.0970724191063174,0.10270270270270271,0.1263537906137184,47,649,185,831,4,63,19,105,-0.011966036127594004,-0.023651087911015695,0.01168505178342169,cluster,E,non_I2_excl_R1a,nonph_i2_cloud_social_spatial,binary
0.851063829787234,0.8351309707241911,0.772972972972973,0.825511432009627,47,649,185,831,40,542,143,686,0.01593285906304298,-0.052538459036653995,0.06847131809969698,cluster,E,non_I2_excl_R1a,surname_ic,binary
0.6595744680851063,0.49768875192604006,0.5081081081081081,0.4969915764139591,47,649,185,831,31,323,94,413,0.16188571615906627,0.011116531694149057,0.15076918446491722,cluster,E,non_I2_excl_R1a,surname_ovic_evic,binary
0.19148936170212766,0.337442218798151,0.2648648648648649,0.3285198555956679,47,649,185,831,9,219,49,273,-0.14595285709602335,-0.063654990730803,-0.08229786636522035,cluster,E,non_I2_excl_R1a,surname_non_ovic_ic,binary
0.6595744680851063,0.5069337442218799,0.518918918918919,0.5114320096269555,47,649,185,831,31,329,96,425,0.15264072386322647,0.007486909291963495,0.14515381457126297,cluster,E,non_I2_excl_R1a,surname_vic,binary
0.02127659574468085,0.01078582434514638,0.021621621621621623,0.0012033694344163659,47,649,185,831,1,7,4,1,0.010490771399534471,0.020418252187205256,-0.009927480787670785,cluster,E,non_I2_excl_R1a,surname_ski,binary
0.9148936170212766,0.9707241910631741,0.9027027027027027,0.9711191335740073,47,649,185,831,43,630,167,807,-0.05583057404189751,-0.06841643087130456,0.01258585682940705,cluster,E,non_I2_excl_R1a,slava_informative,binary
0.19148936170212766,0.14175654853620956,0.22162162162162163,0.10589651022864019,47,649,185,831,9,92,41,88,0.0497328131659181,0.11572511139298144,-0.06599229822706335,cluster,E,non_I2_excl_R1a,rare_slava_region_2,binary
0.425531914893617,0.2942989214175655,0.40540540540540543,0.22623345367027678,47,649,185,831,20,191,75,188,0.13123299347605155,0.17917195173512865,-0.0479389582590771,cluster,E,non_I2_excl_R1a,rare_slava_region_5,binary
0.7659574468085106,0.7473035439137135,0.7567567567567568,0.7424789410348978,47,649,185,831,36,485,140,617,0.01865390289479718,0.014277815721859044,0.004376087172938137,cluster,E,non_I2_excl_R1a,rare_surname_region_1,binary
0.9148936170212766,0.9106317411402157,0.9351351351351351,0.9025270758122743,47,649,185,831,43,591,173,750,0.0042618758810608615,0.032608059322860816,-0.028346183441799955,cluster,E,non_I2_excl_R1a,rare_surname_region_2,binary
0.7446808510638298,0.8412942989214176,0.7621621621621621,0.8483754512635379,47,649,185,831,35,546,141,705,-0.09661344785758785,-0.08621328910137571,-0.010400158756212141,cluster,E,non_I2_excl_R1a,i2_ecology_near30,binary
0.574468085106383,0.6486902927580893,0.5351351351351351,0.6474127557160048,47,649,185,831,27,421,99,538,-0.07422220765170628,-0.11227762058086965,0.03805541292916337,cluster,E,non_I2_excl_R1a,i2_ecology_dense30,binary
0.5106382978723404,0.5238828967642527,0.43243243243243246,0.5403128760529483,47,649,185,831,24,340,80,449,-0.013244598891912318,-0.10788044362051585,0.09463584472860354,cluster,E,non_I2_excl_R1a,i2_ecology_diverse30,binary
0.425531914893617,0.4745762711864407,0.3567567567567568,0.5126353790613718,47,649,185,831,20,308,66,426,-0.049044356292823665,-0.15587862230461502,0.10683426601179136,cluster,E,non_I2_excl_R1a,i2_ecology_terminal_diverse30,binary
0.10638297872340426,0.24345146379044685,0.10810810810810811,0.2851985559566787,47,649,185,831,5,158,20,237,-0.1370684850670426,-0.1770904478485706,0.040021962781527975,cluster,E,non_I2_excl_R1a,i2_ecology_share30_gt50,binary
0.1276595744680851,0.1941448382126348,0.08648648648648649,0.21780986762936222,47,649,185,831,6,126,16,181,-0.06648526374454972,-0.13132338114287573,0.06483811739832601,cluster,E,non_I2_excl_R1a,i2_ecology_share50_gt50,binary
0.2553191489361702,0.37596302003081666,0.2594594594594595,0.34657039711191334,47,649,185,831,12,244,48,288,-0.12064387109464647,-0.08711093765245387,-0.0335329334421926,cluster,E,non_I2_excl_R1a,i2_ecology_no_r1a30,binary
0.10638297872340426,0.24345146379044685,0.10810810810810811,0.2851985559566787,47,649,185,831,5,158,20,237,-0.1370684850670426,-0.1770904478485706,0.040021962781527975,cluster,E,non_I2_excl_R1a,i2_ecology_i2_over_non_i2_30,binary
0.3191489361702128,0.3667180277349769,0.2594594594594595,0.38748495788206977,47,649,185,831,15,238,48,322,-0.04756909156476413,-0.1280254984226103,0.08045640685784616,cluster,E,non_I2_excl_R1a,nearest_relic_is_i2,binary
0.10638297872340426,0.17719568567026195,0.08108108108108109,0.20336943441636582,47,649,185,831,5,115,15,169,-0.07081270694685769,-0.12228835333528473,0.05147564638842704,cluster,E,non_I2_excl_R1a,nearest_i2_and_i2_share30_gt50,binary
0.723404255319149,0.7103235747303543,0.6162162162162163,0.7075812274368231,47,649,185,831,34,461,114,588,0.013080680588794635,-0.0913650112206068,0.10444569180940144,cluster,E,non_I2_excl_R1a,geography_plus_suffix_ic,binary
0.5531914893617021,0.43297380585516176,0.41081081081081083,0.4332129963898917,47,649,185,831,26,281,76,360,0.12021768350654038,-0.022402185579080858,0.14261986908562124,cluster,E,non_I2_excl_R1a,geography_plus_ovic_evic,binary
0.2553191489361702,0.29275808936825887,0.2648648648648649,0.3104693140794224,47,649,185,831,12,190,49,258,-0.037438940432088674,-0.04560444921455753,0.008165508782468855,cluster,E,non_I2_excl_R1a,cloud_plus_suffix_ic,binary
0.06382978723404255,0.12942989214175654,0.10810810810810811,0.11793020457280386,47,649,185,831,3,84,20,98,-0.065600104907714,-0.009822096464695743,-0.05577800844301825,cluster,E,non_I2_excl_R1a,cloud_plus_non_ovic_ic,binary
0.2553191489361702,0.29275808936825887,0.2648648648648649,0.3104693140794224,47,649,185,831,12,190,49,258,-0.037438940432088674,-0.04560444921455753,0.008165508782468855,cluster,E,non_I2_excl_R1a,geo_cloud_suffix_triad,binary
0,0,0,0,47,649,185,831,0,0,0,0,0,0,0,cluster,E,non_I2_excl_R1a,elevation_ge_700,binary
0,0,0,0,47,649,185,831,0,0,0,0,0,0,0,cluster,E,non_I2_excl_R1a,elevation_ge_900,binary
0,0,0,0,47,649,185,831,0,0,0,0,0,0,0,cluster,E,non_I2_excl_R1a,elevation_resid_ge_100,binary
0,0,0,0,47,649,185,831,0,0,0,0,0,0,0,cluster,E,non_I2_excl_R1a,mountain_i2_near30,binary
0,0,0,0,47,649,185,831,0,0,0,0,0,0,0,cluster,E,non_I2_excl_R1a,mountain_cloud_i2,binary
0,0,0,0,47,649,185,831,0,0,0,0,0,0,0,cluster,E,non_I2_excl_R1a,old_age_known,binary
0,0,0,0,47,649,185,831,0,0,0,0,0,0,0,cluster,E,non_I2_excl_R1a,age_ge_1500,binary
0,0,0,0,47,649,185,831,0,0,0,0,0,0,0,cluster,E,non_I2_excl_R1a,age_ge_2000,binary
0.2978723404255319,0.4052388289676425,0.3648068669527897,0.37540983606557377,47,649,233,1220,14,263,85,458,-0.10736648854211062,-0.010602969112784077,-0.09676351942932654,cluster,E,all_non_I2,other_i2_social,binary
0.7446808510638298,0.8412942989214176,0.7682403433476395,0.8426229508196721,47,649,233,1220,35,546,179,1028,-0.09661344785758785,-0.07438260747203262,-0.02223084038555523,cluster,E,all_non_I2,other_i2_near_30km,binary
0.6170212765957447,0.637904468412943,0.630901287553648,0.6401639344262295,47,649,233,1220,29,414,147,781,-0.020883191817198332,-0.009262646872581493,-0.01162054494461684,cluster,E,all_non_I2,other_i2_dist_le_20,binary
0.9361702127659575,0.9661016949152542,0.9484978540772532,0.969672131147541,47,649,233,1220,44,627,221,1183,-0.02993148214929675,-0.02117427707028785,-0.0087572050790089,cluster,E,all_non_I2,other_i2_dist_le_50,binary
0.2553191489361702,0.35901386748844377,0.31759656652360513,0.34098360655737703,47,649,233,1220,12,233,74,416,-0.10369471855227358,-0.0233870400337719,-0.08030767851850168,cluster,E,all_non_I2,other_i2_cloud_social_spatial,binary
0.10638297872340426,0.1263482280431433,0.15021459227467812,0.14098360655737704,47,649,233,1220,5,82,35,172,-0.019965249319739045,0.009230985717301077,-0.029196235037040122,cluster,E,all_non_I2,nonph_i2_social,binary
0.5531914893617021,0.5177195685670262,0.47639484978540775,0.5704918032786885,47,649,233,1220,26,336,111,696,0.03547192079467598,-0.09409695349328079,0.12956887428795677,cluster,E,all_non_I2,nonph_i2_near_30km,binary
0.0851063829787234,0.0970724191063174,0.09871244635193133,0.11065573770491803,47,649,233,1220,4,63,23,135,-0.011966036127594004,-0.011943291352986704,-2.2744774607300067e-5,cluster,E,all_non_I2,nonph_i2_cloud_social_spatial,binary
0.851063829787234,0.8351309707241911,0.7682403433476395,0.8163934426229508,47,649,233,1220,40,542,179,996,0.01593285906304298,-0.048153099275311306,0.06408595833835429,cluster,E,all_non_I2,surname_ic,binary
0.6595744680851063,0.49768875192604006,0.48497854077253216,0.4639344262295082,47,649,233,1220,31,323,113,566,0.16188571615906627,0.021044114543023962,0.1408416016160423,cluster,E,all_non_I2,surname_ovic_evic,binary
0.19148936170212766,0.337442218798151,0.2832618025751073,0.3524590163934426,47,649,233,1220,9,219,66,430,-0.14595285709602335,-0.06919721381833532,-0.07675564327768802,cluster,E,all_non_I2,surname_non_ovic_ic,binary
0.6595744680851063,0.5069337442218799,0.49356223175965663,0.4786885245901639,47,649,233,1220,31,329,115,584,0.15264072386322647,0.014873707169492711,0.13776701669373376,cluster,E,all_non_I2,surname_vic,binary
0.02127659574468085,0.01078582434514638,0.02145922746781116,0.005737704918032787,47,649,233,1220,1,7,5,7,0.010490771399534471,0.01572152254977837,-0.005230751150243899,cluster,E,all_non_I2,surname_ski,binary
0.9148936170212766,0.9707241910631741,0.8969957081545065,0.9672131147540983,47,649,233,1220,43,630,209,1180,-0.05583057404189751,-0.07021740659959186,0.014386832557694351,cluster,E,all_non_I2,slava_informative,binary
0.19148936170212766,0.14175654853620956,0.2317596566523605,0.11639344262295082,47,649,233,1220,9,92,54,142,0.0497328131659181,0.11536621402940969,-0.06563340086349159,cluster,E,all_non_I2,rare_slava_region_2,binary
0.425531914893617,0.2942989214175655,0.41630901287553645,0.23934426229508196,47,649,233,1220,20,191,97,292,0.13123299347605155,0.1769647505804545,-0.04573175710440294,cluster,E,all_non_I2,rare_slava_region_5,binary
0.7659574468085106,0.7473035439137135,0.7854077253218884,0.7418032786885246,47,649,233,1220,36,485,183,905,0.01865390289479718,0.043604446633363825,-0.024950543738566644,cluster,E,all_non_I2,rare_surname_region_1,binary
0.9148936170212766,0.9106317411402157,0.9356223175965666,0.9024590163934426,47,649,233,1220,43,591,218,1101,0.0042618758810608615,0.03316330120312394,-0.02890142532206308,cluster,E,all_non_I2,rare_surname_region_2,binary
0.7446808510638298,0.8412942989214176,0.7682403433476395,0.8426229508196721,47,649,233,1220,35,546,179,1028,-0.09661344785758785,-0.07438260747203262,-0.02223084038555523,cluster,E,all_non_I2,i2_ecology_near30,binary
0.574468085106383,0.6486902927580893,0.5321888412017167,0.6467213114754098,47,649,233,1220,27,421,124,789,-0.07422220765170628,-0.11453247027369307,0.04031026262198678,cluster,E,all_non_I2,i2_ecology_dense30,binary
0.5106382978723404,0.5238828967642527,0.43776824034334766,0.530327868852459,47,649,233,1220,24,340,102,647,-0.013244598891912318,-0.09255962850911131,0.079315029617199,cluster,E,all_non_I2,i2_ecology_diverse30,binary
0.425531914893617,0.4745762711864407,0.37339055793991416,0.5008196721311475,47,649,233,1220,20,308,87,611,-0.049044356292823665,-0.12742911419123337,0.07838475789840971,cluster,E,all_non_I2,i2_ecology_terminal_diverse30,binary
0.10638297872340426,0.24345146379044685,0.12875536480686695,0.27049180327868855,47,649,233,1220,5,158,30,330,-0.1370684850670426,-0.1417364384718216,0.004667953404778991,cluster,E,all_non_I2,i2_ecology_share30_gt50,binary
0.1276595744680851,0.1941448382126348,0.09012875536480687,0.20491803278688525,47,649,233,1220,6,126,21,250,-0.06648526374454972,-0.11478927742207838,0.048304013677528665,cluster,E,all_non_I2,i2_ecology_share50_gt50,binary
0.2553191489361702,0.37596302003081666,0.27896995708154504,0.3442622950819672,47,649,233,1220,12,244,65,420,-0.12064387109464647,-0.06529233800042217,-0.0553515330942243,cluster,E,all_non_I2,i2_ecology_no_r1a30,binary
0.10638297872340426,0.24345146379044685,0.12875536480686695,0.27049180327868855,47,649,233,1220,5,158,30,330,-0.1370684850670426,-0.1417364384718216,0.004667953404778991,cluster,E,all_non_I2,i2_ecology_i2_over_non_i2_30,binary
0.3191489361702128,0.3667180277349769,0.27896995708154504,0.3795081967213115,47,649,233,1220,15,238,65,463,-0.04756909156476413,-0.10053823963976644,0.052969148075002304,cluster,E,all_non_I2,nearest_relic_is_i2,binary
0.10638297872340426,0.17719568567026195,0.09871244635193133,0.19672131147540983,47,649,233,1220,5,115,23,240,-0.07081270694685769,-0.0980088651234785,0.027196158176620813,cluster,E,all_non_I2,nearest_i2_and_i2_share30_gt50,binary
0.723404255319149,0.7103235747303543,0.6223175965665236,0.6983606557377049,47,649,233,1220,34,461,145,852,0.013080680588794635,-0.07604305917118126,0.0891237397599759,cluster,E,all_non_I2,geography_plus_suffix_ic,binary
0.5531914893617021,0.43297380585516176,0.39914163090128757,0.40491803278688526,47,649,233,1220,26,281,93,494,0.12021768350654038,-0.005776401885597693,0.12599408539213808,cluster,E,all_non_I2,geography_plus_ovic_evic,binary
0.2553191489361702,0.29275808936825887,0.2575107296137339,0.28442622950819674,47,649,233,1220,12,190,60,347,-0.037438940432088674,-0.026915499894462847,-0.010523440537625828,cluster,E,all_non_I2,cloud_plus_suffix_ic,binary
0.06382978723404255,0.12942989214175654,0.10300429184549356,0.11639344262295082,47,649,233,1220,3,84,24,142,-0.065600104907714,-0.013389150777457254,-0.05221095413025674,cluster,E,all_non_I2,cloud_plus_non_ovic_ic,binary
0.2553191489361702,0.29275808936825887,0.2575107296137339,0.28442622950819674,47,649,233,1220,12,190,60,347,-0.037438940432088674,-0.026915499894462847,-0.010523440537625828,cluster,E,all_non_I2,geo_cloud_suffix_triad,binary
0,0,0,0,47,649,233,1220,0,0,0,0,0,0,0,cluster,E,all_non_I2,elevation_ge_700,binary
0,0,0,0,47,649,233,1220,0,0,0,0,0,0,0,cluster,E,all_non_I2,elevation_ge_900,binary
0,0,0,0,47,649,233,1220,0,0,0,0,0,0,0,cluster,E,all_non_I2,elevation_resid_ge_100,binary
0,0,0,0,47,649,233,1220,0,0,0,0,0,0,0,cluster,E,all_non_I2,mountain_i2_near30,binary
0,0,0,0,47,649,233,1220,0,0,0,0,0,0,0,cluster,E,all_non_I2,mountain_cloud_i2,binary
0,0,0.2017167381974249,0.3188524590163934,47,649,233,1220,0,0,47,389,0,-0.11713572081896853,0.11713572081896853,cluster,E,all_non_I2,old_age_known,binary
0,0,0.12875536480686695,0.1860655737704918,47,649,233,1220,0,0,30,227,0,-0.05731020896362485,0.05731020896362485,cluster,E,all_non_I2,age_ge_1500,binary
0,0,0.06866952789699571,0.1721311475409836,47,649,233,1220,0,0,16,210,0,-0.1034616196439879,0.1034616196439879,cluster,E,all_non_I2,age_ge_2000,binary
0.3548387096774194,0.4186851211072664,0.35323383084577115,0.39210747271200674,31,289,201,1191,11,121,71,467,-0.06384641142984704,-0.0388736418662356,-0.02497276956361144,cluster,I1,non_I2_excl_R1a,other_i2_social,binary
0.7741935483870968,0.8650519031141869,0.7562189054726368,0.8404701931150294,31,289,201,1191,24,250,152,1001,-0.09085835472709014,-0.08425128764239254,-0.006607067084697604,cluster,I1,non_I2_excl_R1a,other_i2_near_30km,binary
0.6774193548387096,0.7058823529411765,0.6169154228855721,0.6230058774139379,31,289,201,1191,21,204,124,742,-0.028462998102466885,-0.006090454528365763,-0.022372543574101122,cluster,I1,non_I2_excl_R1a,other_i2_dist_le_20,binary
0.9354838709677419,0.9688581314878892,0.9402985074626866,0.9706129303106633,31,289,201,1191,29,280,189,1156,-0.03337426052014736,-0.030314422847976696,-0.003059837672170662,cluster,I1,non_I2_excl_R1a,other_i2_dist_le_50,binary
0.2903225806451613,0.3806228373702422,0.30845771144278605,0.3534844668345928,31,289,201,1191,9,110,62,421,-0.09030025672508091,-0.04502675539180673,-0.04527350133327418,cluster,I1,non_I2_excl_R1a,other_i2_cloud_social_spatial,binary
0.1935483870967742,0.1903114186851211,0.14925373134328357,0.13266162888329136,31,289,201,1191,6,55,30,158,0.0032369684116530795,0.01659210245999221,-0.013355134048339129,cluster,I1,non_I2_excl_R1a,nonph_i2_social,binary
0.6129032258064516,0.629757785467128,0.472636815920398,0.5390428211586902,31,289,201,1191,19,182,95,642,-0.016854559660676394,-0.06640600523829215,0.04955144557761576,cluster,I1,non_I2_excl_R1a,nonph_i2_near_30km,binary
0.12903225806451613,0.16262975778546712,0.0945273631840796,0.1015952980688497,31,289,201,1191,4,47,19,121,-0.033597499720950996,-0.007067934884770102,-0.026529564836180894,cluster,I1,non_I2_excl_R1a,nonph_i2_cloud_social_spatial,binary
0.7741935483870968,0.8650519031141869,0.7910447761194029,0.8211586901763224,31,289,201,1191,24,250,159,978,-0.09085835472709014,-0.030113914056919433,-0.06074444067017071,cluster,I1,non_I2_excl_R1a,surname_ic,binary
0.45161290322580644,0.5155709342560554,0.5522388059701493,0.49286314021830396,31,289,201,1191,14,149,111,587,-0.06395803103024894,0.05937566575184533,-0.12333369678209427,cluster,I1,non_I2_excl_R1a,surname_ovic_evic,binary
0.3225806451612903,0.3494809688581315,0.23880597014925373,0.32829554995801846,31,289,201,1191,10,101,48,391,-0.0269003236968412,-0.08948957980876474,0.06258925611192354,cluster,I1,non_I2_excl_R1a,surname_non_ovic_ic,binary
0.45161290322580644,0.5259515570934256,0.5621890547263682,0.5054575986565911,31,289,201,1191,14,152,113,602,-0.07433865386761912,0.05673145606977703,-0.13107010993739615,cluster,I1,non_I2_excl_R1a,surname_vic,binary
0,0,0.024875621890547265,0.006717044500419815,31,289,201,1191,0,0,5,8,0,0.01815857739012745,-0.01815857739012745,cluster,I1,non_I2_excl_R1a,surname_ski,binary
0.9354838709677419,0.9826989619377162,0.900497512437811,0.9680940386230059,31,289,201,1191,29,284,181,1153,-0.04721509096997434,-0.06759652618519496,0.020381435215220622,cluster,I1,non_I2_excl_R1a,slava_informative,binary
0.1935483870967742,0.07612456747404844,0.21890547263681592,0.13266162888329136,31,289,201,1191,6,22,44,158,0.11742381962272574,0.08624384375352456,0.031179975869201182,cluster,I1,non_I2_excl_R1a,rare_slava_region_2,binary
0.3548387096774194,0.18685121107266436,0.417910447761194,0.27287993282955497,31,289,201,1191,11,54,84,325,0.167987498604755,0.14503051493163904,0.022956983673115966,cluster,I1,non_I2_excl_R1a,rare_slava_region_5,binary
0.7419354838709677,0.7750865051903114,0.7611940298507462,0.7371956339210747,31,289,201,1191,23,224,153,878,-0.033151021319343665,0.023998395929671568,-0.05714941724901523,cluster,I1,non_I2_excl_R1a,rare_surname_region_1,binary
0.9354838709677419,0.9100346020761245,0.9303482587064676,0.9051217464315701,31,289,201,1191,29,263,187,1078,0.02544926889161736,0.025226512274897583,2.2275661671977698e-4,cluster,I1,non_I2_excl_R1a,rare_surname_region_2,binary
0.7741935483870968,0.8650519031141869,0.7562189054726368,0.8404701931150294,31,289,201,1191,24,250,152,1001,-0.09085835472709014,-0.08425128764239254,-0.006607067084697604,cluster,I1,non_I2_excl_R1a,i2_ecology_near30,binary
0.5483870967741935,0.6885813148788927,0.5422885572139303,0.6381192275398825,31,289,201,1191,17,199,109,760,-0.14019421810469923,-0.09583067032595216,-0.04436354777874707,cluster,I1,non_I2_excl_R1a,i2_ecology_dense30,binary
0.4838709677419355,0.5916955017301038,0.4427860696517413,0.5188916876574308,31,289,201,1191,15,171,89,618,-0.10782453398816827,-0.07610561800568949,-0.03171891598247878,cluster,I1,non_I2_excl_R1a,i2_ecology_diverse30,binary
0.45161290322580644,0.5536332179930796,0.3582089552238806,0.4819479429051218,31,289,201,1191,14,160,72,574,-0.10202031476727319,-0.1237389876812412,0.021718672913968007,cluster,I1,non_I2_excl_R1a,i2_ecology_terminal_diverse30,binary
0.1935483870967742,0.31141868512110726,0.0945273631840796,0.25608732157850544,31,289,201,1191,6,90,19,305,-0.11787029802433308,-0.16155995839442583,0.04368966037009275,cluster,I1,non_I2_excl_R1a,i2_ecology_share30_gt50,binary
0.25806451612903225,0.25259515570934254,0.06965174129353234,0.1964735516372796,31,289,201,1191,8,73,14,234,0.005469360419689706,-0.12682181034374723,0.13229117076343694,cluster,I1,non_I2_excl_R1a,i2_ecology_share50_gt50,binary
0.3225806451612903,0.34256055363321797,0.24875621890547264,0.3635600335852225,31,289,201,1191,10,99,50,433,-0.019979908471927654,-0.11480381467974984,0.09482390620782219,cluster,I1,non_I2_excl_R1a,i2_ecology_no_r1a30,binary
0.1935483870967742,0.31141868512110726,0.0945273631840796,0.25608732157850544,31,289,201,1191,6,90,19,305,-0.11787029802433308,-0.16155995839442583,0.04368966037009275,cluster,I1,non_I2_excl_R1a,i2_ecology_i2_over_non_i2_30,binary
0.2903225806451613,0.38408304498269896,0.26865671641791045,0.37699412258606213,31,289,201,1191,9,111,54,449,-0.09376046433753765,-0.10833740616815168,0.014576941830614032,cluster,I1,non_I2_excl_R1a,nearest_relic_is_i2,binary
0.1935483870967742,0.20761245674740483,0.06965174129353234,0.18807724601175482,31,289,201,1191,6,60,14,224,-0.014064069650630645,-0.11842550471822248,0.10436143506759184,cluster,I1,non_I2_excl_R1a,nearest_i2_and_i2_share30_gt50,binary
0.6129032258064516,0.7508650519031141,0.6417910447761194,0.6985726280436608,31,289,201,1191,19,217,129,832,-0.13796182609666252,-0.05678158326754146,-0.08118024282912106,cluster,I1,non_I2_excl_R1a,geography_plus_suffix_ic,binary
0.3548387096774194,0.4532871972318339,0.4527363184079602,0.4282115869017632,31,289,201,1191,11,131,91,510,-0.09844848755441454,0.024524731506196995,-0.12297321906061154,cluster,I1,non_I2_excl_R1a,geography_plus_ovic_evic,binary
0.1935483870967742,0.34256055363321797,0.2736318407960199,0.29303106633081444,31,289,201,1191,6,99,55,349,-0.14901216653644378,-0.019399225534794562,-0.12961294100164922,cluster,I1,non_I2_excl_R1a,cloud_plus_suffix_ic,binary
0.0967741935483871,0.1384083044982699,0.09950248756218906,0.11922753988245172,31,289,201,1191,3,40,20,142,-0.04163411094988281,-0.019725052320262657,-0.021909058629620157,cluster,I1,non_I2_excl_R1a,cloud_plus_non_ovic_ic,binary
0.1935483870967742,0.34256055363321797,0.2736318407960199,0.29303106633081444,31,289,201,1191,6,99,55,349,-0.14901216653644378,-0.019399225534794562,-0.12961294100164922,cluster,I1,non_I2_excl_R1a,geo_cloud_suffix_triad,binary
0,0,0,0,31,289,201,1191,0,0,0,0,0,0,0,cluster,I1,non_I2_excl_R1a,elevation_ge_700,binary
0,0,0,0,31,289,201,1191,0,0,0,0,0,0,0,cluster,I1,non_I2_excl_R1a,elevation_ge_900,binary
0,0,0,0,31,289,201,1191,0,0,0,0,0,0,0,cluster,I1,non_I2_excl_R1a,elevation_resid_ge_100,binary
0,0,0,0,31,289,201,1191,0,0,0,0,0,0,0,cluster,I1,non_I2_excl_R1a,mountain_i2_near30,binary
0,0,0,0,31,289,201,1191,0,0,0,0,0,0,0,cluster,I1,non_I2_excl_R1a,mountain_cloud_i2,binary
0,0,0,0,31,289,201,1191,0,0,0,0,0,0,0,cluster,I1,non_I2_excl_R1a,old_age_known,binary
0,0,0,0,31,289,201,1191,0,0,0,0,0,0,0,cluster,I1,non_I2_excl_R1a,age_ge_1500,binary
0,0,0,0,31,289,201,1191,0,0,0,0,0,0,0,cluster,I1,non_I2_excl_R1a,age_ge_2000,binary
0.3548387096774194,0.4186851211072664,0.3534136546184739,0.379746835443038,31,289,249,1580,11,121,88,600,-0.06384641142984704,-0.026333180824564095,-0.03751323060528294,cluster,I1,all_non_I2,other_i2_social,binary
0.7741935483870968,0.8650519031141869,0.7630522088353414,0.8379746835443038,31,289,249,1580,24,250,190,1324,-0.09085835472709014,-0.0749224747089624,-0.015935880018127735,cluster,I1,all_non_I2,other_i2_near_30km,binary
0.6774193548387096,0.7058823529411765,0.6224899598393574,0.6272151898734177,31,289,249,1580,21,204,155,991,-0.028462998102466885,-0.004725230034060335,-0.02373776806840655,cluster,I1,all_non_I2,other_i2_dist_le_20,binary
0.9354838709677419,0.9688581314878892,0.9477911646586346,0.9683544303797469,31,289,249,1580,29,280,236,1530,-0.03337426052014736,-0.020563265721112334,-0.012810994799035025,cluster,I1,all_non_I2,other_i2_dist_le_50,binary
0.2903225806451613,0.3806228373702422,0.3092369477911647,0.3411392405063291,31,289,249,1580,9,110,77,539,-0.09030025672508091,-0.031902292715164426,-0.05839796400991648,cluster,I1,all_non_I2,other_i2_cloud_social_spatial,binary
0.1935483870967742,0.1903114186851211,0.13654618473895583,0.1259493670886076,31,289,249,1580,6,55,34,199,0.0032369684116530795,0.010596817650348228,-0.007359849238695149,cluster,I1,all_non_I2,nonph_i2_social,binary
0.6129032258064516,0.629757785467128,0.4738955823293173,0.5379746835443038,31,289,249,1580,19,182,118,850,-0.016854559660676394,-0.0640791012149865,0.04722454155431011,cluster,I1,all_non_I2,nonph_i2_near_30km,binary
0.12903225806451613,0.16262975778546712,0.09236947791164658,0.09556962025316455,31,289,249,1580,4,47,23,151,-0.033597499720950996,-0.0032001423415179697,-0.030397357379433027,cluster,I1,all_non_I2,nonph_i2_cloud_social_spatial,binary
0.7741935483870968,0.8650519031141869,0.7831325301204819,0.8151898734177215,31,289,249,1580,24,250,195,1288,-0.09085835472709014,-0.03205734329723964,-0.0588010114298505,cluster,I1,all_non_I2,surname_ic,binary
0.45161290322580644,0.5155709342560554,0.5220883534136547,0.46835443037974683,31,289,249,1580,14,149,130,740,-0.06395803103024894,0.05373392303390784,-0.11769195406415678,cluster,I1,all_non_I2,surname_ovic_evic,binary
0.3225806451612903,0.3494809688581315,0.26104417670682734,0.3468354430379747,31,289,249,1580,10,101,65,548,-0.0269003236968412,-0.08579126633114736,0.058890942634306165,cluster,I1,all_non_I2,surname_non_ovic_ic,binary
0.45161290322580644,0.5259515570934256,0.5301204819277109,0.4816455696202532,31,289,249,1580,14,152,132,761,-0.07433865386761912,0.04847491230745771,-0.12281356617507683,cluster,I1,all_non_I2,surname_vic,binary
0,0,0.024096385542168676,0.008860759493670886,31,289,249,1580,0,0,6,14,0,0.01523562604849779,-0.01523562604849779,cluster,I1,all_non_I2,surname_ski,binary
0.9354838709677419,0.9826989619377162,0.8955823293172691,0.9658227848101266,31,289,249,1580,29,284,223,1526,-0.04721509096997434,-0.07024045549285751,0.023025364522883174,cluster,I1,all_non_I2,slava_informative,binary
0.1935483870967742,0.07612456747404844,0.2289156626506024,0.1341772151898734,31,289,249,1580,6,22,57,212,0.11742381962272574,0.09473844746072899,0.02268537216199676,cluster,I1,all_non_I2,rare_slava_region_2,binary
0.3548387096774194,0.18685121107266436,0.42570281124497994,0.27151898734177216,31,289,249,1580,11,54,106,429,0.167987498604755,0.15418382390320778,0.013803674701547225,cluster,I1,all_non_I2,rare_slava_region_5,binary
0.7419354838709677,0.7750865051903114,0.7871485943775101,0.7379746835443038,31,289,249,1580,23,224,196,1166,-0.033151021319343665,0.049173910833206214,-0.08232493215254988,cluster,I1,all_non_I2,rare_surname_region_1,binary
0.9354838709677419,0.9100346020761245,0.9317269076305221,0.9044303797468355,31,289,249,1580,29,263,232,1429,0.02544926889161736,0.02729652788368664,-0.0018472589920692783,cluster,I1,all_non_I2,rare_surname_region_2,binary
0.7741935483870968,0.8650519031141869,0.7630522088353414,0.8379746835443038,31,289,249,1580,24,250,190,1324,-0.09085835472709014,-0.0749224747089624,-0.015935880018127735,cluster,I1,all_non_I2,i2_ecology_near30,binary
0.5483870967741935,0.6885813148788927,0.5381526104417671,0.639873417721519,31,289,249,1580,17,199,134,1011,-0.14019421810469923,-0.10172080727975186,-0.038473410824947374,cluster,I1,all_non_I2,i2_ecology_dense30,binary
0.4838709677419355,0.5916955017301038,0.4457831325301205,0.5164556962025316,31,289,249,1580,15,171,111,816,-0.10782453398816827,-0.07067256367241115,-0.03715197031575712,cluster,I1,all_non_I2,i2_ecology_diverse30,binary
0.45161290322580644,0.5536332179930796,0.37349397590361444,0.48037974683544304,31,289,249,1580,14,160,93,759,-0.10202031476727319,-0.1068857709318286,0.004865456164555415,cluster,I1,all_non_I2,i2_ecology_terminal_diverse30,binary
0.1935483870967742,0.31141868512110726,0.11646586345381527,0.2518987341772152,31,289,249,1580,6,90,29,398,-0.11787029802433308,-0.13543287072339993,0.01756257269906686,cluster,I1,all_non_I2,i2_ecology_share30_gt50,binary
0.25806451612903225,0.25259515570934254,0.07630522088353414,0.19177215189873417,31,289,249,1580,8,73,19,303,0.005469360419689706,-0.11546693101520003,0.12093629143488974,cluster,I1,all_non_I2,i2_ecology_share50_gt50,binary
0.3225806451612903,0.34256055363321797,0.26907630522088355,0.3575949367088608,31,289,249,1580,10,99,67,565,-0.019979908471927654,-0.08851863148797723,0.06853872301604957,cluster,I1,all_non_I2,i2_ecology_no_r1a30,binary
0.1935483870967742,0.31141868512110726,0.11646586345381527,0.2518987341772152,31,289,249,1580,6,90,29,398,-0.11787029802433308,-0.13543287072339993,0.01756257269906686,cluster,I1,all_non_I2,i2_ecology_i2_over_non_i2_30,binary
0.2903225806451613,0.38408304498269896,0.285140562248996,0.37341772151898733,31,289,249,1580,9,111,71,590,-0.09376046433753765,-0.08827715926999136,-0.005483305067546296,cluster,I1,all_non_I2,nearest_relic_is_i2,binary
0.1935483870967742,0.20761245674740483,0.08835341365461848,0.18670886075949367,31,289,249,1580,6,60,22,295,-0.014064069650630645,-0.09835544710487519,0.08429137745424455,cluster,I1,all_non_I2,nearest_i2_and_i2_share30_gt50,binary
0.6129032258064516,0.7508650519031141,0.642570281124498,0.6936708860759494,31,289,249,1580,19,217,160,1096,-0.13796182609666252,-0.05110060495145141,-0.08686122114521111,cluster,I1,all_non_I2,geography_plus_suffix_ic,binary
0.3548387096774194,0.4532871972318339,0.43373493975903615,0.40759493670886077,31,289,249,1580,11,131,108,644,-0.09844848755441454,0.026140003050175387,-0.12458849060458993,cluster,I1,all_non_I2,geography_plus_ovic_evic,binary
0.1935483870967742,0.34256055363321797,0.26506024096385544,0.2772151898734177,31,289,249,1580,6,99,66,438,-0.14901216653644378,-0.012154948909562258,-0.13685721762688152,cluster,I1,all_non_I2,cloud_plus_suffix_ic,binary
0.0967741935483871,0.1384083044982699,0.0963855421686747,0.11772151898734177,31,289,249,1580,3,40,24,186,-0.04163411094988281,-0.02133597681866707,-0.020298134131215742,cluster,I1,all_non_I2,cloud_plus_non_ovic_ic,binary
0.1935483870967742,0.34256055363321797,0.26506024096385544,0.2772151898734177,31,289,249,1580,6,99,66,438,-0.14901216653644378,-0.012154948909562258,-0.13685721762688152,cluster,I1,all_non_I2,geo_cloud_suffix_triad,binary
0,0,0,0,31,289,249,1580,0,0,0,0,0,0,0,cluster,I1,all_non_I2,elevation_ge_700,binary
0,0,0,0,31,289,249,1580,0,0,0,0,0,0,0,cluster,I1,all_non_I2,elevation_ge_900,binary
0,0,0,0,31,289,249,1580,0,0,0,0,0,0,0,cluster,I1,all_non_I2,elevation_resid_ge_100,binary
0,0,0,0,31,289,249,1580,0,0,0,0,0,0,0,cluster,I1,all_non_I2,mountain_i2_near30,binary
0,0,0,0,31,289,249,1580,0,0,0,0,0,0,0,cluster,I1,all_non_I2,mountain_cloud_i2,binary
0,0,0.18875502008032127,0.24620253164556963,31,289,249,1580,0,0,47,389,0,-0.057447511565248355,0.057447511565248355,cluster,I1,all_non_I2,old_age_known,binary
0,0,0.12048192771084337,0.14367088607594936,31,289,249,1580,0,0,30,227,0,-0.023188958365105983,0.023188958365105983,cluster,I1,all_non_I2,age_ge_1500,binary
0,0,0.0642570281124498,0.13291139240506328,31,289,249,1580,0,0,16,210,0,-0.06865436429261348,0.06865436429261348,cluster,I1,all_non_I2,age_ge_2000,binary
0.40625,0.17266187050359713,0.3568281938325991,0.3936842105263158,128,417,227,1425,52,72,81,561,0.23358812949640287,-0.03685601669371669,0.2704441461901196,surname_region_terminal,I2_all,non_I2_excl_R1a,other_i2_social,binary
0.71875,0.5467625899280576,0.7577092511013216,0.8435087719298245,128,417,227,1425,92,228,172,1202,0.1719874100719424,-0.08579952082850295,0.25778693090044535,surname_region_terminal,I2_all,non_I2_excl_R1a,other_i2_near_30km,binary
0.4375,0.29256594724220625,0.6211453744493393,0.6350877192982456,128,417,227,1425,56,122,141,905,0.14493405275779375,-0.01394234484890633,0.15887639760670008,surname_region_terminal,I2_all,non_I2_excl_R1a,other_i2_dist_le_20,binary
0.9140625,0.8968824940047961,0.9383259911894273,0.9712280701754386,128,417,227,1425,117,374,213,1384,0.017180005995203862,-0.032902078986011274,0.050082084981215136,surname_region_terminal,I2_all,non_I2_excl_R1a,other_i2_dist_le_50,binary
0.3515625,0.11031175059952038,0.30837004405286345,0.3543859649122807,128,417,227,1425,45,46,70,505,0.24125074940047964,-0.04601592085941725,0.2872666702598969,surname_region_terminal,I2_all,non_I2_excl_R1a,other_i2_cloud_social_spatial,binary
0.1875,0.10551558752997602,0.15859030837004406,0.1480701754385965,128,417,227,1425,24,44,36,211,0.08198441247002398,0.010520132931447573,0.07146427953857641,surname_region_terminal,I2_all,non_I2_excl_R1a,nonph_i2_social,binary
0.515625,0.48201438848920863,0.4933920704845815,0.5607017543859649,128,417,227,1425,66,201,112,799,0.033610611510791366,-0.06730968390138342,0.10092029541217479,surname_region_terminal,I2_all,non_I2_excl_R1a,nonph_i2_near_30km,binary
0.125,0.05995203836930456,0.1013215859030837,0.11719298245614035,128,417,227,1425,16,25,23,167,0.06504796163069544,-0.015871396553056652,0.0809193581837521,surname_region_terminal,I2_all,non_I2_excl_R1a,nonph_i2_cloud_social_spatial,binary
0.859375,0.7577937649880095,0.7929515418502202,0.8315789473684211,128,417,227,1425,110,316,180,1185,0.10158123501199046,-0.038627405518200875,0.14020864053019133,surname_region_terminal,I2_all,non_I2_excl_R1a,surname_ic,binary
0.5234375,0.40047961630695444,0.5418502202643172,0.5024561403508772,128,417,227,1425,67,167,123,716,0.12295788369304556,0.03939407991344002,0.08356380377960554,surname_region_terminal,I2_all,non_I2_excl_R1a,surname_ovic_evic,binary
0.3359375,0.35731414868105515,0.2511013215859031,0.3291228070175439,128,417,227,1425,43,149,57,469,-0.021376648681055155,-0.07802148543164078,0.056644836750585625,surname_region_terminal,I2_all,non_I2_excl_R1a,surname_non_ovic_ic,binary
0.5390625,0.407673860911271,0.5506607929515418,0.5143859649122807,128,417,227,1425,69,170,125,733,0.131388639088729,0.036274828039261076,0.09511381104946792,surname_region_terminal,I2_all,non_I2_excl_R1a,surname_vic,binary
0,0.002398081534772182,0.01762114537444934,0.005614035087719298,128,417,227,1425,0,1,4,8,-0.002398081534772182,0.012007110286730044,-0.014405191821502225,surname_region_terminal,I2_all,non_I2_excl_R1a,surname_ski,binary
0.921875,0.9856115107913669,0.9030837004405287,0.9698245614035088,128,417,227,1425,118,411,205,1382,-0.06373651079136688,-0.06674086096298015,0.003004350171613268,surname_region_terminal,I2_all,non_I2_excl_R1a,slava_informative,binary
0.1875,0.11510791366906475,0.22026431718061673,0.12842105263157894,128,417,227,1425,24,48,50,183,0.07239208633093525,0.0918432645490378,-0.01945117821810255,surname_region_terminal,I2_all,non_I2_excl_R1a,rare_slava_region_2,binary
0.375,0.26618705035971224,0.4185022026431718,0.26596491228070174,128,417,227,1425,48,111,95,379,0.10881294964028776,0.15253729036247005,-0.04372434072218229,surname_region_terminal,I2_all,non_I2_excl_R1a,rare_slava_region_5,binary
0.796875,0.8177458033573142,0.7929515418502202,0.8035087719298246,128,417,227,1425,102,341,180,1145,-0.02087080335731417,-0.010557230079604407,-0.010313573277709764,surname_region_terminal,I2_all,non_I2_excl_R1a,rare_surname_region_1,binary
0.96875,0.9376498800959233,0.9383259911894273,0.9164912280701755,128,417,227,1425,124,391,213,1306,0.031100119904076684,0.02183476311925181,0.009265356784824874,surname_region_terminal,I2_all,non_I2_excl_R1a,rare_surname_region_2,binary
0.875,0.8800959232613909,0.7577092511013216,0.8435087719298245,128,417,227,1425,112,367,172,1202,-0.005095923261390856,-0.08579952082850295,0.0807035975671121,surname_region_terminal,I2_all,non_I2_excl_R1a,i2_ecology_near30,binary
0.75,0.6738609112709832,0.5418502202643172,0.64,128,417,227,1425,96,281,123,912,0.07613908872901676,-0.09814977973568284,0.1742888684646996,surname_region_terminal,I2_all,non_I2_excl_R1a,i2_ecology_dense30,binary
0.5078125,0.3932853717026379,0.44933920704845814,0.5242105263157895,128,417,227,1425,65,164,102,747,0.11452712829736211,-0.07487131926733132,0.18939844756469343,surname_region_terminal,I2_all,non_I2_excl_R1a,i2_ecology_diverse30,binary
0.4453125,0.5251798561151079,0.3744493392070485,0.4870175438596491,128,417,227,1425,57,219,85,694,-0.07986735611510787,-0.11256820465260065,0.03270084853749278,surname_region_terminal,I2_all,non_I2_excl_R1a,i2_ecology_terminal_diverse30,binary
0.2109375,0.2709832134292566,0.10572687224669604,0.25473684210526315,128,417,227,1425,27,113,24,363,-0.060045713429256575,-0.14900996985856713,0.08896425642931055,surname_region_terminal,I2_all,non_I2_excl_R1a,i2_ecology_share30_gt50,binary
0.09375,0.18705035971223022,0.07488986784140969,0.19087719298245615,128,417,227,1425,12,78,17,272,-0.09330035971223022,-0.11598732514104645,0.022686965428816236,surname_region_terminal,I2_all,non_I2_excl_R1a,i2_ecology_share50_gt50,binary
0.375,0.40047961630695444,0.2555066079295154,0.35017543859649125,128,417,227,1425,48,167,58,499,-0.025479616306954445,-0.09466883066697585,0.0691892143600214,surname_region_terminal,I2_all,non_I2_excl_R1a,i2_ecology_no_r1a30,binary
0.2109375,0.2709832134292566,0.10572687224669604,0.25473684210526315,128,417,227,1425,27,113,24,363,-0.060045713429256575,-0.14900996985856713,0.08896425642931055,surname_region_terminal,I2_all,non_I2_excl_R1a,i2_ecology_i2_over_non_i2_30,binary
0.4453125,0.4460431654676259,0.2687224669603524,0.36912280701754385,128,417,227,1425,57,186,61,526,-7.306654676259017e-4,-0.10040034005719145,0.09966967458956555,surname_region_terminal,I2_all,non_I2_excl_R1a,nearest_relic_is_i2,binary
0.125,0.23980815347721823,0.0881057268722467,0.17894736842105263,128,417,227,1425,16,100,20,255,-0.11480815347721823,-0.09084164154880593,-0.0239665119284123,surname_region_terminal,I2_all,non_I2_excl_R1a,nearest_i2_and_i2_share30_gt50,binary
0.625,0.4580335731414868,0.6387665198237885,0.7101754385964912,128,417,227,1425,80,191,145,1012,0.1669664268585132,-0.07140891877270272,0.23837534563121593,surname_region_terminal,I2_all,non_I2_excl_R1a,geography_plus_suffix_ic,binary
0.375,0.2541966426858513,0.44052863436123346,0.44,128,417,227,1425,48,106,100,627,0.12080335731414871,5.286343612334599e-4,0.12027472295291525,surname_region_terminal,I2_all,non_I2_excl_R1a,geography_plus_ovic_evic,binary
0.328125,0.08872901678657075,0.2643171806167401,0.3031578947368421,128,417,227,1425,42,37,60,432,0.23939598321342925,-0.03884071412010204,0.2782366973335313,surname_region_terminal,I2_all,non_I2_excl_R1a,cloud_plus_suffix_ic,binary
0.109375,0.045563549160671464,0.09691629955947137,0.12210526315789473,128,417,227,1425,14,19,22,174,0.06381145083932854,-0.02518896359842336,0.0890004144377519,surname_region_terminal,I2_all,non_I2_excl_R1a,cloud_plus_non_ovic_ic,binary
0.328125,0.08872901678657075,0.2643171806167401,0.3031578947368421,128,417,227,1425,42,37,60,432,0.23939598321342925,-0.03884071412010204,0.2782366973335313,surname_region_terminal,I2_all,non_I2_excl_R1a,geo_cloud_suffix_triad,binary
0,0,0,0,128,417,227,1425,0,0,0,0,0,0,0,surname_region_terminal,I2_all,non_I2_excl_R1a,elevation_ge_700,binary
0,0,0,0,128,417,227,1425,0,0,0,0,0,0,0,surname_region_terminal,I2_all,non_I2_excl_R1a,elevation_ge_900,binary
0,0,0,0,128,417,227,1425,0,0,0,0,0,0,0,surname_region_terminal,I2_all,non_I2_excl_R1a,elevation_resid_ge_100,binary
0,0,0,0,128,417,227,1425,0,0,0,0,0,0,0,surname_region_terminal,I2_all,non_I2_excl_R1a,mountain_i2_near30,binary
0,0,0,0,128,417,227,1425,0,0,0,0,0,0,0,surname_region_terminal,I2_all,non_I2_excl_R1a,mountain_cloud_i2,binary
0.3515625,0.9016786570743405,0,0,128,417,227,1425,45,376,0,0,-0.5501161570743405,0,-0.5501161570743405,surname_region_terminal,I2_all,non_I2_excl_R1a,old_age_known,binary
0.0234375,0.5731414868105515,0,0,128,417,227,1425,3,239,0,0,-0.5497039868105515,0,-0.5497039868105515,surname_region_terminal,I2_all,non_I2_excl_R1a,age_ge_1500,binary
0.0234375,0,0,0,128,417,227,1425,3,0,0,0,0.0234375,0,0.0234375,surname_region_terminal,I2_all,non_I2_excl_R1a,age_ge_2000,binary
0.40625,0.17266187050359713,0.3563636363636364,0.38333333333333336,128,417,275,1800,52,72,98,690,0.23358812949640287,-0.026969696969696977,0.2605578264660998,surname_region_terminal,I2_all,all_non_I2,other_i2_social,binary
0.71875,0.5467625899280576,0.7636363636363637,0.8411111111111111,128,417,275,1800,92,228,210,1514,0.1719874100719424,-0.07747474747474747,0.24946215754668988,surname_region_terminal,I2_all,all_non_I2,other_i2_near_30km,binary
0.4375,0.29256594724220625,0.6254545454545455,0.6355555555555555,128,417,275,1800,56,122,172,1144,0.14493405275779375,-0.010101010101010055,0.1550350628588038,surname_region_terminal,I2_all,all_non_I2,other_i2_dist_le_20,binary
0.9140625,0.8968824940047961,0.9454545454545454,0.9688888888888889,128,417,275,1800,117,374,260,1744,0.017180005995203862,-0.023434343434343474,0.040614349429547336,surname_region_terminal,I2_all,all_non_I2,other_i2_dist_le_50,binary
0.3515625,0.11031175059952038,0.3090909090909091,0.3438888888888889,128,417,275,1800,45,46,85,619,0.24125074940047964,-0.03479797979797983,0.27604872919845946,surname_region_terminal,I2_all,all_non_I2,other_i2_cloud_social_spatial,binary
0.1875,0.10551558752997602,0.14545454545454545,0.13944444444444445,128,417,275,1800,24,44,40,251,0.08198441247002398,0.006010101010100993,0.07597431145992299,surname_region_terminal,I2_all,all_non_I2,nonph_i2_social,binary
0.515625,0.48201438848920863,0.4909090909090909,0.5544444444444444,128,417,275,1800,66,201,135,998,0.033610611510791366,-0.0635353535353535,0.09714596504614487,surname_region_terminal,I2_all,all_non_I2,nonph_i2_near_30km,binary
0.125,0.05995203836930456,0.09818181818181818,0.10944444444444444,128,417,275,1800,16,25,27,197,0.06504796163069544,-0.011262626262626266,0.07631058789332171,surname_region_terminal,I2_all,all_non_I2,nonph_i2_cloud_social_spatial,binary
0.859375,0.7577937649880095,0.7854545454545454,0.825,128,417,275,1800,110,316,216,1485,0.10158123501199046,-0.03954545454545455,0.141126689557445,surname_region_terminal,I2_all,all_non_I2,surname_ic,binary
0.5234375,0.40047961630695444,0.5163636363636364,0.4811111111111111,128,417,275,1800,67,167,142,866,0.12295788369304556,0.03525252525252526,0.0877053584405203,surname_region_terminal,I2_all,all_non_I2,surname_ovic_evic,binary
0.3359375,0.35731414868105515,0.2690909090909091,0.3438888888888889,128,417,275,1800,43,149,74,619,-0.021376648681055155,-0.07479797979797981,0.05342133111692465,surname_region_terminal,I2_all,all_non_I2,surname_non_ovic_ic,binary
0.5390625,0.407673860911271,0.5236363636363637,0.4938888888888889,128,417,275,1800,69,170,144,889,0.131388639088729,0.0297474747474748,0.1016411643412542,surname_region_terminal,I2_all,all_non_I2,surname_vic,binary
0,0.002398081534772182,0.01818181818181818,0.0077777777777777776,128,417,275,1800,0,1,5,14,-0.002398081534772182,0.010404040404040403,-0.012802121938812586,surname_region_terminal,I2_all,all_non_I2,surname_ski,binary
0.921875,0.9856115107913669,0.8981818181818182,0.9672222222222222,128,417,275,1800,118,411,247,1741,-0.06373651079136688,-0.06904040404040401,0.005303893249037128,surname_region_terminal,I2_all,all_non_I2,slava_informative,binary
0.1875,0.11510791366906475,0.2290909090909091,0.13333333333333333,128,417,275,1800,24,48,63,240,0.07239208633093525,0.09575757575757576,-0.023365489426640518,surname_region_terminal,I2_all,all_non_I2,rare_slava_region_2,binary
0.375,0.26618705035971224,0.4254545454545455,0.27111111111111114,128,417,275,1800,48,111,117,488,0.10881294964028776,0.15434343434343434,-0.04553048470314658,surname_region_terminal,I2_all,all_non_I2,rare_slava_region_5,binary
0.796875,0.8177458033573142,0.8109090909090909,0.8016666666666666,128,417,275,1800,102,341,223,1443,-0.02087080335731417,0.009242424242424274,-0.030113227599738446,surname_region_terminal,I2_all,all_non_I2,rare_surname_region_1,binary
0.96875,0.9376498800959233,0.9381818181818182,0.9188888888888889,128,417,275,1800,124,391,258,1654,0.031100119904076684,0.01929292929292936,0.011807190611147322,surname_region_terminal,I2_all,all_non_I2,rare_surname_region_2,binary
0.875,0.8800959232613909,0.7636363636363637,0.8411111111111111,128,417,275,1800,112,367,210,1514,-0.005095923261390856,-0.07747474747474747,0.07237882421335662,surname_region_terminal,I2_all,all_non_I2,i2_ecology_near30,binary
0.75,0.6738609112709832,0.5381818181818182,0.6388888888888888,128,417,275,1800,96,281,148,1150,0.07613908872901676,-0.10070707070707063,0.1768461594360874,surname_region_terminal,I2_all,all_non_I2,i2_ecology_dense30,binary
0.5078125,0.3932853717026379,0.4509090909090909,0.5177777777777778,128,417,275,1800,65,164,124,932,0.11452712829736211,-0.06686868686868686,0.18139581516604897,surname_region_terminal,I2_all,all_non_I2,i2_ecology_diverse30,binary
0.4453125,0.5251798561151079,0.38545454545454544,0.4855555555555556,128,417,275,1800,57,219,106,874,-0.07986735611510787,-0.10010101010101013,0.020233653985902267,surname_region_terminal,I2_all,all_non_I2,i2_ecology_terminal_diverse30,binary
0.2109375,0.2709832134292566,0.12363636363636364,0.24722222222222223,128,417,275,1800,27,113,34,445,-0.060045713429256575,-0.12358585858585859,0.06354014515660202,surname_region_terminal,I2_all,all_non_I2,i2_ecology_share30_gt50,binary
0.09375,0.18705035971223022,0.08,0.18333333333333332,128,417,275,1800,12,78,22,330,-0.09330035971223022,-0.10333333333333332,0.0100329736211031,surname_region_terminal,I2_all,all_non_I2,i2_ecology_share50_gt50,binary
0.375,0.40047961630695444,0.2727272727272727,0.3477777777777778,128,417,275,1800,48,167,75,626,-0.025479616306954445,-0.07505050505050509,0.049570888743550645,surname_region_terminal,I2_all,all_non_I2,i2_ecology_no_r1a30,binary
0.2109375,0.2709832134292566,0.12363636363636364,0.24722222222222223,128,417,275,1800,27,113,34,445,-0.060045713429256575,-0.12358585858585859,0.06354014515660202,surname_region_terminal,I2_all,all_non_I2,i2_ecology_i2_over_non_i2_30,binary
0.4453125,0.4460431654676259,0.28363636363636363,0.36444444444444446,128,417,275,1800,57,186,78,656,-7.306654676259017e-4,-0.08080808080808083,0.08007741534045493,surname_region_terminal,I2_all,all_non_I2,nearest_relic_is_i2,binary
0.125,0.23980815347721823,0.10181818181818182,0.175,128,417,275,1800,16,100,28,315,-0.11480815347721823,-0.07318181818181817,-0.041626335295400066,surname_region_terminal,I2_all,all_non_I2,nearest_i2_and_i2_share30_gt50,binary
0.625,0.4580335731414868,0.64,0.7038888888888889,128,417,275,1800,80,191,176,1267,0.1669664268585132,-0.06388888888888888,0.2308553157474021,surname_region_terminal,I2_all,all_non_I2,geography_plus_suffix_ic,binary
0.375,0.2541966426858513,0.4254545454545455,0.4211111111111111,128,417,275,1800,48,106,117,758,0.12080335731414871,0.004343434343434371,0.11645992297071434,surname_region_terminal,I2_all,all_non_I2,geography_plus_ovic_evic,binary
0.328125,0.08872901678657075,0.2581818181818182,0.2872222222222222,128,417,275,1800,42,37,71,517,0.23939598321342925,-0.029040404040404033,0.2684363872538333,surname_region_terminal,I2_all,all_non_I2,cloud_plus_suffix_ic,binary
0.109375,0.045563549160671464,0.09454545454545454,0.12,128,417,275,1800,14,19,26,216,0.06381145083932854,-0.025454545454545452,0.089265996293874,surname_region_terminal,I2_all,all_non_I2,cloud_plus_non_ovic_ic,binary
0.328125,0.08872901678657075,0.2581818181818182,0.2872222222222222,128,417,275,1800,42,37,71,517,0.23939598321342925,-0.029040404040404033,0.2684363872538333,surname_region_terminal,I2_all,all_non_I2,geo_cloud_suffix_triad,binary
0,0,0,0,128,417,275,1800,0,0,0,0,0,0,0,surname_region_terminal,I2_all,all_non_I2,elevation_ge_700,binary
0,0,0,0,128,417,275,1800,0,0,0,0,0,0,0,surname_region_terminal,I2_all,all_non_I2,elevation_ge_900,binary
0,0,0,0,128,417,275,1800,0,0,0,0,0,0,0,surname_region_terminal,I2_all,all_non_I2,elevation_resid_ge_100,binary
0,0,0,0,128,417,275,1800,0,0,0,0,0,0,0,surname_region_terminal,I2_all,all_non_I2,mountain_i2_near30,binary
0,0,0,0,128,417,275,1800,0,0,0,0,0,0,0,surname_region_terminal,I2_all,all_non_I2,mountain_cloud_i2,binary
0.3515625,0.9016786570743405,0.1709090909090909,0.20833333333333334,128,417,275,1800,45,376,47,375,-0.5501161570743405,-0.03742424242424244,-0.512691914650098,surname_region_terminal,I2_all,all_non_I2,old_age_known,binary
0.0234375,0.5731414868105515,0.10909090909090909,0.125,128,417,275,1800,3,239,30,225,-0.5497039868105515,-0.015909090909090914,-0.5337948959014607,surname_region_terminal,I2_all,all_non_I2,age_ge_1500,binary
0.0234375,0,0.05818181818181818,0.11555555555555555,128,417,275,1800,3,0,16,208,0.0234375,-0.05737373737373737,0.08081123737373737,surname_region_terminal,I2_all,all_non_I2,age_ge_2000,binary
0.33766233766233766,0.14361702127659576,0.3568281938325991,0.3936842105263158,77,376,227,1425,26,54,81,561,0.1940453163857419,-0.03685601669371669,0.2309013330794586,surname_region_terminal,PH908_primary,non_I2_excl_R1a,other_i2_social,binary
0.6883116883116883,0.5159574468085106,0.7577092511013216,0.8435087719298245,77,376,227,1425,53,194,172,1202,0.17235424150317769,-0.08579952082850295,0.25815376233168064,surname_region_terminal,PH908_primary,non_I2_excl_R1a,other_i2_near_30km,binary
0.37662337662337664,0.26595744680851063,0.6211453744493393,0.6350877192982456,77,376,227,1425,29,100,141,905,0.110665929814866,-0.01394234484890633,0.12460827466377233,surname_region_terminal,PH908_primary,non_I2_excl_R1a,other_i2_dist_le_20,binary
0.9090909090909091,0.8909574468085106,0.9383259911894273,0.9712280701754386,77,376,227,1425,70,335,213,1384,0.018133462282398427,-0.032902078986011274,0.0510355412684097,surname_region_terminal,PH908_primary,non_I2_excl_R1a,other_i2_dist_le_50,binary
0.2727272727272727,0.08244680851063829,0.30837004405286345,0.3543859649122807,77,376,227,1425,21,31,70,505,0.19028046421663442,-0.04601592085941725,0.23629638507605166,surname_region_terminal,PH908_primary,non_I2_excl_R1a,other_i2_cloud_social_spatial,binary
0.2077922077922078,0.10638297872340426,0.15859030837004406,0.1480701754385965,77,376,227,1425,16,40,36,211,0.10140922906880355,0.010520132931447573,0.09088909613735598,surname_region_terminal,PH908_primary,non_I2_excl_R1a,nonph_i2_social,binary
0.6363636363636364,0.4920212765957447,0.4933920704845815,0.5607017543859649,77,376,227,1425,49,185,112,799,0.14434235976789167,-0.06730968390138342,0.2116520436692751,surname_region_terminal,PH908_primary,non_I2_excl_R1a,nonph_i2_near_30km,binary
0.15584415584415584,0.06382978723404255,0.1013215859030837,0.11719298245614035,77,376,227,1425,12,24,23,167,0.09201436861011329,-0.015871396553056652,0.10788576516316994,surname_region_terminal,PH908_primary,non_I2_excl_R1a,nonph_i2_cloud_social_spatial,binary
0.8571428571428571,0.7526595744680851,0.7929515418502202,0.8315789473684211,77,376,227,1425,66,283,180,1185,0.10448328267477203,-0.038627405518200875,0.1431106881929729,surname_region_terminal,PH908_primary,non_I2_excl_R1a,surname_ic,binary
0.4935064935064935,0.3962765957446808,0.5418502202643172,0.5024561403508772,77,376,227,1425,38,149,123,716,0.09722989776181268,0.03939407991344002,0.05783581784837266,surname_region_terminal,PH908_primary,non_I2_excl_R1a,surname_ovic_evic,binary
0.36363636363636365,0.35638297872340424,0.2511013215859031,0.3291228070175439,77,376,227,1425,28,134,57,469,0.007253384912959404,-0.07802148543164078,0.08527487034460018,surname_region_terminal,PH908_primary,non_I2_excl_R1a,surname_non_ovic_ic,binary
0.5194805194805194,0.40425531914893614,0.5506607929515418,0.5143859649122807,77,376,227,1425,40,152,125,733,0.11522520033158329,0.036274828039261076,0.07895037229232221,surname_region_terminal,PH908_primary,non_I2_excl_R1a,surname_vic,binary
0,0.0026595744680851063,0.01762114537444934,0.005614035087719298,77,376,227,1425,0,1,4,8,-0.0026595744680851063,0.012007110286730044,-0.01466668475481515,surname_region_terminal,PH908_primary,non_I2_excl_R1a,surname_ski,binary
0.935064935064935,0.9840425531914894,0.9030837004405287,0.9698245614035088,77,376,227,1425,72,370,205,1382,-0.04897761812655432,-0.06674086096298015,0.01776324283642583,surname_region_terminal,PH908_primary,non_I2_excl_R1a,slava_informative,binary
0.22077922077922077,0.11702127659574468,0.22026431718061673,0.12842105263157894,77,376,227,1425,17,44,50,183,0.10375794418347609,0.0918432645490378,0.011914679634438291,surname_region_terminal,PH908_primary,non_I2_excl_R1a,rare_slava_region_2,binary
0.37662337662337664,0.2712765957446808,0.4185022026431718,0.26596491228070174,77,376,227,1425,29,102,95,379,0.10534678087869581,0.15253729036247005,-0.047190509483774234,surname_region_terminal,PH908_primary,non_I2_excl_R1a,rare_slava_region_5,binary
0.8051948051948052,0.8218085106382979,0.7929515418502202,0.8035087719298246,77,376,227,1425,62,309,180,1145,-0.01661370544349261,-0.010557230079604407,-0.006056475363888203,surname_region_terminal,PH908_primary,non_I2_excl_R1a,rare_surname_region_1,binary
0.961038961038961,0.9361702127659575,0.9383259911894273,0.9164912280701755,77,376,227,1425,74,352,213,1306,0.02486874827300356,0.02183476311925181,0.0030339851537517504,surname_region_terminal,PH908_primary,non_I2_excl_R1a,rare_surname_region_2,binary
0.935064935064935,0.8856382978723404,0.7577092511013216,0.8435087719298245,77,376,227,1425,72,333,172,1202,0.04942663719259466,-0.08579952082850295,0.1352261580210976,surname_region_terminal,PH908_primary,non_I2_excl_R1a,i2_ecology_near30,binary
0.8311688311688312,0.6808510638297872,0.5418502202643172,0.64,77,376,227,1425,64,256,123,912,0.150317767339044,-0.09814977973568284,0.24846754707472685,surname_region_terminal,PH908_primary,non_I2_excl_R1a,i2_ecology_dense30,binary
0.5844155844155844,0.3962765957446808,0.44933920704845814,0.5242105263157895,77,376,227,1425,45,149,102,747,0.18813898867090356,-0.07487131926733132,0.2630103079382349,surname_region_terminal,PH908_primary,non_I2_excl_R1a,i2_ecology_diverse30,binary
0.4805194805194805,0.5345744680851063,0.3744493392070485,0.4870175438596491,77,376,227,1425,37,201,85,694,-0.05405498756562582,-0.11256820465260065,0.05851321708697482,surname_region_terminal,PH908_primary,non_I2_excl_R1a,i2_ecology_terminal_diverse30,binary
0.2857142857142857,0.2765957446808511,0.10572687224669604,0.25473684210526315,77,376,227,1425,22,104,24,363,0.009118541033434624,-0.14900996985856713,0.15812851089200175,surname_region_terminal,PH908_primary,non_I2_excl_R1a,i2_ecology_share30_gt50,binary
0.1038961038961039,0.19946808510638298,0.07488986784140969,0.19087719298245615,77,376,227,1425,8,75,17,272,-0.09557198121027907,-0.11598732514104645,0.020415343930767382,surname_region_terminal,PH908_primary,non_I2_excl_R1a,i2_ecology_share50_gt50,binary
0.42857142857142855,0.40691489361702127,0.2555066079295154,0.35017543859649125,77,376,227,1425,33,153,58,499,0.02165653495440728,-0.09466883066697585,0.11632536562138313,surname_region_terminal,PH908_primary,non_I2_excl_R1a,i2_ecology_no_r1a30,binary
0.2857142857142857,0.2765957446808511,0.10572687224669604,0.25473684210526315,77,376,227,1425,22,104,24,363,0.009118541033434624,-0.14900996985856713,0.15812851089200175,surname_region_terminal,PH908_primary,non_I2_excl_R1a,i2_ecology_i2_over_non_i2_30,binary
0.4935064935064935,0.45478723404255317,0.2687224669603524,0.36912280701754385,77,376,227,1425,38,171,61,526,0.038719259463940336,-0.10040034005719145,0.1391195995211318,surname_region_terminal,PH908_primary,non_I2_excl_R1a,nearest_relic_is_i2,binary
0.18181818181818182,0.2473404255319149,0.0881057268722467,0.17894736842105263,77,376,227,1425,14,93,20,255,-0.06552224371373308,-0.09084164154880593,0.02531939783507285,surname_region_terminal,PH908_primary,non_I2_excl_R1a,nearest_i2_and_i2_share30_gt50,binary
0.6103896103896104,0.43617021276595747,0.6387665198237885,0.7101754385964912,77,376,227,1425,47,164,145,1012,0.1742193976236529,-0.07140891877270272,0.24562831639635563,surname_region_terminal,PH908_primary,non_I2_excl_R1a,geography_plus_suffix_ic,binary
0.3116883116883117,0.2393617021276596,0.44052863436123346,0.44,77,376,227,1425,24,90,100,627,0.0723266095606521,5.286343612334599e-4,0.07179797519941863,surname_region_terminal,PH908_primary,non_I2_excl_R1a,geography_plus_ovic_evic,binary
0.2727272727272727,0.07180851063829788,0.2643171806167401,0.3031578947368421,77,376,227,1425,21,27,60,432,0.20091876208897483,-0.03884071412010204,0.23975947620907687,surname_region_terminal,PH908_primary,non_I2_excl_R1a,cloud_plus_suffix_ic,binary
0.14285714285714285,0.0425531914893617,0.09691629955947137,0.12210526315789473,77,376,227,1425,11,16,22,174,0.10030395136778114,-0.02518896359842336,0.12549291496620452,surname_region_terminal,PH908_primary,non_I2_excl_R1a,cloud_plus_non_ovic_ic,binary
0.2727272727272727,0.07180851063829788,0.2643171806167401,0.3031578947368421,77,376,227,1425,21,27,60,432,0.20091876208897483,-0.03884071412010204,0.23975947620907687,surname_region_terminal,PH908_primary,non_I2_excl_R1a,geo_cloud_suffix_triad,binary
0,0,0,0,77,376,227,1425,0,0,0,0,0,0,0,surname_region_terminal,PH908_primary,non_I2_excl_R1a,elevation_ge_700,binary
0,0,0,0,77,376,227,1425,0,0,0,0,0,0,0,surname_region_terminal,PH908_primary,non_I2_excl_R1a,elevation_ge_900,binary
0,0,0,0,77,376,227,1425,0,0,0,0,0,0,0,surname_region_terminal,PH908_primary,non_I2_excl_R1a,elevation_resid_ge_100,binary
0,0,0,0,77,376,227,1425,0,0,0,0,0,0,0,surname_region_terminal,PH908_primary,non_I2_excl_R1a,mountain_i2_near30,binary
0,0,0,0,77,376,227,1425,0,0,0,0,0,0,0,surname_region_terminal,PH908_primary,non_I2_excl_R1a,mountain_cloud_i2,binary
0.5844155844155844,1,0,0,77,376,227,1425,45,376,0,0,-0.4155844155844156,0,-0.4155844155844156,surname_region_terminal,PH908_primary,non_I2_excl_R1a,old_age_known,binary
0.03896103896103896,0.6356382978723404,0,0,77,376,227,1425,3,239,0,0,-0.5966772589113014,0,-0.5966772589113014,surname_region_terminal,PH908_primary,non_I2_excl_R1a,age_ge_1500,binary
0.03896103896103896,0,0,0,77,376,227,1425,3,0,0,0,0.03896103896103896,0,0.03896103896103896,surname_region_terminal,PH908_primary,non_I2_excl_R1a,age_ge_2000,binary
0.33766233766233766,0.14361702127659576,0.3563636363636364,0.38333333333333336,77,376,275,1800,26,54,98,690,0.1940453163857419,-0.026969696969696977,0.22101501335543888,surname_region_terminal,PH908_primary,all_non_I2,other_i2_social,binary
0.6883116883116883,0.5159574468085106,0.7636363636363637,0.8411111111111111,77,376,275,1800,53,194,210,1514,0.17235424150317769,-0.07747474747474747,0.24982898897792516,surname_region_terminal,PH908_primary,all_non_I2,other_i2_near_30km,binary
0.37662337662337664,0.26595744680851063,0.6254545454545455,0.6355555555555555,77,376,275,1800,29,100,172,1144,0.110665929814866,-0.010101010101010055,0.12076693991587606,surname_region_terminal,PH908_primary,all_non_I2,other_i2_dist_le_20,binary
0.9090909090909091,0.8909574468085106,0.9454545454545454,0.9688888888888889,77,376,275,1800,70,335,260,1744,0.018133462282398427,-0.023434343434343474,0.0415678057167419,surname_region_terminal,PH908_primary,all_non_I2,other_i2_dist_le_50,binary
0.2727272727272727,0.08244680851063829,0.3090909090909091,0.3438888888888889,77,376,275,1800,21,31,85,619,0.19028046421663442,-0.03479797979797983,0.22507844401461424,surname_region_terminal,PH908_primary,all_non_I2,other_i2_cloud_social_spatial,binary
0.2077922077922078,0.10638297872340426,0.14545454545454545,0.13944444444444445,77,376,275,1800,16,40,40,251,0.10140922906880355,0.006010101010100993,0.09539912805870256,surname_region_terminal,PH908_primary,all_non_I2,nonph_i2_social,binary
0.6363636363636364,0.4920212765957447,0.4909090909090909,0.5544444444444444,77,376,275,1800,49,185,135,998,0.14434235976789167,-0.0635353535353535,0.20787771330324517,surname_region_terminal,PH908_primary,all_non_I2,nonph_i2_near_30km,binary
0.15584415584415584,0.06382978723404255,0.09818181818181818,0.10944444444444444,77,376,275,1800,12,24,27,197,0.09201436861011329,-0.011262626262626266,0.10327699487273956,surname_region_terminal,PH908_primary,all_non_I2,nonph_i2_cloud_social_spatial,binary
0.8571428571428571,0.7526595744680851,0.7854545454545454,0.825,77,376,275,1800,66,283,216,1485,0.10448328267477203,-0.03954545454545455,0.14402873722022658,surname_region_terminal,PH908_primary,all_non_I2,surname_ic,binary
0.4935064935064935,0.3962765957446808,0.5163636363636364,0.4811111111111111,77,376,275,1800,38,149,142,866,0.09722989776181268,0.03525252525252526,0.06197737250928742,surname_region_terminal,PH908_primary,all_non_I2,surname_ovic_evic,binary
0.36363636363636365,0.35638297872340424,0.2690909090909091,0.3438888888888889,77,376,275,1800,28,134,74,619,0.007253384912959404,-0.07479797979797981,0.08205136471093921,surname_region_terminal,PH908_primary,all_non_I2,surname_non_ovic_ic,binary
0.5194805194805194,0.40425531914893614,0.5236363636363637,0.4938888888888889,77,376,275,1800,40,152,144,889,0.11522520033158329,0.0297474747474748,0.08547772558410849,surname_region_terminal,PH908_primary,all_non_I2,surname_vic,binary
0,0.0026595744680851063,0.01818181818181818,0.0077777777777777776,77,376,275,1800,0,1,5,14,-0.0026595744680851063,0.010404040404040403,-0.01306361487212551,surname_region_terminal,PH908_primary,all_non_I2,surname_ski,binary
0.935064935064935,0.9840425531914894,0.8981818181818182,0.9672222222222222,77,376,275,1800,72,370,247,1741,-0.04897761812655432,-0.06904040404040401,0.02006278591384969,surname_region_terminal,PH908_primary,all_non_I2,slava_informative,binary
0.22077922077922077,0.11702127659574468,0.2290909090909091,0.13333333333333333,77,376,275,1800,17,44,63,240,0.10375794418347609,0.09575757575757576,0.008000368425900323,surname_region_terminal,PH908_primary,all_non_I2,rare_slava_region_2,binary
0.37662337662337664,0.2712765957446808,0.4254545454545455,0.27111111111111114,77,376,275,1800,29,102,117,488,0.10534678087869581,0.15434343434343434,-0.04899665346473853,surname_region_terminal,PH908_primary,all_non_I2,rare_slava_region_5,binary
0.8051948051948052,0.8218085106382979,0.8109090909090909,0.8016666666666666,77,376,275,1800,62,309,223,1443,-0.01661370544349261,0.009242424242424274,-0.025856129685916884,surname_region_terminal,PH908_primary,all_non_I2,rare_surname_region_1,binary
0.961038961038961,0.9361702127659575,0.9381818181818182,0.9188888888888889,77,376,275,1800,74,352,258,1654,0.02486874827300356,0.01929292929292936,0.005575818980074199,surname_region_terminal,PH908_primary,all_non_I2,rare_surname_region_2,binary
0.935064935064935,0.8856382978723404,0.7636363636363637,0.8411111111111111,77,376,275,1800,72,333,210,1514,0.04942663719259466,-0.07747474747474747,0.12690138466734213,surname_region_terminal,PH908_primary,all_non_I2,i2_ecology_near30,binary
0.8311688311688312,0.6808510638297872,0.5381818181818182,0.6388888888888888,77,376,275,1800,64,256,148,1150,0.150317767339044,-0.10070707070707063,0.25102483804611464,surname_region_terminal,PH908_primary,all_non_I2,i2_ecology_dense30,binary
0.5844155844155844,0.3962765957446808,0.4509090909090909,0.5177777777777778,77,376,275,1800,45,149,124,932,0.18813898867090356,-0.06686868686868686,0.2550076755395904,surname_region_terminal,PH908_primary,all_non_I2,i2_ecology_diverse30,binary
0.4805194805194805,0.5345744680851063,0.38545454545454544,0.4855555555555556,77,376,275,1800,37,201,106,874,-0.05405498756562582,-0.10010101010101013,0.04604602253538431,surname_region_terminal,PH908_primary,all_non_I2,i2_ecology_terminal_diverse30,binary
0.2857142857142857,0.2765957446808511,0.12363636363636364,0.24722222222222223,77,376,275,1800,22,104,34,445,0.009118541033434624,-0.12358585858585859,0.1327043996192932,surname_region_terminal,PH908_primary,all_non_I2,i2_ecology_share30_gt50,binary
0.1038961038961039,0.19946808510638298,0.08,0.18333333333333332,77,376,275,1800,8,75,22,330,-0.09557198121027907,-0.10333333333333332,0.0077613521230542465,surname_region_terminal,PH908_primary,all_non_I2,i2_ecology_share50_gt50,binary
0.42857142857142855,0.40691489361702127,0.2727272727272727,0.3477777777777778,77,376,275,1800,33,153,75,626,0.02165653495440728,-0.07505050505050509,0.09670704000491237,surname_region_terminal,PH908_primary,all_non_I2,i2_ecology_no_r1a30,binary
0.2857142857142857,0.2765957446808511,0.12363636363636364,0.24722222222222223,77,376,275,1800,22,104,34,445,0.009118541033434624,-0.12358585858585859,0.1327043996192932,surname_region_terminal,PH908_primary,all_non_I2,i2_ecology_i2_over_non_i2_30,binary
0.4935064935064935,0.45478723404255317,0.28363636363636363,0.36444444444444446,77,376,275,1800,38,171,78,656,0.038719259463940336,-0.08080808080808083,0.11952734027202117,surname_region_terminal,PH908_primary,all_non_I2,nearest_relic_is_i2,binary
0.18181818181818182,0.2473404255319149,0.10181818181818182,0.175,77,376,275,1800,14,93,28,315,-0.06552224371373308,-0.07318181818181817,0.007659574468085087,surname_region_terminal,PH908_primary,all_non_I2,nearest_i2_and_i2_share30_gt50,binary
0.6103896103896104,0.43617021276595747,0.64,0.7038888888888889,77,376,275,1800,47,164,176,1267,0.1742193976236529,-0.06388888888888888,0.2381082865125418,surname_region_terminal,PH908_primary,all_non_I2,geography_plus_suffix_ic,binary
0.3116883116883117,0.2393617021276596,0.4254545454545455,0.4211111111111111,77,376,275,1800,24,90,117,758,0.0723266095606521,0.004343434343434371,0.06798317521721772,surname_region_terminal,PH908_primary,all_non_I2,geography_plus_ovic_evic,binary
0.2727272727272727,0.07180851063829788,0.2581818181818182,0.2872222222222222,77,376,275,1800,21,27,71,517,0.20091876208897483,-0.029040404040404033,0.22995916612937886,surname_region_terminal,PH908_primary,all_non_I2,cloud_plus_suffix_ic,binary
0.14285714285714285,0.0425531914893617,0.09454545454545454,0.12,77,376,275,1800,11,16,26,216,0.10030395136778114,-0.025454545454545452,0.1257584968223266,surname_region_terminal,PH908_primary,all_non_I2,cloud_plus_non_ovic_ic,binary
0.2727272727272727,0.07180851063829788,0.2581818181818182,0.2872222222222222,77,376,275,1800,21,27,71,517,0.20091876208897483,-0.029040404040404033,0.22995916612937886,surname_region_terminal,PH908_primary,all_non_I2,geo_cloud_suffix_triad,binary
0,0,0,0,77,376,275,1800,0,0,0,0,0,0,0,surname_region_terminal,PH908_primary,all_non_I2,elevation_ge_700,binary
0,0,0,0,77,376,275,1800,0,0,0,0,0,0,0,surname_region_terminal,PH908_primary,all_non_I2,elevation_ge_900,binary
0,0,0,0,77,376,275,1800,0,0,0,0,0,0,0,surname_region_terminal,PH908_primary,all_non_I2,elevation_resid_ge_100,binary
0,0,0,0,77,376,275,1800,0,0,0,0,0,0,0,surname_region_terminal,PH908_primary,all_non_I2,mountain_i2_near30,binary
0,0,0,0,77,376,275,1800,0,0,0,0,0,0,0,surname_region_terminal,PH908_primary,all_non_I2,mountain_cloud_i2,binary
0.5844155844155844,1,0.1709090909090909,0.20833333333333334,77,376,275,1800,45,376,47,375,-0.4155844155844156,-0.03742424242424244,-0.37816017316017314,surname_region_terminal,PH908_primary,all_non_I2,old_age_known,binary
0.03896103896103896,0.6356382978723404,0.10909090909090909,0.125,77,376,275,1800,3,239,30,225,-0.5966772589113014,-0.015909090909090914,-0.5807681680022105,surname_region_terminal,PH908_primary,all_non_I2,age_ge_1500,binary
0.03896103896103896,0,0.05818181818181818,0.11555555555555555,77,376,275,1800,3,0,16,208,0.03896103896103896,-0.05737373737373737,0.09633477633477633,surname_region_terminal,PH908_primary,all_non_I2,age_ge_2000,binary
0.5098039215686274,0.43902439024390244,0.3568281938325991,0.3936842105263158,51,41,227,1425,26,18,81,561,0.07077953132472498,-0.03685601669371669,0.10763554801844166,surname_region_terminal,nonPH908_I2,non_I2_excl_R1a,other_i2_social,binary
0.7647058823529411,0.8292682926829268,0.7577092511013216,0.8435087719298245,51,41,227,1425,39,34,172,1202,-0.06456241032998566,-0.08579952082850295,0.021237110498517286,surname_region_terminal,nonPH908_I2,non_I2_excl_R1a,other_i2_near_30km,binary
0.5294117647058824,0.5365853658536586,0.6211453744493393,0.6350877192982456,51,41,227,1425,27,22,141,905,-0.00717360114777621,-0.01394234484890633,0.00676874370113012,surname_region_terminal,nonPH908_I2,non_I2_excl_R1a,other_i2_dist_le_20,binary
0.9215686274509803,0.9512195121951219,0.9383259911894273,0.9712280701754386,51,41,227,1425,47,39,213,1384,-0.02965088474414157,-0.032902078986011274,0.0032511942418697037,surname_region_terminal,nonPH908_I2,non_I2_excl_R1a,other_i2_dist_le_50,binary
0.47058823529411764,0.36585365853658536,0.30837004405286345,0.3543859649122807,51,41,227,1425,24,15,70,505,0.10473457675753228,-0.04601592085941725,0.15075049761694953,surname_region_terminal,nonPH908_I2,non_I2_excl_R1a,other_i2_cloud_social_spatial,binary
0.1568627450980392,0.0975609756097561,0.15859030837004406,0.1480701754385965,51,41,227,1425,8,4,36,211,0.05930176948828311,0.010520132931447573,0.04878163655683554,surname_region_terminal,nonPH908_I2,non_I2_excl_R1a,nonph_i2_social,binary
0.3333333333333333,0.3902439024390244,0.4933920704845815,0.5607017543859649,51,41,227,1425,17,16,112,799,-0.05691056910569109,-0.06730968390138342,0.010399114795692332,surname_region_terminal,nonPH908_I2,non_I2_excl_R1a,nonph_i2_near_30km,binary
0.0784313725490196,0.024390243902439025,0.1013215859030837,0.11719298245614035,51,41,227,1425,4,1,23,167,0.05404112864658058,-0.015871396553056652,0.06991252519963723,surname_region_terminal,nonPH908_I2,non_I2_excl_R1a,nonph_i2_cloud_social_spatial,binary
0.8627450980392157,0.8048780487804879,0.7929515418502202,0.8315789473684211,51,41,227,1425,44,33,180,1185,0.057867049258727876,-0.038627405518200875,0.09649445477692875,surname_region_terminal,nonPH908_I2,non_I2_excl_R1a,surname_ic,binary
0.5686274509803921,0.43902439024390244,0.5418502202643172,0.5024561403508772,51,41,227,1425,29,18,123,716,0.1296030607364897,0.03939407991344002,0.09020898082304968,surname_region_terminal,nonPH908_I2,non_I2_excl_R1a,surname_ovic_evic,binary
0.29411764705882354,0.36585365853658536,0.2511013215859031,0.3291228070175439,51,41,227,1425,15,15,57,469,-0.07173601147776182,-0.07802148543164078,0.006285473953878962,surname_region_terminal,nonPH908_I2,non_I2_excl_R1a,surname_non_ovic_ic,binary
0.5686274509803921,0.43902439024390244,0.5506607929515418,0.5143859649122807,51,41,227,1425,29,18,125,733,0.1296030607364897,0.036274828039261076,0.09332823269722862,surname_region_terminal,nonPH908_I2,non_I2_excl_R1a,surname_vic,binary
0,0,0.01762114537444934,0.005614035087719298,51,41,227,1425,0,0,4,8,0,0.012007110286730044,-0.012007110286730044,surname_region_terminal,nonPH908_I2,non_I2_excl_R1a,surname_ski,binary
0.9019607843137255,1,0.9030837004405287,0.9698245614035088,51,41,227,1425,46,41,205,1382,-0.0980392156862745,-0.06674086096298015,-0.03129835472329434,surname_region_terminal,nonPH908_I2,non_I2_excl_R1a,slava_informative,binary
0.13725490196078433,0.0975609756097561,0.22026431718061673,0.12842105263157894,51,41,227,1425,7,4,50,183,0.039693926351028225,0.0918432645490378,-0.05214933819800957,surname_region_terminal,nonPH908_I2,non_I2_excl_R1a,rare_slava_region_2,binary
0.37254901960784315,0.21951219512195122,0.4185022026431718,0.26596491228070174,51,41,227,1425,19,9,95,379,0.15303682448589193,0.15253729036247005,0.00049953412342187975,surname_region_terminal,nonPH908_I2,non_I2_excl_R1a,rare_slava_region_5,binary
0.7843137254901961,0.7804878048780488,0.7929515418502202,0.8035087719298246,51,41,227,1425,40,32,180,1145,0.00382592061214726,-0.010557230079604407,0.014383150691751667,surname_region_terminal,nonPH908_I2,non_I2_excl_R1a,rare_surname_region_1,binary
0.9803921568627451,0.9512195121951219,0.9383259911894273,0.9164912280701755,51,41,227,1425,50,39,213,1306,0.02917264466762315,0.02183476311925181,0.007337881548371339,surname_region_terminal,nonPH908_I2,non_I2_excl_R1a,rare_surname_region_2,binary
0.7843137254901961,0.8292682926829268,0.7577092511013216,0.8435087719298245,51,41,227,1425,40,34,172,1202,-0.04495456719273072,-0.08579952082850295,0.04084495363577223,surname_region_terminal,nonPH908_I2,non_I2_excl_R1a,i2_ecology_near30,binary
0.6274509803921569,0.6097560975609756,0.5418502202643172,0.64,51,41,227,1425,32,25,123,912,0.017694882831181258,-0.09814977973568284,0.1158446625668641,surname_region_terminal,nonPH908_I2,non_I2_excl_R1a,i2_ecology_dense30,binary
0.39215686274509803,0.36585365853658536,0.44933920704845814,0.5242105263157895,51,41,227,1425,20,15,102,747,0.026303204208512676,-0.07487131926733132,0.10117452347584399,surname_region_terminal,nonPH908_I2,non_I2_excl_R1a,i2_ecology_diverse30,binary
0.39215686274509803,0.43902439024390244,0.3744493392070485,0.4870175438596491,51,41,227,1425,20,18,85,694,-0.04686752749880441,-0.11256820465260065,0.06570067715379624,surname_region_terminal,nonPH908_I2,non_I2_excl_R1a,i2_ecology_terminal_diverse30,binary
0.09803921568627451,0.21951219512195122,0.10572687224669604,0.25473684210526315,51,41,227,1425,5,9,24,363,-0.12147297943567671,-0.14900996985856713,0.027536990422890414,surname_region_terminal,nonPH908_I2,non_I2_excl_R1a,i2_ecology_share30_gt50,binary
0.0784313725490196,0.07317073170731707,0.07488986784140969,0.19087719298245615,51,41,227,1425,4,3,17,272,0.005260640841702538,-0.11598732514104645,0.12124796598274899,surname_region_terminal,nonPH908_I2,non_I2_excl_R1a,i2_ecology_share50_gt50,binary
0.29411764705882354,0.34146341463414637,0.2555066079295154,0.35017543859649125,51,41,227,1425,15,14,58,499,-0.04734576757532283,-0.09466883066697585,0.04732306309165302,surname_region_terminal,nonPH908_I2,non_I2_excl_R1a,i2_ecology_no_r1a30,binary
0.09803921568627451,0.21951219512195122,0.10572687224669604,0.25473684210526315,51,41,227,1425,5,9,24,363,-0.12147297943567671,-0.14900996985856713,0.027536990422890414,surname_region_terminal,nonPH908_I2,non_I2_excl_R1a,i2_ecology_i2_over_non_i2_30,binary
0.37254901960784315,0.36585365853658536,0.2687224669603524,0.36912280701754385,51,41,227,1425,19,15,61,526,0.006695361071257788,-0.10040034005719145,0.10709570112844924,surname_region_terminal,nonPH908_I2,non_I2_excl_R1a,nearest_relic_is_i2,binary
0.0392156862745098,0.17073170731707318,0.0881057268722467,0.17894736842105263,51,41,227,1425,2,7,20,255,-0.13151602104256338,-0.09084164154880593,-0.04067437949375745,surname_region_terminal,nonPH908_I2,non_I2_excl_R1a,nearest_i2_and_i2_share30_gt50,binary
0.6470588235294118,0.6585365853658537,0.6387665198237885,0.7101754385964912,51,41,227,1425,33,27,145,1012,-0.011477761836441891,-0.07140891877270272,0.05993115693626083,surname_region_terminal,nonPH908_I2,non_I2_excl_R1a,geography_plus_suffix_ic,binary
0.47058823529411764,0.3902439024390244,0.44052863436123346,0.44,51,41,227,1425,24,16,100,627,0.08034433285509324,5.286343612334599e-4,0.07981569849385978,surname_region_terminal,nonPH908_I2,non_I2_excl_R1a,geography_plus_ovic_evic,binary
0.4117647058823529,0.24390243902439024,0.2643171806167401,0.3031578947368421,51,41,227,1425,21,10,60,432,0.16786226685796268,-0.03884071412010204,0.20670298097806472,surname_region_terminal,nonPH908_I2,non_I2_excl_R1a,cloud_plus_suffix_ic,binary
0.058823529411764705,0.07317073170731707,0.09691629955947137,0.12210526315789473,51,41,227,1425,3,3,22,174,-0.014347202295552364,-0.02518896359842336,0.010841761302870997,surname_region_terminal,nonPH908_I2,non_I2_excl_R1a,cloud_plus_non_ovic_ic,binary
0.4117647058823529,0.24390243902439024,0.2643171806167401,0.3031578947368421,51,41,227,1425,21,10,60,432,0.16786226685796268,-0.03884071412010204,0.20670298097806472,surname_region_terminal,nonPH908_I2,non_I2_excl_R1a,geo_cloud_suffix_triad,binary
0,0,0,0,51,41,227,1425,0,0,0,0,0,0,0,surname_region_terminal,nonPH908_I2,non_I2_excl_R1a,elevation_ge_700,binary
0,0,0,0,51,41,227,1425,0,0,0,0,0,0,0,surname_region_terminal,nonPH908_I2,non_I2_excl_R1a,elevation_ge_900,binary
0,0,0,0,51,41,227,1425,0,0,0,0,0,0,0,surname_region_terminal,nonPH908_I2,non_I2_excl_R1a,elevation_resid_ge_100,binary
0,0,0,0,51,41,227,1425,0,0,0,0,0,0,0,surname_region_terminal,nonPH908_I2,non_I2_excl_R1a,mountain_i2_near30,binary
0,0,0,0,51,41,227,1425,0,0,0,0,0,0,0,surname_region_terminal,nonPH908_I2,non_I2_excl_R1a,mountain_cloud_i2,binary
0,0,0,0,51,41,227,1425,0,0,0,0,0,0,0,surname_region_terminal,nonPH908_I2,non_I2_excl_R1a,old_age_known,binary
0,0,0,0,51,41,227,1425,0,0,0,0,0,0,0,surname_region_terminal,nonPH908_I2,non_I2_excl_R1a,age_ge_1500,binary
0,0,0,0,51,41,227,1425,0,0,0,0,0,0,0,surname_region_terminal,nonPH908_I2,non_I2_excl_R1a,age_ge_2000,binary
0.5098039215686274,0.43902439024390244,0.3563636363636364,0.38333333333333336,51,41,275,1800,26,18,98,690,0.07077953132472498,-0.026969696969696977,0.09774922829442195,surname_region_terminal,nonPH908_I2,all_non_I2,other_i2_social,binary
0.7647058823529411,0.8292682926829268,0.7636363636363637,0.8411111111111111,51,41,275,1800,39,34,210,1514,-0.06456241032998566,-0.07747474747474747,0.01291233714476181,surname_region_terminal,nonPH908_I2,all_non_I2,other_i2_near_30km,binary
0.5294117647058824,0.5365853658536586,0.6254545454545455,0.6355555555555555,51,41,275,1800,27,22,172,1144,-0.00717360114777621,-0.010101010101010055,0.0029274089532338454,surname_region_terminal,nonPH908_I2,all_non_I2,other_i2_dist_le_20,binary
0.9215686274509803,0.9512195121951219,0.9454545454545454,0.9688888888888889,51,41,275,1800,47,39,260,1744,-0.02965088474414157,-0.023434343434343474,-0.006216541309798096,surname_region_terminal,nonPH908_I2,all_non_I2,other_i2_dist_le_50,binary
0.47058823529411764,0.36585365853658536,0.3090909090909091,0.3438888888888889,51,41,275,1800,24,15,85,619,0.10473457675753228,-0.03479797979797983,0.1395325565555121,surname_region_terminal,nonPH908_I2,all_non_I2,other_i2_cloud_social_spatial,binary
0.1568627450980392,0.0975609756097561,0.14545454545454545,0.13944444444444445,51,41,275,1800,8,4,40,251,0.05930176948828311,0.006010101010100993,0.05329166847818212,surname_region_terminal,nonPH908_I2,all_non_I2,nonph_i2_social,binary
0.3333333333333333,0.3902439024390244,0.4909090909090909,0.5544444444444444,51,41,275,1800,17,16,135,998,-0.05691056910569109,-0.0635353535353535,0.0066247844296624114,surname_region_terminal,nonPH908_I2,all_non_I2,nonph_i2_near_30km,binary
0.0784313725490196,0.024390243902439025,0.09818181818181818,0.10944444444444444,51,41,275,1800,4,1,27,197,0.05404112864658058,-0.011262626262626266,0.06530375490920684,surname_region_terminal,nonPH908_I2,all_non_I2,nonph_i2_cloud_social_spatial,binary
0.8627450980392157,0.8048780487804879,0.7854545454545454,0.825,51,41,275,1800,44,33,216,1485,0.057867049258727876,-0.03954545454545455,0.09741250380418243,surname_region_terminal,nonPH908_I2,all_non_I2,surname_ic,binary
0.5686274509803921,0.43902439024390244,0.5163636363636364,0.4811111111111111,51,41,275,1800,29,18,142,866,0.1296030607364897,0.03525252525252526,0.09435053548396444,surname_region_terminal,nonPH908_I2,all_non_I2,surname_ovic_evic,binary
0.29411764705882354,0.36585365853658536,0.2690909090909091,0.3438888888888889,51,41,275,1800,15,15,74,619,-0.07173601147776182,-0.07479797979797981,0.0030619683202179893,surname_region_terminal,nonPH908_I2,all_non_I2,surname_non_ovic_ic,binary
0.5686274509803921,0.43902439024390244,0.5236363636363637,0.4938888888888889,51,41,275,1800,29,18,144,889,0.1296030607364897,0.0297474747474748,0.0998555859890149,surname_region_terminal,nonPH908_I2,all_non_I2,surname_vic,binary
0,0,0.01818181818181818,0.0077777777777777776,51,41,275,1800,0,0,5,14,0,0.010404040404040403,-0.010404040404040403,surname_region_terminal,nonPH908_I2,all_non_I2,surname_ski,binary
0.9019607843137255,1,0.8981818181818182,0.9672222222222222,51,41,275,1800,46,41,247,1741,-0.0980392156862745,-0.06904040404040401,-0.02899881164587048,surname_region_terminal,nonPH908_I2,all_non_I2,slava_informative,binary
0.13725490196078433,0.0975609756097561,0.2290909090909091,0.13333333333333333,51,41,275,1800,7,4,63,240,0.039693926351028225,0.09575757575757576,-0.05606364940654754,surname_region_terminal,nonPH908_I2,all_non_I2,rare_slava_region_2,binary
0.37254901960784315,0.21951219512195122,0.4254545454545455,0.27111111111111114,51,41,275,1800,19,9,117,488,0.15303682448589193,0.15434343434343434,-0.0013066098575424123,surname_region_terminal,nonPH908_I2,all_non_I2,rare_slava_region_5,binary
0.7843137254901961,0.7804878048780488,0.8109090909090909,0.8016666666666666,51,41,275,1800,40,32,223,1443,0.00382592061214726,0.009242424242424274,-0.005416503630277014,surname_region_terminal,nonPH908_I2,all_non_I2,rare_surname_region_1,binary
0.9803921568627451,0.9512195121951219,0.9381818181818182,0.9188888888888889,51,41,275,1800,50,39,258,1654,0.02917264466762315,0.01929292929292936,0.009879715374693787,surname_region_terminal,nonPH908_I2,all_non_I2,rare_surname_region_2,binary
0.7843137254901961,0.8292682926829268,0.7636363636363637,0.8411111111111111,51,41,275,1800,40,34,210,1514,-0.04495456719273072,-0.07747474747474747,0.03252018028201675,surname_region_terminal,nonPH908_I2,all_non_I2,i2_ecology_near30,binary
0.6274509803921569,0.6097560975609756,0.5381818181818182,0.6388888888888888,51,41,275,1800,32,25,148,1150,0.017694882831181258,-0.10070707070707063,0.11840195353825189,surname_region_terminal,nonPH908_I2,all_non_I2,i2_ecology_dense30,binary
0.39215686274509803,0.36585365853658536,0.4509090909090909,0.5177777777777778,51,41,275,1800,20,15,124,932,0.026303204208512676,-0.06686868686868686,0.09317189107719953,surname_region_terminal,nonPH908_I2,all_non_I2,i2_ecology_diverse30,binary
0.39215686274509803,0.43902439024390244,0.38545454545454544,0.4855555555555556,51,41,275,1800,20,18,106,874,-0.04686752749880441,-0.10010101010101013,0.05323348260220573,surname_region_terminal,nonPH908_I2,all_non_I2,i2_ecology_terminal_diverse30,binary
0.09803921568627451,0.21951219512195122,0.12363636363636364,0.24722222222222223,51,41,275,1800,5,9,34,445,-0.12147297943567671,-0.12358585858585859,0.002112879150181879,surname_region_terminal,nonPH908_I2,all_non_I2,i2_ecology_share30_gt50,binary
0.0784313725490196,0.07317073170731707,0.08,0.18333333333333332,51,41,275,1800,4,3,22,330,0.005260640841702538,-0.10333333333333332,0.10859397417503586,surname_region_terminal,nonPH908_I2,all_non_I2,i2_ecology_share50_gt50,binary
0.29411764705882354,0.34146341463414637,0.2727272727272727,0.3477777777777778,51,41,275,1800,15,14,75,626,-0.04734576757532283,-0.07505050505050509,0.02770473747518226,surname_region_terminal,nonPH908_I2,all_non_I2,i2_ecology_no_r1a30,binary
0.09803921568627451,0.21951219512195122,0.12363636363636364,0.24722222222222223,51,41,275,1800,5,9,34,445,-0.12147297943567671,-0.12358585858585859,0.002112879150181879,surname_region_terminal,nonPH908_I2,all_non_I2,i2_ecology_i2_over_non_i2_30,binary
0.37254901960784315,0.36585365853658536,0.28363636363636363,0.36444444444444446,51,41,275,1800,19,15,78,656,0.006695361071257788,-0.08080808080808083,0.08750344187933862,surname_region_terminal,nonPH908_I2,all_non_I2,nearest_relic_is_i2,binary
0.0392156862745098,0.17073170731707318,0.10181818181818182,0.175,51,41,275,1800,2,7,28,315,-0.13151602104256338,-0.07318181818181817,-0.05833420286074521,surname_region_terminal,nonPH908_I2,all_non_I2,nearest_i2_and_i2_share30_gt50,binary
0.6470588235294118,0.6585365853658537,0.64,0.7038888888888889,51,41,275,1800,33,27,176,1267,-0.011477761836441891,-0.06388888888888888,0.05241112705244699,surname_region_terminal,nonPH908_I2,all_non_I2,geography_plus_suffix_ic,binary
0.47058823529411764,0.3902439024390244,0.4254545454545455,0.4211111111111111,51,41,275,1800,24,16,117,758,0.08034433285509324,0.004343434343434371,0.07600089851165887,surname_region_terminal,nonPH908_I2,all_non_I2,geography_plus_ovic_evic,binary
0.4117647058823529,0.24390243902439024,0.2581818181818182,0.2872222222222222,51,41,275,1800,21,10,71,517,0.16786226685796268,-0.029040404040404033,0.19690267089836672,surname_region_terminal,nonPH908_I2,all_non_I2,cloud_plus_suffix_ic,binary
0.058823529411764705,0.07317073170731707,0.09454545454545454,0.12,51,41,275,1800,3,3,26,216,-0.014347202295552364,-0.025454545454545452,0.011107343158993088,surname_region_terminal,nonPH908_I2,all_non_I2,cloud_plus_non_ovic_ic,binary
0.4117647058823529,0.24390243902439024,0.2581818181818182,0.2872222222222222,51,41,275,1800,21,10,71,517,0.16786226685796268,-0.029040404040404033,0.19690267089836672,surname_region_terminal,nonPH908_I2,all_non_I2,geo_cloud_suffix_triad,binary
0,0,0,0,51,41,275,1800,0,0,0,0,0,0,0,surname_region_terminal,nonPH908_I2,all_non_I2,elevation_ge_700,binary
0,0,0,0,51,41,275,1800,0,0,0,0,0,0,0,surname_region_terminal,nonPH908_I2,all_non_I2,elevation_ge_900,binary
0,0,0,0,51,41,275,1800,0,0,0,0,0,0,0,surname_region_terminal,nonPH908_I2,all_non_I2,elevation_resid_ge_100,binary
0,0,0,0,51,41,275,1800,0,0,0,0,0,0,0,surname_region_terminal,nonPH908_I2,all_non_I2,mountain_i2_near30,binary
0,0,0,0,51,41,275,1800,0,0,0,0,0,0,0,surname_region_terminal,nonPH908_I2,all_non_I2,mountain_cloud_i2,binary
0,0,0.1709090909090909,0.20833333333333334,51,41,275,1800,0,0,47,375,0,-0.03742424242424244,0.03742424242424244,surname_region_terminal,nonPH908_I2,all_non_I2,old_age_known,binary
0,0,0.10909090909090909,0.125,51,41,275,1800,0,0,30,225,0,-0.015909090909090914,0.015909090909090914,surname_region_terminal,nonPH908_I2,all_non_I2,age_ge_1500,binary
0,0,0.05818181818181818,0.11555555555555555,51,41,275,1800,0,0,16,208,0,-0.05737373737373737,0.05737373737373737,surname_region_terminal,nonPH908_I2,all_non_I2,age_ge_2000,binary
0.3541666666666667,0.344,0.3568281938325991,0.3936842105263158,48,375,227,1425,17,129,81,561,0.010166666666666713,-0.03685601669371669,0.0470226833603834,surname_region_terminal,R1a,non_I2_excl_R1a,other_i2_social,binary
0.7916666666666666,0.832,0.7577092511013216,0.8435087719298245,48,375,227,1425,38,312,172,1202,-0.04033333333333333,-0.08579952082850295,0.04546618749516962,surname_region_terminal,R1a,non_I2_excl_R1a,other_i2_near_30km,binary
0.6458333333333334,0.6373333333333333,0.6211453744493393,0.6350877192982456,48,375,227,1425,31,239,141,905,0.008500000000000063,-0.01394234484890633,0.022442344848906393,surname_region_terminal,R1a,non_I2_excl_R1a,other_i2_dist_le_20,binary
0.9791666666666666,0.96,0.9383259911894273,0.9712280701754386,48,375,227,1425,47,360,213,1384,0.019166666666666665,-0.032902078986011274,0.05206874565267794,surname_region_terminal,R1a,non_I2_excl_R1a,other_i2_dist_le_50,binary
0.3125,0.304,0.30837004405286345,0.3543859649122807,48,375,227,1425,15,114,70,505,0.008500000000000008,-0.04601592085941725,0.054515920859417255,surname_region_terminal,R1a,non_I2_excl_R1a,other_i2_cloud_social_spatial,binary
0.08333333333333333,0.10666666666666667,0.15859030837004406,0.1480701754385965,48,375,227,1425,4,40,36,211,-0.023333333333333345,0.010520132931447573,-0.03385346626478092,surname_region_terminal,R1a,non_I2_excl_R1a,nonph_i2_social,binary
0.4791666666666667,0.5306666666666666,0.4933920704845815,0.5607017543859649,48,375,227,1425,23,199,112,799,-0.051499999999999935,-0.06730968390138342,0.015809683901383487,surname_region_terminal,R1a,non_I2_excl_R1a,nonph_i2_near_30km,binary
0.08333333333333333,0.08,0.1013215859030837,0.11719298245614035,48,375,227,1425,4,30,23,167,0.003333333333333327,-0.015871396553056652,0.01920472988638998,surname_region_terminal,R1a,non_I2_excl_R1a,nonph_i2_cloud_social_spatial,binary
0.75,0.8,0.7929515418502202,0.8315789473684211,48,375,227,1425,36,300,180,1185,-0.050000000000000044,-0.038627405518200875,-0.01137259448179917,surname_region_terminal,R1a,non_I2_excl_R1a,surname_ic,binary
0.3958333333333333,0.4,0.5418502202643172,0.5024561403508772,48,375,227,1425,19,150,123,716,-0.004166666666666707,0.03939407991344002,-0.043560746580106724,surname_region_terminal,R1a,non_I2_excl_R1a,surname_ovic_evic,binary
0.3541666666666667,0.4,0.2511013215859031,0.3291228070175439,48,375,227,1425,17,150,57,469,-0.04583333333333334,-0.07802148543164078,0.03218815209830744,surname_region_terminal,R1a,non_I2_excl_R1a,surname_non_ovic_ic,binary
0.3958333333333333,0.416,0.5506607929515418,0.5143859649122807,48,375,227,1425,19,156,125,733,-0.020166666666666666,0.036274828039261076,-0.05644149470592774,surname_region_terminal,R1a,non_I2_excl_R1a,surname_vic,binary
0.020833333333333332,0.016,0.01762114537444934,0.005614035087719298,48,375,227,1425,1,6,4,8,0.004833333333333332,0.012007110286730044,-0.007173776953396712,surname_region_terminal,R1a,non_I2_excl_R1a,surname_ski,binary
0.875,0.9573333333333334,0.9030837004405287,0.9698245614035088,48,375,227,1425,42,359,205,1382,-0.08233333333333337,-0.06674086096298015,-0.015592472370353216,surname_region_terminal,R1a,non_I2_excl_R1a,slava_informative,binary
0.2708333333333333,0.152,0.22026431718061673,0.12842105263157894,48,375,227,1425,13,57,50,183,0.11883333333333332,0.0918432645490378,0.026990068784295523,surname_region_terminal,R1a,non_I2_excl_R1a,rare_slava_region_2,binary
0.4583333333333333,0.2906666666666667,0.4185022026431718,0.26596491228070174,48,375,227,1425,22,109,95,379,0.16766666666666663,0.15253729036247005,0.015129376304196585,surname_region_terminal,R1a,non_I2_excl_R1a,rare_slava_region_5,binary
0.8958333333333334,0.7946666666666666,0.7929515418502202,0.8035087719298246,48,375,227,1425,43,298,180,1145,0.10116666666666674,-0.010557230079604407,0.11172389674627115,surname_region_terminal,R1a,non_I2_excl_R1a,rare_surname_region_1,binary
0.9375,0.928,0.9383259911894273,0.9164912280701755,48,375,227,1425,45,348,213,1306,0.009499999999999953,0.02183476311925181,-0.012334763119251857,surname_region_terminal,R1a,non_I2_excl_R1a,rare_surname_region_2,binary
0.7916666666666666,0.832,0.7577092511013216,0.8435087719298245,48,375,227,1425,38,312,172,1202,-0.04033333333333333,-0.08579952082850295,0.04546618749516962,surname_region_terminal,R1a,non_I2_excl_R1a,i2_ecology_near30,binary
0.5208333333333334,0.6346666666666667,0.5418502202643172,0.64,48,375,227,1425,25,238,123,912,-0.11383333333333334,-0.09814977973568284,-0.0156835535976505,surname_region_terminal,R1a,non_I2_excl_R1a,i2_ecology_dense30,binary
0.4583333333333333,0.49333333333333335,0.44933920704845814,0.5242105263157895,48,375,227,1425,22,185,102,747,-0.03500000000000003,-0.07487131926733132,0.039871319267331284,surname_region_terminal,R1a,non_I2_excl_R1a,i2_ecology_diverse30,binary
0.4375,0.48,0.3744493392070485,0.4870175438596491,48,375,227,1425,21,180,85,694,-0.04249999999999998,-0.11256820465260065,0.07006820465260066,surname_region_terminal,R1a,non_I2_excl_R1a,i2_ecology_terminal_diverse30,binary
0.20833333333333334,0.21866666666666668,0.10572687224669604,0.25473684210526315,48,375,227,1425,10,82,24,363,-0.010333333333333333,-0.14900996985856713,0.1386766365252338,surname_region_terminal,R1a,non_I2_excl_R1a,i2_ecology_share30_gt50,binary
0.10416666666666667,0.15466666666666667,0.07488986784140969,0.19087719298245615,48,375,227,1425,5,58,17,272,-0.0505,-0.11598732514104645,0.06548732514104645,surname_region_terminal,R1a,non_I2_excl_R1a,i2_ecology_share50_gt50,binary
0.3541666666666667,0.33866666666666667,0.2555066079295154,0.35017543859649125,48,375,227,1425,17,127,58,499,0.015500000000000014,-0.09466883066697585,0.11016883066697586,surname_region_terminal,R1a,non_I2_excl_R1a,i2_ecology_no_r1a30,binary
0.20833333333333334,0.21866666666666668,0.10572687224669604,0.25473684210526315,48,375,227,1425,10,82,24,363,-0.010333333333333333,-0.14900996985856713,0.1386766365252338,surname_region_terminal,R1a,non_I2_excl_R1a,i2_ecology_i2_over_non_i2_30,binary
0.3541666666666667,0.3466666666666667,0.2687224669603524,0.36912280701754385,48,375,227,1425,17,130,61,526,0.007500000000000007,-0.10040034005719145,0.10790034005719146,surname_region_terminal,R1a,non_I2_excl_R1a,nearest_relic_is_i2,binary
0.16666666666666666,0.16,0.0881057268722467,0.17894736842105263,48,375,227,1425,8,60,20,255,0.006666666666666654,-0.09084164154880593,0.09750830821547259,surname_region_terminal,R1a,non_I2_excl_R1a,nearest_i2_and_i2_share30_gt50,binary
0.6458333333333334,0.68,0.6387665198237885,0.7101754385964912,48,375,227,1425,31,255,145,1012,-0.03416666666666668,-0.07140891877270272,0.037242252106036045,surname_region_terminal,R1a,non_I2_excl_R1a,geography_plus_suffix_ic,binary
0.3541666666666667,0.34933333333333333,0.44052863436123346,0.44,48,375,227,1425,17,131,100,627,0.004833333333333356,5.286343612334599e-4,0.004304698972099896,surname_region_terminal,R1a,non_I2_excl_R1a,geography_plus_ovic_evic,binary
0.22916666666666666,0.22666666666666666,0.2643171806167401,0.3031578947368421,48,375,227,1425,11,85,60,432,0.0025000000000000022,-0.03884071412010204,0.04134071412010204,surname_region_terminal,R1a,non_I2_excl_R1a,cloud_plus_suffix_ic,binary
0.08333333333333333,0.112,0.09691629955947137,0.12210526315789473,48,375,227,1425,4,42,22,174,-0.028666666666666674,-0.02518896359842336,-0.0034777030682433124,surname_region_terminal,R1a,non_I2_excl_R1a,cloud_plus_non_ovic_ic,binary
0.22916666666666666,0.22666666666666666,0.2643171806167401,0.3031578947368421,48,375,227,1425,11,85,60,432,0.0025000000000000022,-0.03884071412010204,0.04134071412010204,surname_region_terminal,R1a,non_I2_excl_R1a,geo_cloud_suffix_triad,binary
0,0,0,0,48,375,227,1425,0,0,0,0,0,0,0,surname_region_terminal,R1a,non_I2_excl_R1a,elevation_ge_700,binary
0,0,0,0,48,375,227,1425,0,0,0,0,0,0,0,surname_region_terminal,R1a,non_I2_excl_R1a,elevation_ge_900,binary
0,0,0,0,48,375,227,1425,0,0,0,0,0,0,0,surname_region_terminal,R1a,non_I2_excl_R1a,elevation_resid_ge_100,binary
0,0,0,0,48,375,227,1425,0,0,0,0,0,0,0,surname_region_terminal,R1a,non_I2_excl_R1a,mountain_i2_near30,binary
0,0,0,0,48,375,227,1425,0,0,0,0,0,0,0,surname_region_terminal,R1a,non_I2_excl_R1a,mountain_cloud_i2,binary
0.9791666666666666,1,0,0,48,375,227,1425,47,375,0,0,-0.02083333333333337,0,-0.02083333333333337,surname_region_terminal,R1a,non_I2_excl_R1a,old_age_known,binary
0.625,0.6,0,0,48,375,227,1425,30,225,0,0,0.025000000000000022,0,0.025000000000000022,surname_region_terminal,R1a,non_I2_excl_R1a,age_ge_1500,binary
0.3333333333333333,0.5546666666666666,0,0,48,375,227,1425,16,208,0,0,-0.22133333333333333,0,-0.22133333333333333,surname_region_terminal,R1a,non_I2_excl_R1a,age_ge_2000,binary
0.3541666666666667,0.344,0.3568281938325991,0.3936842105263158,48,375,227,1425,17,129,81,561,0.010166666666666713,-0.03685601669371669,0.0470226833603834,surname_region_terminal,R1a,all_non_I2,other_i2_social,binary
0.7916666666666666,0.832,0.7577092511013216,0.8435087719298245,48,375,227,1425,38,312,172,1202,-0.04033333333333333,-0.08579952082850295,0.04546618749516962,surname_region_terminal,R1a,all_non_I2,other_i2_near_30km,binary
0.6458333333333334,0.6373333333333333,0.6211453744493393,0.6350877192982456,48,375,227,1425,31,239,141,905,0.008500000000000063,-0.01394234484890633,0.022442344848906393,surname_region_terminal,R1a,all_non_I2,other_i2_dist_le_20,binary
0.9791666666666666,0.96,0.9383259911894273,0.9712280701754386,48,375,227,1425,47,360,213,1384,0.019166666666666665,-0.032902078986011274,0.05206874565267794,surname_region_terminal,R1a,all_non_I2,other_i2_dist_le_50,binary
0.3125,0.304,0.30837004405286345,0.3543859649122807,48,375,227,1425,15,114,70,505,0.008500000000000008,-0.04601592085941725,0.054515920859417255,surname_region_terminal,R1a,all_non_I2,other_i2_cloud_social_spatial,binary
0.08333333333333333,0.10666666666666667,0.15859030837004406,0.1480701754385965,48,375,227,1425,4,40,36,211,-0.023333333333333345,0.010520132931447573,-0.03385346626478092,surname_region_terminal,R1a,all_non_I2,nonph_i2_social,binary
0.4791666666666667,0.5306666666666666,0.4933920704845815,0.5607017543859649,48,375,227,1425,23,199,112,799,-0.051499999999999935,-0.06730968390138342,0.015809683901383487,surname_region_terminal,R1a,all_non_I2,nonph_i2_near_30km,binary
0.08333333333333333,0.08,0.1013215859030837,0.11719298245614035,48,375,227,1425,4,30,23,167,0.003333333333333327,-0.015871396553056652,0.01920472988638998,surname_region_terminal,R1a,all_non_I2,nonph_i2_cloud_social_spatial,binary
0.75,0.8,0.7929515418502202,0.8315789473684211,48,375,227,1425,36,300,180,1185,-0.050000000000000044,-0.038627405518200875,-0.01137259448179917,surname_region_terminal,R1a,all_non_I2,surname_ic,binary
0.3958333333333333,0.4,0.5418502202643172,0.5024561403508772,48,375,227,1425,19,150,123,716,-0.004166666666666707,0.03939407991344002,-0.043560746580106724,surname_region_terminal,R1a,all_non_I2,surname_ovic_evic,binary
0.3541666666666667,0.4,0.2511013215859031,0.3291228070175439,48,375,227,1425,17,150,57,469,-0.04583333333333334,-0.07802148543164078,0.03218815209830744,surname_region_terminal,R1a,all_non_I2,surname_non_ovic_ic,binary
0.3958333333333333,0.416,0.5506607929515418,0.5143859649122807,48,375,227,1425,19,156,125,733,-0.020166666666666666,0.036274828039261076,-0.05644149470592774,surname_region_terminal,R1a,all_non_I2,surname_vic,binary
0.020833333333333332,0.016,0.01762114537444934,0.005614035087719298,48,375,227,1425,1,6,4,8,0.004833333333333332,0.012007110286730044,-0.007173776953396712,surname_region_terminal,R1a,all_non_I2,surname_ski,binary
0.875,0.9573333333333334,0.9030837004405287,0.9698245614035088,48,375,227,1425,42,359,205,1382,-0.08233333333333337,-0.06674086096298015,-0.015592472370353216,surname_region_terminal,R1a,all_non_I2,slava_informative,binary
0.2708333333333333,0.152,0.22026431718061673,0.12842105263157894,48,375,227,1425,13,57,50,183,0.11883333333333332,0.0918432645490378,0.026990068784295523,surname_region_terminal,R1a,all_non_I2,rare_slava_region_2,binary
0.4583333333333333,0.2906666666666667,0.4185022026431718,0.26596491228070174,48,375,227,1425,22,109,95,379,0.16766666666666663,0.15253729036247005,0.015129376304196585,surname_region_terminal,R1a,all_non_I2,rare_slava_region_5,binary
0.8958333333333334,0.7946666666666666,0.7929515418502202,0.8035087719298246,48,375,227,1425,43,298,180,1145,0.10116666666666674,-0.010557230079604407,0.11172389674627115,surname_region_terminal,R1a,all_non_I2,rare_surname_region_1,binary
0.9375,0.928,0.9383259911894273,0.9164912280701755,48,375,227,1425,45,348,213,1306,0.009499999999999953,0.02183476311925181,-0.012334763119251857,surname_region_terminal,R1a,all_non_I2,rare_surname_region_2,binary
0.7916666666666666,0.832,0.7577092511013216,0.8435087719298245,48,375,227,1425,38,312,172,1202,-0.04033333333333333,-0.08579952082850295,0.04546618749516962,surname_region_terminal,R1a,all_non_I2,i2_ecology_near30,binary
0.5208333333333334,0.6346666666666667,0.5418502202643172,0.64,48,375,227,1425,25,238,123,912,-0.11383333333333334,-0.09814977973568284,-0.0156835535976505,surname_region_terminal,R1a,all_non_I2,i2_ecology_dense30,binary
0.4583333333333333,0.49333333333333335,0.44933920704845814,0.5242105263157895,48,375,227,1425,22,185,102,747,-0.03500000000000003,-0.07487131926733132,0.039871319267331284,surname_region_terminal,R1a,all_non_I2,i2_ecology_diverse30,binary
0.4375,0.48,0.3744493392070485,0.4870175438596491,48,375,227,1425,21,180,85,694,-0.04249999999999998,-0.11256820465260065,0.07006820465260066,surname_region_terminal,R1a,all_non_I2,i2_ecology_terminal_diverse30,binary
0.20833333333333334,0.21866666666666668,0.10572687224669604,0.25473684210526315,48,375,227,1425,10,82,24,363,-0.010333333333333333,-0.14900996985856713,0.1386766365252338,surname_region_terminal,R1a,all_non_I2,i2_ecology_share30_gt50,binary
0.10416666666666667,0.15466666666666667,0.07488986784140969,0.19087719298245615,48,375,227,1425,5,58,17,272,-0.0505,-0.11598732514104645,0.06548732514104645,surname_region_terminal,R1a,all_non_I2,i2_ecology_share50_gt50,binary
0.3541666666666667,0.33866666666666667,0.2555066079295154,0.35017543859649125,48,375,227,1425,17,127,58,499,0.015500000000000014,-0.09466883066697585,0.11016883066697586,surname_region_terminal,R1a,all_non_I2,i2_ecology_no_r1a30,binary
0.20833333333333334,0.21866666666666668,0.10572687224669604,0.25473684210526315,48,375,227,1425,10,82,24,363,-0.010333333333333333,-0.14900996985856713,0.1386766365252338,surname_region_terminal,R1a,all_non_I2,i2_ecology_i2_over_non_i2_30,binary
0.3541666666666667,0.3466666666666667,0.2687224669603524,0.36912280701754385,48,375,227,1425,17,130,61,526,0.007500000000000007,-0.10040034005719145,0.10790034005719146,surname_region_terminal,R1a,all_non_I2,nearest_relic_is_i2,binary
0.16666666666666666,0.16,0.0881057268722467,0.17894736842105263,48,375,227,1425,8,60,20,255,0.006666666666666654,-0.09084164154880593,0.09750830821547259,surname_region_terminal,R1a,all_non_I2,nearest_i2_and_i2_share30_gt50,binary
0.6458333333333334,0.68,0.6387665198237885,0.7101754385964912,48,375,227,1425,31,255,145,1012,-0.03416666666666668,-0.07140891877270272,0.037242252106036045,surname_region_terminal,R1a,all_non_I2,geography_plus_suffix_ic,binary
0.3541666666666667,0.34933333333333333,0.44052863436123346,0.44,48,375,227,1425,17,131,100,627,0.004833333333333356,5.286343612334599e-4,0.004304698972099896,surname_region_terminal,R1a,all_non_I2,geography_plus_ovic_evic,binary
0.22916666666666666,0.22666666666666666,0.2643171806167401,0.3031578947368421,48,375,227,1425,11,85,60,432,0.0025000000000000022,-0.03884071412010204,0.04134071412010204,surname_region_terminal,R1a,all_non_I2,cloud_plus_suffix_ic,binary
0.08333333333333333,0.112,0.09691629955947137,0.12210526315789473,48,375,227,1425,4,42,22,174,-0.028666666666666674,-0.02518896359842336,-0.0034777030682433124,surname_region_terminal,R1a,all_non_I2,cloud_plus_non_ovic_ic,binary
0.22916666666666666,0.22666666666666666,0.2643171806167401,0.3031578947368421,48,375,227,1425,11,85,60,432,0.0025000000000000022,-0.03884071412010204,0.04134071412010204,surname_region_terminal,R1a,all_non_I2,geo_cloud_suffix_triad,binary
0,0,0,0,48,375,227,1425,0,0,0,0,0,0,0,surname_region_terminal,R1a,all_non_I2,elevation_ge_700,binary
0,0,0,0,48,375,227,1425,0,0,0,0,0,0,0,surname_region_terminal,R1a,all_non_I2,elevation_ge_900,binary
0,0,0,0,48,375,227,1425,0,0,0,0,0,0,0,surname_region_terminal,R1a,all_non_I2,elevation_resid_ge_100,binary
0,0,0,0,48,375,227,1425,0,0,0,0,0,0,0,surname_region_terminal,R1a,all_non_I2,mountain_i2_near30,binary
0,0,0,0,48,375,227,1425,0,0,0,0,0,0,0,surname_region_terminal,R1a,all_non_I2,mountain_cloud_i2,binary
0.9791666666666666,1,0,0,48,375,227,1425,47,375,0,0,-0.02083333333333337,0,-0.02083333333333337,surname_region_terminal,R1a,all_non_I2,old_age_known,binary
0.625,0.6,0,0,48,375,227,1425,30,225,0,0,0.025000000000000022,0,0.025000000000000022,surname_region_terminal,R1a,all_non_I2,age_ge_1500,binary
0.3333333333333333,0.5546666666666666,0,0,48,375,227,1425,16,208,0,0,-0.22133333333333333,0,-0.22133333333333333,surname_region_terminal,R1a,all_non_I2,age_ge_2000,binary
0.3389830508474576,0.4067796610169492,0.3630952380952381,0.3925019127773527,59,118,168,1307,20,48,61,513,-0.06779661016949157,-0.02940667468211461,-0.03838993548737696,surname_region_terminal,R1b,non_I2_excl_R1a,other_i2_social,binary
0.7966101694915254,0.8135593220338984,0.7440476190476191,0.846212700841622,59,118,168,1307,47,96,125,1106,-0.016949152542372947,-0.10216508179400297,0.08521592925163002,surname_region_terminal,R1b,non_I2_excl_R1a,other_i2_near_30km,binary
0.6440677966101694,0.5338983050847458,0.6130952380952381,0.6442234123947972,59,118,168,1307,38,63,103,842,0.11016949152542366,-0.031128174299559053,0.1412976658249827,surname_region_terminal,R1b,non_I2_excl_R1a,other_i2_dist_le_20,binary
0.9491525423728814,0.9491525423728814,0.9345238095238095,0.973221117061974,59,118,168,1307,56,112,157,1272,0,-0.03869730753816447,0.03869730753816447,surname_region_terminal,R1b,non_I2_excl_R1a,other_i2_dist_le_50,binary
0.3389830508474576,0.3644067796610169,0.2976190476190476,0.35348125478194337,59,118,168,1307,20,43,50,462,-0.02542372881355931,-0.05586220716289575,0.03043847834933644,surname_region_terminal,R1b,non_I2_excl_R1a,other_i2_cloud_social_spatial,binary
0.13559322033898305,0.17796610169491525,0.16666666666666666,0.14537107880642694,59,118,168,1307,8,21,28,190,-0.0423728813559322,0.021295587860239718,-0.06366846921617192,surname_region_terminal,R1b,non_I2_excl_R1a,nonph_i2_social,binary
0.4576271186440678,0.5423728813559322,0.5059523809523809,0.5623565416985463,59,118,168,1307,27,64,85,735,-0.0847457627118644,-0.05640416074616539,-0.028341601965699015,surname_region_terminal,R1b,non_I2_excl_R1a,nonph_i2_near_30km,binary
0.06779661016949153,0.1271186440677966,0.1130952380952381,0.11629686304514154,59,118,168,1307,4,15,19,152,-0.05932203389830508,-0.0032016249499034477,-0.05612040894840163,surname_region_terminal,R1b,non_I2_excl_R1a,nonph_i2_cloud_social_spatial,binary
0.8135593220338984,0.8050847457627118,0.7857142857142857,0.8339709257842387,59,118,168,1307,48,95,132,1090,0.008474576271186529,-0.048256640069953005,0.056731216341139534,surname_region_terminal,R1b,non_I2_excl_R1a,surname_ic,binary
0.5423728813559322,0.5254237288135594,0.5416666666666666,0.5003825554705432,59,118,168,1307,32,62,91,654,0.016949152542372836,0.04128411119612341,-0.02433495865375057,surname_region_terminal,R1b,non_I2_excl_R1a,surname_ovic_evic,binary
0.2711864406779661,0.2796610169491525,0.24404761904761904,0.3335883703136955,59,118,168,1307,16,33,41,436,-0.008474576271186418,-0.08954075126607644,0.08106617499489002,surname_region_terminal,R1b,non_I2_excl_R1a,surname_non_ovic_ic,binary
0.559322033898305,0.5423728813559322,0.5476190476190477,0.5118592195868401,59,118,168,1307,33,64,92,669,0.016949152542372836,0.035759828032207563,-0.018810675489834727,surname_region_terminal,R1b,non_I2_excl_R1a,surname_vic,binary
0.01694915254237288,0,0.017857142857142856,0.00612088752869166,59,118,168,1307,1,0,3,8,0.01694915254237288,0.011736255328451196,0.005212897213921685,surname_region_terminal,R1b,non_I2_excl_R1a,surname_ski,binary
0.9322033898305084,0.9152542372881356,0.8928571428571429,0.9747513389441469,59,118,168,1307,55,108,150,1274,0.016949152542372836,-0.08189419608700399,0.09884334862937683,surname_region_terminal,R1b,non_I2_excl_R1a,slava_informative,binary
0.2542372881355932,0.11864406779661017,0.20833333333333334,0.12930374904361133,59,118,168,1307,15,14,35,169,0.13559322033898302,0.07902958428972201,0.05656363604926101,surname_region_terminal,R1b,non_I2_excl_R1a,rare_slava_region_2,binary
0.3898305084745763,0.3474576271186441,0.42857142857142855,0.25860749808722266,59,118,168,1307,23,41,72,338,0.0423728813559322,0.16996393048420588,-0.12759104912827368,surname_region_terminal,R1b,non_I2_excl_R1a,rare_slava_region_5,binary
0.8135593220338984,0.7542372881355932,0.7857142857142857,0.8079571537872992,59,118,168,1307,48,89,132,1056,0.05932203389830515,-0.022242868073013455,0.0815649019713186,surname_region_terminal,R1b,non_I2_excl_R1a,rare_surname_region_1,binary
0.9830508474576272,0.9067796610169492,0.9226190476190477,0.9173680183626626,59,118,168,1307,58,107,155,1199,0.07627118644067798,0.005251029256385098,0.07102015718429289,surname_region_terminal,R1b,non_I2_excl_R1a,rare_surname_region_2,binary
0.7966101694915254,0.8135593220338984,0.7440476190476191,0.846212700841622,59,118,168,1307,47,96,125,1106,-0.016949152542372947,-0.10216508179400297,0.08521592925163002,surname_region_terminal,R1b,non_I2_excl_R1a,i2_ecology_near30,binary
0.4915254237288136,0.5677966101694916,0.5595238095238095,0.6465187452180566,59,118,168,1307,29,67,94,845,-0.07627118644067798,-0.0869949356942471,0.010723749253569115,surname_region_terminal,R1b,non_I2_excl_R1a,i2_ecology_dense30,binary
0.3389830508474576,0.4576271186440678,0.4880952380952381,0.5302218821729151,59,118,168,1307,20,54,82,693,-0.11864406779661019,-0.04212664407767702,-0.07651742371893316,surname_region_terminal,R1b,non_I2_excl_R1a,i2_ecology_diverse30,binary
0.3898305084745763,0.4576271186440678,0.36904761904761907,0.48967100229533284,59,118,168,1307,23,54,62,640,-0.06779661016949151,-0.12062338324771377,0.052826773078222256,surname_region_terminal,R1b,non_I2_excl_R1a,i2_ecology_terminal_diverse30,binary
0.0847457627118644,0.2457627118644068,0.1130952380952381,0.25554705432287683,59,118,168,1307,5,29,19,334,-0.1610169491525424,-0.14245181622763875,-0.018565132924903638,surname_region_terminal,R1b,non_I2_excl_R1a,i2_ecology_share30_gt50,binary
0.03389830508474576,0.1440677966101695,0.08928571428571429,0.19510328997704668,59,118,168,1307,2,17,15,255,-0.11016949152542374,-0.10581757569133239,-0.004351915834091349,surname_region_terminal,R1b,non_I2_excl_R1a,i2_ecology_share50_gt50,binary
0.2033898305084746,0.3474576271186441,0.27380952380952384,0.35042081101759753,59,118,168,1307,12,41,46,458,-0.1440677966101695,-0.0766112872080737,-0.0674565094020958,surname_region_terminal,R1b,non_I2_excl_R1a,i2_ecology_no_r1a30,binary
0.0847457627118644,0.2457627118644068,0.1130952380952381,0.25554705432287683,59,118,168,1307,5,29,19,334,-0.1610169491525424,-0.14245181622763875,-0.018565132924903638,surname_region_terminal,R1b,non_I2_excl_R1a,i2_ecology_i2_over_non_i2_30,binary
0.2542372881355932,0.2796610169491525,0.27380952380952384,0.3771996939556236,59,118,168,1307,15,33,46,493,-0.02542372881355931,-0.10339017014609975,0.07796644133254044,surname_region_terminal,R1b,non_I2_excl_R1a,nearest_relic_is_i2,binary
0.03389830508474576,0.1271186440677966,0.10714285714285714,0.18362662586074982,59,118,168,1307,2,15,18,240,-0.09322033898305085,-0.07648376871789268,-0.016736570265158165,surname_region_terminal,R1b,non_I2_excl_R1a,nearest_i2_and_i2_share30_gt50,binary
0.6949152542372882,0.6949152542372882,0.6190476190476191,0.7115531752104055,59,118,168,1307,41,82,104,930,0,-0.09250555616278644,0.09250555616278644,surname_region_terminal,R1b,non_I2_excl_R1a,geography_plus_suffix_ic,binary
0.4576271186440678,0.4406779661016949,0.43452380952380953,0.43993879112471307,59,118,168,1307,27,52,73,575,0.01694915254237289,-0.0054149816009035345,0.022364134143276426,surname_region_terminal,R1b,non_I2_excl_R1a,geography_plus_ovic_evic,binary
0.3050847457627119,0.3474576271186441,0.25,0.2991583779648049,59,118,168,1307,18,41,42,391,-0.0423728813559322,-0.04915837796480488,0.0067854966088726765,surname_region_terminal,R1b,non_I2_excl_R1a,cloud_plus_suffix_ic,binary
0.13559322033898305,0.11016949152542373,0.08333333333333333,0.12318286151491967,59,118,168,1307,8,13,14,161,0.025423728813559324,-0.03984952818158634,0.06527325699514566,surname_region_terminal,R1b,non_I2_excl_R1a,cloud_plus_non_ovic_ic,binary
0.3050847457627119,0.3474576271186441,0.25,0.2991583779648049,59,118,168,1307,18,41,42,391,-0.0423728813559322,-0.04915837796480488,0.0067854966088726765,surname_region_terminal,R1b,non_I2_excl_R1a,geo_cloud_suffix_triad,binary
0,0,0,0,59,118,168,1307,0,0,0,0,0,0,0,surname_region_terminal,R1b,non_I2_excl_R1a,elevation_ge_700,binary
0,0,0,0,59,118,168,1307,0,0,0,0,0,0,0,surname_region_terminal,R1b,non_I2_excl_R1a,elevation_ge_900,binary
0,0,0,0,59,118,168,1307,0,0,0,0,0,0,0,surname_region_terminal,R1b,non_I2_excl_R1a,elevation_resid_ge_100,binary
0,0,0,0,59,118,168,1307,0,0,0,0,0,0,0,surname_region_terminal,R1b,non_I2_excl_R1a,mountain_i2_near30,binary
0,0,0,0,59,118,168,1307,0,0,0,0,0,0,0,surname_region_terminal,R1b,non_I2_excl_R1a,mountain_cloud_i2,binary
0,0,0,0,59,118,168,1307,0,0,0,0,0,0,0,surname_region_terminal,R1b,non_I2_excl_R1a,old_age_known,binary
0,0,0,0,59,118,168,1307,0,0,0,0,0,0,0,surname_region_terminal,R1b,non_I2_excl_R1a,age_ge_1500,binary
0,0,0,0,59,118,168,1307,0,0,0,0,0,0,0,surname_region_terminal,R1b,non_I2_excl_R1a,age_ge_2000,binary
0.3389830508474576,0.4067796610169492,0.3611111111111111,0.3816884661117717,59,118,216,1682,20,48,78,642,-0.06779661016949157,-0.020577355000660602,-0.047219255168830965,surname_region_terminal,R1b,all_non_I2,other_i2_social,binary
0.7966101694915254,0.8135593220338984,0.7546296296296297,0.8430439952437574,59,118,216,1682,47,96,163,1418,-0.016949152542372947,-0.08841436561412774,0.0714652130717548,surname_region_terminal,R1b,all_non_I2,other_i2_near_30km,binary
0.6440677966101694,0.5338983050847458,0.6203703703703703,0.6426872770511296,59,118,216,1682,38,63,134,1081,0.11016949152542366,-0.022316906680759252,0.1324863982061829,surname_region_terminal,R1b,all_non_I2,other_i2_dist_le_20,binary
0.9491525423728814,0.9491525423728814,0.9444444444444444,0.9702734839476813,59,118,216,1682,56,112,204,1632,0,-0.025829039503236895,0.025829039503236895,surname_region_terminal,R1b,all_non_I2,other_i2_dist_le_50,binary
0.3389830508474576,0.3644067796610169,0.30092592592592593,0.34244946492271106,59,118,216,1682,20,43,65,576,-0.02542372881355931,-0.041523538996785125,0.016099810183225816,surname_region_terminal,R1b,all_non_I2,other_i2_cloud_social_spatial,binary
0.13559322033898305,0.17796610169491525,0.14814814814814814,0.1367419738406659,59,118,216,1682,8,21,32,230,-0.0423728813559322,0.011406174307482253,-0.053779055663414455,surname_region_terminal,R1b,all_non_I2,nonph_i2_social,binary
0.4576271186440678,0.5423728813559322,0.5,0.5552913198573127,59,118,216,1682,27,64,108,934,-0.0847457627118644,-0.055291319857312726,-0.029454442854551677,surname_region_terminal,R1b,all_non_I2,nonph_i2_near_30km,binary
0.06779661016949153,0.1271186440677966,0.10648148148148148,0.10820451843043995,59,118,216,1682,4,15,23,182,-0.05932203389830508,-0.0017230369489584646,-0.057598996949346615,surname_region_terminal,R1b,all_non_I2,nonph_i2_cloud_social_spatial,binary
0.8135593220338984,0.8050847457627118,0.7777777777777778,0.8263971462544589,59,118,216,1682,48,95,168,1390,0.008474576271186529,-0.048619368476681135,0.057093944747867664,surname_region_terminal,R1b,all_non_I2,surname_ic,binary
0.5423728813559322,0.5254237288135594,0.5092592592592593,0.4780023781212842,59,118,216,1682,32,62,110,804,0.016949152542372836,0.03125688113797509,-0.014307728595602254,surname_region_terminal,R1b,all_non_I2,surname_ovic_evic,binary
0.2711864406779661,0.2796610169491525,0.26851851851851855,0.34839476813317477,59,118,216,1682,16,33,58,586,-0.008474576271186418,-0.07987624961465623,0.07140167334346981,surname_region_terminal,R1b,all_non_I2,surname_non_ovic_ic,binary
0.559322033898305,0.5423728813559322,0.5138888888888888,0.49048751486325803,59,118,216,1682,33,64,111,825,0.016949152542372836,0.023401374025630806,-0.006452221483257969,surname_region_terminal,R1b,all_non_I2,surname_vic,binary
0.01694915254237288,0,0.018518518518518517,0.008323424494649227,59,118,216,1682,1,0,4,14,0.01694915254237288,0.01019509402386929,0.006754058518503591,surname_region_terminal,R1b,all_non_I2,surname_ski,binary
0.9322033898305084,0.9152542372881356,0.8888888888888888,0.9708680142687277,59,118,216,1682,55,108,192,1633,0.016949152542372836,-0.08197912537983887,0.0989282779222117,surname_region_terminal,R1b,all_non_I2,slava_informative,binary
0.2542372881355932,0.11864406779661017,0.2222222222222222,0.13436385255648037,59,118,216,1682,15,14,48,226,0.13559322033898302,0.08785836966574184,0.04773485067324118,surname_region_terminal,R1b,all_non_I2,rare_slava_region_2,binary
0.3898305084745763,0.3474576271186441,0.4351851851851852,0.2657550535077289,59,118,216,1682,23,41,94,447,0.0423728813559322,0.1694301316774563,-0.1270572503215241,surname_region_terminal,R1b,all_non_I2,rare_slava_region_5,binary
0.8135593220338984,0.7542372881355932,0.8101851851851852,0.8049940546967895,59,118,216,1682,48,89,175,1354,0.05932203389830515,0.005191130488395701,0.05413090340990945,surname_region_terminal,R1b,all_non_I2,rare_surname_region_1,binary
0.9830508474576272,0.9067796610169492,0.9259259259259259,0.9197384066587396,59,118,216,1682,58,107,200,1547,0.07627118644067798,0.006187519267186303,0.07008366717349168,surname_region_terminal,R1b,all_non_I2,rare_surname_region_2,binary
0.7966101694915254,0.8135593220338984,0.7546296296296297,0.8430439952437574,59,118,216,1682,47,96,163,1418,-0.016949152542372947,-0.08841436561412774,0.0714652130717548,surname_region_terminal,R1b,all_non_I2,i2_ecology_near30,binary
0.4915254237288136,0.5677966101694916,0.5509259259259259,0.6438763376932224,59,118,216,1682,29,67,119,1083,-0.07627118644067798,-0.09295041176729646,0.016679225326618474,surname_region_terminal,R1b,all_non_I2,i2_ecology_dense30,binary
0.3389830508474576,0.4576271186440678,0.48148148148148145,0.5219976218787158,59,118,216,1682,20,54,104,878,-0.11864406779661019,-0.040516140397234335,-0.07812792739937585,surname_region_terminal,R1b,all_non_I2,i2_ecology_diverse30,binary
0.3898305084745763,0.4576271186440678,0.38425925925925924,0.4875148632580262,59,118,216,1682,23,54,83,820,-0.06779661016949151,-0.10325560399876693,0.03545899382927542,surname_region_terminal,R1b,all_non_I2,i2_ecology_terminal_diverse30,binary
0.0847457627118644,0.2457627118644068,0.13425925925925927,0.2473246135552913,59,118,216,1682,5,29,29,416,-0.1610169491525424,-0.11306535429603204,-0.04795159485651035,surname_region_terminal,R1b,all_non_I2,i2_ecology_share30_gt50,binary
0.03389830508474576,0.1440677966101695,0.09259259259259259,0.18608799048751487,59,118,216,1682,2,17,20,313,-0.11016949152542374,-0.09349539789492228,-0.016674093630501458,surname_region_terminal,R1b,all_non_I2,i2_ecology_share50_gt50,binary
0.2033898305084746,0.3474576271186441,0.2916666666666667,0.34780023781212843,59,118,216,1682,12,41,63,585,-0.1440677966101695,-0.05613357114546175,-0.08793422546470775,surname_region_terminal,R1b,all_non_I2,i2_ecology_no_r1a30,binary
0.0847457627118644,0.2457627118644068,0.13425925925925927,0.2473246135552913,59,118,216,1682,5,29,29,416,-0.1610169491525424,-0.11306535429603204,-0.04795159485651035,surname_region_terminal,R1b,all_non_I2,i2_ecology_i2_over_non_i2_30,binary
0.2542372881355932,0.2796610169491525,0.2916666666666667,0.3703923900118906,59,118,216,1682,15,33,63,623,-0.02542372881355931,-0.07872572334522393,0.05330199453166462,surname_region_terminal,R1b,all_non_I2,nearest_relic_is_i2,binary
0.03389830508474576,0.1271186440677966,0.12037037037037036,0.178359096313912,59,118,216,1682,2,15,26,300,-0.09322033898305085,-0.05798872594354164,-0.03523161303950921,surname_region_terminal,R1b,all_non_I2,nearest_i2_and_i2_share30_gt50,binary
0.6949152542372882,0.6949152542372882,0.625,0.7045184304399524,59,118,216,1682,41,82,135,1185,0,-0.07951843043995244,0.07951843043995244,surname_region_terminal,R1b,all_non_I2,geography_plus_suffix_ic,binary
0.4576271186440678,0.4406779661016949,0.4166666666666667,0.41973840665873957,59,118,216,1682,27,52,90,706,0.01694915254237289,-0.003071739992072886,0.020020892534445778,surname_region_terminal,R1b,all_non_I2,geography_plus_ovic_evic,binary
0.3050847457627119,0.3474576271186441,0.24537037037037038,0.28299643281807374,59,118,216,1682,18,41,53,476,-0.0423728813559322,-0.03762606244770336,-0.004746818908228839,surname_region_terminal,R1b,all_non_I2,cloud_plus_suffix_ic,binary
0.13559322033898305,0.11016949152542373,0.08333333333333333,0.1206896551724138,59,118,216,1682,8,13,18,203,0.025423728813559324,-0.03735632183908047,0.0627800506526398,surname_region_terminal,R1b,all_non_I2,cloud_plus_non_ovic_ic,binary
0.3050847457627119,0.3474576271186441,0.24537037037037038,0.28299643281807374,59,118,216,1682,18,41,53,476,-0.0423728813559322,-0.03762606244770336,-0.004746818908228839,surname_region_terminal,R1b,all_non_I2,geo_cloud_suffix_triad,binary
0,0,0,0,59,118,216,1682,0,0,0,0,0,0,0,surname_region_terminal,R1b,all_non_I2,elevation_ge_700,binary
0,0,0,0,59,118,216,1682,0,0,0,0,0,0,0,surname_region_terminal,R1b,all_non_I2,elevation_ge_900,binary
0,0,0,0,59,118,216,1682,0,0,0,0,0,0,0,surname_region_terminal,R1b,all_non_I2,elevation_resid_ge_100,binary
0,0,0,0,59,118,216,1682,0,0,0,0,0,0,0,surname_region_terminal,R1b,all_non_I2,mountain_i2_near30,binary
0,0,0,0,59,118,216,1682,0,0,0,0,0,0,0,surname_region_terminal,R1b,all_non_I2,mountain_cloud_i2,binary
0,0,0.2175925925925926,0.22294887039239,59,118,216,1682,0,0,47,375,0,-0.005356277799797415,0.005356277799797415,surname_region_terminal,R1b,all_non_I2,old_age_known,binary
0,0,0.1388888888888889,0.133769322235434,59,118,216,1682,0,0,30,225,0,0.005119566653454893,-0.005119566653454893,surname_region_terminal,R1b,all_non_I2,age_ge_1500,binary
0,0,0.07407407407407407,0.12366230677764566,59,118,216,1682,0,0,16,208,0,-0.049588232703571586,0.049588232703571586,surname_region_terminal,R1b,all_non_I2,age_ge_2000,binary
0.2857142857142857,0.3614457831325301,0.37640449438202245,0.4005102040816326,49,249,178,1176,14,90,67,471,-0.07573149741824442,-0.02410570969961018,-0.05162578771863424,surname_region_terminal,J2,non_I2_excl_R1a,other_i2_social,binary
0.7142857142857143,0.8273092369477911,0.7696629213483146,0.8469387755102041,49,249,178,1176,35,206,137,996,-0.11302352266207683,-0.07727585416188953,-0.03574766850018729,surname_region_terminal,J2,non_I2_excl_R1a,other_i2_near_30km,binary
0.5918367346938775,0.5903614457831325,0.6292134831460674,0.6445578231292517,49,249,178,1176,29,147,112,758,0.0014752889107449985,-0.015344339983184296,0.016819628893929295,surname_region_terminal,J2,non_I2_excl_R1a,other_i2_dist_le_20,binary
0.9387755102040817,0.9799196787148594,0.9382022471910112,0.9693877551020408,49,249,178,1176,46,244,167,1140,-0.041144168510777734,-0.031185507911029586,-0.009958660599748148,surname_region_terminal,J2,non_I2_excl_R1a,other_i2_dist_le_50,binary
0.20408163265306123,0.3333333333333333,0.33707865168539325,0.358843537414966,49,249,178,1176,10,83,60,422,-0.12925170068027209,-0.021764885729572747,-0.10748681495069934,surname_region_terminal,J2,non_I2_excl_R1a,other_i2_cloud_social_spatial,binary
0.16326530612244897,0.12449799196787148,0.15730337078651685,0.15306122448979592,49,249,178,1176,8,31,28,180,0.03876731415457749,0.004242146296720928,0.03452516785785656,surname_region_terminal,J2,non_I2_excl_R1a,nonph_i2_social,binary
0.4489795918367347,0.54216867469879515,0.5056179775280899,0.564625850340136,49,249,178,1176,22,135,90,664,-0.09318908286206046,-0.059007872812046114,-0.03418121005001434,surname_region_terminal,J2,non_I2_excl_R1a,nonph_i2_near_30km,binary
0.12244897959183673,0.09236947791164658,0.09550561797752809,0.12244897959183673,49,249,178,1176,6,23,17,144,0.03007950168019015,-0.026943361614308645,0.05702286329449879,surname_region_terminal,J2,non_I2_excl_R1a,nonph_i2_cloud_social_spatial,binary
0.6938775510204082,0.7991967871485943,0.8202247191011236,0.8384353741496599,49,249,178,1176,34,199,146,986,-0.10531923612818617,-0.01821065504853625,-0.08710858107964992,surname_region_terminal,J2,non_I2_excl_R1a,surname_ic,binary
0.46938775510204084,0.4899598393574297,0.5617977528089888,0.5051020408163265,49,249,178,1176,23,122,100,594,-0.020572084255388867,0.05669571199266232,-0.07726779624805119,surname_region_terminal,J2,non_I2_excl_R1a,surname_ovic_evic,binary
0.22448979591836735,0.3092369477911647,0.25842696629213485,0.3333333333333333,49,249,178,1176,11,77,46,392,-0.08474715187279733,-0.07490636704119846,-0.009840784831598864,surname_region_terminal,J2,non_I2_excl_R1a,surname_non_ovic_ic,binary
0.4897959183673469,0.5060240963855421,0.5674157303370787,0.516156462585034,49,249,178,1176,24,126,101,607,-0.016228178018195205,0.0512592677520447,-0.0674874457702399,surname_region_terminal,J2,non_I2_excl_R1a,surname_vic,binary
0.02040816326530612,0.004016064257028112,0.016853932584269662,0.005952380952380952,49,249,178,1176,1,1,3,7,0.01639209900827801,0.01090155163188871,0.0054905473763893,surname_region_terminal,J2,non_I2_excl_R1a,surname_ski,binary
0.7959183673469388,0.9718875502008032,0.9325842696629213,0.9693877551020408,49,249,178,1176,39,242,166,1140,-0.17596918285386443,-0.03680348543911949,-0.13916569741474494,surname_region_terminal,J2,non_I2_excl_R1a,slava_informative,binary
0.22448979591836735,0.13253012048192772,0.21910112359550563,0.12755102040816327,49,249,178,1176,11,33,39,150,0.09195967543643963,0.09155010318734236,4.095722490972675e-4,surname_region_terminal,J2,non_I2_excl_R1a,rare_slava_region_2,binary
0.46938775510204084,0.23694779116465864,0.4044943820224719,0.272108843537415,49,249,178,1176,23,59,72,320,0.2324399639373822,0.1323855384850569,0.10005442545232529,surname_region_terminal,J2,non_I2_excl_R1a,rare_slava_region_5,binary
0.8163265306122449,0.7871485943775101,0.7865168539325843,0.8069727891156463,49,249,178,1176,40,196,140,949,0.029177936234734858,-0.02045593518306199,0.04963387141779685,surname_region_terminal,J2,non_I2_excl_R1a,rare_surname_region_1,binary
0.9591836734693877,0.8995983935742972,0.9325842696629213,0.9200680272108843,49,249,178,1176,47,224,166,1082,0.05958527989509055,0.012516242452036974,0.047069037443053574,surname_region_terminal,J2,non_I2_excl_R1a,rare_surname_region_2,binary
0.7142857142857143,0.8273092369477911,0.7696629213483146,0.8469387755102041,49,249,178,1176,35,206,137,996,-0.11302352266207683,-0.07727585416188953,-0.03574766850018729,surname_region_terminal,J2,non_I2_excl_R1a,i2_ecology_near30,binary
0.4897959183673469,0.5903614457831325,0.5561797752808989,0.6505102040816326,49,249,178,1176,24,147,99,765,-0.10056552741578562,-0.09433042880073372,-0.006235098615051893,surname_region_terminal,J2,non_I2_excl_R1a,i2_ecology_dense30,binary
0.42857142857142855,0.4819277108433735,0.4550561797752809,0.5331632653061225,49,249,178,1176,21,120,81,627,-0.053356282271944944,-0.07810708553084156,0.024750803258896614,surname_region_terminal,J2,non_I2_excl_R1a,i2_ecology_diverse30,binary
0.2857142857142857,0.46987951807228917,0.398876404494382,0.4906462585034014,49,249,178,1176,14,117,71,577,-0.18416523235800347,-0.09176985400901938,-0.09239537834898409,surname_region_terminal,J2,non_I2_excl_R1a,i2_ecology_terminal_diverse30,binary
0.08163265306122448,0.24497991967871485,0.11235955056179775,0.2568027210884354,49,249,178,1176,4,61,20,302,-0.16334726661749038,-0.14444317052663763,-0.01890409609085275,surname_region_terminal,J2,non_I2_excl_R1a,i2_ecology_share30_gt50,binary
0.02040816326530612,0.18072289156626506,0.0898876404494382,0.19302721088435373,49,249,178,1176,1,45,16,227,-0.16031472830095894,-0.10313957043491553,-0.05717515786604341,surname_region_terminal,J2,non_I2_excl_R1a,i2_ecology_share50_gt50,binary
0.22448979591836735,0.321285140562249,0.2640449438202247,0.3562925170068027,49,249,178,1176,11,80,47,419,-0.09679534464388165,-0.092247573186578,-0.004547771457303645,surname_region_terminal,J2,non_I2_excl_R1a,i2_ecology_no_r1a30,binary
0.08163265306122448,0.24497991967871485,0.11235955056179775,0.2568027210884354,49,249,178,1176,4,61,20,302,-0.16334726661749038,-0.14444317052663763,-0.01890409609085275,surname_region_terminal,J2,non_I2_excl_R1a,i2_ecology_i2_over_non_i2_30,binary
0.30612244897959184,0.39759036144578314,0.25842696629213485,0.3630952380952381,49,249,178,1176,15,99,46,427,-0.09146791246619129,-0.10466827180310323,0.013200359336911938,surname_region_terminal,J2,non_I2_excl_R1a,nearest_relic_is_i2,binary
0.08163265306122448,0.18875502008032127,0.0898876404494382,0.17687074829931973,49,249,178,1176,4,47,16,208,-0.10712236701909679,-0.08698310784988153,-0.02013925916921526,surname_region_terminal,J2,non_I2_excl_R1a,nearest_i2_and_i2_share30_gt50,binary
0.4897959183673469,0.6666666666666666,0.6797752808988764,0.7193877551020408,49,249,178,1176,24,166,121,846,-0.1768707482993197,-0.03961247420316438,-0.13725827409615532,surname_region_terminal,J2,non_I2_excl_R1a,geography_plus_suffix_ic,binary
0.30612244897959184,0.42971887550200805,0.47752808988764045,0.4421768707482993,49,249,178,1176,15,107,85,520,-0.1235964265224162,0.03535121913934114,-0.15894764566175734,surname_region_terminal,J2,non_I2_excl_R1a,geography_plus_ovic_evic,binary
0.14285714285714285,0.27309236947791166,0.29775280898876405,0.30952380952380953,49,249,178,1176,7,68,53,364,-0.1302352266207688,-0.011771000535045484,-0.11846422608572332,surname_region_terminal,J2,non_I2_excl_R1a,cloud_plus_suffix_ic,binary
0.08163265306122448,0.11244979919678715,0.10112359550561797,0.12414965986394558,49,249,178,1176,4,28,18,146,-0.030817146135562662,-0.023026064358327603,-0.007791081777235059,surname_region_terminal,J2,non_I2_excl_R1a,cloud_plus_non_ovic_ic,binary
0.14285714285714285,0.27309236947791166,0.29775280898876405,0.30952380952380953,49,249,178,1176,7,68,53,364,-0.1302352266207688,-0.011771000535045484,-0.11846422608572332,surname_region_terminal,J2,non_I2_excl_R1a,geo_cloud_suffix_triad,binary
0,0,0,0,49,249,178,1176,0,0,0,0,0,0,0,surname_region_terminal,J2,non_I2_excl_R1a,elevation_ge_700,binary
0,0,0,0,49,249,178,1176,0,0,0,0,0,0,0,surname_region_terminal,J2,non_I2_excl_R1a,elevation_ge_900,binary
0,0,0,0,49,249,178,1176,0,0,0,0,0,0,0,surname_region_terminal,J2,non_I2_excl_R1a,elevation_resid_ge_100,binary
0,0,0,0,49,249,178,1176,0,0,0,0,0,0,0,surname_region_terminal,J2,non_I2_excl_R1a,mountain_i2_near30,binary
0,0,0,0,49,249,178,1176,0,0,0,0,0,0,0,surname_region_terminal,J2,non_I2_excl_R1a,mountain_cloud_i2,binary
0,0,0,0,49,249,178,1176,0,0,0,0,0,0,0,surname_region_terminal,J2,non_I2_excl_R1a,old_age_known,binary
0,0,0,0,49,249,178,1176,0,0,0,0,0,0,0,surname_region_terminal,J2,non_I2_excl_R1a,age_ge_1500,binary
0,0,0,0,49,249,178,1176,0,0,0,0,0,0,0,surname_region_terminal,J2,non_I2_excl_R1a,age_ge_2000,binary
0.2857142857142857,0.3614457831325301,0.37168141592920356,0.38684719535783363,49,249,226,1551,14,90,84,600,-0.07573149741824442,-0.015165779428630066,-0.060565717989614354,surname_region_terminal,J2,all_non_I2,other_i2_social,binary
0.7142857142857143,0.8273092369477911,0.7743362831858407,0.8433268858800773,49,249,226,1551,35,206,175,1308,-0.11302352266207683,-0.06899060269423662,-0.0440329199678402,surname_region_terminal,J2,all_non_I2,other_i2_near_30km,binary
0.5918367346938775,0.5903614457831325,0.6327433628318584,0.6428110896196002,49,249,226,1551,29,147,143,997,0.0014752889107449985,-0.010067726787741815,0.011543015698486814,surname_region_terminal,J2,all_non_I2,other_i2_dist_le_20,binary
0.9387755102040817,0.9799196787148594,0.9469026548672567,0.9671179883945842,49,249,226,1551,46,244,214,1500,-0.041144168510777734,-0.020215333527327517,-0.020928834983450217,surname_region_terminal,J2,all_non_I2,other_i2_dist_le_50,binary
0.20408163265306123,0.3333333333333333,0.33185840707964603,0.34558349451966475,49,249,226,1551,10,83,75,536,-0.12925170068027209,-0.013725087440018713,-0.11552661324025337,surname_region_terminal,J2,all_non_I2,other_i2_cloud_social_spatial,binary
0.16326530612244897,0.12449799196787148,0.1415929203539823,0.14184397163120568,49,249,226,1551,8,31,32,220,0.03876731415457749,-2.5105127722338527e-4,0.03901836543180087,surname_region_terminal,J2,all_non_I2,nonph_i2_social,binary
0.4489795918367347,0.54216867469879515,0.5,0.556415215989684,49,249,226,1551,22,135,113,863,-0.09318908286206046,-0.05641521598968402,-0.03677386687237644,surname_region_terminal,J2,all_non_I2,nonph_i2_near_30km,binary
0.12244897959183673,0.09236947791164658,0.09292035398230089,0.11218568665377177,49,249,226,1551,6,23,21,174,0.03007950168019015,-0.019265332671470875,0.049344834351661024,surname_region_terminal,J2,all_non_I2,nonph_i2_cloud_social_spatial,binary
0.6938775510204082,0.7991967871485943,0.8053097345132744,0.8291424887169568,49,249,226,1551,34,199,182,1286,-0.10531923612818617,-0.02383275420368247,-0.0814864819245037,surname_region_terminal,J2,all_non_I2,surname_ic,binary
0.46938775510204084,0.4899598393574297,0.5265486725663717,0.4796905222437137,49,249,226,1551,23,122,119,744,-0.020572084255388867,0.046858150322658,-0.06743023457804687,surname_region_terminal,J2,all_non_I2,surname_ovic_evic,binary
0.22448979591836735,0.3092369477911647,0.27876106194690264,0.34945196647324306,49,249,226,1551,11,77,63,542,-0.08474715187279733,-0.07069090452634041,-0.014056247346456913,surname_region_terminal,J2,all_non_I2,surname_non_ovic_ic,binary
0.4897959183673469,0.5060240963855421,0.5309734513274337,0.49194068343004516,49,249,226,1551,24,126,120,763,-0.016228178018195205,0.03903276789738852,-0.055260945915583726,surname_region_terminal,J2,all_non_I2,surname_vic,binary
0.02040816326530612,0.004016064257028112,0.017699115044247787,0.008381689232753063,49,249,226,1551,1,1,4,13,0.01639209900827801,0.009317425811494725,0.007074673196783286,surname_region_terminal,J2,all_non_I2,surname_ski,binary
0.7959183673469388,0.9718875502008032,0.9203539823008849,0.9664732430689877,49,249,226,1551,39,242,208,1499,-0.17596918285386443,-0.0461192607681028,-0.12984992208576163,surname_region_terminal,J2,all_non_I2,slava_informative,binary
0.22448979591836735,0.13253012048192772,0.23008849557522124,0.13346228239845262,49,249,226,1551,11,33,52,207,0.09195967543643963,0.09662621317676862,-0.004666537740328991,surname_region_terminal,J2,all_non_I2,rare_slava_region_2,binary
0.46938775510204084,0.23694779116465864,0.415929203539823,0.2765957446808511,49,249,226,1551,23,59,94,429,0.2324399639373822,0.13933345885897191,0.09310650507841028,surname_region_terminal,J2,all_non_I2,rare_slava_region_5,binary
0.8163265306122449,0.7871485943775101,0.8097345132743363,0.8039974210186976,49,249,226,1551,40,196,183,1247,0.029177936234734858,0.005737092255638676,0.023440843979096182,surname_region_terminal,J2,all_non_I2,rare_surname_region_1,binary
0.9591836734693877,0.8995983935742972,0.9336283185840708,0.9219858156028369,49,249,226,1551,47,224,211,1430,0.05958527989509055,0.011642502981233926,0.04794277691385662,surname_region_terminal,J2,all_non_I2,rare_surname_region_2,binary
0.7142857142857143,0.8273092369477911,0.7743362831858407,0.8433268858800773,49,249,226,1551,35,206,175,1308,-0.11302352266207683,-0.06899060269423662,-0.0440329199678402,surname_region_terminal,J2,all_non_I2,i2_ecology_near30,binary
0.4897959183673469,0.5903614457831325,0.5486725663716814,0.6466795615731786,49,249,226,1551,24,147,124,1003,-0.10056552741578562,-0.09800699520149725,-0.002558532214288367,surname_region_terminal,J2,all_non_I2,i2_ecology_dense30,binary
0.42857142857142855,0.4819277108433735,0.4557522123893805,0.5235332043842682,49,249,226,1551,21,120,103,812,-0.053356282271944944,-0.06778099199488768,0.014424709722942741,surname_region_terminal,J2,all_non_I2,i2_ecology_diverse30,binary
0.2857142857142857,0.46987951807228917,0.40707964601769914,0.4880722114764668,49,249,226,1551,14,117,92,757,-0.18416523235800347,-0.08099256545876765,-0.10317266689923582,surname_region_terminal,J2,all_non_I2,i2_ecology_terminal_diverse30,binary
0.08163265306122448,0.24497991967871485,0.13274336283185842,0.24758220502901354,49,249,226,1551,4,61,30,384,-0.16334726661749038,-0.11483884219715512,-0.04850842442033526,surname_region_terminal,J2,all_non_I2,i2_ecology_share30_gt50,binary
0.02040816326530612,0.18072289156626506,0.09292035398230089,0.18375241779497098,49,249,226,1551,1,45,21,285,-0.16031472830095894,-0.09083206381267009,-0.06948266448828885,surname_region_terminal,J2,all_non_I2,i2_ecology_share50_gt50,binary
0.22448979591836735,0.321285140562249,0.2831858407079646,0.3520309477756286,49,249,226,1551,11,80,64,546,-0.09679534464388165,-0.068845107067664,-0.027950237576217646,surname_region_terminal,J2,all_non_I2,i2_ecology_no_r1a30,binary
0.08163265306122448,0.24497991967871485,0.13274336283185842,0.24758220502901354,49,249,226,1551,4,61,30,384,-0.16334726661749038,-0.11483884219715512,-0.04850842442033526,surname_region_terminal,J2,all_non_I2,i2_ecology_i2_over_non_i2_30,binary
0.30612244897959184,0.39759036144578314,0.27876106194690264,0.3591231463571889,49,249,226,1551,15,99,63,557,-0.09146791246619129,-0.08036208441028625,-0.011105828055905043,surname_region_terminal,J2,all_non_I2,nearest_relic_is_i2,binary
0.08163265306122448,0.18875502008032127,0.10619469026548672,0.17279174725983237,49,249,226,1551,4,47,24,268,-0.10712236701909679,-0.06659705699434565,-0.04052531002475114,surname_region_terminal,J2,all_non_I2,nearest_i2_and_i2_share30_gt50,binary
0.4897959183673469,0.6666666666666666,0.672566371681416,0.7098646034816247,49,249,226,1551,24,166,152,1101,-0.1768707482993197,-0.03729823180020875,-0.13957251649911095,surname_region_terminal,J2,all_non_I2,geography_plus_suffix_ic,binary
0.30612244897959184,0.42971887550200805,0.45132743362831856,0.4197292069632495,49,249,226,1551,15,107,102,651,-0.1235964265224162,0.03159822666506906,-0.15519465318748527,surname_region_terminal,J2,all_non_I2,geography_plus_ovic_evic,binary
0.14285714285714285,0.27309236947791166,0.2831858407079646,0.28949065119277884,49,249,226,1551,7,68,64,449,-0.1302352266207688,-0.006304810484814238,-0.12393041613595457,surname_region_terminal,J2,all_non_I2,cloud_plus_suffix_ic,binary
0.08163265306122448,0.11244979919678715,0.09734513274336283,0.12121212121212122,49,249,226,1551,4,28,22,188,-0.030817146135562662,-0.023866988468758385,-0.006950157666804277,surname_region_terminal,J2,all_non_I2,cloud_plus_non_ovic_ic,binary
0.14285714285714285,0.27309236947791166,0.2831858407079646,0.28949065119277884,49,249,226,1551,7,68,64,449,-0.1302352266207688,-0.006304810484814238,-0.12393041613595457,surname_region_terminal,J2,all_non_I2,geo_cloud_suffix_triad,binary
0,0,0,0,49,249,226,1551,0,0,0,0,0,0,0,surname_region_terminal,J2,all_non_I2,elevation_ge_700,binary
0,0,0,0,49,249,226,1551,0,0,0,0,0,0,0,surname_region_terminal,J2,all_non_I2,elevation_ge_900,binary
0,0,0,0,49,249,226,1551,0,0,0,0,0,0,0,surname_region_terminal,J2,all_non_I2,elevation_resid_ge_100,binary
0,0,0,0,49,249,226,1551,0,0,0,0,0,0,0,surname_region_terminal,J2,all_non_I2,mountain_i2_near30,binary
0,0,0,0,49,249,226,1551,0,0,0,0,0,0,0,surname_region_terminal,J2,all_non_I2,mountain_cloud_i2,binary
0,0,0.2079646017699115,0.24177949709864605,49,249,226,1551,0,0,47,375,0,-0.03381489532873455,0.03381489532873455,surname_region_terminal,J2,all_non_I2,old_age_known,binary
0,0,0.13274336283185842,0.1450676982591876,49,249,226,1551,0,0,30,225,0,-0.012324335427329192,0.012324335427329192,surname_region_terminal,J2,all_non_I2,age_ge_1500,binary
0,0,0.07079646017699115,0.134107027724049,49,249,226,1551,0,0,16,208,0,-0.06331056754705786,0.06331056754705786,surname_region_terminal,J2,all_non_I2,age_ge_2000,binary
0.5428571428571428,0.3,0.3229166666666667,0.3985239852398524,35,70,192,1355,19,21,62,540,0.24285714285714283,-0.0756073185731857,0.3184644614303285,surname_region_terminal,G,non_I2_excl_R1a,other_i2_social,binary
0.7428571428571429,0.9428571428571428,0.7604166666666666,0.8383763837638376,35,70,192,1355,26,66,146,1136,-0.19999999999999996,-0.07795971709717098,-0.12204028290282898,surname_region_terminal,G,non_I2_excl_R1a,other_i2_near_30km,binary
0.6285714285714286,0.7,0.6197916666666666,0.6317343173431734,35,70,192,1355,22,49,119,856,-0.0714285714285714,-0.011942650676506794,-0.0594859207520646,surname_region_terminal,G,non_I2_excl_R1a,other_i2_dist_le_20,binary
0.9428571428571428,1,0.9375,0.9697416974169741,35,70,192,1355,33,70,180,1314,-0.05714285714285716,-0.032241697416974135,-0.024901159725883026,surname_region_terminal,G,non_I2_excl_R1a,other_i2_dist_le_50,binary
0.45714285714285713,0.2857142857142857,0.28125,0.35793357933579334,35,70,192,1355,16,20,54,485,0.17142857142857143,-0.07668357933579334,0.24811215076436477,surname_region_terminal,G,non_I2_excl_R1a,other_i2_cloud_social_spatial,binary
0.2,0.11428571428571428,0.15104166666666666,0.14981549815498155,35,70,192,1355,7,8,29,203,0.08571428571428573,0.0012261685116851107,0.08448811720260062,surname_region_terminal,G,non_I2_excl_R1a,nonph_i2_social,binary
0.42857142857142855,0.6428571428571429,0.5052083333333334,0.5564575645756458,35,70,192,1355,15,45,97,754,-0.21428571428571436,-0.0512492312423124,-0.16303648304340196,surname_region_terminal,G,non_I2_excl_R1a,nonph_i2_near_30km,binary
0.14285714285714285,0.07142857142857142,0.09375,0.11955719557195572,35,70,192,1355,5,5,18,162,0.07142857142857142,-0.025807195571955724,0.09723576700052715,surname_region_terminal,G,non_I2_excl_R1a,nonph_i2_cloud_social_spatial,binary
0.8857142857142857,0.8142857142857143,0.7760416666666666,0.8324723247232473,35,70,192,1355,31,57,149,1128,0.0714285714285714,-0.05643065805658065,0.12785922948515205,surname_region_terminal,G,non_I2_excl_R1a,surname_ic,binary
0.5714285714285714,0.4857142857142857,0.5364583333333334,0.5033210332103321,35,70,192,1355,20,34,103,682,0.08571428571428569,0.03313730012300131,0.052576985591284375,surname_region_terminal,G,non_I2_excl_R1a,surname_ovic_evic,binary
0.3142857142857143,0.32857142857142857,0.23958333333333334,0.3291512915129151,35,70,192,1355,11,23,46,446,-0.01428571428571429,-0.08956795817958177,0.07528224389386748,surname_region_terminal,G,non_I2_excl_R1a,surname_non_ovic_ic,binary
0.5714285714285714,0.5,0.546875,0.5151291512915129,35,70,192,1355,20,35,105,698,0.0714285714285714,0.03174584870848707,0.03968272272008433,surname_region_terminal,G,non_I2_excl_R1a,surname_vic,binary
0,0,0.020833333333333332,0.005904059040590406,35,70,192,1355,0,0,4,8,0,0.014929274292742926,-0.014929274292742926,surname_region_terminal,G,non_I2_excl_R1a,surname_ski,binary
0.9428571428571428,1,0.8958333333333334,0.9682656826568266,35,70,192,1355,33,70,172,1312,-0.05714285714285716,-0.07243234932349318,0.015289492180636022,surname_region_terminal,G,non_I2_excl_R1a,slava_informative,binary
0.2,0.22857142857142856,0.22395833333333334,0.12324723247232472,35,70,192,1355,7,16,43,167,-0.028571428571428553,0.10071110086100862,-0.12928252943243718,surname_region_terminal,G,non_I2_excl_R1a,rare_slava_region_2,binary
0.37142857142857144,0.34285714285714286,0.4270833333333333,0.26199261992619927,35,70,192,1355,13,24,82,355,0.02857142857142858,0.16509071340713405,-0.13651928483570547,surname_region_terminal,G,non_I2_excl_R1a,rare_slava_region_5,binary
0.7142857142857143,0.8285714285714286,0.8072916666666666,0.8022140221402214,35,70,192,1355,25,58,155,1087,-0.11428571428571432,0.005077644526445213,-0.11936335881215954,surname_region_terminal,G,non_I2_excl_R1a,rare_surname_region_1,binary
0.8285714285714286,0.9428571428571428,0.9583333333333334,0.915129151291513,35,70,192,1355,29,66,184,1240,-0.11428571428571421,0.043204182041820416,-0.15748989632753463,surname_region_terminal,G,non_I2_excl_R1a,rare_surname_region_2,binary
0.7428571428571429,0.9428571428571428,0.7604166666666666,0.8383763837638376,35,70,192,1355,26,66,146,1136,-0.19999999999999996,-0.07795971709717098,-0.12204028290282898,surname_region_terminal,G,non_I2_excl_R1a,i2_ecology_near30,binary
0.6571428571428571,0.7714285714285715,0.5208333333333334,0.633210332103321,35,70,192,1355,23,54,100,858,-0.11428571428571432,-0.11237699876998763,-0.0019087155157266888,surname_region_terminal,G,non_I2_excl_R1a,i2_ecology_dense30,binary
0.5142857142857142,0.6,0.4375,0.5202952029520295,35,70,192,1355,18,42,84,705,-0.08571428571428574,-0.08279520295202947,-0.0029190827622562754,surname_region_terminal,G,non_I2_excl_R1a,i2_ecology_diverse30,binary
0.37142857142857144,0.5571428571428572,0.375,0.4833948339483395,35,70,192,1355,13,39,72,655,-0.18571428571428572,-0.10839483394833949,-0.07731945176594623,surname_region_terminal,G,non_I2_excl_R1a,i2_ecology_terminal_diverse30,binary
0.11428571428571428,0.3142857142857143,0.10416666666666667,0.25166051660516603,35,70,192,1355,4,22,20,341,-0.2,-0.14749384993849934,-0.05250615006150067,surname_region_terminal,G,non_I2_excl_R1a,i2_ecology_share30_gt50,binary
0.05714285714285714,0.21428571428571427,0.078125,0.1896678966789668,35,70,192,1355,2,15,15,257,-0.15714285714285714,-0.1115428966789668,-0.04559996046389034,surname_region_terminal,G,non_I2_excl_R1a,i2_ecology_share50_gt50,binary
0.3142857142857143,0.38571428571428573,0.24479166666666666,0.34833948339483395,35,70,192,1355,11,27,47,472,-0.07142857142857145,-0.10354781672816729,0.03211924529959584,surname_region_terminal,G,non_I2_excl_R1a,i2_ecology_no_r1a30,binary
0.11428571428571428,0.3142857142857143,0.10416666666666667,0.25166051660516603,35,70,192,1355,4,22,20,341,-0.2,-0.14749384993849934,-0.05250615006150067,surname_region_terminal,G,non_I2_excl_R1a,i2_ecology_i2_over_non_i2_30,binary
0.2571428571428571,0.44285714285714284,0.2708333333333333,0.36531365313653136,35,70,192,1355,9,31,52,495,-0.18571428571428572,-0.09448031980319804,-0.09123396591108768,surname_region_terminal,G,non_I2_excl_R1a,nearest_relic_is_i2,binary
0.08571428571428572,0.24285714285714285,0.08854166666666667,0.17564575645756458,35,70,192,1355,3,17,17,238,-0.15714285714285714,-0.08710408979089791,-0.07003876735195923,surname_region_terminal,G,non_I2_excl_R1a,nearest_i2_and_i2_share30_gt50,binary
0.6857142857142857,0.7714285714285715,0.6302083333333334,0.7070110701107011,35,70,192,1355,24,54,121,958,-0.08571428571428574,-0.07680273677736771,-0.008911548936918035,surname_region_terminal,G,non_I2_excl_R1a,geography_plus_suffix_ic,binary
0.5142857142857142,0.4714285714285714,0.4270833333333333,0.43837638376383764,35,70,192,1355,18,33,82,594,0.042857142857142816,-0.011293050430504326,0.05415019328764714,surname_region_terminal,G,non_I2_excl_R1a,geography_plus_ovic_evic,binary
0.4,0.21428571428571427,0.23958333333333334,0.3077490774907749,35,70,192,1355,14,15,46,417,0.18571428571428575,-0.06816574415744156,0.2538800298717273,surname_region_terminal,G,non_I2_excl_R1a,cloud_plus_suffix_ic,binary
0.11428571428571428,0.08571428571428572,0.09375,0.12398523985239852,35,70,192,1355,4,6,18,168,0.028571428571428567,-0.030235239852398524,0.05880666842382709,surname_region_terminal,G,non_I2_excl_R1a,cloud_plus_non_ovic_ic,binary
0.4,0.21428571428571427,0.23958333333333334,0.3077490774907749,35,70,192,1355,14,15,46,417,0.18571428571428575,-0.06816574415744156,0.2538800298717273,surname_region_terminal,G,non_I2_excl_R1a,geo_cloud_suffix_triad,binary
0,0,0,0,35,70,192,1355,0,0,0,0,0,0,0,surname_region_terminal,G,non_I2_excl_R1a,elevation_ge_700,binary
0,0,0,0,35,70,192,1355,0,0,0,0,0,0,0,surname_region_terminal,G,non_I2_excl_R1a,elevation_ge_900,binary
0,0,0,0,35,70,192,1355,0,0,0,0,0,0,0,surname_region_terminal,G,non_I2_excl_R1a,elevation_resid_ge_100,binary
0,0,0,0,35,70,192,1355,0,0,0,0,0,0,0,surname_region_terminal,G,non_I2_excl_R1a,mountain_i2_near30,binary
0,0,0,0,35,70,192,1355,0,0,0,0,0,0,0,surname_region_terminal,G,non_I2_excl_R1a,mountain_cloud_i2,binary
0,0,0,0,35,70,192,1355,0,0,0,0,0,0,0,surname_region_terminal,G,non_I2_excl_R1a,old_age_known,binary
0,0,0,0,35,70,192,1355,0,0,0,0,0,0,0,surname_region_terminal,G,non_I2_excl_R1a,age_ge_1500,binary
0,0,0,0,35,70,192,1355,0,0,0,0,0,0,0,surname_region_terminal,G,non_I2_excl_R1a,age_ge_2000,binary
0.5428571428571428,0.3,0.32916666666666666,0.38670520231213873,35,70,240,1730,19,21,79,669,0.24285714285714283,-0.057538535645472066,0.3003956785026149,surname_region_terminal,G,all_non_I2,other_i2_social,binary
0.7428571428571429,0.9428571428571428,0.7666666666666667,0.8369942196531792,35,70,240,1730,26,66,184,1448,-0.19999999999999996,-0.0703275529865125,-0.12967244701348746,surname_region_terminal,G,all_non_I2,other_i2_near_30km,binary
0.6285714285714286,0.7,0.625,0.6329479768786127,35,70,240,1730,22,49,150,1095,-0.0714285714285714,-0.007947976878612706,-0.06348059454995869,surname_region_terminal,G,all_non_I2,other_i2_dist_le_20,binary
0.9428571428571428,1,0.9458333333333333,0.9676300578034682,35,70,240,1730,33,70,227,1674,-0.05714285714285716,-0.02179672447013492,-0.03534613267272224,surname_region_terminal,G,all_non_I2,other_i2_dist_le_50,binary
0.45714285714285713,0.2857142857142857,0.2875,0.346242774566474,35,70,240,1730,16,20,69,599,0.17142857142857143,-0.05874277456647403,0.23017134599504546,surname_region_terminal,G,all_non_I2,other_i2_cloud_social_spatial,binary
0.2,0.11428571428571428,0.1375,0.14046242774566475,35,70,240,1730,7,8,33,243,0.08571428571428573,-0.002962427745664742,0.08867671345995047,surname_region_terminal,G,all_non_I2,nonph_i2_social,binary
0.42857142857142855,0.6428571428571429,0.5,0.5508670520231214,35,70,240,1730,15,45,120,953,-0.21428571428571436,-0.05086705202312136,-0.163418662262593,surname_region_terminal,G,all_non_I2,nonph_i2_near_30km,binary
0.14285714285714285,0.07142857142857142,0.09166666666666666,0.11098265895953757,35,70,240,1730,5,5,22,192,0.07142857142857142,-0.019315992292870912,0.09074456372144234,surname_region_terminal,G,all_non_I2,nonph_i2_cloud_social_spatial,binary
0.8857142857142857,0.8142857142857143,0.7708333333333334,0.8254335260115607,35,70,240,1730,31,57,185,1428,0.0714285714285714,-0.054600192678227355,0.12602876410679875,surname_region_terminal,G,all_non_I2,surname_ic,binary
0.5714285714285714,0.4857142857142857,0.5083333333333333,0.48092485549132946,35,70,240,1730,20,34,122,832,0.08571428571428569,0.027408477842003842,0.058305807872281845,surname_region_terminal,G,all_non_I2,surname_ovic_evic,binary
0.3142857142857143,0.32857142857142857,0.2625,0.3445086705202312,35,70,240,1730,11,23,63,596,-0.01428571428571429,-0.0820086705202312,0.0677229562345169,surname_region_terminal,G,all_non_I2,surname_non_ovic_ic,binary
0.5714285714285714,0.5,0.5166666666666667,0.4936416184971098,35,70,240,1730,20,35,124,854,0.0714285714285714,0.023025048169556916,0.04840352325901448,surname_region_terminal,G,all_non_I2,surname_vic,binary
0,0,0.020833333333333332,0.008092485549132947,35,70,240,1730,0,0,5,14,0,0.012740847784200385,-0.012740847784200385,surname_region_terminal,G,all_non_I2,surname_ski,binary
0.9428571428571428,1,0.8916666666666667,0.9658959537572255,35,70,240,1730,33,70,214,1671,-0.05714285714285716,-0.07422928709055876,0.017086429947701598,surname_region_terminal,G,all_non_I2,slava_informative,binary
0.2,0.22857142857142856,0.23333333333333334,0.12947976878612716,35,70,240,1730,7,16,56,224,-0.028571428571428553,0.10385356454720618,-0.13242499311863473,surname_region_terminal,G,all_non_I2,rare_slava_region_2,binary
0.37142857142857144,0.34285714285714286,0.43333333333333335,0.2682080924855491,35,70,240,1730,13,24,104,464,0.02857142857142858,0.16512524084778424,-0.13655381227635566,surname_region_terminal,G,all_non_I2,rare_slava_region_5,binary
0.7142857142857143,0.8285714285714286,0.825,0.8005780346820809,35,70,240,1730,25,58,198,1385,-0.11428571428571432,0.02442196531791907,-0.1387076796036334,surname_region_terminal,G,all_non_I2,rare_surname_region_1,binary
0.8285714285714286,0.9428571428571428,0.9541666666666667,0.9179190751445087,35,70,240,1730,29,66,229,1588,-0.11428571428571421,0.03624759152215806,-0.15053330580787228,surname_region_terminal,G,all_non_I2,rare_surname_region_2,binary
0.7428571428571429,0.9428571428571428,0.7666666666666667,0.8369942196531792,35,70,240,1730,26,66,184,1448,-0.19999999999999996,-0.0703275529865125,-0.12967244701348746,surname_region_terminal,G,all_non_I2,i2_ecology_near30,binary
0.6571428571428571,0.7714285714285715,0.5208333333333334,0.6335260115606937,35,70,240,1730,23,54,125,1096,-0.11428571428571432,-0.11269267822736029,-0.001593036058354036,surname_region_terminal,G,all_non_I2,i2_ecology_dense30,binary
0.5142857142857142,0.6,0.44166666666666665,0.5144508670520231,35,70,240,1730,18,42,106,890,-0.08571428571428574,-0.07278420038535649,-0.012930085328929253,surname_region_terminal,G,all_non_I2,i2_ecology_diverse30,binary
0.37142857142857144,0.5571428571428572,0.3875,0.48265895953757226,35,70,240,1730,13,39,93,835,-0.18571428571428572,-0.09515895953757225,-0.09055532617671347,surname_region_terminal,G,all_non_I2,i2_ecology_terminal_diverse30,binary
0.11428571428571428,0.3142857142857143,0.125,0.2445086705202312,35,70,240,1730,4,22,30,423,-0.2,-0.1195086705202312,-0.08049132947976881,surname_region_terminal,G,all_non_I2,i2_ecology_share30_gt50,binary
0.05714285714285714,0.21428571428571427,0.08333333333333333,0.18208092485549132,35,70,240,1730,2,15,20,315,-0.15714285714285714,-0.098747591522157993,-0.05839526562069915,surname_region_terminal,G,all_non_I2,i2_ecology_share50_gt50,binary
0.3142857142857143,0.38571428571428573,0.26666666666666666,0.346242774566474,35,70,240,1730,11,27,64,599,-0.07142857142857145,-0.07957610789980735,0.008147536471235894,surname_region_terminal,G,all_non_I2,i2_ecology_no_r1a30,binary
0.11428571428571428,0.3142857142857143,0.125,0.2445086705202312,35,70,240,1730,4,22,30,423,-0.2,-0.1195086705202312,-0.08049132947976881,surname_region_terminal,G,all_non_I2,i2_ecology_i2_over_non_i2_30,binary
0.2571428571428571,0.44285714285714284,0.2875,0.36127167630057805,35,70,240,1730,9,31,69,625,-0.18571428571428572,-0.07377167630057807,-0.11194260941370765,surname_region_terminal,G,all_non_I2,nearest_relic_is_i2,binary
0.08571428571428572,0.24285714285714285,0.10416666666666667,0.1722543352601156,35,70,240,1730,3,17,25,298,-0.15714285714285714,-0.06808766859344893,-0.0890551885494082,surname_region_terminal,G,all_non_I2,nearest_i2_and_i2_share30_gt50,binary
0.6857142857142857,0.7714285714285715,0.6333333333333333,0.7011560693641619,35,70,240,1730,24,54,152,1213,-0.08571428571428574,-0.06782273603082856,-0.017891549683457186,surname_region_terminal,G,all_non_I2,geography_plus_suffix_ic,binary
0.5142857142857142,0.4714285714285714,0.4125,0.4190751445086705,35,70,240,1730,18,33,99,725,0.042857142857142816,-0.006575144508670527,0.04943228736581334,surname_region_terminal,G,all_non_I2,geography_plus_ovic_evic,binary
0.4,0.21428571428571427,0.2375,0.2901734104046243,35,70,240,1730,14,15,57,502,0.18571428571428575,-0.05267341040462431,0.23838769611891006,surname_region_terminal,G,all_non_I2,cloud_plus_suffix_ic,binary
0.11428571428571428,0.08571428571428572,0.09166666666666666,0.12138728323699421,35,70,240,1730,4,6,22,210,0.028571428571428567,-0.029720616570327554,0.05829204514175612,surname_region_terminal,G,all_non_I2,cloud_plus_non_ovic_ic,binary
0.4,0.21428571428571427,0.2375,0.2901734104046243,35,70,240,1730,14,15,57,502,0.18571428571428575,-0.05267341040462431,0.23838769611891006,surname_region_terminal,G,all_non_I2,geo_cloud_suffix_triad,binary
0,0,0,0,35,70,240,1730,0,0,0,0,0,0,0,surname_region_terminal,G,all_non_I2,elevation_ge_700,binary
0,0,0,0,35,70,240,1730,0,0,0,0,0,0,0,surname_region_terminal,G,all_non_I2,elevation_ge_900,binary
0,0,0,0,35,70,240,1730,0,0,0,0,0,0,0,surname_region_terminal,G,all_non_I2,elevation_resid_ge_100,binary
0,0,0,0,35,70,240,1730,0,0,0,0,0,0,0,surname_region_terminal,G,all_non_I2,mountain_i2_near30,binary
0,0,0,0,35,70,240,1730,0,0,0,0,0,0,0,surname_region_terminal,G,all_non_I2,mountain_cloud_i2,binary
0,0,0.19583333333333333,0.21676300578034682,35,70,240,1730,0,0,47,375,0,-0.020929672447013492,0.020929672447013492,surname_region_terminal,G,all_non_I2,old_age_known,binary
0,0,0.125,0.13005780346820808,35,70,240,1730,0,0,30,225,0,-0.005057803468208083,0.005057803468208083,surname_region_terminal,G,all_non_I2,age_ge_1500,binary
0,0,0.06666666666666667,0.12023121387283237,35,70,240,1730,0,0,16,208,0,-0.0535645472061657,0.0535645472061657,surname_region_terminal,G,all_non_I2,age_ge_2000,binary
0.3111111111111111,0.3961661341853035,0.36813186813186816,0.39173967459324155,45,626,182,799,14,248,67,313,-0.08505502307419238,-0.023607806461373393,-0.06144721661281899,surname_region_terminal,E,non_I2_excl_R1a,other_i2_social,binary
0.7333333333333333,0.8354632587859425,0.7637362637362637,0.8498122653316645,45,626,182,799,33,523,139,679,-0.10212992545260924,-0.08607600159540085,-0.016053923857208385,surname_region_terminal,E,non_I2_excl_R1a,other_i2_near_30km,binary
0.6222222222222222,0.6325878594249201,0.6208791208791209,0.6370463078848561,45,626,182,799,28,396,113,509,-0.010365637202697897,-0.016167187005735162,0.005801549803037265,surname_region_terminal,E,non_I2_excl_R1a,other_i2_dist_le_20,binary
0.9333333333333333,0.9648562300319489,0.9395604395604396,0.9762202753441802,45,626,182,799,42,604,171,780,-0.03152289669861552,-0.03665983578374066,0.005136939085125136,surname_region_terminal,E,non_I2_excl_R1a,other_i2_dist_le_50,binary
0.26666666666666666,0.3498402555910543,0.31868131868131866,0.3579474342928661,45,626,182,799,12,219,58,286,-0.08317358892438764,-0.039266115611547414,-0.04390747331284023,surname_region_terminal,E,non_I2_excl_R1a,other_i2_cloud_social_spatial,binary
0.1111111111111111,0.12939297124600638,0.17032967032967034,0.16270337922403003,45,626,182,799,5,81,31,130,-0.018281860134895273,0.007626291105640309,-0.025908151240535582,surname_region_terminal,E,non_I2_excl_R1a,nonph_i2_social,binary
0.5555555555555556,0.5207667731629393,0.47802197802197804,0.5919899874843555,45,626,182,799,25,326,87,473,0.03478878239261629,-0.11396800946237745,0.14875679185499374,surname_region_terminal,E,non_I2_excl_R1a,nonph_i2_near_30km,binary
0.08888888888888889,0.10063897763578275,0.1043956043956044,0.13016270337922403,45,626,182,799,4,63,19,104,-0.011750088746893858,-0.025767098983619632,0.014017010236725774,surname_region_terminal,E,non_I2_excl_R1a,nonph_i2_cloud_social_spatial,binary
0.8444444444444444,0.8386581469648562,0.7802197802197802,0.8260325406758448,45,626,182,799,38,525,142,660,0.005786297479588254,-0.04581276045606453,0.05159905793565278,surname_region_terminal,E,non_I2_excl_R1a,surname_ic,binary
0.6444444444444445,0.5063897763578274,0.5164835164835165,0.49937421777221525,45,626,182,799,29,317,94,399,0.13805466808661704,0.01710929871130129,0.12094536937531575,surname_region_terminal,E,non_I2_excl_R1a,surname_ovic_evic,binary
0.2,0.33226837060702874,0.26373626373626374,0.32665832290362956,45,626,182,799,9,208,48,261,-0.13226837060702873,-0.06292205916736582,-0.06934631143966291,surname_region_terminal,E,non_I2_excl_R1a,surname_non_ovic_ic,binary
0.6444444444444445,0.5159744408945687,0.5274725274725275,0.5131414267834794,45,626,182,799,29,323,96,410,0.1284700035498758,0.014331100689048082,0.11413890286082773,surname_region_terminal,E,non_I2_excl_R1a,surname_vic,binary
0.022222222222222223,0.011182108626198083,0.016483516483516484,0.0012515644555694619,45,626,182,799,1,7,3,1,0.01104011359602414,0.015231952027947021,-0.004191838431922881,surname_region_terminal,E,non_I2_excl_R1a,surname_ski,binary
0.9111111111111111,0.9696485623003195,0.9010989010989011,0.9699624530663329,45,626,182,799,41,607,164,775,-0.05853745118920839,-0.06886355196743177,0.01032610077822338,surname_region_terminal,E,non_I2_excl_R1a,slava_informative,binary
0.2,0.15175718849840256,0.22527472527472528,0.11013767209011265,45,626,182,799,9,95,41,88,0.048242811501597455,0.11513705318461263,-0.06689424168301518,surname_region_terminal,E,non_I2_excl_R1a,rare_slava_region_2,binary
0.4666666666666667,0.3019169329073482,0.4065934065934066,0.23779724655819776,45,626,182,799,21,189,74,190,0.16474973375931845,0.16879616003520884,-0.004046426275890386,surname_region_terminal,E,non_I2_excl_R1a,rare_slava_region_5,binary
0.8222222222222222,0.805111821086262,0.7857142857142857,0.8022528160200251,45,626,182,799,37,504,143,641,0.017110401135960185,-0.016538530305739374,0.03364893144169956,surname_region_terminal,E,non_I2_excl_R1a,rare_surname_region_1,binary
0.9555555555555556,0.9185303514376997,0.9340659340659341,0.9148936170212766,45,626,182,799,43,575,170,731,0.037025204117855925,0.019172317044657494,0.01785288707319843,surname_region_terminal,E,non_I2_excl_R1a,rare_surname_region_2,binary
0.7333333333333333,0.8354632587859425,0.7637362637362637,0.8498122653316645,45,626,182,799,33,523,139,679,-0.10212992545260924,-0.08607600159540085,-0.016053923857208385,surname_region_terminal,E,non_I2_excl_R1a,i2_ecology_near30,binary
0.5777777777777777,0.6437699680511182,0.532967032967033,0.6370463078848561,45,626,182,799,26,403,97,509,-0.06599219027334047,-0.1040792749178231,0.03808708464448263,surname_region_terminal,E,non_I2_excl_R1a,i2_ecology_dense30,binary
0.5333333333333333,0.5159744408945687,0.42857142857142855,0.5306633291614519,45,626,182,799,24,323,78,424,0.01735889243876465,-0.10209190059002332,0.11945079302878797,surname_region_terminal,E,non_I2_excl_R1a,i2_ecology_diverse30,binary
0.4444444444444444,0.46645367412140576,0.35714285714285715,0.5031289111389237,45,626,182,799,20,292,65,402,-0.02200922967696134,-0.1459860539960665,0.12397682431910517,surname_region_terminal,E,non_I2_excl_R1a,i2_ecology_terminal_diverse30,binary
0.1111111111111111,0.2364217252396166,0.1043956043956044,0.2690863579474343,45,626,182,799,5,148,19,215,-0.1253106141285055,-0.16469075355182988,0.039380139423324384,surname_region_terminal,E,non_I2_excl_R1a,i2_ecology_share30_gt50,binary
0.1111111111111111,0.1900958466453674,0.06593406593406594,0.19148936170212766,45,626,182,799,5,119,12,153,-0.0789847355342563,-0.12555529576806174,0.04657056023380543,surname_region_terminal,E,non_I2_excl_R1a,i2_ecology_share50_gt50,binary
0.26666666666666666,0.3610223642172524,0.25274725274725274,0.34167709637046306,45,626,182,799,12,226,46,273,-0.09435569755058576,-0.08892984362321033,-0.005425853927375435,surname_region_terminal,E,non_I2_excl_R1a,i2_ecology_no_r1a30,binary
0.1111111111111111,0.2364217252396166,0.1043956043956044,0.2690863579474343,45,626,182,799,5,148,19,215,-0.1253106141285055,-0.16469075355182988,0.039380139423324384,surname_region_terminal,E,non_I2_excl_R1a,i2_ecology_i2_over_non_i2_30,binary
0.28888888888888886,0.35782747603833864,0.26373626373626374,0.37797246558197745,45,626,182,799,13,224,48,302,-0.06893858714944978,-0.1142362018457137,0.04529761469626392,surname_region_terminal,E,non_I2_excl_R1a,nearest_relic_is_i2,binary
0.1111111111111111,0.17092651757188498,0.08241758241758242,0.18523153942428036,45,626,182,799,5,107,15,148,-0.05981540646077388,-0.10281395700669795,0.042998550545924066,surname_region_terminal,E,non_I2_excl_R1a,nearest_i2_and_i2_share30_gt50,binary
0.7111111111111111,0.7092651757188498,0.6208791208791209,0.7108886107634543,45,626,182,799,32,444,113,568,0.0018459353922612998,-0.09000948988433344,0.09185542527659474,surname_region_terminal,E,non_I2_excl_R1a,geography_plus_suffix_ic,binary
0.5333333333333333,0.43929712460063897,0.4175824175824176,0.4405506883604506,45,626,182,799,24,275,76,352,0.09403620873269436,-0.022968270778032984,0.11700447951072734,surname_region_terminal,E,non_I2_excl_R1a,geography_plus_ovic_evic,binary
0.26666666666666666,0.28913738019169327,0.26373626373626374,0.3141426783479349,45,626,182,799,12,181,48,251,-0.02247071352502661,-0.05040641461167117,0.02793570108664456,surname_region_terminal,E,non_I2_excl_R1a,cloud_plus_suffix_ic,binary
0.06666666666666667,0.12460063897763578,0.1043956043956044,0.12015018773466833,45,626,182,799,3,78,19,96,-0.05793397231096911,-0.015754583339063932,-0.04217938897190518,surname_region_terminal,E,non_I2_excl_R1a,cloud_plus_non_ovic_ic,binary
0.26666666666666666,0.28913738019169327,0.26373626373626374,0.3141426783479349,45,626,182,799,12,181,48,251,-0.02247071352502661,-0.05040641461167117,0.02793570108664456,surname_region_terminal,E,non_I2_excl_R1a,geo_cloud_suffix_triad,binary
0,0,0,0,45,626,182,799,0,0,0,0,0,0,0,surname_region_terminal,E,non_I2_excl_R1a,elevation_ge_700,binary
0,0,0,0,45,626,182,799,0,0,0,0,0,0,0,surname_region_terminal,E,non_I2_excl_R1a,elevation_ge_900,binary
0,0,0,0,45,626,182,799,0,0,0,0,0,0,0,surname_region_terminal,E,non_I2_excl_R1a,elevation_resid_ge_100,binary
0,0,0,0,45,626,182,799,0,0,0,0,0,0,0,surname_region_terminal,E,non_I2_excl_R1a,mountain_i2_near30,binary
0,0,0,0,45,626,182,799,0,0,0,0,0,0,0,surname_region_terminal,E,non_I2_excl_R1a,mountain_cloud_i2,binary
0,0,0,0,45,626,182,799,0,0,0,0,0,0,0,surname_region_terminal,E,non_I2_excl_R1a,old_age_known,binary
0,0,0,0,45,626,182,799,0,0,0,0,0,0,0,surname_region_terminal,E,non_I2_excl_R1a,age_ge_1500,binary
0,0,0,0,45,626,182,799,0,0,0,0,0,0,0,surname_region_terminal,E,non_I2_excl_R1a,age_ge_2000,binary
0.3111111111111111,0.3961661341853035,0.3652173913043478,0.37649063032367974,45,626,230,1174,14,248,84,442,-0.08505502307419238,-0.011273239019331915,-0.07378178405486047,surname_region_terminal,E,all_non_I2,other_i2_social,binary
0.7333333333333333,0.8354632587859425,0.7695652173913043,0.84412265758092,45,626,230,1174,33,523,177,991,-0.10212992545260924,-0.07455744018961563,-0.027572485262993607,surname_region_terminal,E,all_non_I2,other_i2_near_30km,binary
0.6222222222222222,0.6325878594249201,0.6260869565217392,0.637137989778535,45,626,230,1174,28,396,144,748,-0.010365637202697897,-0.011051033256795795,6.853960540978976e-4,surname_region_terminal,E,all_non_I2,other_i2_dist_le_20,binary
0.9333333333333333,0.9648562300319489,0.9478260869565217,0.9710391822827938,45,626,230,1174,42,604,218,1140,-0.03152289669861552,-0.023213095326272137,-0.008309801372343384,surname_region_terminal,E,all_non_I2,other_i2_dist_le_50,binary
0.26666666666666666,0.3498402555910543,0.3173913043478261,0.34071550255536626,45,626,230,1174,12,219,73,400,-0.08317358892438764,-0.02332419820754017,-0.05984939071684747,surname_region_terminal,E,all_non_I2,other_i2_cloud_social_spatial,binary
0.1111111111111111,0.12939297124600638,0.15217391304347827,0.14480408858603067,45,626,230,1174,5,81,35,170,-0.018281860134895273,0.007369824457447605,-0.025651684592342877,surname_region_terminal,E,all_non_I2,nonph_i2_social,binary
0.5555555555555556,0.5207667731629393,0.4782608695652174,0.5724020442930153,45,626,230,1174,25,326,110,672,0.03478878239261629,-0.09414117472779793,0.12892995712041422,surname_region_terminal,E,all_non_I2,nonph_i2_near_30km,binary
0.08888888888888889,0.10063897763578275,0.1,0.1141396933560477,45,626,230,1174,4,63,23,134,-0.011750088746893858,-0.0141396933560477,0.002389604609153842,surname_region_terminal,E,all_non_I2,nonph_i2_cloud_social_spatial,binary
0.8444444444444444,0.8386581469648562,0.7739130434782608,0.817717206132879,45,626,230,1174,38,525,178,960,0.005786297479588254,-0.04380416265461817,0.04959046013420643,surname_region_terminal,E,all_non_I2,surname_ic,binary
0.6444444444444445,0.5063897763578274,0.49130434782608695,0.4676320272572402,45,626,230,1174,29,317,113,549,0.13805466808661704,0.023672320568846772,0.11438234751777027,surname_region_terminal,E,all_non_I2,surname_ovic_evic,binary
0.2,0.33226837060702874,0.2826086956521739,0.35008517887563884,45,626,230,1174,9,208,65,411,-0.13226837060702873,-0.06747648322346494,-0.06479188738356378,surname_region_terminal,E,all_non_I2,surname_non_ovic_ic,binary
0.6444444444444445,0.5159744408945687,0.5,0.48211243611584326,45,626,230,1174,29,323,115,566,0.1284700035498758,0.017887563884156743,0.11058243966571907,surname_region_terminal,E,all_non_I2,surname_vic,binary
0.022222222222222223,0.011182108626198083,0.017391304347826087,0.00596252129471891,45,626,230,1174,1,7,4,7,0.01104011359602414,0.011428783053107176,-3.886694570830358e-4,surname_region_terminal,E,all_non_I2,surname_ski,binary
0.9111111111111111,0.9696485623003195,0.8956521739130435,0.9659284497444633,45,626,230,1174,41,607,206,1134,-0.05853745118920839,-0.07027627583141982,0.011738824642211432,surname_region_terminal,E,all_non_I2,slava_informative,binary
0.2,0.15175718849840256,0.23478260869565218,0.12350936967632027,45,626,230,1174,9,95,54,145,0.048242811501597455,0.11127323901933191,-0.06303042751773445,surname_region_terminal,E,all_non_I2,rare_slava_region_2,binary
0.4666666666666667,0.3019169329073482,0.41739130434782606,0.25468483816013626,45,626,230,1174,21,189,96,299,0.16474973375931845,0.1627064661876898,0.0020432675716286486,surname_region_terminal,E,all_non_I2,rare_slava_region_5,binary
0.8222222222222222,0.805111821086262,0.808695652173913,0.7998296422487223,45,626,230,1174,37,504,186,939,0.017110401135960185,0.00886600992519071,0.008244391210769475,surname_region_terminal,E,all_non_I2,rare_surname_region_1,binary
0.9555555555555556,0.9185303514376997,0.9347826086956522,0.9190800681431005,45,626,230,1174,43,575,215,1079,0.037025204117855925,0.015702540552551714,0.021322663565304212,surname_region_terminal,E,all_non_I2,rare_surname_region_2,binary
0.7333333333333333,0.8354632587859425,0.7695652173913043,0.84412265758092,45,626,230,1174,33,523,177,991,-0.10212992545260924,-0.07455744018961563,-0.027572485262993607,surname_region_terminal,E,all_non_I2,i2_ecology_near30,binary
0.5777777777777777,0.6437699680511182,0.5304347826086957,0.6362862010221465,45,626,230,1174,26,403,122,747,-0.06599219027334047,-0.1058514184134508,0.03985922814011034,surname_region_terminal,E,all_non_I2,i2_ecology_dense30,binary
0.5333333333333333,0.5159744408945687,0.43478260869565216,0.5187393526405452,45,626,230,1174,24,323,100,609,0.01735889243876465,-0.083956743944893,0.10131563638365765,surname_region_terminal,E,all_non_I2,i2_ecology_diverse30,binary
0.4444444444444444,0.46645367412140576,0.3739130434782609,0.4957410562180579,45,626,230,1174,20,292,86,582,-0.02200922967696134,-0.12182801273979704,0.0998187830628357,surname_region_terminal,E,all_non_I2,i2_ecology_terminal_diverse30,binary
0.1111111111111111,0.2364217252396166,0.12608695652173912,0.25298126064735943,45,626,230,1174,5,148,29,297,-0.1253106141285055,-0.1268943041256203,0.0015836899971148066,surname_region_terminal,E,all_non_I2,i2_ecology_share30_gt50,binary
0.1111111111111111,0.1900958466453674,0.07391304347826087,0.1797274275979557,45,626,230,1174,5,119,17,211,-0.0789847355342563,-0.10581438411969483,0.02682964858543853,surname_region_terminal,E,all_non_I2,i2_ecology_share50_gt50,binary
0.26666666666666666,0.3610223642172524,0.27391304347826084,0.34071550255536626,45,626,230,1174,12,226,63,400,-0.09435569755058576,-0.06680245907710541,-0.027553238473480346,surname_region_terminal,E,all_non_I2,i2_ecology_no_r1a30,binary
0.1111111111111111,0.2364217252396166,0.12608695652173912,0.25298126064735943,45,626,230,1174,5,148,29,297,-0.1253106141285055,-0.1268943041256203,0.0015836899971148066,surname_region_terminal,E,all_non_I2,i2_ecology_i2_over_non_i2_30,binary
0.28888888888888886,0.35782747603833864,0.2826086956521739,0.3679727427597956,45,626,230,1174,13,224,65,432,-0.06893858714944978,-0.08536404710762169,0.016425459958171906,surname_region_terminal,E,all_non_I2,nearest_relic_is_i2,binary
0.1111111111111111,0.17092651757188498,0.1,0.17717206132879046,45,626,230,1174,5,107,23,208,-0.05981540646077388,-0.07717206132879045,0.017356654868016574,surname_region_terminal,E,all_non_I2,nearest_i2_and_i2_share30_gt50,binary
0.7111111111111111,0.7092651757188498,0.6260869565217392,0.7010221465076661,45,626,230,1174,32,444,144,823,0.0018459353922612998,-0.07493518998592696,0.07678112537818826,surname_region_terminal,E,all_non_I2,geography_plus_suffix_ic,binary
0.5333333333333333,0.43929712460063897,0.4043478260869565,0.41141396933560476,45,626,230,1174,24,275,93,483,0.09403620873269436,-0.007066143248648238,0.1011023519813426,surname_region_terminal,E,all_non_I2,geography_plus_ovic_evic,binary
0.26666666666666666,0.28913738019169327,0.2565217391304348,0.28620102214650767,45,626,230,1174,12,181,59,336,-0.02247071352502661,-0.029679283016072866,0.007208569491046257,surname_region_terminal,E,all_non_I2,cloud_plus_suffix_ic,binary
0.06666666666666667,0.12460063897763578,0.1,0.11754684838160136,45,626,230,1174,3,78,23,138,-0.05793397231096911,-0.01754684838160135,-0.04038712392936776,surname_region_terminal,E,all_non_I2,cloud_plus_non_ovic_ic,binary
0.26666666666666666,0.28913738019169327,0.2565217391304348,0.28620102214650767,45,626,230,1174,12,181,59,336,-0.02247071352502661,-0.029679283016072866,0.007208569491046257,surname_region_terminal,E,all_non_I2,geo_cloud_suffix_triad,binary
0,0,0,0,45,626,230,1174,0,0,0,0,0,0,0,surname_region_terminal,E,all_non_I2,elevation_ge_700,binary
0,0,0,0,45,626,230,1174,0,0,0,0,0,0,0,surname_region_terminal,E,all_non_I2,elevation_ge_900,binary
0,0,0,0,45,626,230,1174,0,0,0,0,0,0,0,surname_region_terminal,E,all_non_I2,elevation_resid_ge_100,binary
0,0,0,0,45,626,230,1174,0,0,0,0,0,0,0,surname_region_terminal,E,all_non_I2,mountain_i2_near30,binary
0,0,0,0,45,626,230,1174,0,0,0,0,0,0,0,surname_region_terminal,E,all_non_I2,mountain_cloud_i2,binary
0,0,0.20434782608695654,0.3194207836456559,45,626,230,1174,0,0,47,375,0,-0.11507295755869937,0.11507295755869937,surname_region_terminal,E,all_non_I2,old_age_known,binary
0,0,0.13043478260869565,0.19165247018739354,45,626,230,1174,0,0,30,225,0,-0.06121768757869789,0.06121768757869789,surname_region_terminal,E,all_non_I2,age_ge_1500,binary
0,0,0.06956521739130435,0.17717206132879046,45,626,230,1174,0,0,16,208,0,-0.10760684393748611,0.10760684393748611,surname_region_terminal,E,all_non_I2,age_ge_2000,binary
0.3548387096774194,0.427536231884058,0.35714285714285715,0.3855526544821584,31,276,196,1149,11,118,70,443,-0.07269752220663861,-0.028409797339301268,-0.04428772486733734,surname_region_terminal,I1,non_I2_excl_R1a,other_i2_social,binary
0.7741935483870968,0.8695652173913043,0.7551020408163265,0.8372497824194952,31,276,196,1149,24,240,148,962,-0.09537166900420757,-0.08214774160316873,-0.013223927401038837,surname_region_terminal,I1,non_I2_excl_R1a,other_i2_near_30km,binary
0.6774193548387096,0.717391304347826,0.6122448979591837,0.6153176675369887,31,276,196,1149,21,198,120,707,-0.03997194950911642,-0.0030727695778050013,-0.03689917993131142,surname_region_terminal,I1,non_I2_excl_R1a,other_i2_dist_le_20,binary
0.9354838709677419,0.9746376811594203,0.9387755102040817,0.9704090513489991,31,276,196,1149,29,269,184,1115,-0.039153810191678406,-0.031633541144917454,-0.007520269046760952,surname_region_terminal,I1,non_I2_excl_R1a,other_i2_dist_le_50,binary
0.2903225806451613,0.38768115942028986,0.3112244897959184,0.3463881636205396,31,276,196,1149,9,107,61,398,-0.09735857877512855,-0.03516367382462121,-0.062194904950507335,surname_region_terminal,I1,non_I2_excl_R1a,other_i2_cloud_social_spatial,binary
0.1935483870967742,0.1956521739130435,0.15306122448979592,0.13664055700609226,31,276,196,1149,6,54,30,157,-0.0021037868162692985,0.01642066748370366,-0.01852445429997296,surname_region_terminal,I1,non_I2_excl_R1a,nonph_i2_social,binary
0.6129032258064516,0.6413043478260869,0.4744897959183674,0.5413402959094865,31,276,196,1149,19,177,93,622,-0.028401122019635294,-0.06685049999111914,0.038449377971483845,surname_region_terminal,I1,non_I2_excl_R1a,nonph_i2_near_30km,binary
0.12903225806451613,0.16666666666666666,0.09693877551020408,0.10530896431679722,31,276,196,1149,4,46,19,121,-0.03763440860215053,-0.00837018880659314,-0.029264219795557392,surname_region_terminal,I1,non_I2_excl_R1a,nonph_i2_cloud_social_spatial,binary
0.7741935483870968,0.8659420289855072,0.7959183673469388,0.8233246301131418,31,276,196,1149,24,239,156,946,-0.09174848059841045,-0.02740626276620306,-0.0643422178322074,surname_region_terminal,I1,non_I2_excl_R1a,surname_ic,binary
0.45161290322580644,0.5144927536231884,0.5561224489795918,0.4995648389904265,31,276,196,1149,14,142,109,574,-0.06287985039738192,0.05655760998916537,-0.11943746038654729,surname_region_terminal,I1,non_I2_excl_R1a,surname_ovic_evic,binary
0.3225806451612903,0.35144927536231885,0.23979591836734693,0.3237597911227154,31,276,196,1149,10,97,47,372,-0.028868630201028533,-0.08396387275536848,0.05509524255433995,surname_region_terminal,I1,non_I2_excl_R1a,surname_non_ovic_ic,binary
0.45161290322580644,0.5253623188405797,0.5663265306122449,0.5117493472584856,31,276,196,1149,14,145,111,588,-0.07374941561477327,0.05457718335375927,-0.12832659896853255,surname_region_terminal,I1,non_I2_excl_R1a,surname_vic,binary
0,0,0.02040816326530612,0.006962576153176675,31,276,196,1149,0,0,4,8,0,0.013445587112129447,-0.013445587112129447,surname_region_terminal,I1,non_I2_excl_R1a,surname_ski,binary
0.9354838709677419,0.9818840579710145,0.8979591836734694,0.9669277632724108,31,276,196,1149,29,271,176,1111,-0.04640018700327264,-0.06896857959894143,0.022568392595668785,surname_region_terminal,I1,non_I2_excl_R1a,slava_informative,binary
0.1935483870967742,0.07608695652173914,0.22448979591836735,0.1409921671018277,31,276,196,1149,6,21,44,162,0.11746143057503505,0.08349762881653966,0.03396380175849539,surname_region_terminal,I1,non_I2_excl_R1a,rare_slava_region_2,binary
0.3548387096774194,0.2028985507246377,0.42857142857142855,0.28111401218450827,31,276,196,1149,11,56,84,323,0.15194015895278168,0.14745741638692028,0.004482742565861397,surname_region_terminal,I1,non_I2_excl_R1a,rare_slava_region_5,binary
0.7419354838709677,0.8442028985507246,0.8010204081632653,0.793733681462141,31,276,196,1149,23,233,157,912,-0.10226741467975686,0.007286726701124291,-0.10955414138088115,surname_region_terminal,I1,non_I2_excl_R1a,rare_surname_region_1,binary
0.9354838709677419,0.9311594202898551,0.9387755102040817,0.9129677980852916,31,276,196,1149,29,257,184,1049,0.004324450677886782,0.02580771211879007,-0.02148326144090329,surname_region_terminal,I1,non_I2_excl_R1a,rare_surname_region_2,binary
0.7741935483870968,0.8695652173913043,0.7551020408163265,0.8372497824194952,31,276,196,1149,24,240,148,962,-0.09537166900420757,-0.08214774160316873,-0.013223927401038837,surname_region_terminal,I1,non_I2_excl_R1a,i2_ecology_near30,binary
0.5483870967741935,0.6847826086956522,0.5408163265306123,0.6292428198433421,31,276,196,1149,17,189,106,723,-0.1363955119214587,-0.08842649331272978,-0.04796901860872893,surname_region_terminal,I1,non_I2_excl_R1a,i2_ecology_dense30,binary
0.4838709677419355,0.5978260869565217,0.44387755102040816,0.5065274151436031,31,276,196,1149,15,165,87,582,-0.11395511921458623,-0.06264986412319495,-0.05130525509139128,surname_region_terminal,I1,non_I2_excl_R1a,i2_ecology_diverse30,binary
0.45161290322580644,0.5507246376811594,0.3622448979591837,0.47171453437771976,31,276,196,1149,14,152,71,542,-0.09911173445535298,-0.10946963641853608,0.010357901963183092,surname_region_terminal,I1,non_I2_excl_R1a,i2_ecology_terminal_diverse30,binary
0.1935483870967742,0.29347826086956524,0.09183673469387756,0.2454308093994778,31,276,196,1149,6,81,18,282,-0.09992987377279106,-0.15359407470560027,0.053664200932809214,surname_region_terminal,I1,non_I2_excl_R1a,i2_ecology_share30_gt50,binary
0.22580645161290322,0.22826086956521738,0.05102040816326531,0.18189730200174065,31,276,196,1149,7,63,10,209,-0.0024544179523141585,-0.13087689383847534,0.12842247588616118,surname_region_terminal,I1,non_I2_excl_R1a,i2_ecology_share50_gt50,binary
0.3225806451612903,0.3333333333333333,0.24489795918367346,0.35422106179286333,31,276,196,1149,10,92,48,407,-0.010752688172043001,-0.10932310260918987,0.09857041443714687,surname_region_terminal,I1,non_I2_excl_R1a,i2_ecology_no_r1a30,binary
0.1935483870967742,0.29347826086956524,0.09183673469387756,0.2454308093994778,31,276,196,1149,6,81,18,282,-0.09992987377279106,-0.15359407470560027,0.053664200932809214,surname_region_terminal,I1,non_I2_excl_R1a,i2_ecology_i2_over_non_i2_30,binary
0.2903225806451613,0.38405797101449274,0.2653061224489796,0.36553524804177545,31,276,196,1149,9,106,52,420,-0.09373539036933143,-0.10022912559279584,0.006493735223464414,surname_region_terminal,I1,non_I2_excl_R1a,nearest_relic_is_i2,binary
0.1935483870967742,0.19202898550724637,0.07142857142857142,0.17580504786771106,31,276,196,1149,6,53,14,202,0.001519401589527819,-0.10437647643913964,0.10589587802866746,surname_region_terminal,I1,non_I2_excl_R1a,nearest_i2_and_i2_share30_gt50,binary
0.6129032258064516,0.7572463768115942,0.6428571428571429,0.6988685813751088,31,276,196,1149,19,209,126,803,-0.1443431510051426,-0.05601143851796586,-0.08833171248717675,surname_region_terminal,I1,non_I2_excl_R1a,geography_plus_suffix_ic,binary
0.3548387096774194,0.4601449275362319,0.45408163265306123,0.4351610095735422,31,276,196,1149,11,127,89,500,-0.1053062178588125,0.018920623079519028,-0.12422684093833153,surname_region_terminal,I1,non_I2_excl_R1a,geography_plus_ovic_evic,binary
0.1935483870967742,0.35144927536231885,0.2755102040816326,0.2915578764142733,31,276,196,1149,6,97,54,335,-0.15790088826554466,-0.01604767233264065,-0.141853215932904,surname_region_terminal,I1,non_I2_excl_R1a,cloud_plus_suffix_ic,binary
0.0967741935483871,0.14130434782608695,0.09693877551020408,0.1174934725848564,31,276,196,1149,3,39,19,135,-0.04453015427769985,-0.020554697074652323,-0.02397545720304753,surname_region_terminal,I1,non_I2_excl_R1a,cloud_plus_non_ovic_ic,binary
0.1935483870967742,0.35144927536231885,0.2755102040816326,0.2915578764142733,31,276,196,1149,6,97,54,335,-0.15790088826554466,-0.01604767233264065,-0.141853215932904,surname_region_terminal,I1,non_I2_excl_R1a,geo_cloud_suffix_triad,binary
0,0,0,0,31,276,196,1149,0,0,0,0,0,0,0,surname_region_terminal,I1,non_I2_excl_R1a,elevation_ge_700,binary
0,0,0,0,31,276,196,1149,0,0,0,0,0,0,0,surname_region_terminal,I1,non_I2_excl_R1a,elevation_ge_900,binary
0,0,0,0,31,276,196,1149,0,0,0,0,0,0,0,surname_region_terminal,I1,non_I2_excl_R1a,elevation_resid_ge_100,binary
0,0,0,0,31,276,196,1149,0,0,0,0,0,0,0,surname_region_terminal,I1,non_I2_excl_R1a,mountain_i2_near30,binary
0,0,0,0,31,276,196,1149,0,0,0,0,0,0,0,surname_region_terminal,I1,non_I2_excl_R1a,mountain_cloud_i2,binary
0,0,0,0,31,276,196,1149,0,0,0,0,0,0,0,surname_region_terminal,I1,non_I2_excl_R1a,old_age_known,binary
0,0,0,0,31,276,196,1149,0,0,0,0,0,0,0,surname_region_terminal,I1,non_I2_excl_R1a,age_ge_1500,binary
0,0,0,0,31,276,196,1149,0,0,0,0,0,0,0,surname_region_terminal,I1,non_I2_excl_R1a,age_ge_2000,binary
0.3548387096774194,0.427536231884058,0.35655737704918034,0.3753280839895013,31,276,244,1524,11,118,87,572,-0.07269752220663861,-0.018770706940320958,-0.05392681526631765,surname_region_terminal,I1,all_non_I2,other_i2_social,binary
0.7741935483870968,0.8695652173913043,0.7622950819672131,0.8359580052493438,31,276,244,1524,24,240,186,1274,-0.09537166900420757,-0.07366292328213075,-0.021708745722076817,surname_region_terminal,I1,all_non_I2,other_i2_near_30km,binary
0.6774193548387096,0.717391304347826,0.6188524590163934,0.6207349081364829,31,276,244,1524,21,198,151,946,-0.03997194950911642,-0.0018824491200895022,-0.03808950038902692,surname_region_terminal,I1,all_non_I2,other_i2_dist_le_20,binary
0.9354838709677419,0.9746376811594203,0.9467213114754098,0.9678477690288714,31,276,244,1524,29,269,231,1475,-0.039153810191678406,-0.021126457553461542,-0.018027352638216865,surname_region_terminal,I1,all_non_I2,other_i2_dist_le_50,binary
0.2903225806451613,0.38768115942028986,0.3114754098360656,0.3359580052493438,31,276,244,1524,9,107,76,512,-0.09735857877512855,-0.02448259541327824,-0.0728759833618503,surname_region_terminal,I1,all_non_I2,other_i2_cloud_social_spatial,binary
0.1935483870967742,0.1956521739130435,0.13934426229508196,0.12926509186351706,31,276,244,1524,6,54,34,197,-0.0021037868162692985,0.010079170431564893,-0.012182957247834192,surname_region_terminal,I1,all_non_I2,nonph_i2_social,binary
0.6129032258064516,0.6413043478260869,0.47540983606557374,0.5387139107611548,31,276,244,1524,19,177,116,821,-0.028401122019635294,-0.06330407469558108,0.034902952675945786,surname_region_terminal,I1,all_non_I2,nonph_i2_near_30km,binary
0.12903225806451613,0.16666666666666666,0.0942622950819672,0.09908136482939632,31,276,244,1524,4,46,23,151,-0.03763440860215053,-0.004819069747429114,-0.03281533885472142,surname_region_terminal,I1,all_non_I2,nonph_i2_cloud_social_spatial,binary
0.7741935483870968,0.8659420289855072,0.7868852459016393,0.8175853018372703,31,276,244,1524,24,239,192,1246,-0.09174848059841045,-0.030700055935630965,-0.06104842466277949,surname_region_terminal,I1,all_non_I2,surname_ic,binary
0.45161290322580644,0.5144927536231884,0.5245901639344263,0.47506561679790027,31,276,244,1524,14,142,128,724,-0.06287985039738192,0.04952454713652599,-0.11240439753390791,surname_region_terminal,I1,all_non_I2,surname_ovic_evic,binary
0.3225806451612903,0.35144927536231885,0.26229508196721313,0.3425196850393701,31,276,244,1524,10,97,64,522,-0.028868630201028533,-0.08022460307215695,0.05135597287112842,surname_region_terminal,I1,all_non_I2,surname_non_ovic_ic,binary
0.45161290322580644,0.5253623188405797,0.5327868852459017,0.4881889763779528,31,276,244,1524,14,145,130,744,-0.07374941561477327,0.0445979088679489,-0.11834732448272217,surname_region_terminal,I1,all_non_I2,surname_vic,binary
0,0,0.020491803278688523,0.009186351706036745,31,276,244,1524,0,0,5,14,0,0.011305451572651778,-0.011305451572651778,surname_region_terminal,I1,all_non_I2,surname_ski,binary
0.9354838709677419,0.9818840579710145,0.8934426229508197,0.9645669291338582,31,276,244,1524,29,271,218,1470,-0.04640018700327264,-0.07112430618303855,0.024724119179765913,surname_region_terminal,I1,all_non_I2,slava_informative,binary
0.1935483870967742,0.07608695652173914,0.2336065573770492,0.1437007874015748,31,276,244,1524,6,21,57,219,0.11746143057503505,0.08990576997547439,0.02755566059956066,surname_region_terminal,I1,all_non_I2,rare_slava_region_2,binary
0.3548387096774194,0.2028985507246377,0.4344262295081967,0.28346456692913385,31,276,244,1524,11,56,106,432,0.15194015895278168,0.15096166257906285,9.78496373718829e-4,surname_region_terminal,I1,all_non_I2,rare_slava_region_5,binary
0.7419354838709677,0.8442028985507246,0.819672131147541,0.7939632545931758,31,276,244,1524,23,233,200,1210,-0.10226741467975686,0.025708876554365157,-0.12797629123412202,surname_region_terminal,I1,all_non_I2,rare_surname_region_1,binary
0.9354838709677419,0.9311594202898551,0.9385245901639344,0.9166666666666666,31,276,244,1524,29,257,229,1397,0.004324450677886782,0.021857923497267784,-0.017533472819381002,surname_region_terminal,I1,all_non_I2,rare_surname_region_2,binary
0.7741935483870968,0.8695652173913043,0.7622950819672131,0.8359580052493438,31,276,244,1524,24,240,186,1274,-0.09537166900420757,-0.07366292328213075,-0.021708745722076817,surname_region_terminal,I1,all_non_I2,i2_ecology_near30,binary
0.5483870967741935,0.6847826086956522,0.5368852459016393,0.6305774278215223,31,276,244,1524,17,189,131,961,-0.1363955119214587,-0.09369218191988293,-0.04270333000157578,surname_region_terminal,I1,all_non_I2,i2_ecology_dense30,binary
0.4838709677419355,0.5978260869565217,0.44672131147540983,0.5032808398950132,31,276,244,1524,15,165,109,767,-0.11395511921458623,-0.05655952841960332,-0.05739559079498291,surname_region_terminal,I1,all_non_I2,i2_ecology_diverse30,binary
0.45161290322580644,0.5507246376811594,0.3770491803278688,0.473753280839895,31,276,244,1524,14,152,92,722,-0.09911173445535298,-0.09670410051202616,-0.0024076339433268257,surname_region_terminal,I1,all_non_I2,i2_ecology_terminal_diverse30,binary
0.1935483870967742,0.29347826086956524,0.11475409836065574,0.2388451443569554,31,276,244,1524,6,81,28,364,-0.09992987377279106,-0.12409104599629965,0.024161172223508595,surname_region_terminal,I1,all_non_I2,i2_ecology_share30_gt50,binary
0.22580645161290322,0.22826086956521738,0.06147540983606557,0.17519685039370078,31,276,244,1524,7,63,15,267,-0.0024544179523141585,-0.11372144055763521,0.11126702260532105,surname_region_terminal,I1,all_non_I2,i2_ecology_share50_gt50,binary
0.3225806451612903,0.3333333333333333,0.26639344262295084,0.35039370078740156,31,276,244,1524,10,92,65,534,-0.010752688172043001,-0.08400025816445073,0.07324756999240772,surname_region_terminal,I1,all_non_I2,i2_ecology_no_r1a30,binary
0.1935483870967742,0.29347826086956524,0.11475409836065574,0.2388451443569554,31,276,244,1524,6,81,28,364,-0.09992987377279106,-0.12409104599629965,0.024161172223508595,surname_region_terminal,I1,all_non_I2,i2_ecology_i2_over_non_i2_30,binary
0.2903225806451613,0.38405797101449274,0.2827868852459016,0.36089238845144356,31,276,244,1524,9,106,69,550,-0.09373539036933143,-0.07810550320554194,-0.01562988716378949,surname_region_terminal,I1,all_non_I2,nearest_relic_is_i2,binary
0.1935483870967742,0.19202898550724637,0.09016393442622951,0.17191601049868765,31,276,244,1524,6,53,22,262,0.001519401589527819,-0.08175207607245814,0.08327147766198596,surname_region_terminal,I1,all_non_I2,nearest_i2_and_i2_share30_gt50,binary
0.6129032258064516,0.7572463768115942,0.6434426229508197,0.6942257217847769,31,276,244,1524,19,209,157,1058,-0.1443431510051426,-0.05078309883395726,-0.09356005217118535,surname_region_terminal,I1,all_non_I2,geography_plus_suffix_ic,binary
0.3548387096774194,0.4601449275362319,0.4344262295081967,0.4140419947506562,31,276,244,1524,11,127,106,631,-0.1053062178588125,0.02038423475754053,-0.12569045261635303,surname_region_terminal,I1,all_non_I2,geography_plus_ovic_evic,binary
0.1935483870967742,0.35144927536231885,0.26639344262295084,0.27559055118110237,31,276,244,1524,6,97,65,420,-0.15790088826554466,-0.009197108558151534,-0.14870377970739312,surname_region_terminal,I1,all_non_I2,cloud_plus_suffix_ic,binary
0.0967741935483871,0.14130434782608695,0.0942622950819672,0.11614173228346457,31,276,244,1524,3,39,23,177,-0.04453015427769985,-0.021879437201497362,-0.02265071707620249,surname_region_terminal,I1,all_non_I2,cloud_plus_non_ovic_ic,binary
0.1935483870967742,0.35144927536231885,0.26639344262295084,0.27559055118110237,31,276,244,1524,6,97,65,420,-0.15790088826554466,-0.009197108558151534,-0.14870377970739312,surname_region_terminal,I1,all_non_I2,geo_cloud_suffix_triad,binary
0,0,0,0,31,276,244,1524,0,0,0,0,0,0,0,surname_region_terminal,I1,all_non_I2,elevation_ge_700,binary
0,0,0,0,31,276,244,1524,0,0,0,0,0,0,0,surname_region_terminal,I1,all_non_I2,elevation_ge_900,binary
0,0,0,0,31,276,244,1524,0,0,0,0,0,0,0,surname_region_terminal,I1,all_non_I2,elevation_resid_ge_100,binary
0,0,0,0,31,276,244,1524,0,0,0,0,0,0,0,surname_region_terminal,I1,all_non_I2,mountain_i2_near30,binary
0,0,0,0,31,276,244,1524,0,0,0,0,0,0,0,surname_region_terminal,I1,all_non_I2,mountain_cloud_i2,binary
0,0,0.19262295081967212,0.24606299212598426,31,276,244,1524,0,0,47,375,0,-0.053440041306312136,0.053440041306312136,surname_region_terminal,I1,all_non_I2,old_age_known,binary
0,0,0.12295081967213115,0.14763779527559054,31,276,244,1524,0,0,30,225,0,-0.024686975603459393,0.024686975603459393,surname_region_terminal,I1,all_non_I2,age_ge_1500,binary
0,0,0.06557377049180328,0.13648293963254593,31,276,244,1524,0,0,16,208,0,-0.07090916914074265,0.07090916914074265,surname_region_terminal,I1,all_non_I2,age_ge_2000,binary
0.4015151515151515,0.18248175182481752,0.35267857142857145,0.3969631236442516,132,411,224,1383,53,75,79,549,0.21903339969033397,-0.04428455221568017,0.26331795190601415,location_terminal,I2_all,non_I2_excl_R1a,other_i2_social,binary
0.7121212121212122,0.5474452554744526,0.75,0.8423716558206796,132,411,224,1383,94,225,168,1165,0.1646759566467596,-0.09237165582067963,0.25704761246743923,location_terminal,I2_all,non_I2_excl_R1a,other_i2_near_30km,binary
0.44696969696969696,0.29927007299270075,0.6160714285714286,0.6362979031091829,132,411,224,1383,59,123,138,880,0.1476996239769962,-0.02022647453775428,0.1679260985147505,location_terminal,I2_all,non_I2_excl_R1a,other_i2_dist_le_20,binary
0.9242424242424242,0.8978102189781022,0.9375,0.9689081706435285,132,411,224,1383,122,369,210,1340,0.026432205264321995,-0.03140817064352852,0.057840375907850516,location_terminal,I2_all,non_I2_excl_R1a,other_i2_dist_le_50,binary
0.3484848484848485,0.11435523114355231,0.30357142857142855,0.3579175704989154,132,411,224,1383,46,47,68,495,0.2341296173412962,-0.05434614192748688,0.2884757592687831,location_terminal,I2_all,non_I2_excl_R1a,other_i2_cloud_social_spatial,binary
0.19696969696969696,0.10948905109489052,0.15625,0.14172089660159073,132,411,224,1383,26,45,35,196,0.08748064587480645,0.014529103398409265,0.07295154247639718,location_terminal,I2_all,non_I2_excl_R1a,nonph_i2_social,binary
0.5151515151515151,0.48175182481751827,0.48214285714285715,0.5524222704266089,132,411,224,1383,68,198,108,764,0.03339969033399687,-0.0702794132837517,0.10367910361774857,location_terminal,I2_all,non_I2_excl_R1a,nonph_i2_near_30km,binary
0.13636363636363635,0.06082725060827251,0.10267857142857142,0.11062906724511931,132,411,224,1383,18,25,23,153,0.07553638575536384,-0.007950495816547887,0.08348688157191173,location_terminal,I2_all,non_I2_excl_R1a,nonph_i2_cloud_social_spatial,binary
0.8636363636363636,0.7615571776155717,0.78125,0.8235719450469993,132,411,224,1383,114,313,175,1139,0.10207918602079191,-0.042321945046999265,0.14440113106779118,location_terminal,I2_all,non_I2_excl_R1a,surname_ic,binary
0.5303030303030303,0.40632603406326034,0.5401785714285714,0.4953000723065799,132,411,224,1383,70,167,121,685,0.12397699623976993,0.04487849912199149,0.07909849711777844,location_terminal,I2_all,non_I2_excl_R1a,surname_ovic_evic,binary
0.3333333333333333,0.35523114355231145,0.24107142857142858,0.32827187274041936,132,411,224,1383,44,146,54,454,-0.02189781021897813,-0.08720044416899078,0.06530263395001265,location_terminal,I2_all,non_I2_excl_R1a,surname_non_ovic_ic,binary
0.5454545454545454,0.41362530413625304,0.5491071428571429,0.5075921908893709,132,411,224,1383,72,170,123,702,0.13182924131829238,0.041514951967771996,0.09031428935052038,location_terminal,I2_all,non_I2_excl_R1a,surname_vic,binary
0,0.0024330900243309003,0.022321428571428572,0.005784526391901663,132,411,224,1383,0,1,5,8,-0.0024330900243309003,0.01653690217952691,-0.01896999220385781,location_terminal,I2_all,non_I2_excl_R1a,surname_ski,binary
0.9242424242424242,0.9854014598540146,0.90625,0.9718004338394793,132,411,224,1383,122,405,203,1344,-0.06115903561159042,-0.06555043383947934,0.004391398227888921,location_terminal,I2_all,non_I2_excl_R1a,slava_informative,binary
0.16666666666666666,0.12165450121654502,0.21875,0.1279826464208243,132,411,224,1383,22,50,49,177,0.04501216545012164,0.0907673535791757,-0.04575518812905406,location_terminal,I2_all,non_I2_excl_R1a,rare_slava_region_2,binary
0.3939393939393939,0.26763990267639903,0.4330357142857143,0.2660882140274765,132,411,224,1383,52,110,97,368,0.1262994912629949,0.1669475002582378,-0.0406480089952429,location_terminal,I2_all,non_I2_excl_R1a,rare_slava_region_5,binary
0.7651515151515151,0.7420924574209246,0.7723214285714286,0.7635574837310195,132,411,224,1383,101,305,173,1056,0.023059057730590582,0.0087639448404091,0.014295112890181483,location_terminal,I2_all,non_I2_excl_R1a,rare_surname_region_1,binary
0.9318181818181818,0.902676399026764,0.9375,0.9161243673174259,132,411,224,1383,123,371,210,1267,0.02914178279141777,0.02137563268257414,0.007766150108843628,location_terminal,I2_all,non_I2_excl_R1a,rare_surname_region_2,binary
0.8787878787878788,0.8832116788321168,0.75,0.8423716558206796,132,411,224,1383,116,363,168,1165,-0.004423800044238035,-0.09237165582067963,0.0879478557764416,location_terminal,I2_all,non_I2_excl_R1a,i2_ecology_near30,binary
0.7424242424242424,0.681265206812652,0.5401785714285714,0.6391901663051338,132,411,224,1383,98,280,121,884,0.06115903561159042,-0.09901159487656241,0.16017063048815283,location_terminal,I2_all,non_I2_excl_R1a,i2_ecology_dense30,binary
0.5075757575757576,0.39416058394160586,0.45089285714285715,0.5249457700650759,132,411,224,1383,67,162,101,726,0.11341517363415171,-0.07405291292221877,0.18746808655637048,location_terminal,I2_all,non_I2_excl_R1a,i2_ecology_diverse30,binary
0.4696969696969697,0.5206812652068127,0.3705357142857143,0.48590021691973967,132,411,224,1383,62,214,83,672,-0.05098429550984296,-0.11536450263402537,0.06438020712418241,location_terminal,I2_all,non_I2_excl_R1a,i2_ecology_terminal_diverse30,binary
0.1893939393939394,0.2822384428223844,0.11607142857142858,0.26825741142443965,132,411,224,1383,25,116,26,371,-0.09284450342844502,-0.15218598285301108,0.05934147942456605,location_terminal,I2_all,non_I2_excl_R1a,i2_ecology_share30_gt50,binary
0.14393939393939395,0.2944038929440389,0.10267857142857142,0.22704266088214028,132,411,224,1383,19,121,23,314,-0.15046449900464495,-0.12436408945356886,-0.026100409551076093,location_terminal,I2_all,non_I2_excl_R1a,i2_ecology_share50_gt50,binary
0.3787878787878788,0.39659367396593675,0.25892857142857145,0.36514822848879247,132,411,224,1383,50,163,58,505,-0.01780579517805797,-0.10621965706022102,0.08841386188216305,location_terminal,I2_all,non_I2_excl_R1a,i2_ecology_no_r1a30,binary
0.21212121212121213,0.2822384428223844,0.11607142857142858,0.26825741142443965,132,411,224,1383,28,116,26,371,-0.07011723070117229,-0.15218598285301108,0.08206875215183879,location_terminal,I2_all,non_I2_excl_R1a,i2_ecology_i2_over_non_i2_30,binary
0.44696969696969696,0.45255474452554745,0.29017857142857145,0.38756326825741144,132,411,224,1383,59,186,65,536,-0.005585047555850486,-0.09738469682883999,0.0917996492729895,location_terminal,I2_all,non_I2_excl_R1a,nearest_relic_is_i2,binary
0.10606060606060606,0.24574209245742093,0.09375,0.19378163412870572,132,411,224,1383,14,101,21,268,-0.13968148639681488,-0.10003163412870572,-0.03964985226810916,location_terminal,I2_all,non_I2_excl_R1a,nearest_i2_and_i2_share30_gt50,binary
0.6212121212121212,0.45255474452554745,0.625,0.7013738250180767,132,411,224,1383,82,186,140,970,0.16865737668657377,-0.07637382501807666,0.24503120170465043,location_terminal,I2_all,non_I2_excl_R1a,geography_plus_suffix_ic,binary
0.3787878787878788,0.25547445255474455,0.4375,0.42950108459869846,132,411,224,1383,50,105,98,594,0.12331342623313424,0.007998915401301543,0.1153145108318327,location_terminal,I2_all,non_I2_excl_R1a,geography_plus_ovic_evic,binary
0.32575757575757575,0.09002433090024331,0.25892857142857145,0.3007953723788865,132,411,224,1383,43,37,58,416,0.23573324485733244,-0.04186680095031503,0.27760004580764747,location_terminal,I2_all,non_I2_excl_R1a,cloud_plus_suffix_ic,binary
0.10606060606060606,0.046228710462287104,0.09375,0.12147505422993492,132,411,224,1383,14,19,21,168,0.05983189559831896,-0.027725054229934917,0.08755694982825388,location_terminal,I2_all,non_I2_excl_R1a,cloud_plus_non_ovic_ic,binary
0.32575757575757575,0.09002433090024331,0.25892857142857145,0.3007953723788865,132,411,224,1383,43,37,58,416,0.23573324485733244,-0.04186680095031503,0.27760004580764747,location_terminal,I2_all,non_I2_excl_R1a,geo_cloud_suffix_triad,binary
0,0,0,0,132,411,224,1383,0,0,0,0,0,0,0,location_terminal,I2_all,non_I2_excl_R1a,elevation_ge_700,binary
0,0,0,0,132,411,224,1383,0,0,0,0,0,0,0,location_terminal,I2_all,non_I2_excl_R1a,elevation_ge_900,binary
0,0,0,0,132,411,224,1383,0,0,0,0,0,0,0,location_terminal,I2_all,non_I2_excl_R1a,elevation_resid_ge_100,binary
0,0,0,0,132,411,224,1383,0,0,0,0,0,0,0,location_terminal,I2_all,non_I2_excl_R1a,mountain_i2_near30,binary
0,0,0,0,132,411,224,1383,0,0,0,0,0,0,0,location_terminal,I2_all,non_I2_excl_R1a,mountain_cloud_i2,binary
0.3787878787878788,0.9002433090024331,0,0,132,411,224,1383,50,370,0,0,-0.5214554302145543,0,-0.5214554302145543,location_terminal,I2_all,non_I2_excl_R1a,old_age_known,binary
0.022727272727272728,0.5717761557177615,0,0,132,411,224,1383,3,235,0,0,-0.5490488829904888,0,-0.5490488829904888,location_terminal,I2_all,non_I2_excl_R1a,age_ge_1500,binary
0.022727272727272728,0,0,0,132,411,224,1383,3,0,0,0,0.022727272727272728,0,0.022727272727272728,location_terminal,I2_all,non_I2_excl_R1a,age_ge_2000,binary
0.4015151515151515,0.18248175182481752,0.35424354243542433,0.3867655447803765,132,411,271,1753,53,75,96,678,0.21903339969033397,-0.03252200234495217,0.25155540203528615,location_terminal,I2_all,all_non_I2,other_i2_social,binary
0.7121212121212122,0.5474452554744526,0.7564575645756457,0.8397033656588705,132,411,271,1753,94,225,205,1472,0.1646759566467596,-0.08324580108322477,0.24792175772998437,location_terminal,I2_all,all_non_I2,other_i2_near_30km,binary
0.44696969696969696,0.29927007299270075,0.6199261992619927,0.6360524814603536,132,411,271,1753,59,123,168,1115,0.1476996239769962,-0.016126282198360986,0.1638259061753572,location_terminal,I2_all,all_non_I2,other_i2_dist_le_20,binary
0.9242424242424242,0.8978102189781022,0.9446494464944649,0.9674843126069596,132,411,271,1753,122,369,256,1696,0.026432205264321995,-0.022834866112494634,0.04926707137681663,location_terminal,I2_all,all_non_I2,other_i2_dist_le_50,binary
0.3484848484848485,0.11435523114355231,0.3062730627306273,0.34740444951511695,132,411,271,1753,46,47,83,609,0.2341296173412962,-0.04113138678448963,0.2752610041257858,location_terminal,I2_all,all_non_I2,other_i2_cloud_social_spatial,binary
0.19696969696969696,0.10948905109489052,0.14391143911439114,0.13462635482030805,132,411,271,1753,26,45,39,236,0.08748064587480645,0.00928508429408309,0.07819556158072336,location_terminal,I2_all,all_non_I2,nonph_i2_social,binary
0.5151515151515151,0.48175182481751827,0.4797047970479705,0.5487735310895607,132,411,271,1753,68,198,130,962,0.03339969033399687,-0.06906873404159025,0.10246842437558712,location_terminal,I2_all,all_non_I2,nonph_i2_near_30km,binary
0.13636363636363635,0.06082725060827251,0.0996309963099631,0.1038220193953223,132,411,271,1753,18,25,27,182,0.07553638575536384,-0.004191023085359208,0.07972740884072305,location_terminal,I2_all,all_non_I2,nonph_i2_cloud_social_spatial,binary
0.8636363636363636,0.7615571776155717,0.7749077490774908,0.8185966913861951,132,411,271,1753,114,313,210,1435,0.10207918602079191,-0.04368894230870424,0.14576812832949615,location_terminal,I2_all,all_non_I2,surname_ic,binary
0.5303030303030303,0.40632603406326034,0.5166051660516605,0.47518539646320596,132,411,271,1753,70,167,140,833,0.12397699623976993,0.04141976958845456,0.08255722665131537,location_terminal,I2_all,all_non_I2,surname_ovic_evic,binary
0.3333333333333333,0.35523114355231145,0.25830258302583026,0.34341129492298916,132,411,271,1753,44,146,70,602,-0.02189781021897813,-0.0851087118971589,0.06321090167818078,location_terminal,I2_all,all_non_I2,surname_non_ovic_ic,binary
0.5454545454545454,0.41362530413625304,0.5239852398523985,0.4877353108956075,132,411,271,1753,72,170,142,855,0.13182924131829238,0.03624992895679102,0.09557931236150136,location_terminal,I2_all,all_non_I2,surname_vic,binary
0,0.0024330900243309003,0.02214022140221402,0.007986309184255563,132,411,271,1753,0,1,6,14,-0.0024330900243309003,0.014153912217958458,-0.01658700224228936,location_terminal,I2_all,all_non_I2,surname_ski,binary
0.9242424242424242,0.9854014598540146,0.9003690036900369,0.9703365658870508,132,411,271,1753,122,405,244,1701,-0.06115903561159042,-0.06996756219701383,0.008808526585423415,location_terminal,I2_all,all_non_I2,slava_informative,binary
0.16666666666666666,0.12165450121654502,0.22878228782287824,0.13177410154021676,132,411,271,1753,22,50,62,231,0.04501216545012164,0.09700818628266147,-0.05199602083253983,location_terminal,I2_all,all_non_I2,rare_slava_region_2,binary
0.3939393939393939,0.26763990267639903,0.43911439114391143,0.27096406160867087,132,411,271,1753,52,110,119,475,0.1262994912629949,0.16815032953524056,-0.04185083827224567,location_terminal,I2_all,all_non_I2,rare_slava_region_5,binary
0.7651515151515151,0.7420924574209246,0.7933579335793358,0.7632629777524245,132,411,271,1753,101,305,215,1338,0.023059057730590582,0.03009495582691135,-0.00703589809632077,location_terminal,I2_all,all_non_I2,rare_surname_region_1,binary
0.9318181818181818,0.902676399026764,0.9372693726937269,0.9167142042213349,132,411,271,1753,123,371,254,1607,0.02914178279141777,0.020555168472392027,0.008586614319025743,location_terminal,I2_all,all_non_I2,rare_surname_region_2,binary
0.8787878787878788,0.8832116788321168,0.7564575645756457,0.8397033656588705,132,411,271,1753,116,363,205,1472,-0.004423800044238035,-0.08324580108322477,0.07882200103898673,location_terminal,I2_all,all_non_I2,i2_ecology_near30,binary
0.7424242424242424,0.681265206812652,0.5350553505535055,0.6406160867084997,132,411,271,1753,98,280,145,1123,0.06115903561159042,-0.10556073615499417,0.1667197717665846,location_terminal,I2_all,all_non_I2,i2_ecology_dense30,binary
0.5075757575757576,0.39416058394160586,0.45018450184501846,0.5213918996006845,132,411,271,1753,67,162,122,914,0.11341517363415171,-0.07120739775566609,0.1846225713898178,location_terminal,I2_all,all_non_I2,i2_ecology_diverse30,binary
0.4696969696969697,0.5206812652068127,0.3800738007380074,0.4837421563034798,132,411,271,1753,62,214,103,848,-0.05098429550984296,-0.10366835556547238,0.05268406005562942,location_terminal,I2_all,all_non_I2,i2_ecology_terminal_diverse30,binary
0.1893939393939394,0.2822384428223844,0.12915129151291513,0.26240730176839705,132,411,271,1753,25,116,35,460,-0.09284450342844502,-0.13325601025548192,0.0404115068270369,location_terminal,I2_all,all_non_I2,i2_ecology_share30_gt50,binary
0.14393939393939395,0.2944038929440389,0.1033210332103321,0.22076440387906446,132,411,271,1753,19,121,28,387,-0.15046449900464495,-0.11744337066873235,-0.0330211283359126,location_terminal,I2_all,all_non_I2,i2_ecology_share50_gt50,binary
0.3787878787878788,0.39659367396593675,0.28044280442804426,0.3582430119794638,132,411,271,1753,50,163,76,628,-0.01780579517805797,-0.07780020755141953,0.05999441237336156,location_terminal,I2_all,all_non_I2,i2_ecology_no_r1a30,binary
0.21212121212121213,0.2822384428223844,0.12915129151291513,0.26240730176839705,132,411,271,1753,28,116,35,460,-0.07011723070117229,-0.13325601025548192,0.06313877955430963,location_terminal,I2_all,all_non_I2,i2_ecology_i2_over_non_i2_30,binary
0.44696969696969696,0.45255474452554745,0.3025830258302583,0.3822019395322305,132,411,271,1753,59,186,82,670,-0.005585047555850486,-0.07961891370197216,0.07403386614612167,location_terminal,I2_all,all_non_I2,nearest_relic_is_i2,binary
0.10606060606060606,0.24574209245742093,0.1070110701107011,0.19110096976611524,132,411,271,1753,14,101,29,335,-0.13968148639681488,-0.08408989965541414,-0.055591586741400745,location_terminal,I2_all,all_non_I2,nearest_i2_and_i2_share30_gt50,binary
0.6212121212121212,0.45255474452554745,0.6273062730627307,0.6970907016543069,132,411,271,1753,82,186,170,1222,0.16865737668657377,-0.06978442859157619,0.23844180527814995,location_terminal,I2_all,all_non_I2,geography_plus_suffix_ic,binary
0.3787878787878788,0.25547445255474455,0.42435424354243545,0.4130062749572162,132,411,271,1753,50,105,115,724,0.12331342623313424,0.011347968585219248,0.11196545764791499,location_terminal,I2_all,all_non_I2,geography_plus_ovic_evic,binary
0.32575757575757575,0.09002433090024331,0.25461254612546125,0.28636622932116373,132,411,271,1753,43,37,69,502,0.23573324485733244,-0.03175368319570249,0.2674869280530349,location_terminal,I2_all,all_non_I2,cloud_plus_suffix_ic,binary
0.10606060606060606,0.046228710462287104,0.09225092250922509,0.12036508841985168,132,411,271,1753,14,19,25,211,0.05983189559831896,-0.028114165910626585,0.08794606150894554,location_terminal,I2_all,all_non_I2,cloud_plus_non_ovic_ic,binary
0.32575757575757575,0.09002433090024331,0.25461254612546125,0.28636622932116373,132,411,271,1753,43,37,69,502,0.23573324485733244,-0.03175368319570249,0.2674869280530349,location_terminal,I2_all,all_non_I2,geo_cloud_suffix_triad,binary
0,0,0,0,132,411,271,1753,0,0,0,0,0,0,0,location_terminal,I2_all,all_non_I2,elevation_ge_700,binary
0,0,0,0,132,411,271,1753,0,0,0,0,0,0,0,location_terminal,I2_all,all_non_I2,elevation_ge_900,binary
0,0,0,0,132,411,271,1753,0,0,0,0,0,0,0,location_terminal,I2_all,all_non_I2,elevation_resid_ge_100,binary
0,0,0,0,132,411,271,1753,0,0,0,0,0,0,0,location_terminal,I2_all,all_non_I2,mountain_i2_near30,binary
0,0,0,0,132,411,271,1753,0,0,0,0,0,0,0,location_terminal,I2_all,all_non_I2,mountain_cloud_i2,binary
0.3787878787878788,0.9002433090024331,0.16974169741697417,0.21106674272675413,132,411,271,1753,50,370,46,370,-0.5214554302145543,-0.041325045309779956,-0.48013038490477433,location_terminal,I2_all,all_non_I2,old_age_known,binary
0.022727272727272728,0.5717761557177615,0.1070110701107011,0.12549914432401596,132,411,271,1753,3,235,29,220,-0.5490488829904888,-0.01848807421331486,-0.5305608087771739,location_terminal,I2_all,all_non_I2,age_ge_1500,binary
0.022727272727272728,0,0.055350553505535055,0.1163719338277239,132,411,271,1753,3,0,15,204,0.022727272727272728,-0.061021380322188845,0.08374865304946158,location_terminal,I2_all,all_non_I2,age_ge_2000,binary
0.34146341463414637,0.15405405405405406,0.35267857142857145,0.3969631236442516,82,370,224,1383,28,57,79,549,0.1874093605800923,-0.04428455221568017,0.23169391279577248,location_terminal,PH908_primary,non_I2_excl_R1a,other_i2_social,binary
0.6829268292682927,0.5162162162162162,0.75,0.8423716558206796,82,370,224,1383,56,191,168,1165,0.16671061305207657,-0.09237165582067963,0.2590822688727562,location_terminal,PH908_primary,non_I2_excl_R1a,other_i2_near_30km,binary
0.3902439024390244,0.26756756756756755,0.6160714285714286,0.6362979031091829,82,370,224,1383,32,99,138,880,0.12267633487145685,-0.02022647453775428,0.14290280940921113,location_terminal,PH908_primary,non_I2_excl_R1a,other_i2_dist_le_20,binary
0.9146341463414634,0.8918918918918919,0.9375,0.9689081706435285,82,370,224,1383,75,330,210,1340,0.022742254449571564,-0.03140817064352852,0.054150425093100085,location_terminal,PH908_primary,non_I2_excl_R1a,other_i2_dist_le_50,binary
0.2804878048780488,0.08648648648648649,0.30357142857142855,0.3579175704989154,82,370,224,1383,23,32,68,495,0.19400131839156232,-0.05434614192748688,0.2483474603190492,location_terminal,PH908_primary,non_I2_excl_R1a,other_i2_cloud_social_spatial,binary
0.21951219512195122,0.11081081081081082,0.15625,0.14172089660159073,82,370,224,1383,18,41,35,196,0.1087013843111404,0.014529103398409265,0.09417228091273114,location_terminal,PH908_primary,non_I2_excl_R1a,nonph_i2_social,binary
0.6341463414634146,0.4918918918918919,0.48214285714285715,0.5524222704266089,82,370,224,1383,52,182,108,764,0.14225444957152272,-0.0702794132837517,0.21253386285527442,location_terminal,PH908_primary,non_I2_excl_R1a,nonph_i2_near_30km,binary
0.17073170731707318,0.06486486486486487,0.10267857142857142,0.11062906724511931,82,370,224,1383,14,24,23,153,0.10586684245220832,-0.007950495816547887,0.1138173382687562,location_terminal,PH908_primary,non_I2_excl_R1a,nonph_i2_cloud_social_spatial,binary
0.8658536585365854,0.7567567567567568,0.78125,0.8235719450469993,82,370,224,1383,71,280,175,1139,0.10909690177982856,-0.042321945046999265,0.15141884682682782,location_terminal,PH908_primary,non_I2_excl_R1a,surname_ic,binary
0.5121951219512195,0.40540540540540543,0.5401785714285714,0.4953000723065799,82,370,224,1383,42,150,121,685,0.1067897165458141,0.04487849912199149,0.061911217423822607,location_terminal,PH908_primary,non_I2_excl_R1a,surname_ovic_evic,binary
0.35365853658536583,0.35135135135135137,0.24107142857142858,0.32827187274041936,82,370,224,1383,29,130,54,454,0.002307185234014464,-0.08720044416899078,0.08950762940300525,location_terminal,PH908_primary,non_I2_excl_R1a,surname_non_ovic_ic,binary
0.5365853658536586,0.4135135135135135,0.5491071428571429,0.5075921908893709,82,370,224,1383,44,153,123,702,0.12307185234014506,0.041514951967771996,0.08155690037237306,location_terminal,PH908_primary,non_I2_excl_R1a,surname_vic,binary
0,0.002702702702702703,0.022321428571428572,0.005784526391901663,82,370,224,1383,0,1,5,8,-0.002702702702702703,0.01653690217952691,-0.019239604882229613,location_terminal,PH908_primary,non_I2_excl_R1a,surname_ski,binary
0.9390243902439024,0.9837837837837838,0.90625,0.9718004338394793,82,370,224,1383,77,364,203,1344,-0.044759393539881454,-0.06555043383947934,0.020791040299597885,location_terminal,PH908_primary,non_I2_excl_R1a,slava_informative,binary
0.17073170731707318,0.12432432432432433,0.21875,0.1279826464208243,82,370,224,1383,14,46,49,177,0.04640738299274885,0.0907673535791757,-0.04435997058642685,location_terminal,PH908_primary,non_I2_excl_R1a,rare_slava_region_2,binary
0.3902439024390244,0.2702702702702703,0.4330357142857143,0.2660882140274765,82,370,224,1383,32,100,97,368,0.11997363216875412,0.1669475002582378,-0.04697386808948367,location_terminal,PH908_primary,non_I2_excl_R1a,rare_slava_region_5,binary
0.7195121951219512,0.7378378378378379,0.7723214285714286,0.7635574837310195,82,370,224,1383,59,273,173,1056,-0.01832564271588666,0.0087639448404091,-0.027089587556295758,location_terminal,PH908_primary,non_I2_excl_R1a,rare_surname_region_1,binary
0.8902439024390244,0.8972972972972973,0.9375,0.9161243673174259,82,370,224,1383,73,332,210,1267,-0.007053394858272943,0.02137563268257414,-0.028429027540847085,location_terminal,PH908_primary,non_I2_excl_R1a,rare_surname_region_2,binary
0.9390243902439024,0.8891891891891892,0.75,0.8423716558206796,82,370,224,1383,77,329,168,1165,0.049835201054713174,-0.09237165582067963,0.1422068568753928,location_terminal,PH908_primary,non_I2_excl_R1a,i2_ecology_near30,binary
0.8292682926829268,0.6918918918918919,0.5401785714285714,0.6391901663051338,82,370,224,1383,68,256,121,884,0.13737640079103486,-0.09901159487656241,0.23638799566759727,location_terminal,PH908_primary,non_I2_excl_R1a,i2_ecology_dense30,binary
0.5853658536585366,0.4,0.45089285714285715,0.5249457700650759,82,370,224,1383,48,148,101,726,0.18536585365853653,-0.07405291292221877,0.2594187665807553,location_terminal,PH908_primary,non_I2_excl_R1a,i2_ecology_diverse30,binary
0.5121951219512195,0.5324324324324324,0.3705357142857143,0.48590021691973967,82,370,224,1383,42,197,83,672,-0.02023731048121291,-0.11536450263402537,0.09512719215281246,location_terminal,PH908_primary,non_I2_excl_R1a,i2_ecology_terminal_diverse30,binary
0.23170731707317074,0.2891891891891892,0.11607142857142858,0.26825741142443965,82,370,224,1383,19,107,26,371,-0.057481872116018434,-0.15218598285301108,0.09470411073699264,location_terminal,PH908_primary,non_I2_excl_R1a,i2_ecology_share30_gt50,binary
0.15853658536585366,0.3,0.10267857142857142,0.22704266088214028,82,370,224,1383,13,111,23,314,-0.14146341463414633,-0.12436408945356886,-0.017099325180577468,location_terminal,PH908_primary,non_I2_excl_R1a,i2_ecology_share50_gt50,binary
0.4268292682926829,0.4027027027027027,0.25892857142857145,0.36514822848879247,82,370,224,1383,35,149,58,505,0.02412656558998022,-0.10621965706022102,0.13034622265020124,location_terminal,PH908_primary,non_I2_excl_R1a,i2_ecology_no_r1a30,binary
0.2682926829268293,0.2891891891891892,0.11607142857142858,0.26825741142443965,82,370,224,1383,22,107,26,371,-0.020896506262359893,-0.15218598285301108,0.13128947659065118,location_terminal,PH908_primary,non_I2_excl_R1a,i2_ecology_i2_over_non_i2_30,binary
0.5121951219512195,0.46216216216216216,0.29017857142857145,0.38756326825741144,82,370,224,1383,42,171,65,536,0.05003295978905736,-0.09738469682883999,0.14741765661789735,location_terminal,PH908_primary,non_I2_excl_R1a,nearest_relic_is_i2,binary
0.14634146341463414,0.25405405405405407,0.09375,0.19378163412870572,82,370,224,1383,12,94,21,268,-0.10771259063941993,-0.10003163412870572,-0.00768095651071421,location_terminal,PH908_primary,non_I2_excl_R1a,nearest_i2_and_i2_share30_gt50,binary
0.6097560975609756,0.4297297297297297,0.625,0.7013738250180767,82,370,224,1383,50,159,140,970,0.18002636783124587,-0.07637382501807666,0.25640019284932253,location_terminal,PH908_primary,non_I2_excl_R1a,geography_plus_suffix_ic,binary
0.32926829268292684,0.24324324324324326,0.4375,0.42950108459869846,82,370,224,1383,27,90,98,594,0.08602504943968359,0.007998915401301543,0.07802613403838204,location_terminal,PH908_primary,non_I2_excl_R1a,geography_plus_ovic_evic,binary
0.2804878048780488,0.07297297297297298,0.25892857142857145,0.3007953723788865,82,370,224,1383,23,27,58,416,0.20751483190507583,-0.04186680095031503,0.24938163285539086,location_terminal,PH908_primary,non_I2_excl_R1a,cloud_plus_suffix_ic,binary
0.13414634146341464,0.043243243243243246,0.09375,0.12147505422993492,82,370,224,1383,11,16,21,168,0.0909030982201714,-0.027725054229934917,0.11862815245010631,location_terminal,PH908_primary,non_I2_excl_R1a,cloud_plus_non_ovic_ic,binary
0.2804878048780488,0.07297297297297298,0.25892857142857145,0.3007953723788865,82,370,224,1383,23,27,58,416,0.20751483190507583,-0.04186680095031503,0.24938163285539086,location_terminal,PH908_primary,non_I2_excl_R1a,geo_cloud_suffix_triad,binary
0,0,0,0,82,370,224,1383,0,0,0,0,0,0,0,location_terminal,PH908_primary,non_I2_excl_R1a,elevation_ge_700,binary
0,0,0,0,82,370,224,1383,0,0,0,0,0,0,0,location_terminal,PH908_primary,non_I2_excl_R1a,elevation_ge_900,binary
0,0,0,0,82,370,224,1383,0,0,0,0,0,0,0,location_terminal,PH908_primary,non_I2_excl_R1a,elevation_resid_ge_100,binary
0,0,0,0,82,370,224,1383,0,0,0,0,0,0,0,location_terminal,PH908_primary,non_I2_excl_R1a,mountain_i2_near30,binary
0,0,0,0,82,370,224,1383,0,0,0,0,0,0,0,location_terminal,PH908_primary,non_I2_excl_R1a,mountain_cloud_i2,binary
0.6097560975609756,1,0,0,82,370,224,1383,50,370,0,0,-0.3902439024390244,0,-0.3902439024390244,location_terminal,PH908_primary,non_I2_excl_R1a,old_age_known,binary
0.036585365853658534,0.6351351351351351,0,0,82,370,224,1383,3,235,0,0,-0.5985497692814765,0,-0.5985497692814765,location_terminal,PH908_primary,non_I2_excl_R1a,age_ge_1500,binary
0.036585365853658534,0,0,0,82,370,224,1383,3,0,0,0,0.036585365853658534,0,0.036585365853658534,location_terminal,PH908_primary,non_I2_excl_R1a,age_ge_2000,binary
0.34146341463414637,0.15405405405405406,0.35424354243542433,0.3867655447803765,82,370,271,1753,28,57,96,678,0.1874093605800923,-0.03252200234495217,0.21993136292504448,location_terminal,PH908_primary,all_non_I2,other_i2_social,binary
0.6829268292682927,0.5162162162162162,0.7564575645756457,0.8397033656588705,82,370,271,1753,56,191,205,1472,0.16671061305207657,-0.08324580108322477,0.24995641413530134,location_terminal,PH908_primary,all_non_I2,other_i2_near_30km,binary
0.3902439024390244,0.26756756756756755,0.6199261992619927,0.6360524814603536,82,370,271,1753,32,99,168,1115,0.12267633487145685,-0.016126282198360986,0.13880261706981784,location_terminal,PH908_primary,all_non_I2,other_i2_dist_le_20,binary
0.9146341463414634,0.8918918918918919,0.9446494464944649,0.9674843126069596,82,370,271,1753,75,330,256,1696,0.022742254449571564,-0.022834866112494634,0.0455771205620662,location_terminal,PH908_primary,all_non_I2,other_i2_dist_le_50,binary
0.2804878048780488,0.08648648648648649,0.3062730627306273,0.34740444951511695,82,370,271,1753,23,32,83,609,0.19400131839156232,-0.04113138678448963,0.23513270517605195,location_terminal,PH908_primary,all_non_I2,other_i2_cloud_social_spatial,binary
0.21951219512195122,0.11081081081081082,0.14391143911439114,0.13462635482030805,82,370,271,1753,18,41,39,236,0.1087013843111404,0.00928508429408309,0.09941630001705731,location_terminal,PH908_primary,all_non_I2,nonph_i2_social,binary
0.6341463414634146,0.4918918918918919,0.4797047970479705,0.5487735310895607,82,370,271,1753,52,182,130,962,0.14225444957152272,-0.06906873404159025,0.21132318361311297,location_terminal,PH908_primary,all_non_I2,nonph_i2_near_30km,binary
0.17073170731707318,0.06486486486486487,0.0996309963099631,0.1038220193953223,82,370,271,1753,14,24,27,182,0.10586684245220832,-0.004191023085359208,0.11005786553756752,location_terminal,PH908_primary,all_non_I2,nonph_i2_cloud_social_spatial,binary
0.8658536585365854,0.7567567567567568,0.7749077490774908,0.8185966913861951,82,370,271,1753,71,280,210,1435,0.10909690177982856,-0.04368894230870424,0.1527858440885328,location_terminal,PH908_primary,all_non_I2,surname_ic,binary
0.5121951219512195,0.40540540540540543,0.5166051660516605,0.47518539646320596,82,370,271,1753,42,150,140,833,0.1067897165458141,0.04141976958845456,0.06536994695735954,location_terminal,PH908_primary,all_non_I2,surname_ovic_evic,binary
0.35365853658536583,0.35135135135135137,0.25830258302583026,0.34341129492298916,82,370,271,1753,29,130,70,602,0.002307185234014464,-0.0851087118971589,0.08741589713117337,location_terminal,PH908_primary,all_non_I2,surname_non_ovic_ic,binary
0.5365853658536586,0.4135135135135135,0.5239852398523985,0.4877353108956075,82,370,271,1753,44,153,142,855,0.12307185234014506,0.03624992895679102,0.08682192338335404,location_terminal,PH908_primary,all_non_I2,surname_vic,binary
0,0.002702702702702703,0.02214022140221402,0.007986309184255563,82,370,271,1753,0,1,6,14,-0.002702702702702703,0.014153912217958458,-0.01685661492066116,location_terminal,PH908_primary,all_non_I2,surname_ski,binary
0.9390243902439024,0.9837837837837838,0.9003690036900369,0.9703365658870508,82,370,271,1753,77,364,244,1701,-0.044759393539881454,-0.06996756219701383,0.02520816865713238,location_terminal,PH908_primary,all_non_I2,slava_informative,binary
0.17073170731707318,0.12432432432432433,0.22878228782287824,0.13177410154021676,82,370,271,1753,14,46,62,231,0.04640738299274885,0.09700818628266147,-0.05060080328991262,location_terminal,PH908_primary,all_non_I2,rare_slava_region_2,binary
0.3902439024390244,0.2702702702702703,0.43911439114391143,0.27096406160867087,82,370,271,1753,32,100,119,475,0.11997363216875412,0.16815032953524056,-0.04817669736648644,location_terminal,PH908_primary,all_non_I2,rare_slava_region_5,binary
0.7195121951219512,0.7378378378378379,0.7933579335793358,0.7632629777524245,82,370,271,1753,59,273,215,1338,-0.01832564271588666,0.03009495582691135,-0.04842059854279801,location_terminal,PH908_primary,all_non_I2,rare_surname_region_1,binary
0.8902439024390244,0.8972972972972973,0.9372693726937269,0.9167142042213349,82,370,271,1753,73,332,254,1607,-0.007053394858272943,0.020555168472392027,-0.02760856333066497,location_terminal,PH908_primary,all_non_I2,rare_surname_region_2,binary
0.9390243902439024,0.8891891891891892,0.7564575645756457,0.8397033656588705,82,370,271,1753,77,329,205,1472,0.049835201054713174,-0.08324580108322477,0.13308100213793794,location_terminal,PH908_primary,all_non_I2,i2_ecology_near30,binary
0.8292682926829268,0.6918918918918919,0.5350553505535055,0.6406160867084997,82,370,271,1753,68,256,145,1123,0.13737640079103486,-0.10556073615499417,0.24293713694602903,location_terminal,PH908_primary,all_non_I2,i2_ecology_dense30,binary
0.5853658536585366,0.4,0.45018450184501846,0.5213918996006845,82,370,271,1753,48,148,122,914,0.18536585365853653,-0.07120739775566609,0.2565732514142026,location_terminal,PH908_primary,all_non_I2,i2_ecology_diverse30,binary
0.5121951219512195,0.5324324324324324,0.3800738007380074,0.4837421563034798,82,370,271,1753,42,197,103,848,-0.02023731048121291,-0.10366835556547238,0.08343104508425947,location_terminal,PH908_primary,all_non_I2,i2_ecology_terminal_diverse30,binary
0.23170731707317074,0.2891891891891892,0.12915129151291513,0.26240730176839705,82,370,271,1753,19,107,35,460,-0.057481872116018434,-0.13325601025548192,0.07577413813946349,location_terminal,PH908_primary,all_non_I2,i2_ecology_share30_gt50,binary
0.15853658536585366,0.3,0.1033210332103321,0.22076440387906446,82,370,271,1753,13,111,28,387,-0.14146341463414633,-0.11744337066873235,-0.024020043965413976,location_terminal,PH908_primary,all_non_I2,i2_ecology_share50_gt50,binary
0.4268292682926829,0.4027027027027027,0.28044280442804426,0.3582430119794638,82,370,271,1753,35,149,76,628,0.02412656558998022,-0.07780020755141953,0.10192677314139975,location_terminal,PH908_primary,all_non_I2,i2_ecology_no_r1a30,binary
0.2682926829268293,0.2891891891891892,0.12915129151291513,0.26240730176839705,82,370,271,1753,22,107,35,460,-0.020896506262359893,-0.13325601025548192,0.11235950399312203,location_terminal,PH908_primary,all_non_I2,i2_ecology_i2_over_non_i2_30,binary
0.5121951219512195,0.46216216216216216,0.3025830258302583,0.3822019395322305,82,370,271,1753,42,171,82,670,0.05003295978905736,-0.07961891370197216,0.12965187349102952,location_terminal,PH908_primary,all_non_I2,nearest_relic_is_i2,binary
0.14634146341463414,0.25405405405405407,0.1070110701107011,0.19110096976611524,82,370,271,1753,12,94,29,335,-0.10771259063941993,-0.08408989965541414,-0.023622690984005795,location_terminal,PH908_primary,all_non_I2,nearest_i2_and_i2_share30_gt50,binary
0.6097560975609756,0.4297297297297297,0.6273062730627307,0.6970907016543069,82,370,271,1753,50,159,170,1222,0.18002636783124587,-0.06978442859157619,0.24981079642282206,location_terminal,PH908_primary,all_non_I2,geography_plus_suffix_ic,binary
0.32926829268292684,0.24324324324324326,0.42435424354243545,0.4130062749572162,82,370,271,1753,27,90,115,724,0.08602504943968359,0.011347968585219248,0.07467708085446434,location_terminal,PH908_primary,all_non_I2,geography_plus_ovic_evic,binary
0.2804878048780488,0.07297297297297298,0.25461254612546125,0.28636622932116373,82,370,271,1753,23,27,69,502,0.20751483190507583,-0.03175368319570249,0.23926851510077832,location_terminal,PH908_primary,all_non_I2,cloud_plus_suffix_ic,binary
0.13414634146341464,0.043243243243243246,0.09225092250922509,0.12036508841985168,82,370,271,1753,11,16,25,211,0.0909030982201714,-0.028114165910626585,0.11901726413079798,location_terminal,PH908_primary,all_non_I2,cloud_plus_non_ovic_ic,binary
0.2804878048780488,0.07297297297297298,0.25461254612546125,0.28636622932116373,82,370,271,1753,23,27,69,502,0.20751483190507583,-0.03175368319570249,0.23926851510077832,location_terminal,PH908_primary,all_non_I2,geo_cloud_suffix_triad,binary
0,0,0,0,82,370,271,1753,0,0,0,0,0,0,0,location_terminal,PH908_primary,all_non_I2,elevation_ge_700,binary
0,0,0,0,82,370,271,1753,0,0,0,0,0,0,0,location_terminal,PH908_primary,all_non_I2,elevation_ge_900,binary
0,0,0,0,82,370,271,1753,0,0,0,0,0,0,0,location_terminal,PH908_primary,all_non_I2,elevation_resid_ge_100,binary
0,0,0,0,82,370,271,1753,0,0,0,0,0,0,0,location_terminal,PH908_primary,all_non_I2,mountain_i2_near30,binary
0,0,0,0,82,370,271,1753,0,0,0,0,0,0,0,location_terminal,PH908_primary,all_non_I2,mountain_cloud_i2,binary
0.6097560975609756,1,0.16974169741697417,0.21106674272675413,82,370,271,1753,50,370,46,370,-0.3902439024390244,-0.041325045309779956,-0.3489188571292444,location_terminal,PH908_primary,all_non_I2,old_age_known,binary
0.036585365853658534,0.6351351351351351,0.1070110701107011,0.12549914432401596,82,370,271,1753,3,235,29,220,-0.5985497692814765,-0.01848807421331486,-0.5800616950681616,location_terminal,PH908_primary,all_non_I2,age_ge_1500,binary
0.036585365853658534,0,0.055350553505535055,0.1163719338277239,82,370,271,1753,3,0,15,204,0.036585365853658534,-0.061021380322188845,0.09760674617584739,location_terminal,PH908_primary,all_non_I2,age_ge_2000,binary
0.5,0.43902439024390244,0.35267857142857145,0.3969631236442516,50,41,224,1383,25,18,79,549,0.06097560975609756,-0.04428455221568017,0.10526016197177773,location_terminal,nonPH908_I2,non_I2_excl_R1a,other_i2_social,binary
0.76,0.8292682926829268,0.75,0.8423716558206796,50,41,224,1383,38,34,168,1165,-0.06926829268292678,-0.09237165582067963,0.023103363137752853,location_terminal,nonPH908_I2,non_I2_excl_R1a,other_i2_near_30km,binary
0.54,0.5853658536585366,0.6160714285714286,0.6362979031091829,50,41,224,1383,27,24,138,880,-0.045365853658536515,-0.02022647453775428,-0.025139379120782235,location_terminal,nonPH908_I2,non_I2_excl_R1a,other_i2_dist_le_20,binary
0.94,0.9512195121951219,0.9375,0.9689081706435285,50,41,224,1383,47,39,210,1340,-0.011219512195121961,-0.03140817064352852,0.02018865844840656,location_terminal,nonPH908_I2,non_I2_excl_R1a,other_i2_dist_le_50,binary
0.46,0.36585365853658536,0.30357142857142855,0.3579175704989154,50,41,224,1383,23,15,68,495,0.09414634146341466,-0.05434614192748688,0.14849248339090154,location_terminal,nonPH908_I2,non_I2_excl_R1a,other_i2_cloud_social_spatial,binary
0.16,0.0975609756097561,0.15625,0.14172089660159073,50,41,224,1383,8,4,35,196,0.0624390243902439,0.014529103398409265,0.04790992099183464,location_terminal,nonPH908_I2,non_I2_excl_R1a,nonph_i2_social,binary
0.32,0.3902439024390244,0.48214285714285715,0.5524222704266089,50,41,224,1383,16,16,108,764,-0.0702439024390244,-0.0702794132837517,3.551084472730448e-5,location_terminal,nonPH908_I2,non_I2_excl_R1a,nonph_i2_near_30km,binary
0.08,0.024390243902439025,0.10267857142857142,0.11062906724511931,50,41,224,1383,4,1,23,153,0.055609756097560976,-0.007950495816547887,0.06356025191410886,location_terminal,nonPH908_I2,non_I2_excl_R1a,nonph_i2_cloud_social_spatial,binary
0.86,0.8048780487804879,0.78125,0.8235719450469993,50,41,224,1383,43,33,175,1139,0.05512195121951213,-0.042321945046999265,0.0974438962665114,location_terminal,nonPH908_I2,non_I2_excl_R1a,surname_ic,binary
0.56,0.4146341463414634,0.5401785714285714,0.4953000723065799,50,41,224,1383,28,17,121,685,0.14536585365853666,0.04487849912199149,0.10048735453654517,location_terminal,nonPH908_I2,non_I2_excl_R1a,surname_ovic_evic,binary
0.3,0.3902439024390244,0.24107142857142858,0.32827187274041936,50,41,224,1383,15,16,54,454,-0.09024390243902441,-0.08720044416899078,-0.0030434582700336332,location_terminal,nonPH908_I2,non_I2_excl_R1a,surname_non_ovic_ic,binary
0.56,0.4146341463414634,0.5491071428571429,0.5075921908893709,50,41,224,1383,28,17,123,702,0.14536585365853666,0.041514951967771996,0.10385090169076466,location_terminal,nonPH908_I2,non_I2_excl_R1a,surname_vic,binary
0,0,0.022321428571428572,0.005784526391901663,50,41,224,1383,0,0,5,8,0,0.01653690217952691,-0.01653690217952691,location_terminal,nonPH908_I2,non_I2_excl_R1a,surname_ski,binary
0.9,1,0.90625,0.9718004338394793,50,41,224,1383,45,41,203,1344,-0.09999999999999998,-0.06555043383947934,-0.03444956616052064,location_terminal,nonPH908_I2,non_I2_excl_R1a,slava_informative,binary
0.16,0.0975609756097561,0.21875,0.1279826464208243,50,41,224,1383,8,4,49,177,0.0624390243902439,0.0907673535791757,-0.0283283291889318,location_terminal,nonPH908_I2,non_I2_excl_R1a,rare_slava_region_2,binary
0.4,0.24390243902439024,0.4330357142857143,0.2660882140274765,50,41,224,1383,20,10,97,368,0.15609756097560978,0.1669475002582378,-0.010849939282628007,location_terminal,nonPH908_I2,non_I2_excl_R1a,rare_slava_region_5,binary
0.84,0.7804878048780488,0.7723214285714286,0.7635574837310195,50,41,224,1383,42,32,173,1056,0.05951219512195116,0.0087639448404091,0.05074825028154206,location_terminal,nonPH908_I2,non_I2_excl_R1a,rare_surname_region_1,binary
1,0.9512195121951219,0.9375,0.9161243673174259,50,41,224,1383,50,39,210,1267,0.04878048780487809,0.02137563268257414,0.02740485512230395,location_terminal,nonPH908_I2,non_I2_excl_R1a,rare_surname_region_2,binary
0.78,0.8292682926829268,0.75,0.8423716558206796,50,41,224,1383,39,34,168,1165,-0.04926829268292676,-0.09237165582067963,0.04310336313775287,location_terminal,nonPH908_I2,non_I2_excl_R1a,i2_ecology_near30,binary
0.6,0.5853658536585366,0.5401785714285714,0.6391901663051338,50,41,224,1383,30,24,121,884,0.014634146341463428,-0.09901159487656241,0.11364574121802584,location_terminal,nonPH908_I2,non_I2_excl_R1a,i2_ecology_dense30,binary
0.38,0.34146341463414637,0.45089285714285715,0.5249457700650759,50,41,224,1383,19,14,101,726,0.03853658536585364,-0.07405291292221877,0.11258949828807241,location_terminal,nonPH908_I2,non_I2_excl_R1a,i2_ecology_diverse30,binary
0.4,0.4146341463414634,0.3705357142857143,0.48590021691973967,50,41,224,1383,20,17,83,672,-0.014634146341463372,-0.11536450263402537,0.100730356292562,location_terminal,nonPH908_I2,non_I2_excl_R1a,i2_ecology_terminal_diverse30,binary
0.12,0.21951219512195122,0.11607142857142858,0.26825741142443965,50,41,224,1383,6,9,26,371,-0.09951219512195122,-0.15218598285301108,0.05267378773105985,location_terminal,nonPH908_I2,non_I2_excl_R1a,i2_ecology_share30_gt50,binary
0.12,0.24390243902439024,0.10267857142857142,0.22704266088214028,50,41,224,1383,6,10,23,314,-0.12390243902439024,-0.12436408945356886,4.616504291786172e-4,location_terminal,nonPH908_I2,non_I2_excl_R1a,i2_ecology_share50_gt50,binary
0.3,0.34146341463414637,0.25892857142857145,0.36514822848879247,50,41,224,1383,15,14,58,505,-0.04146341463414638,-0.10621965706022102,0.06475624242607464,location_terminal,nonPH908_I2,non_I2_excl_R1a,i2_ecology_no_r1a30,binary
0.12,0.21951219512195122,0.11607142857142858,0.26825741142443965,50,41,224,1383,6,9,26,371,-0.09951219512195122,-0.15218598285301108,0.05267378773105985,location_terminal,nonPH908_I2,non_I2_excl_R1a,i2_ecology_i2_over_non_i2_30,binary
0.34,0.36585365853658536,0.29017857142857145,0.38756326825741144,50,41,224,1383,17,15,65,536,-0.025853658536585333,-0.09738469682883999,0.07153103829225466,location_terminal,nonPH908_I2,non_I2_excl_R1a,nearest_relic_is_i2,binary
0.04,0.17073170731707318,0.09375,0.19378163412870572,50,41,224,1383,2,7,21,268,-0.13073170731707318,-0.10003163412870572,-0.030700073188367455,location_terminal,nonPH908_I2,non_I2_excl_R1a,nearest_i2_and_i2_share30_gt50,binary
0.64,0.6585365853658537,0.625,0.7013738250180767,50,41,224,1383,32,27,140,970,-0.018536585365853675,-0.07637382501807666,0.05783723965222298,location_terminal,nonPH908_I2,non_I2_excl_R1a,geography_plus_suffix_ic,binary
0.46,0.36585365853658536,0.4375,0.42950108459869846,50,41,224,1383,23,15,98,594,0.09414634146341466,0.007998915401301543,0.08614742606211312,location_terminal,nonPH908_I2,non_I2_excl_R1a,geography_plus_ovic_evic,binary
0.4,0.24390243902439024,0.25892857142857145,0.3007953723788865,50,41,224,1383,20,10,58,416,0.15609756097560978,-0.04186680095031503,0.19796436192592481,location_terminal,nonPH908_I2,non_I2_excl_R1a,cloud_plus_suffix_ic,binary
0.06,0.07317073170731707,0.09375,0.12147505422993492,50,41,224,1383,3,3,21,168,-0.013170731707317071,-0.027725054229934917,0.014554322522617846,location_terminal,nonPH908_I2,non_I2_excl_R1a,cloud_plus_non_ovic_ic,binary
0.4,0.24390243902439024,0.25892857142857145,0.3007953723788865,50,41,224,1383,20,10,58,416,0.15609756097560978,-0.04186680095031503,0.19796436192592481,location_terminal,nonPH908_I2,non_I2_excl_R1a,geo_cloud_suffix_triad,binary
0,0,0,0,50,41,224,1383,0,0,0,0,0,0,0,location_terminal,nonPH908_I2,non_I2_excl_R1a,elevation_ge_700,binary
0,0,0,0,50,41,224,1383,0,0,0,0,0,0,0,location_terminal,nonPH908_I2,non_I2_excl_R1a,elevation_ge_900,binary
0,0,0,0,50,41,224,1383,0,0,0,0,0,0,0,location_terminal,nonPH908_I2,non_I2_excl_R1a,elevation_resid_ge_100,binary
0,0,0,0,50,41,224,1383,0,0,0,0,0,0,0,location_terminal,nonPH908_I2,non_I2_excl_R1a,mountain_i2_near30,binary
0,0,0,0,50,41,224,1383,0,0,0,0,0,0,0,location_terminal,nonPH908_I2,non_I2_excl_R1a,mountain_cloud_i2,binary
0,0,0,0,50,41,224,1383,0,0,0,0,0,0,0,location_terminal,nonPH908_I2,non_I2_excl_R1a,old_age_known,binary
0,0,0,0,50,41,224,1383,0,0,0,0,0,0,0,location_terminal,nonPH908_I2,non_I2_excl_R1a,age_ge_1500,binary
0,0,0,0,50,41,224,1383,0,0,0,0,0,0,0,location_terminal,nonPH908_I2,non_I2_excl_R1a,age_ge_2000,binary
0.5,0.43902439024390244,0.35424354243542433,0.3867655447803765,50,41,271,1753,25,18,96,678,0.06097560975609756,-0.03252200234495217,0.09349761210104973,location_terminal,nonPH908_I2,all_non_I2,other_i2_social,binary
0.76,0.8292682926829268,0.7564575645756457,0.8397033656588705,50,41,271,1753,38,34,205,1472,-0.06926829268292678,-0.08324580108322477,0.013977508400297989,location_terminal,nonPH908_I2,all_non_I2,other_i2_near_30km,binary
0.54,0.5853658536585366,0.6199261992619927,0.6360524814603536,50,41,271,1753,27,24,168,1115,-0.045365853658536515,-0.016126282198360986,-0.02923957146017553,location_terminal,nonPH908_I2,all_non_I2,other_i2_dist_le_20,binary
0.94,0.9512195121951219,0.9446494464944649,0.9674843126069596,50,41,271,1753,47,39,256,1696,-0.011219512195121961,-0.022834866112494634,0.011615353917372673,location_terminal,nonPH908_I2,all_non_I2,other_i2_dist_le_50,binary
0.46,0.36585365853658536,0.3062730627306273,0.34740444951511695,50,41,271,1753,23,15,83,609,0.09414634146341466,-0.04113138678448963,0.1352777282479043,location_terminal,nonPH908_I2,all_non_I2,other_i2_cloud_social_spatial,binary
0.16,0.0975609756097561,0.14391143911439114,0.13462635482030805,50,41,271,1753,8,4,39,236,0.0624390243902439,0.00928508429408309,0.05315394009616081,location_terminal,nonPH908_I2,all_non_I2,nonph_i2_social,binary
0.32,0.3902439024390244,0.4797047970479705,0.5487735310895607,50,41,271,1753,16,16,130,962,-0.0702439024390244,-0.06906873404159025,-0.0011751683974341454,location_terminal,nonPH908_I2,all_non_I2,nonph_i2_near_30km,binary
0.08,0.024390243902439025,0.0996309963099631,0.1038220193953223,50,41,271,1753,4,1,27,182,0.055609756097560976,-0.004191023085359208,0.059800779182920184,location_terminal,nonPH908_I2,all_non_I2,nonph_i2_cloud_social_spatial,binary
0.86,0.8048780487804879,0.7749077490774908,0.8185966913861951,50,41,271,1753,43,33,210,1435,0.05512195121951213,-0.04368894230870424,0.09881089352821637,location_terminal,nonPH908_I2,all_non_I2,surname_ic,binary
0.56,0.4146341463414634,0.5166051660516605,0.47518539646320596,50,41,271,1753,28,17,140,833,0.14536585365853666,0.04141976958845456,0.1039460840700821,location_terminal,nonPH908_I2,all_non_I2,surname_ovic_evic,binary
0.3,0.3902439024390244,0.25830258302583026,0.34341129492298916,50,41,271,1753,15,16,70,602,-0.09024390243902441,-0.0851087118971589,-0.005135190541865509,location_terminal,nonPH908_I2,all_non_I2,surname_non_ovic_ic,binary
0.56,0.4146341463414634,0.5239852398523985,0.4877353108956075,50,41,271,1753,28,17,142,855,0.14536585365853666,0.03624992895679102,0.10911592470174564,location_terminal,nonPH908_I2,all_non_I2,surname_vic,binary
0,0,0.02214022140221402,0.007986309184255563,50,41,271,1753,0,0,6,14,0,0.014153912217958458,-0.014153912217958458,location_terminal,nonPH908_I2,all_non_I2,surname_ski,binary
0.9,1,0.9003690036900369,0.9703365658870508,50,41,271,1753,45,41,244,1701,-0.09999999999999998,-0.06996756219701383,-0.030032437802986145,location_terminal,nonPH908_I2,all_non_I2,slava_informative,binary
0.16,0.0975609756097561,0.22878228782287824,0.13177410154021676,50,41,271,1753,8,4,62,231,0.0624390243902439,0.09700818628266147,-0.03456916189241757,location_terminal,nonPH908_I2,all_non_I2,rare_slava_region_2,binary
0.4,0.24390243902439024,0.43911439114391143,0.27096406160867087,50,41,271,1753,20,10,119,475,0.15609756097560978,0.16815032953524056,-0.012052768559630778,location_terminal,nonPH908_I2,all_non_I2,rare_slava_region_5,binary
0.84,0.7804878048780488,0.7933579335793358,0.7632629777524245,50,41,271,1753,42,32,215,1338,0.05951219512195116,0.03009495582691135,0.02941723929503981,location_terminal,nonPH908_I2,all_non_I2,rare_surname_region_1,binary
1,0.9512195121951219,0.9372693726937269,0.9167142042213349,50,41,271,1753,50,39,254,1607,0.04878048780487809,0.020555168472392027,0.028225319332486065,location_terminal,nonPH908_I2,all_non_I2,rare_surname_region_2,binary
0.78,0.8292682926829268,0.7564575645756457,0.8397033656588705,50,41,271,1753,39,34,205,1472,-0.04926829268292676,-0.08324580108322477,0.03397750840029801,location_terminal,nonPH908_I2,all_non_I2,i2_ecology_near30,binary
0.6,0.5853658536585366,0.5350553505535055,0.6406160867084997,50,41,271,1753,30,24,145,1123,0.014634146341463428,-0.10556073615499417,0.1201948824964576,location_terminal,nonPH908_I2,all_non_I2,i2_ecology_dense30,binary
0.38,0.34146341463414637,0.45018450184501846,0.5213918996006845,50,41,271,1753,19,14,122,914,0.03853658536585364,-0.07120739775566609,0.10974398312151973,location_terminal,nonPH908_I2,all_non_I2,i2_ecology_diverse30,binary
0.4,0.4146341463414634,0.3800738007380074,0.4837421563034798,50,41,271,1753,20,17,103,848,-0.014634146341463372,-0.10366835556547238,0.08903420922400901,location_terminal,nonPH908_I2,all_non_I2,i2_ecology_terminal_diverse30,binary
0.12,0.21951219512195122,0.12915129151291513,0.26240730176839705,50,41,271,1753,6,9,35,460,-0.09951219512195122,-0.13325601025548192,0.0337438151335307,location_terminal,nonPH908_I2,all_non_I2,i2_ecology_share30_gt50,binary
0.12,0.24390243902439024,0.1033210332103321,0.22076440387906446,50,41,271,1753,6,10,28,387,-0.12390243902439024,-0.11744337066873235,-0.00645906835565789,location_terminal,nonPH908_I2,all_non_I2,i2_ecology_share50_gt50,binary
0.3,0.34146341463414637,0.28044280442804426,0.3582430119794638,50,41,271,1753,15,14,76,628,-0.04146341463414638,-0.07780020755141953,0.03633679291727315,location_terminal,nonPH908_I2,all_non_I2,i2_ecology_no_r1a30,binary
0.12,0.21951219512195122,0.12915129151291513,0.26240730176839705,50,41,271,1753,6,9,35,460,-0.09951219512195122,-0.13325601025548192,0.0337438151335307,location_terminal,nonPH908_I2,all_non_I2,i2_ecology_i2_over_non_i2_30,binary
0.34,0.36585365853658536,0.3025830258302583,0.3822019395322305,50,41,271,1753,17,15,82,670,-0.025853658536585333,-0.07961891370197216,0.05376525516538683,location_terminal,nonPH908_I2,all_non_I2,nearest_relic_is_i2,binary
0.04,0.17073170731707318,0.1070110701107011,0.19110096976611524,50,41,271,1753,2,7,29,335,-0.13073170731707318,-0.08408989965541414,-0.04664180766165904,location_terminal,nonPH908_I2,all_non_I2,nearest_i2_and_i2_share30_gt50,binary
0.64,0.6585365853658537,0.6273062730627307,0.6970907016543069,50,41,271,1753,32,27,170,1222,-0.018536585365853675,-0.06978442859157619,0.05124784322572251,location_terminal,nonPH908_I2,all_non_I2,geography_plus_suffix_ic,binary
0.46,0.36585365853658536,0.42435424354243545,0.4130062749572162,50,41,271,1753,23,15,115,724,0.09414634146341466,0.011347968585219248,0.08279837287819541,location_terminal,nonPH908_I2,all_non_I2,geography_plus_ovic_evic,binary
0.4,0.24390243902439024,0.25461254612546125,0.28636622932116373,50,41,271,1753,20,10,69,502,0.15609756097560978,-0.03175368319570249,0.18785124417131227,location_terminal,nonPH908_I2,all_non_I2,cloud_plus_suffix_ic,binary
0.06,0.07317073170731707,0.09225092250922509,0.12036508841985168,50,41,271,1753,3,3,25,211,-0.013170731707317071,-0.028114165910626585,0.014943434203309514,location_terminal,nonPH908_I2,all_non_I2,cloud_plus_non_ovic_ic,binary
0.4,0.24390243902439024,0.25461254612546125,0.28636622932116373,50,41,271,1753,20,10,69,502,0.15609756097560978,-0.03175368319570249,0.18785124417131227,location_terminal,nonPH908_I2,all_non_I2,geo_cloud_suffix_triad,binary
0,0,0,0,50,41,271,1753,0,0,0,0,0,0,0,location_terminal,nonPH908_I2,all_non_I2,elevation_ge_700,binary
0,0,0,0,50,41,271,1753,0,0,0,0,0,0,0,location_terminal,nonPH908_I2,all_non_I2,elevation_ge_900,binary
0,0,0,0,50,41,271,1753,0,0,0,0,0,0,0,location_terminal,nonPH908_I2,all_non_I2,elevation_resid_ge_100,binary
0,0,0,0,50,41,271,1753,0,0,0,0,0,0,0,location_terminal,nonPH908_I2,all_non_I2,mountain_i2_near30,binary
0,0,0,0,50,41,271,1753,0,0,0,0,0,0,0,location_terminal,nonPH908_I2,all_non_I2,mountain_cloud_i2,binary
0,0,0.16974169741697417,0.21106674272675413,50,41,271,1753,0,0,46,370,0,-0.041325045309779956,0.041325045309779956,location_terminal,nonPH908_I2,all_non_I2,old_age_known,binary
0,0,0.1070110701107011,0.12549914432401596,50,41,271,1753,0,0,29,220,0,-0.01848807421331486,0.01848807421331486,location_terminal,nonPH908_I2,all_non_I2,age_ge_1500,binary
0,0,0.055350553505535055,0.1163719338277239,50,41,271,1753,0,0,15,204,0,-0.061021380322188845,0.061021380322188845,location_terminal,nonPH908_I2,all_non_I2,age_ge_2000,binary
0.3617021276595745,0.34864864864864864,0.35267857142857145,0.3969631236442516,47,370,224,1383,17,129,79,549,0.01305347901092585,-0.04428455221568017,0.05733803122660602,location_terminal,R1a,non_I2_excl_R1a,other_i2_social,binary
0.7872340425531915,0.8297297297297297,0.75,0.8423716558206796,47,370,224,1383,37,307,168,1165,-0.04249568717653818,-0.09237165582067963,0.049875968644141455,location_terminal,R1a,non_I2_excl_R1a,other_i2_near_30km,binary
0.6382978723404256,0.6351351351351351,0.6160714285714286,0.6362979031091829,47,370,224,1383,30,235,138,880,0.003162737205290478,-0.02022647453775428,0.023389211743044758,location_terminal,R1a,non_I2_excl_R1a,other_i2_dist_le_20,binary
0.9787234042553191,0.9621621621621622,0.9375,0.9689081706435285,47,370,224,1383,46,356,210,1340,0.016561242093156903,-0.03140817064352852,0.047969412736685424,location_terminal,R1a,non_I2_excl_R1a,other_i2_dist_le_50,binary
0.3191489361702128,0.3081081081081081,0.30357142857142855,0.3579175704989154,47,370,224,1383,15,114,68,495,0.011040828062104657,-0.05434614192748688,0.06538696998959154,location_terminal,R1a,non_I2_excl_R1a,other_i2_cloud_social_spatial,binary
0.0851063829787234,0.10810810810810811,0.15625,0.14172089660159073,47,370,224,1383,4,40,35,196,-0.023001725129384712,0.014529103398409265,-0.03753082852779398,location_terminal,R1a,non_I2_excl_R1a,nonph_i2_social,binary
0.46808510638297873,0.5351351351351351,0.48214285714285715,0.5524222704266089,47,370,224,1383,22,198,108,764,-0.06705002875215638,-0.0702794132837517,0.003229384531595325,location_terminal,R1a,non_I2_excl_R1a,nonph_i2_near_30km,binary
0.0851063829787234,0.07837837837837838,0.10267857142857142,0.11062906724511931,47,370,224,1383,4,29,23,153,0.0067280046003450195,-0.007950495816547887,0.014678500416892906,location_terminal,R1a,non_I2_excl_R1a,nonph_i2_cloud_social_spatial,binary
0.7446808510638298,0.8,0.78125,0.8235719450469993,47,370,224,1383,35,296,175,1139,-0.05531914893617029,-0.042321945046999265,-0.012997203889171027,location_terminal,R1a,non_I2_excl_R1a,surname_ic,binary
0.40425531914893614,0.4,0.5401785714285714,0.4953000723065799,47,370,224,1383,19,148,121,685,0.004255319148936121,0.04487849912199149,-0.04062317997305537,location_terminal,R1a,non_I2_excl_R1a,surname_ovic_evic,binary
0.3404255319148936,0.4,0.24107142857142858,0.32827187274041936,47,370,224,1383,16,148,54,454,-0.05957446808510641,-0.08720044416899078,0.027625976083884368,location_terminal,R1a,non_I2_excl_R1a,surname_non_ovic_ic,binary
0.40425531914893614,0.4135135135135135,0.5491071428571429,0.5075921908893709,47,370,224,1383,19,153,123,702,-0.009258194364577366,0.041514951967771996,-0.05077314633234936,location_terminal,R1a,non_I2_excl_R1a,surname_vic,binary
0.02127659574468085,0.016216216216216217,0.022321428571428572,0.005784526391901663,47,370,224,1383,1,6,5,8,0.005060379528464633,0.01653690217952691,-0.011476522651062276,location_terminal,R1a,non_I2_excl_R1a,surname_ski,binary
0.8723404255319149,0.9648648648648649,0.90625,0.9718004338394793,47,370,224,1383,41,357,203,1344,-0.09252443933294996,-0.06555043383947934,-0.02697400549347062,location_terminal,R1a,non_I2_excl_R1a,slava_informative,binary
0.2765957446808511,0.14594594594594595,0.21875,0.1279826464208243,47,370,224,1383,13,54,49,177,0.13064979873490512,0.0907673535791757,0.03988244515572942,location_terminal,R1a,non_I2_excl_R1a,rare_slava_region_2,binary
0.46808510638297873,0.2891891891891892,0.4330357142857143,0.2660882140274765,47,370,224,1383,22,107,97,368,0.17889591719378956,0.1669475002582378,0.011948416935551764,location_terminal,R1a,non_I2_excl_R1a,rare_slava_region_5,binary
0.8936170212765957,0.7621621621621621,0.7723214285714286,0.7635574837310195,47,370,224,1383,42,282,173,1056,0.13145485911443355,0.0087639448404091,0.12269091427402445,location_terminal,R1a,non_I2_excl_R1a,rare_surname_region_1,binary
0.9361702127659575,0.918918918918919,0.9375,0.9161243673174259,47,370,224,1383,44,340,210,1267,0.017251293847038496,0.02137563268257414,-0.004124338835535646,location_terminal,R1a,non_I2_excl_R1a,rare_surname_region_2,binary
0.7872340425531915,0.8297297297297297,0.75,0.8423716558206796,47,370,224,1383,37,307,168,1165,-0.04249568717653818,-0.09237165582067963,0.049875968644141455,location_terminal,R1a,non_I2_excl_R1a,i2_ecology_near30,binary
0.5106382978723404,0.6459459459459459,0.5401785714285714,0.6391901663051338,47,370,224,1383,24,239,121,884,-0.1353076480736055,-0.09901159487656241,-0.0362960531970431,location_terminal,R1a,non_I2_excl_R1a,i2_ecology_dense30,binary
0.44680851063829785,0.5081081081081081,0.45089285714285715,0.5249457700650759,47,370,224,1383,21,188,101,726,-0.061299597469810285,-0.07405291292221877,0.012753315452408487,location_terminal,R1a,non_I2_excl_R1a,i2_ecology_diverse30,binary
0.425531914893617,0.4756756756756757,0.3705357142857143,0.48590021691973967,47,370,224,1383,20,176,83,672,-0.05014376078205868,-0.11536450263402537,0.06522074185196669,location_terminal,R1a,non_I2_excl_R1a,i2_ecology_terminal_diverse30,binary
0.19148936170212766,0.24054054054054055,0.11607142857142858,0.26825741142443965,47,370,224,1383,9,89,26,371,-0.049051178838412895,-0.15218598285301108,0.10313480401459818,location_terminal,R1a,non_I2_excl_R1a,i2_ecology_share30_gt50,binary
0.10638297872340426,0.1972972972972973,0.10267857142857142,0.22704266088214028,47,370,224,1383,5,73,23,314,-0.09091431857389305,-0.12436408945356886,0.03344977087967581,location_terminal,R1a,non_I2_excl_R1a,i2_ecology_share50_gt50,binary
0.3829787234042553,0.3324324324324324,0.25892857142857145,0.36514822848879247,47,370,224,1383,18,123,58,505,0.050546290971822894,-0.10621965706022102,0.1567659480320439,location_terminal,R1a,non_I2_excl_R1a,i2_ecology_no_r1a30,binary
0.19148936170212766,0.24054054054054055,0.11607142857142858,0.26825741142443965,47,370,224,1383,9,89,26,371,-0.049051178838412895,-0.15218598285301108,0.10313480401459818,location_terminal,R1a,non_I2_excl_R1a,i2_ecology_i2_over_non_i2_30,binary
0.3617021276595745,0.3621621621621622,0.29017857142857145,0.38756326825741144,47,370,224,1383,17,134,65,536,-4.6003450258769174e-4,-0.09738469682883999,0.0969246623262523,location_terminal,R1a,non_I2_excl_R1a,nearest_relic_is_i2,binary
0.1702127659574468,0.1810810810810811,0.09375,0.19378163412870572,47,370,224,1383,8,67,21,268,-0.010868315123634287,-0.10003163412870572,0.08916331900507143,location_terminal,R1a,non_I2_excl_R1a,nearest_i2_and_i2_share30_gt50,binary
0.6382978723404256,0.6810810810810811,0.625,0.7013738250180767,47,370,224,1383,30,252,140,970,-0.042783208740655554,-0.07637382501807666,0.033590616277421104,location_terminal,R1a,non_I2_excl_R1a,geography_plus_suffix_ic,binary
0.3617021276595745,0.35135135135135137,0.4375,0.42950108459869846,47,370,224,1383,17,130,98,594,0.01035077630822312,0.007998915401301543,0.002351860906921577,location_terminal,R1a,non_I2_excl_R1a,geography_plus_ovic_evic,binary
0.23404255319148937,0.23243243243243245,0.25892857142857145,0.3007953723788865,47,370,224,1383,11,86,58,416,0.001610120759056921,-0.04186680095031503,0.04347692170937195,location_terminal,R1a,non_I2_excl_R1a,cloud_plus_suffix_ic,binary
0.0851063829787234,0.11621621621621622,0.09375,0.12147505422993492,47,370,224,1383,4,43,21,168,-0.03110983323749282,-0.027725054229934917,-0.003384779007557903,location_terminal,R1a,non_I2_excl_R1a,cloud_plus_non_ovic_ic,binary
0.23404255319148937,0.23243243243243245,0.25892857142857145,0.3007953723788865,47,370,224,1383,11,86,58,416,0.001610120759056921,-0.04186680095031503,0.04347692170937195,location_terminal,R1a,non_I2_excl_R1a,geo_cloud_suffix_triad,binary
0,0,0,0,47,370,224,1383,0,0,0,0,0,0,0,location_terminal,R1a,non_I2_excl_R1a,elevation_ge_700,binary
0,0,0,0,47,370,224,1383,0,0,0,0,0,0,0,location_terminal,R1a,non_I2_excl_R1a,elevation_ge_900,binary
0,0,0,0,47,370,224,1383,0,0,0,0,0,0,0,location_terminal,R1a,non_I2_excl_R1a,elevation_resid_ge_100,binary
0,0,0,0,47,370,224,1383,0,0,0,0,0,0,0,location_terminal,R1a,non_I2_excl_R1a,mountain_i2_near30,binary
0,0,0,0,47,370,224,1383,0,0,0,0,0,0,0,location_terminal,R1a,non_I2_excl_R1a,mountain_cloud_i2,binary
0.9787234042553191,1,0,0,47,370,224,1383,46,370,0,0,-0.021276595744680882,0,-0.021276595744680882,location_terminal,R1a,non_I2_excl_R1a,old_age_known,binary
0.6170212765957447,0.5945945945945946,0,0,47,370,224,1383,29,220,0,0,0.022426682001150056,0,0.022426682001150056,location_terminal,R1a,non_I2_excl_R1a,age_ge_1500,binary
0.3191489361702128,0.5513513513513514,0,0,47,370,224,1383,15,204,0,0,-0.2322024151811386,0,-0.2322024151811386,location_terminal,R1a,non_I2_excl_R1a,age_ge_2000,binary
0.3617021276595745,0.34864864864864864,0.35267857142857145,0.3969631236442516,47,370,224,1383,17,129,79,549,0.01305347901092585,-0.04428455221568017,0.05733803122660602,location_terminal,R1a,all_non_I2,other_i2_social,binary
0.7872340425531915,0.8297297297297297,0.75,0.8423716558206796,47,370,224,1383,37,307,168,1165,-0.04249568717653818,-0.09237165582067963,0.049875968644141455,location_terminal,R1a,all_non_I2,other_i2_near_30km,binary
0.6382978723404256,0.6351351351351351,0.6160714285714286,0.6362979031091829,47,370,224,1383,30,235,138,880,0.003162737205290478,-0.02022647453775428,0.023389211743044758,location_terminal,R1a,all_non_I2,other_i2_dist_le_20,binary
0.9787234042553191,0.9621621621621622,0.9375,0.9689081706435285,47,370,224,1383,46,356,210,1340,0.016561242093156903,-0.03140817064352852,0.047969412736685424,location_terminal,R1a,all_non_I2,other_i2_dist_le_50,binary
0.3191489361702128,0.3081081081081081,0.30357142857142855,0.3579175704989154,47,370,224,1383,15,114,68,495,0.011040828062104657,-0.05434614192748688,0.06538696998959154,location_terminal,R1a,all_non_I2,other_i2_cloud_social_spatial,binary
0.0851063829787234,0.10810810810810811,0.15625,0.14172089660159073,47,370,224,1383,4,40,35,196,-0.023001725129384712,0.014529103398409265,-0.03753082852779398,location_terminal,R1a,all_non_I2,nonph_i2_social,binary
0.46808510638297873,0.5351351351351351,0.48214285714285715,0.5524222704266089,47,370,224,1383,22,198,108,764,-0.06705002875215638,-0.0702794132837517,0.003229384531595325,location_terminal,R1a,all_non_I2,nonph_i2_near_30km,binary
0.0851063829787234,0.07837837837837838,0.10267857142857142,0.11062906724511931,47,370,224,1383,4,29,23,153,0.0067280046003450195,-0.007950495816547887,0.014678500416892906,location_terminal,R1a,all_non_I2,nonph_i2_cloud_social_spatial,binary
0.7446808510638298,0.8,0.78125,0.8235719450469993,47,370,224,1383,35,296,175,1139,-0.05531914893617029,-0.042321945046999265,-0.012997203889171027,location_terminal,R1a,all_non_I2,surname_ic,binary
0.40425531914893614,0.4,0.5401785714285714,0.4953000723065799,47,370,224,1383,19,148,121,685,0.004255319148936121,0.04487849912199149,-0.04062317997305537,location_terminal,R1a,all_non_I2,surname_ovic_evic,binary
0.3404255319148936,0.4,0.24107142857142858,0.32827187274041936,47,370,224,1383,16,148,54,454,-0.05957446808510641,-0.08720044416899078,0.027625976083884368,location_terminal,R1a,all_non_I2,surname_non_ovic_ic,binary
0.40425531914893614,0.4135135135135135,0.5491071428571429,0.5075921908893709,47,370,224,1383,19,153,123,702,-0.009258194364577366,0.041514951967771996,-0.05077314633234936,location_terminal,R1a,all_non_I2,surname_vic,binary
0.02127659574468085,0.016216216216216217,0.022321428571428572,0.005784526391901663,47,370,224,1383,1,6,5,8,0.005060379528464633,0.01653690217952691,-0.011476522651062276,location_terminal,R1a,all_non_I2,surname_ski,binary
0.8723404255319149,0.9648648648648649,0.90625,0.9718004338394793,47,370,224,1383,41,357,203,1344,-0.09252443933294996,-0.06555043383947934,-0.02697400549347062,location_terminal,R1a,all_non_I2,slava_informative,binary
0.2765957446808511,0.14594594594594595,0.21875,0.1279826464208243,47,370,224,1383,13,54,49,177,0.13064979873490512,0.0907673535791757,0.03988244515572942,location_terminal,R1a,all_non_I2,rare_slava_region_2,binary
0.46808510638297873,0.2891891891891892,0.4330357142857143,0.2660882140274765,47,370,224,1383,22,107,97,368,0.17889591719378956,0.1669475002582378,0.011948416935551764,location_terminal,R1a,all_non_I2,rare_slava_region_5,binary
0.8936170212765957,0.7621621621621621,0.7723214285714286,0.7635574837310195,47,370,224,1383,42,282,173,1056,0.13145485911443355,0.0087639448404091,0.12269091427402445,location_terminal,R1a,all_non_I2,rare_surname_region_1,binary
0.9361702127659575,0.918918918918919,0.9375,0.9161243673174259,47,370,224,1383,44,340,210,1267,0.017251293847038496,0.02137563268257414,-0.004124338835535646,location_terminal,R1a,all_non_I2,rare_surname_region_2,binary
0.7872340425531915,0.8297297297297297,0.75,0.8423716558206796,47,370,224,1383,37,307,168,1165,-0.04249568717653818,-0.09237165582067963,0.049875968644141455,location_terminal,R1a,all_non_I2,i2_ecology_near30,binary
0.5106382978723404,0.6459459459459459,0.5401785714285714,0.6391901663051338,47,370,224,1383,24,239,121,884,-0.1353076480736055,-0.09901159487656241,-0.0362960531970431,location_terminal,R1a,all_non_I2,i2_ecology_dense30,binary
0.44680851063829785,0.5081081081081081,0.45089285714285715,0.5249457700650759,47,370,224,1383,21,188,101,726,-0.061299597469810285,-0.07405291292221877,0.012753315452408487,location_terminal,R1a,all_non_I2,i2_ecology_diverse30,binary
0.425531914893617,0.4756756756756757,0.3705357142857143,0.48590021691973967,47,370,224,1383,20,176,83,672,-0.05014376078205868,-0.11536450263402537,0.06522074185196669,location_terminal,R1a,all_non_I2,i2_ecology_terminal_diverse30,binary
0.19148936170212766,0.24054054054054055,0.11607142857142858,0.26825741142443965,47,370,224,1383,9,89,26,371,-0.049051178838412895,-0.15218598285301108,0.10313480401459818,location_terminal,R1a,all_non_I2,i2_ecology_share30_gt50,binary
0.10638297872340426,0.1972972972972973,0.10267857142857142,0.22704266088214028,47,370,224,1383,5,73,23,314,-0.09091431857389305,-0.12436408945356886,0.03344977087967581,location_terminal,R1a,all_non_I2,i2_ecology_share50_gt50,binary
0.3829787234042553,0.3324324324324324,0.25892857142857145,0.36514822848879247,47,370,224,1383,18,123,58,505,0.050546290971822894,-0.10621965706022102,0.1567659480320439,location_terminal,R1a,all_non_I2,i2_ecology_no_r1a30,binary
0.19148936170212766,0.24054054054054055,0.11607142857142858,0.26825741142443965,47,370,224,1383,9,89,26,371,-0.049051178838412895,-0.15218598285301108,0.10313480401459818,location_terminal,R1a,all_non_I2,i2_ecology_i2_over_non_i2_30,binary
0.3617021276595745,0.3621621621621622,0.29017857142857145,0.38756326825741144,47,370,224,1383,17,134,65,536,-4.6003450258769174e-4,-0.09738469682883999,0.0969246623262523,location_terminal,R1a,all_non_I2,nearest_relic_is_i2,binary
0.1702127659574468,0.1810810810810811,0.09375,0.19378163412870572,47,370,224,1383,8,67,21,268,-0.010868315123634287,-0.10003163412870572,0.08916331900507143,location_terminal,R1a,all_non_I2,nearest_i2_and_i2_share30_gt50,binary
0.6382978723404256,0.6810810810810811,0.625,0.7013738250180767,47,370,224,1383,30,252,140,970,-0.042783208740655554,-0.07637382501807666,0.033590616277421104,location_terminal,R1a,all_non_I2,geography_plus_suffix_ic,binary
0.3617021276595745,0.35135135135135137,0.4375,0.42950108459869846,47,370,224,1383,17,130,98,594,0.01035077630822312,0.007998915401301543,0.002351860906921577,location_terminal,R1a,all_non_I2,geography_plus_ovic_evic,binary
0.23404255319148937,0.23243243243243245,0.25892857142857145,0.3007953723788865,47,370,224,1383,11,86,58,416,0.001610120759056921,-0.04186680095031503,0.04347692170937195,location_terminal,R1a,all_non_I2,cloud_plus_suffix_ic,binary
0.0851063829787234,0.11621621621621622,0.09375,0.12147505422993492,47,370,224,1383,4,43,21,168,-0.03110983323749282,-0.027725054229934917,-0.003384779007557903,location_terminal,R1a,all_non_I2,cloud_plus_non_ovic_ic,binary
0.23404255319148937,0.23243243243243245,0.25892857142857145,0.3007953723788865,47,370,224,1383,11,86,58,416,0.001610120759056921,-0.04186680095031503,0.04347692170937195,location_terminal,R1a,all_non_I2,geo_cloud_suffix_triad,binary
0,0,0,0,47,370,224,1383,0,0,0,0,0,0,0,location_terminal,R1a,all_non_I2,elevation_ge_700,binary
0,0,0,0,47,370,224,1383,0,0,0,0,0,0,0,location_terminal,R1a,all_non_I2,elevation_ge_900,binary
0,0,0,0,47,370,224,1383,0,0,0,0,0,0,0,location_terminal,R1a,all_non_I2,elevation_resid_ge_100,binary
0,0,0,0,47,370,224,1383,0,0,0,0,0,0,0,location_terminal,R1a,all_non_I2,mountain_i2_near30,binary
0,0,0,0,47,370,224,1383,0,0,0,0,0,0,0,location_terminal,R1a,all_non_I2,mountain_cloud_i2,binary
0.9787234042553191,1,0,0,47,370,224,1383,46,370,0,0,-0.021276595744680882,0,-0.021276595744680882,location_terminal,R1a,all_non_I2,old_age_known,binary
0.6170212765957447,0.5945945945945946,0,0,47,370,224,1383,29,220,0,0,0.022426682001150056,0,0.022426682001150056,location_terminal,R1a,all_non_I2,age_ge_1500,binary
0.3191489361702128,0.5513513513513514,0,0,47,370,224,1383,15,204,0,0,-0.2322024151811386,0,-0.2322024151811386,location_terminal,R1a,all_non_I2,age_ge_2000,binary
0.3392857142857143,0.3879310344827586,0.35714285714285715,0.39779005524861877,56,116,168,1267,19,45,60,504,-0.04864532019704432,-0.04064719810576162,-0.0079981220912827,location_terminal,R1b,non_I2_excl_R1a,other_i2_social,binary
0.7857142857142857,0.8189655172413793,0.7380952380952381,0.8445146014206788,56,116,168,1267,44,95,124,1070,-0.03325123152709364,-0.10641936332544066,0.07316813179834702,location_terminal,R1b,non_I2_excl_R1a,other_i2_near_30km,binary
0.6607142857142857,0.5775862068965517,0.6011904761904762,0.6416732438831886,56,116,168,1267,37,67,101,813,0.08312807881773399,-0.04048276769271242,0.1236108465104464,location_terminal,R1b,non_I2_excl_R1a,other_i2_dist_le_20,binary
0.9464285714285714,0.9482758620689655,0.9345238095238095,0.9707971586424625,56,116,168,1267,53,110,157,1230,-0.001847290640394128,-0.03627334911865299,0.03442605847825886,location_terminal,R1b,non_I2_excl_R1a,other_i2_dist_le_50,binary
0.3392857142857143,0.3448275862068966,0.2916666666666667,0.35911602209944754,56,116,168,1267,19,40,49,455,-0.005541871921182273,-0.06744935543278086,0.06190748351159858,location_terminal,R1b,non_I2_excl_R1a,other_i2_cloud_social_spatial,binary
0.125,0.1724137931034483,0.16666666666666666,0.13891081294396213,56,116,168,1267,7,20,28,176,-0.04741379310344829,0.027755853722704532,-0.07516964682615282,location_terminal,R1b,non_I2_excl_R1a,nonph_i2_social,binary
0.44642857142857145,0.5344827586206896,0.49404761904761907,0.5540647198105761,56,116,168,1267,25,62,83,702,-0.08805418719211816,-0.060017100762957076,-0.028037086429161084,location_terminal,R1b,non_I2_excl_R1a,nonph_i2_near_30km,binary
0.07142857142857142,0.1206896551724138,0.1130952380952381,0.10970797158642462,56,116,168,1267,4,14,19,139,-0.049261083743842374,0.0033872665088134774,-0.05264835025265585,location_terminal,R1b,non_I2_excl_R1a,nonph_i2_cloud_social_spatial,binary
0.8035714285714286,0.8017241379310345,0.7738095238095238,0.8255722178374112,56,116,168,1267,45,93,130,1046,0.001847290640394128,-0.05176269402788736,0.053609984668281485,location_terminal,R1b,non_I2_excl_R1a,surname_ic,binary
0.5535714285714286,0.5086206896551724,0.5357142857142857,0.4940805051302289,56,116,168,1267,31,59,90,626,0.04495073891625623,0.04163378058405681,0.0033169583321994156,location_terminal,R1b,non_I2_excl_R1a,surname_ovic_evic,binary
0.25,0.29310344827586204,0.23809523809523808,0.3314917127071823,56,116,168,1267,14,34,40,420,-0.043103448275862044,-0.09339647461194422,0.05029302633608218,location_terminal,R1b,non_I2_excl_R1a,surname_non_ovic_ic,binary
0.5714285714285714,0.5258620689655172,0.5416666666666666,0.5059194948697711,56,116,168,1267,32,61,91,641,0.04556650246305416,0.03574717179689557,0.009819330666158588,location_terminal,R1b,non_I2_excl_R1a,surname_vic,binary
0.017857142857142856,0,0.023809523809523808,0.006314127861089187,56,116,168,1267,1,0,4,8,0.017857142857142856,0.01749539594843462,3.617469087082367e-4,location_terminal,R1b,non_I2_excl_R1a,surname_ski,binary
0.9464285714285714,0.9137931034482759,0.8928571428571429,0.9771112865035517,56,116,168,1267,53,106,150,1238,0.032635467980295485,-0.08425414364640882,0.1168896116267043,location_terminal,R1b,non_I2_excl_R1a,slava_informative,binary
0.25,0.13793103448275862,0.20833333333333334,0.1270718232044199,56,116,168,1267,14,16,35,161,0.11206896551724138,0.08126151012891344,0.030807455388327937,location_terminal,R1b,non_I2_excl_R1a,rare_slava_region_2,binary
0.4107142857142857,0.35344827586206895,0.44047619047619047,0.2580899763220205,56,116,168,1267,23,41,74,327,0.05726600985221675,0.18238621415416995,-0.1251202043019532,location_terminal,R1b,non_I2_excl_R1a,rare_slava_region_5,binary
0.7857142857142857,0.6982758620689655,0.7678571428571429,0.7695343330702447,56,116,168,1267,44,81,129,975,0.08743842364532017,-0.0016771902131017535,0.08911561385842193,location_terminal,R1b,non_I2_excl_R1a,rare_surname_region_1,binary
1,0.9051724137931034,0.9166666666666666,0.9171270718232044,56,116,168,1267,56,105,154,1162,0.09482758620689657,-4.604051565377798e-4,0.09528799136343435,location_terminal,R1b,non_I2_excl_R1a,rare_surname_region_2,binary
0.7857142857142857,0.8189655172413793,0.7380952380952381,0.8445146014206788,56,116,168,1267,44,95,124,1070,-0.03325123152709364,-0.10641936332544066,0.07316813179834702,location_terminal,R1b,non_I2_excl_R1a,i2_ecology_near30,binary
0.5,0.603448275862069,0.5535714285714286,0.6424625098658248,56,116,168,1267,28,70,93,814,-0.10344827586206895,-0.08889108129439616,-0.014557194567672793,location_terminal,R1b,non_I2_excl_R1a,i2_ecology_dense30,binary
0.375,0.5086206896551724,0.47619047619047616,0.526440410418311,56,116,168,1267,21,59,80,667,-0.13362068965517238,-0.05024993422783486,-0.08337075542733752,location_terminal,R1b,non_I2_excl_R1a,i2_ecology_diverse30,binary
0.4107142857142857,0.47413793103448276,0.35714285714285715,0.48697711128650356,56,116,168,1267,23,55,60,617,-0.06342364532019706,-0.1298342541436464,0.06641060882344935,location_terminal,R1b,non_I2_excl_R1a,i2_ecology_terminal_diverse30,binary
0.125,0.27586206896551724,0.1130952380952381,0.2675611681136543,56,116,168,1267,7,32,19,339,-0.15086206896551724,-0.15446593001841624,0.0036038610528990045,location_terminal,R1b,non_I2_excl_R1a,i2_ecology_share30_gt50,binary
0.08928571428571429,0.23275862068965517,0.10714285714285714,0.2265193370165746,56,116,168,1267,5,27,18,287,-0.1434729064039409,-0.11937647987371745,-0.02409642653022344,location_terminal,R1b,non_I2_excl_R1a,i2_ecology_share50_gt50,binary
0.19642857142857142,0.3706896551724138,0.27976190476190477,0.36464088397790057,56,116,168,1267,11,43,47,462,-0.1742610837438424,-0.0848789792159958,-0.08938210452784659,location_terminal,R1b,non_I2_excl_R1a,i2_ecology_no_r1a30,binary
0.125,0.27586206896551724,0.1130952380952381,0.2675611681136543,56,116,168,1267,7,32,19,339,-0.15086206896551724,-0.15446593001841624,0.0036038610528990045,location_terminal,R1b,non_I2_excl_R1a,i2_ecology_i2_over_non_i2_30,binary
0.26785714285714285,0.3017241379310345,0.2976190476190476,0.39542225730071034,56,116,168,1267,15,35,50,501,-0.033866995073891626,-0.09780320968166273,0.0639362146077711,location_terminal,R1b,non_I2_excl_R1a,nearest_relic_is_i2,binary
0.05357142857142857,0.14655172413793102,0.10714285714285714,0.19810576164167323,56,116,168,1267,3,17,18,251,-0.09298029556650245,-0.0909629044988161,-0.00201739106768635,location_terminal,R1b,non_I2_excl_R1a,nearest_i2_and_i2_share30_gt50,binary
0.6785714285714286,0.6982758620689655,0.6071428571428571,0.7016574585635359,56,116,168,1267,38,81,102,889,-0.019704433497536922,-0.0945146014206788,0.07481016792314188,location_terminal,R1b,non_I2_excl_R1a,geography_plus_suffix_ic,binary
0.4642857142857143,0.43103448275862066,0.42857142857142855,0.4293606945540647,56,116,168,1267,26,50,72,544,0.03325123152709364,-7.892659826361781e-4,0.03404049750972982,location_terminal,R1b,non_I2_excl_R1a,geography_plus_ovic_evic,binary
0.30357142857142855,0.3275862068965517,0.24404761904761904,0.2983425414364641,56,116,168,1267,17,38,41,378,-0.024014778325123165,-0.05429492238884506,0.030280144063721898,location_terminal,R1b,non_I2_excl_R1a,cloud_plus_suffix_ic,binary
0.125,0.08620689655172414,0.08333333333333333,0.12470402525651145,56,116,168,1267,7,10,14,158,0.038793103448275856,-0.04137069192317812,0.08016379537145397,location_terminal,R1b,non_I2_excl_R1a,cloud_plus_non_ovic_ic,binary
0.30357142857142855,0.3275862068965517,0.24404761904761904,0.2983425414364641,56,116,168,1267,17,38,41,378,-0.024014778325123165,-0.05429492238884506,0.030280144063721898,location_terminal,R1b,non_I2_excl_R1a,geo_cloud_suffix_triad,binary
0,0,0,0,56,116,168,1267,0,0,0,0,0,0,0,location_terminal,R1b,non_I2_excl_R1a,elevation_ge_700,binary
0,0,0,0,56,116,168,1267,0,0,0,0,0,0,0,location_terminal,R1b,non_I2_excl_R1a,elevation_ge_900,binary
0,0,0,0,56,116,168,1267,0,0,0,0,0,0,0,location_terminal,R1b,non_I2_excl_R1a,elevation_resid_ge_100,binary
0,0,0,0,56,116,168,1267,0,0,0,0,0,0,0,location_terminal,R1b,non_I2_excl_R1a,mountain_i2_near30,binary
0,0,0,0,56,116,168,1267,0,0,0,0,0,0,0,location_terminal,R1b,non_I2_excl_R1a,mountain_cloud_i2,binary
0,0,0,0,56,116,168,1267,0,0,0,0,0,0,0,location_terminal,R1b,non_I2_excl_R1a,old_age_known,binary
0,0,0,0,56,116,168,1267,0,0,0,0,0,0,0,location_terminal,R1b,non_I2_excl_R1a,age_ge_1500,binary
0,0,0,0,56,116,168,1267,0,0,0,0,0,0,0,location_terminal,R1b,non_I2_excl_R1a,age_ge_2000,binary
0.3392857142857143,0.3879310344827586,0.3581395348837209,0.386682956627978,56,116,215,1637,19,45,77,633,-0.04864532019704432,-0.028543421744257114,-0.020101898452787204,location_terminal,R1b,all_non_I2,other_i2_social,binary
0.7857142857142857,0.8189655172413793,0.7488372093023256,0.8411728772144166,56,116,215,1637,44,95,161,1377,-0.03325123152709364,-0.09233566791209102,0.059084436384997385,location_terminal,R1b,all_non_I2,other_i2_near_30km,binary
0.6607142857142857,0.5775862068965517,0.6093023255813953,0.6401954795357361,56,116,215,1637,37,67,131,1048,0.08312807881773399,-0.03089315395434078,0.11402123277207477,location_terminal,R1b,all_non_I2,other_i2_dist_le_20,binary
0.9464285714285714,0.9482758620689655,0.9441860465116279,0.9688454489920586,56,116,215,1637,53,110,203,1586,-0.001847290640394128,-0.024659402480430748,0.02281211184003662,location_terminal,R1b,all_non_I2,other_i2_dist_le_50,binary
0.3392857142857143,0.3448275862068966,0.29767441860465116,0.34758704948075747,56,116,215,1637,19,40,64,569,-0.005541871921182273,-0.04991263087610631,0.04437075895492404,location_terminal,R1b,all_non_I2,other_i2_cloud_social_spatial,binary
0.125,0.1724137931034483,0.14883720930232558,0.13194868662186926,56,116,215,1637,7,20,32,216,-0.04741379310344829,0.01688852268045632,-0.0643023157839046,location_terminal,R1b,all_non_I2,nonph_i2_social,binary
0.44642857142857145,0.5344827586206896,0.4883720930232558,0.5497861942577886,56,116,215,1637,25,62,105,900,-0.08805418719211816,-0.061414101234532836,-0.026640085957585324,location_terminal,R1b,all_non_I2,nonph_i2_near_30km,binary
0.07142857142857142,0.1206896551724138,0.10697674418604651,0.10262675626145389,56,116,215,1637,4,14,23,168,-0.049261083743842374,0.004349987924592624,-0.053611071668435,location_terminal,R1b,all_non_I2,nonph_i2_cloud_social_spatial,binary
0.8035714285714286,0.8017241379310345,0.7674418604651163,0.8197923029932804,56,116,215,1637,45,93,165,1342,0.001847290640394128,-0.05235044252816412,0.05419773316855825,location_terminal,R1b,all_non_I2,surname_ic,binary
0.5535714285714286,0.5086206896551724,0.5069767441860465,0.47281612706169823,56,116,215,1637,31,59,109,774,0.04495073891625623,0.034160617124348314,0.010790121791907914,location_terminal,R1b,all_non_I2,surname_ovic_evic,binary
0.25,0.29310344827586204,0.26046511627906976,0.34697617593158214,56,116,215,1637,14,34,56,568,-0.043103448275862044,-0.08651105965251238,0.043407611376650335,location_terminal,R1b,all_non_I2,surname_non_ovic_ic,binary
0.5714285714285714,0.5258620689655172,0.5116279069767442,0.48503359804520463,56,116,215,1637,32,61,110,794,0.04556650246305416,0.02659430893153958,0.01897219353151458,location_terminal,R1b,all_non_I2,surname_vic,binary
0.017857142857142856,0,0.023255813953488372,0.00855222968845449,56,116,215,1637,1,0,5,14,0.017857142857142856,0.014703584265033882,0.0031535585921089737,location_terminal,R1b,all_non_I2,surname_ski,binary
0.9464285714285714,0.9137931034482759,0.8883720930232558,0.9743433109346366,56,116,215,1637,53,106,191,1595,0.032635467980295485,-0.08597121791138074,0.11860668589167622,location_terminal,R1b,all_non_I2,slava_informative,binary
0.25,0.13793103448275862,0.22325581395348837,0.13133781307269396,56,116,215,1637,14,16,48,215,0.11206896551724138,0.09191800088079441,0.020150964636446972,location_terminal,R1b,all_non_I2,rare_slava_region_2,binary
0.4107142857142857,0.35344827586206895,0.44651162790697674,0.2651191203420892,56,116,215,1637,23,41,96,434,0.05726600985221675,0.18139250756488756,-0.12412649771267081,location_terminal,R1b,all_non_I2,rare_slava_region_5,binary
0.7857142857142857,0.6982758620689655,0.7953488372093023,0.7678680513133781,56,116,215,1637,44,81,171,1257,0.08743842364532017,0.027480785895924176,0.059957637749396,location_terminal,R1b,all_non_I2,rare_surname_region_1,binary
1,0.9051724137931034,0.9209302325581395,0.9175320708613317,56,116,215,1637,56,105,198,1502,0.09482758620689657,0.0033981616968078443,0.09142942451008873,location_terminal,R1b,all_non_I2,rare_surname_region_2,binary
0.7857142857142857,0.8189655172413793,0.7488372093023256,0.8411728772144166,56,116,215,1637,44,95,161,1377,-0.03325123152709364,-0.09233566791209102,0.059084436384997385,location_terminal,R1b,all_non_I2,i2_ecology_near30,binary
0.5,0.603448275862069,0.5441860465116279,0.6432498472816127,56,116,215,1637,28,70,117,1053,-0.10344827586206895,-0.09906380076998478,-0.004384475092084172,location_terminal,R1b,all_non_I2,i2_ecology_dense30,binary
0.375,0.5086206896551724,0.4697674418604651,0.5222968845448992,56,116,215,1637,21,59,101,855,-0.13362068965517238,-0.0525294426844341,-0.08109124697073827,location_terminal,R1b,all_non_I2,i2_ecology_diverse30,binary
0.4107142857142857,0.47413793103448276,0.37209302325581395,0.4844227244960293,56,116,215,1637,23,55,80,793,-0.06342364532019706,-0.11232970124021535,0.04890605592001829,location_terminal,R1b,all_non_I2,i2_ecology_terminal_diverse30,binary
0.125,0.27586206896551724,0.13023255813953488,0.26145387904703726,56,116,215,1637,7,32,28,428,-0.15086206896551724,-0.13122132090750238,-0.019640748058014856,location_terminal,R1b,all_non_I2,i2_ecology_share30_gt50,binary
0.08928571428571429,0.23275862068965517,0.10697674418604651,0.21991447770311545,56,116,215,1637,5,27,23,360,-0.1434729064039409,-0.11293773351706894,-0.03053517288687195,location_terminal,R1b,all_non_I2,i2_ecology_share50_gt50,binary
0.19642857142857142,0.3706896551724138,0.3023255813953488,0.3573610262675626,56,116,215,1637,11,43,65,585,-0.1742610837438424,-0.05503544487221379,-0.1192256388716286,location_terminal,R1b,all_non_I2,i2_ecology_no_r1a30,binary
0.125,0.27586206896551724,0.13023255813953488,0.26145387904703726,56,116,215,1637,7,32,28,428,-0.15086206896551724,-0.13122132090750238,-0.019640748058014856,location_terminal,R1b,all_non_I2,i2_ecology_i2_over_non_i2_30,binary
0.26785714285714285,0.3017241379310345,0.3116279069767442,0.3879047037263286,56,116,215,1637,15,35,67,635,-0.033866995073891626,-0.07627679674958443,0.042409801675692804,location_terminal,R1b,all_non_I2,nearest_relic_is_i2,binary
0.05357142857142857,0.14655172413793102,0.12093023255813953,0.19425778863775198,56,116,215,1637,3,17,26,318,-0.09298029556650245,-0.07332755607961244,-0.019652739486890003,location_terminal,R1b,all_non_I2,nearest_i2_and_i2_share30_gt50,binary
0.6785714285714286,0.6982758620689655,0.6139534883720931,0.6970067196090409,56,116,215,1637,38,81,132,1141,-0.019704433497536922,-0.08305323123694786,0.06334879773941093,location_terminal,R1b,all_non_I2,geography_plus_suffix_ic,binary
0.4642857142857143,0.43103448275862066,0.413953488372093,0.41172877214416614,56,116,215,1637,26,50,89,674,0.03325123152709364,0.0022247162279268595,0.03102651529916678,location_terminal,R1b,all_non_I2,geography_plus_ovic_evic,binary
0.30357142857142855,0.3275862068965517,0.24186046511627907,0.2834453268173488,56,116,215,1637,17,38,52,464,-0.024014778325123165,-0.04158486170106973,0.017570083375946566,location_terminal,R1b,all_non_I2,cloud_plus_suffix_ic,binary
0.125,0.08620689655172414,0.08372093023255814,0.12278558338423946,56,116,215,1637,7,10,18,201,0.038793103448275856,-0.039064653151681325,0.07785775659995718,location_terminal,R1b,all_non_I2,cloud_plus_non_ovic_ic,binary
0.30357142857142855,0.3275862068965517,0.24186046511627907,0.2834453268173488,56,116,215,1637,17,38,52,464,-0.024014778325123165,-0.04158486170106973,0.017570083375946566,location_terminal,R1b,all_non_I2,geo_cloud_suffix_triad,binary
0,0,0,0,56,116,215,1637,0,0,0,0,0,0,0,location_terminal,R1b,all_non_I2,elevation_ge_700,binary
0,0,0,0,56,116,215,1637,0,0,0,0,0,0,0,location_terminal,R1b,all_non_I2,elevation_ge_900,binary
0,0,0,0,56,116,215,1637,0,0,0,0,0,0,0,location_terminal,R1b,all_non_I2,elevation_resid_ge_100,binary
0,0,0,0,56,116,215,1637,0,0,0,0,0,0,0,location_terminal,R1b,all_non_I2,mountain_i2_near30,binary
0,0,0,0,56,116,215,1637,0,0,0,0,0,0,0,location_terminal,R1b,all_non_I2,mountain_cloud_i2,binary
0,0,0.21395348837209302,0.22602321319486865,56,116,215,1637,0,0,46,370,0,-0.01206972482277563,0.01206972482277563,location_terminal,R1b,all_non_I2,old_age_known,binary
0,0,0.13488372093023257,0.13439218081857054,56,116,215,1637,0,0,29,220,0,4.915401116620255e-4,-4.915401116620255e-4,location_terminal,R1b,all_non_I2,age_ge_1500,binary
0,0,0.06976744186046512,0.12461820403176542,56,116,215,1637,0,0,15,204,0,-0.054850762171300305,0.054850762171300305,location_terminal,R1b,all_non_I2,age_ge_2000,binary
0.27450980392156865,0.3900414937759336,0.37572254335260113,0.39842381786339753,51,241,173,1142,14,94,65,455,-0.11553168985436496,-0.0227012745107964,-0.09283041534356856,location_terminal,J2,non_I2_excl_R1a,other_i2_social,binary
0.7058823529411765,0.8215767634854771,0.7630057803468208,0.8467600700525394,51,241,173,1142,36,198,132,967,-0.11569441054430063,-0.08375428970571863,-0.031940120838582,location_terminal,J2,non_I2_excl_R1a,other_i2_near_30km,binary
0.5882352941176471,0.5975103734439834,0.6242774566473989,0.6444833625218914,51,241,173,1142,30,144,108,736,-0.00927507932633631,-0.020205905874492558,0.010930826548156247,location_terminal,J2,non_I2_excl_R1a,other_i2_dist_le_20,binary
0.9411764705882353,0.979253112033195,0.9364161849710982,0.9667250437828371,51,241,173,1142,48,236,162,1104,-0.0380766414449597,-0.030308858811738837,-0.0077677826332208655,location_terminal,J2,non_I2_excl_R1a,other_i2_dist_le_50,binary
0.19607843137254902,0.36099585062240663,0.3352601156069364,0.3572679509632224,51,241,173,1142,10,87,58,408,-0.16491741924985762,-0.022007835356285976,-0.14290958389357164,location_terminal,J2,non_I2_excl_R1a,other_i2_cloud_social_spatial,binary
0.1568627450980392,0.12863070539419086,0.15606936416184972,0.14448336252189142,51,241,173,1142,8,31,27,165,0.028232039703848355,0.011586001639958293,0.016646038063890062,location_terminal,J2,non_I2_excl_R1a,nonph_i2_social,binary
0.45098039215686275,0.5352697095435685,0.4913294797687861,0.5560420315236427,51,241,173,1142,23,129,85,635,-0.0842893173867057,-0.06471255175485663,-0.01957676563184907,location_terminal,J2,non_I2_excl_R1a,nonph_i2_near_30km,binary
0.11764705882352941,0.0954356846473029,0.09826589595375723,0.1138353765323993,51,241,173,1142,6,23,17,130,0.02221137417622651,-0.015569480578642061,0.03778085475486857,location_terminal,J2,non_I2_excl_R1a,nonph_i2_cloud_social_spatial,binary
0.6666666666666666,0.7883817427385892,0.815028901734104,0.8309982486865148,51,241,173,1142,34,190,141,949,-0.12171507607192256,-0.015969346952410812,-0.10574572911951174,location_terminal,J2,non_I2_excl_R1a,surname_ic,binary
0.45098039215686275,0.4896265560165975,0.5664739884393064,0.4964973730297723,51,241,173,1142,23,118,98,567,-0.03864616385973474,0.0699766154095341,-0.10862277926926883,location_terminal,J2,non_I2_excl_R1a,surname_ovic_evic,binary
0.21568627450980393,0.2987551867219917,0.24855491329479767,0.3345008756567426,51,241,173,1142,11,72,43,382,-0.08306891221218776,-0.0859459623619449,0.0028770501497571432,location_terminal,J2,non_I2_excl_R1a,surname_non_ovic_ic,binary
0.47058823529411764,0.5062240663900415,0.5722543352601156,0.5078809106830122,51,241,173,1142,24,122,99,580,-0.03563583109592383,0.06437342457710338,-0.10000925567302721,location_terminal,J2,non_I2_excl_R1a,surname_vic,binary
0.0392156862745098,0.004149377593360996,0.017341040462427744,0.006129597197898424,51,241,173,1142,2,1,3,7,0.03506630868114881,0.01121144326452932,0.02385486541661949,location_terminal,J2,non_I2_excl_R1a,surname_ski,binary
0.803921568627451,0.975103734439834,0.9364161849710982,0.9711033274956217,51,241,173,1142,41,235,162,1109,-0.171182165812383,-0.03468714252452343,-0.13649502328785956,location_terminal,J2,non_I2_excl_R1a,slava_informative,binary
0.23529411764705882,0.12448132780082988,0.2138728323699422,0.1287215411558669,51,241,173,1142,12,30,37,147,0.11081278984622894,0.0851512912140753,0.02566149863215364,location_terminal,J2,non_I2_excl_R1a,rare_slava_region_2,binary
0.47058823529411764,0.24066390041493776,0.42196531791907516,0.2714535901926445,51,241,173,1142,24,58,73,310,0.22992433487917988,0.15051172772643068,0.0794126071527492,location_terminal,J2,non_I2_excl_R1a,rare_slava_region_5,binary
0.7647058823529411,0.7593360995850622,0.7745664739884393,0.7644483362521891,51,241,173,1142,39,183,134,873,0.005369782767878917,0.010118137736250143,-0.004748354968371227,location_terminal,J2,non_I2_excl_R1a,rare_surname_region_1,binary
0.9607843137254902,0.8962655601659751,0.930635838150289,0.9203152364273205,51,241,173,1142,49,216,161,1051,0.06451875355951509,0.010320601722968559,0.054198151836546526,location_terminal,J2,non_I2_excl_R1a,rare_surname_region_2,binary
0.7058823529411765,0.8215767634854771,0.7630057803468208,0.8467600700525394,51,241,173,1142,36,198,132,967,-0.11569441054430063,-0.08375428970571863,-0.031940120838582,location_terminal,J2,non_I2_excl_R1a,i2_ecology_near30,binary
0.49019607843137253,0.5850622406639004,0.5549132947976878,0.6506129597197898,51,241,173,1142,25,141,96,743,-0.09486616223252792,-0.09569966492210202,8.33502689574106e-4,location_terminal,J2,non_I2_excl_R1a,i2_ecology_dense30,binary
0.43137254901960786,0.48132780082987553,0.45664739884393063,0.5341506129597198,51,241,173,1142,22,116,79,610,-0.049955251810267665,-0.07750321411578914,0.02754796230552148,location_terminal,J2,non_I2_excl_R1a,i2_ecology_diverse30,binary
0.27450980392156865,0.4605809128630705,0.3988439306358382,0.4912434325744308,51,241,173,1142,14,111,69,561,-0.18607110894150186,-0.09239950193859264,-0.09367160700290922,location_terminal,J2,non_I2_excl_R1a,i2_ecology_terminal_diverse30,binary
0.0784313725490196,0.26556016597510373,0.12716763005780346,0.26882661996497376,51,241,173,1142,4,64,22,307,-0.18712879342608413,-0.1416589899071703,-0.04546980351891383,location_terminal,J2,non_I2_excl_R1a,i2_ecology_share30_gt50,binary
0.0392156862745098,0.21161825726141079,0.12138728323699421,0.23029772329246936,51,241,173,1142,2,51,21,263,-0.17240257098690098,-0.10891044005547515,-0.06349213093142583,location_terminal,J2,non_I2_excl_R1a,i2_ecology_share50_gt50,binary
0.23529411764705882,0.31950207468879666,0.2658959537572254,0.37478108581436076,51,241,173,1142,12,77,46,428,-0.08420795704173784,-0.10888513205713535,0.024677175015397512,location_terminal,J2,non_I2_excl_R1a,i2_ecology_no_r1a30,binary
0.0784313725490196,0.26556016597510373,0.12716763005780346,0.26882661996497376,51,241,173,1142,4,64,22,307,-0.18712879342608413,-0.1416589899071703,-0.04546980351891383,location_terminal,J2,non_I2_excl_R1a,i2_ecology_i2_over_non_i2_30,binary
0.3137254901960784,0.4315352697095436,0.2832369942196532,0.37828371278458844,51,241,173,1142,16,104,49,432,-0.11780977951346516,-0.09504671856493524,-0.022763060948529923,location_terminal,J2,non_I2_excl_R1a,nearest_relic_is_i2,binary
0.0784313725490196,0.21991701244813278,0.09826589595375723,0.18826619964973731,51,241,173,1142,4,53,17,215,-0.14148563989911317,-0.09000030369598008,-0.051485336203133086,location_terminal,J2,non_I2_excl_R1a,nearest_i2_and_i2_share30_gt50,binary
0.47058823529411764,0.6473029045643154,0.6705202312138728,0.712784588441331,51,241,173,1142,24,156,116,814,-0.17671466927019774,-0.04226435722745814,-0.1344503120427396,location_terminal,J2,non_I2_excl_R1a,geography_plus_suffix_ic,binary
0.29411764705882354,0.42323651452282157,0.4797687861271676,0.4308231173380035,51,241,173,1142,15,102,83,492,-0.12911886746399803,0.04894566878916412,-0.17806453625316215,location_terminal,J2,non_I2_excl_R1a,geography_plus_ovic_evic,binary
0.13725490196078433,0.29045643153526973,0.2947976878612717,0.30297723292469353,51,241,173,1142,7,70,51,346,-0.1532015295744854,-0.008179545063421834,-0.14502198451106357,location_terminal,J2,non_I2_excl_R1a,cloud_plus_suffix_ic,binary
0.0784313725490196,0.1078838174273859,0.09826589595375723,0.1243432574430823,51,241,173,1142,4,26,17,142,-0.02945244487836629,-0.026077361489325074,-0.003375083389041217,location_terminal,J2,non_I2_excl_R1a,cloud_plus_non_ovic_ic,binary
0.13725490196078433,0.29045643153526973,0.2947976878612717,0.30297723292469353,51,241,173,1142,7,70,51,346,-0.1532015295744854,-0.008179545063421834,-0.14502198451106357,location_terminal,J2,non_I2_excl_R1a,geo_cloud_suffix_triad,binary
0,0,0,0,51,241,173,1142,0,0,0,0,0,0,0,location_terminal,J2,non_I2_excl_R1a,elevation_ge_700,binary
0,0,0,0,51,241,173,1142,0,0,0,0,0,0,0,location_terminal,J2,non_I2_excl_R1a,elevation_ge_900,binary
0,0,0,0,51,241,173,1142,0,0,0,0,0,0,0,location_terminal,J2,non_I2_excl_R1a,elevation_resid_ge_100,binary
0,0,0,0,51,241,173,1142,0,0,0,0,0,0,0,location_terminal,J2,non_I2_excl_R1a,mountain_i2_near30,binary
0,0,0,0,51,241,173,1142,0,0,0,0,0,0,0,location_terminal,J2,non_I2_excl_R1a,mountain_cloud_i2,binary
0,0,0,0,51,241,173,1142,0,0,0,0,0,0,0,location_terminal,J2,non_I2_excl_R1a,old_age_known,binary
0,0,0,0,51,241,173,1142,0,0,0,0,0,0,0,location_terminal,J2,non_I2_excl_R1a,age_ge_1500,binary
0,0,0,0,51,241,173,1142,0,0,0,0,0,0,0,location_terminal,J2,non_I2_excl_R1a,age_ge_2000,binary
0.27450980392156865,0.3900414937759336,0.37272727272727274,0.3862433862433862,51,241,220,1512,14,94,82,584,-0.11553168985436496,-0.013516113516113482,-0.10201557633825148,location_terminal,J2,all_non_I2,other_i2_social,binary
0.7058823529411765,0.8215767634854771,0.7681818181818182,0.8425925925925926,51,241,220,1512,36,198,169,1274,-0.11569441054430063,-0.07441077441077437,-0.04128363613352626,location_terminal,J2,all_non_I2,other_i2_near_30km,binary
0.5882352941176471,0.5975103734439834,0.6272727272727273,0.6421957671957672,51,241,220,1512,30,144,138,971,-0.00927507932633631,-0.014923039923039894,0.005647960596703583,location_terminal,J2,all_non_I2,other_i2_dist_le_20,binary
0.9411764705882353,0.979253112033195,0.9454545454545454,0.9656084656084656,51,241,220,1512,48,236,208,1460,-0.0380766414449597,-0.020153920153920146,-0.017922721291039556,location_terminal,J2,all_non_I2,other_i2_dist_le_50,binary
0.19607843137254902,0.36099585062240663,0.33181818181818185,0.34523809523809523,51,241,220,1512,10,87,73,522,-0.16491741924985762,-0.013419913419913387,-0.15149750582994423,location_terminal,J2,all_non_I2,other_i2_cloud_social_spatial,binary
0.1568627450980392,0.12863070539419086,0.1409090909090909,0.13558201058201058,51,241,220,1512,8,31,31,205,0.028232039703848355,0.005327080327080319,0.022904959376768036,location_terminal,J2,all_non_I2,nonph_i2_social,binary
0.45098039215686275,0.5352697095435685,0.4863636363636364,0.5509259259259259,51,241,220,1512,23,129,107,833,-0.0842893173867057,-0.06456228956228954,-0.019727027824416155,location_terminal,J2,all_non_I2,nonph_i2_near_30km,binary
0.11764705882352941,0.0954356846473029,0.09545454545454546,0.10515873015873016,51,241,220,1512,6,23,21,159,0.02221137417622651,-0.009704184704184701,0.03191555888041121,location_terminal,J2,all_non_I2,nonph_i2_cloud_social_spatial,binary
0.6666666666666666,0.7883817427385892,0.8,0.8234126984126984,51,241,220,1512,34,190,176,1245,-0.12171507607192256,-0.02341269841269833,-0.09830237765922423,location_terminal,J2,all_non_I2,surname_ic,binary
0.45098039215686275,0.4896265560165975,0.5318181818181819,0.4728835978835979,51,241,220,1512,23,118,117,715,-0.03864616385973474,0.05893458393458395,-0.09758074779431869,location_terminal,J2,all_non_I2,surname_ovic_evic,binary
0.21568627450980393,0.2987551867219917,0.2681818181818182,0.3505291005291005,51,241,220,1512,11,72,59,530,-0.08306891221218776,-0.08234728234728234,-7.216298649054265e-4,location_terminal,J2,all_non_I2,surname_non_ovic_ic,binary
0.47058823529411764,0.5062240663900415,0.5363636363636364,0.48478835978835977,51,241,220,1512,24,122,118,733,-0.03563583109592383,0.05157527657527661,-0.08721110767120044,location_terminal,J2,all_non_I2,surname_vic,binary
0.0392156862745098,0.004149377593360996,0.01818181818181818,0.008597883597883597,51,241,220,1512,2,1,4,13,0.03506630868114881,0.009583934583934584,0.025482374097214225,location_terminal,J2,all_non_I2,surname_ski,binary
0.803921568627451,0.975103734439834,0.9227272727272727,0.9695767195767195,51,241,220,1512,41,235,203,1466,-0.171182165812383,-0.04684944684944681,-0.12433271896293618,location_terminal,J2,all_non_I2,slava_informative,binary
0.23529411764705882,0.12448132780082988,0.22727272727272727,0.13293650793650794,51,241,220,1512,12,30,50,201,0.11081278984622894,0.09433621933621933,0.016476570510009614,location_terminal,J2,all_non_I2,rare_slava_region_2,binary
0.47058823529411764,0.24066390041493776,0.4318181818181818,0.2757936507936508,51,241,220,1512,24,58,95,417,0.22992433487917988,0.156024531024531,0.07389980385464887,location_terminal,J2,all_non_I2,rare_slava_region_5,binary
0.7647058823529411,0.7593360995850622,0.8,0.7638888888888888,51,241,220,1512,39,183,176,1155,0.005369782767878917,0.036111111111111205,-0.030741328343232288,location_terminal,J2,all_non_I2,rare_surname_region_1,binary
0.9607843137254902,0.8962655601659751,0.9318181818181818,0.919973544973545,51,241,220,1512,49,216,205,1391,0.06451875355951509,0.011844636844636769,0.052674116714878316,location_terminal,J2,all_non_I2,rare_surname_region_2,binary
0.7058823529411765,0.8215767634854771,0.7681818181818182,0.8425925925925926,51,241,220,1512,36,198,169,1274,-0.11569441054430063,-0.07441077441077437,-0.04128363613352626,location_terminal,J2,all_non_I2,i2_ecology_near30,binary
0.49019607843137253,0.5850622406639004,0.5454545454545454,0.6494708994708994,51,241,220,1512,25,141,120,982,-0.09486616223252792,-0.104016354016354,0.00915019178382609,location_terminal,J2,all_non_I2,i2_ecology_dense30,binary
0.43137254901960786,0.48132780082987553,0.45454545454545453,0.5277777777777778,51,241,220,1512,22,116,100,798,-0.049955251810267665,-0.07323232323232326,0.023277071422055595,location_terminal,J2,all_non_I2,i2_ecology_diverse30,binary
0.27450980392156865,0.4605809128630705,0.40454545454545454,0.48743386243386244,51,241,220,1512,14,111,89,737,-0.18607110894150186,-0.0828884078884079,-0.10318270105309396,location_terminal,J2,all_non_I2,i2_ecology_terminal_diverse30,binary
0.0784313725490196,0.26556016597510373,0.1409090909090909,0.2619047619047619,51,241,220,1512,4,64,31,396,-0.18712879342608413,-0.12099567099567102,-0.06613312243041311,location_terminal,J2,all_non_I2,i2_ecology_share30_gt50,binary
0.0392156862745098,0.21161825726141079,0.11818181818181818,0.2222222222222222,51,241,220,1512,2,51,26,336,-0.17240257098690098,-0.10404040404040403,-0.06836216694649695,location_terminal,J2,all_non_I2,i2_ecology_share50_gt50,binary
0.23529411764705882,0.31950207468879666,0.2909090909090909,0.3644179894179894,51,241,220,1512,12,77,64,551,-0.08420795704173784,-0.07350889850889852,-0.010699058532839312,location_terminal,J2,all_non_I2,i2_ecology_no_r1a30,binary
0.0784313725490196,0.26556016597510373,0.1409090909090909,0.2619047619047619,51,241,220,1512,4,64,31,396,-0.18712879342608413,-0.12099567099567102,-0.06613312243041311,location_terminal,J2,all_non_I2,i2_ecology_i2_over_non_i2_30,binary
0.3137254901960784,0.4315352697095436,0.3,0.37433862433862436,51,241,220,1512,16,104,66,566,-0.11780977951346516,-0.07433862433862437,-0.04347115517484079,location_terminal,J2,all_non_I2,nearest_relic_is_i2,binary
0.0784313725490196,0.21991701244813278,0.11363636363636363,0.1865079365079365,51,241,220,1512,4,53,25,282,-0.14148563989911317,-0.07287157287157288,-0.06861406702754029,location_terminal,J2,all_non_I2,nearest_i2_and_i2_share30_gt50,binary
0.47058823529411764,0.6473029045643154,0.6636363636363637,0.705026455026455,51,241,220,1512,24,156,146,1066,-0.17671466927019774,-0.04139009139009131,-0.13532457788010643,location_terminal,J2,all_non_I2,geography_plus_suffix_ic,binary
0.29411764705882354,0.42323651452282157,0.45454545454545453,0.4113756613756614,51,241,220,1512,15,102,100,622,-0.12911886746399803,0.043169793169793136,-0.17228866063379117,location_terminal,J2,all_non_I2,geography_plus_ovic_evic,binary
0.13725490196078433,0.29045643153526973,0.2818181818181818,0.2857142857142857,51,241,220,1512,7,70,62,432,-0.1532015295744854,-0.0038961038961038974,-0.1493054256783815,location_terminal,J2,all_non_I2,cloud_plus_suffix_ic,binary
0.0784313725490196,0.1078838174273859,0.09545454545454546,0.12235449735449735,51,241,220,1512,4,26,21,185,-0.02945244487836629,-0.026899951899951896,-0.0025524929784143946,location_terminal,J2,all_non_I2,cloud_plus_non_ovic_ic,binary
0.13725490196078433,0.29045643153526973,0.2818181818181818,0.2857142857142857,51,241,220,1512,7,70,62,432,-0.1532015295744854,-0.0038961038961038974,-0.1493054256783815,location_terminal,J2,all_non_I2,geo_cloud_suffix_triad,binary
0,0,0,0,51,241,220,1512,0,0,0,0,0,0,0,location_terminal,J2,all_non_I2,elevation_ge_700,binary
0,0,0,0,51,241,220,1512,0,0,0,0,0,0,0,location_terminal,J2,all_non_I2,elevation_ge_900,binary
0,0,0,0,51,241,220,1512,0,0,0,0,0,0,0,location_terminal,J2,all_non_I2,elevation_resid_ge_100,binary
0,0,0,0,51,241,220,1512,0,0,0,0,0,0,0,location_terminal,J2,all_non_I2,mountain_i2_near30,binary
0,0,0,0,51,241,220,1512,0,0,0,0,0,0,0,location_terminal,J2,all_non_I2,mountain_cloud_i2,binary
0,0,0.20909090909090908,0.2447089947089947,51,241,220,1512,0,0,46,370,0,-0.03561808561808563,0.03561808561808563,location_terminal,J2,all_non_I2,old_age_known,binary
0,0,0.1318181818181818,0.1455026455026455,51,241,220,1512,0,0,29,220,0,-0.013684463684463688,0.013684463684463688,location_terminal,J2,all_non_I2,age_ge_1500,binary
0,0,0.06818181818181818,0.1349206349206349,51,241,220,1512,0,0,15,204,0,-0.06673881673881674,0.06673881673881674,location_terminal,J2,all_non_I2,age_ge_2000,binary
0.5428571428571428,0.2916666666666667,0.31746031746031744,0.40274599542334094,35,72,189,1311,19,21,60,528,0.25119047619047613,-0.0852856779630235,0.33647615415349963,location_terminal,G,non_I2_excl_R1a,other_i2_social,binary
0.7428571428571429,0.9305555555555556,0.7513227513227513,0.8375286041189931,35,72,189,1311,26,67,142,1098,-0.1876984126984127,-0.08620585279624182,-0.10149255990217088,location_terminal,G,non_I2_excl_R1a,other_i2_near_30km,binary
0.6285714285714286,0.7083333333333334,0.6137566137566137,0.6323417238749046,35,72,189,1311,22,51,116,829,-0.07976190476190481,-0.018585110118290893,-0.06117679464361392,location_terminal,G,non_I2_excl_R1a,other_i2_dist_le_20,binary
0.9428571428571428,1,0.9365079365079365,0.9672006102212052,35,72,189,1311,33,72,177,1268,-0.05714285714285716,-0.03069267371326867,-0.026450183429588492,location_terminal,G,non_I2_excl_R1a,other_i2_dist_le_50,binary
0.45714285714285713,0.2777777777777778,0.2751322751322751,0.36231884057971014,35,72,189,1311,16,20,52,475,0.17936507936507934,-0.08718656544743503,0.26655164481251437,location_terminal,G,non_I2_excl_R1a,other_i2_cloud_social_spatial,binary
0.2,0.1111111111111111,0.14814814814814814,0.14340198321891687,35,72,189,1311,7,8,28,188,0.0888888888888889,0.004746164929231272,0.08414272395965763,location_terminal,G,non_I2_excl_R1a,nonph_i2_social,binary
0.42857142857142855,0.625,0.49206349206349204,0.5484363081617086,35,72,189,1311,15,45,93,719,-0.19642857142857145,-0.056372816098216594,-0.14005575533035486,location_terminal,G,non_I2_excl_R1a,nonph_i2_near_30km,binary
0.14285714285714285,0.06944444444444445,0.09523809523809523,0.11289092295957284,35,72,189,1311,5,5,18,148,0.0734126984126984,-0.01765282772147761,0.09106552613417601,location_terminal,G,non_I2_excl_R1a,nonph_i2_cloud_social_spatial,binary
0.8857142857142857,0.8194444444444444,0.7619047619047619,0.8237986270022883,35,72,189,1311,31,59,144,1080,0.06626984126984126,-0.06189386509752648,0.12816370636736774,location_terminal,G,non_I2_excl_R1a,surname_ic,binary
0.5714285714285714,0.4861111111111111,0.5343915343915344,0.4958047292143402,35,72,189,1311,20,35,101,650,0.08531746031746029,0.038586805177194206,0.046730655140266086,location_terminal,G,non_I2_excl_R1a,surname_ovic_evic,binary
0.3142857142857143,0.3333333333333333,0.2275132275132275,0.32799389778794813,35,72,189,1311,11,24,43,430,-0.019047619047619035,-0.10048067027472063,0.0814330512271016,location_terminal,G,non_I2_excl_R1a,surname_non_ovic_ic,binary
0.5714285714285714,0.5,0.544973544973545,0.5080091533180778,35,72,189,1311,20,36,103,666,0.0714285714285714,0.036964391655467166,0.03446417977310423,location_terminal,G,non_I2_excl_R1a,surname_vic,binary
0,0,0.026455026455026454,0.006102212051868803,35,72,189,1311,0,0,5,8,0,0.02035281440315765,-0.02035281440315765,location_terminal,G,non_I2_excl_R1a,surname_ski,binary
0.9428571428571428,1,0.8994708994708994,0.9702517162471396,35,72,189,1311,33,72,170,1272,-0.05714285714285716,-0.07078081677624015,0.01363795963338299,location_terminal,G,non_I2_excl_R1a,slava_informative,binary
0.2,0.2222222222222222,0.2222222222222222,0.12280701754385964,35,72,189,1311,7,16,42,161,-0.0222222222222222,0.09941520467836257,-0.12163742690058477,location_terminal,G,non_I2_excl_R1a,rare_slava_region_2,binary
0.37142857142857144,0.3333333333333333,0.4444444444444444,0.2623951182303585,35,72,189,1311,13,24,84,344,0.038095238095238126,0.18204932621408593,-0.1439540881188478,location_terminal,G,non_I2_excl_R1a,rare_slava_region_5,binary
0.7142857142857143,0.8055555555555556,0.783068783068783,0.7612509534706331,35,72,189,1311,25,58,148,998,-0.09126984126984128,0.02181782959814993,-0.11308767086799121,location_terminal,G,non_I2_excl_R1a,rare_surname_region_1,binary
0.8285714285714286,0.9583333333333334,0.9576719576719577,0.9138062547673532,35,72,189,1311,29,69,181,1198,-0.12976190476190474,0.04386570290460445,-0.1736276076665092,location_terminal,G,non_I2_excl_R1a,rare_surname_region_2,binary
0.7428571428571429,0.9305555555555556,0.7513227513227513,0.8375286041189931,35,72,189,1311,26,67,142,1098,-0.1876984126984127,-0.08620585279624182,-0.10149255990217088,location_terminal,G,non_I2_excl_R1a,i2_ecology_near30,binary
0.6571428571428571,0.7638888888888888,0.5185185185185185,0.6323417238749046,35,72,189,1311,23,55,98,829,-0.1067460317460317,-0.11382320535638613,0.007077173610354426,location_terminal,G,non_I2_excl_R1a,i2_ecology_dense30,binary
0.5142857142857142,0.5972222222222222,0.43915343915343913,0.520976353928299,35,72,189,1311,18,43,83,683,-0.08293650793650797,-0.08182291477485987,-0.0011135931616481076,location_terminal,G,non_I2_excl_R1a,i2_ecology_diverse30,binary
0.37142857142857144,0.5833333333333334,0.37037037037037035,0.4805491990846682,35,72,189,1311,13,42,70,630,-0.21190476190476193,-0.11017882871429785,-0.10172593319046408,location_terminal,G,non_I2_excl_R1a,i2_ecology_terminal_diverse30,binary
0.11428571428571428,0.3333333333333333,0.1164021164021164,0.2646834477498093,35,72,189,1311,4,24,22,347,-0.21904761904761905,-0.1482813313476929,-0.07076628769992616,location_terminal,G,non_I2_excl_R1a,i2_ecology_share30_gt50,binary
0.05714285714285714,0.2222222222222222,0.1111111111111111,0.22730739893211288,35,72,189,1311,2,16,21,298,-0.16507936507936508,-0.11619628782100178,-0.0488830772583633,location_terminal,G,non_I2_excl_R1a,i2_ecology_share50_gt50,binary
0.3142857142857143,0.3888888888888889,0.24867724867724866,0.36384439359267734,35,72,189,1311,11,28,47,477,-0.07460317460317462,-0.11516714491542868,0.04056397031225406,location_terminal,G,non_I2_excl_R1a,i2_ecology_no_r1a30,binary
0.11428571428571428,0.3333333333333333,0.1164021164021164,0.2646834477498093,35,72,189,1311,4,24,22,347,-0.21904761904761905,-0.1482813313476929,-0.07076628769992616,location_terminal,G,non_I2_excl_R1a,i2_ecology_i2_over_non_i2_30,binary
0.2571428571428571,0.4583333333333333,0.2962962962962963,0.38367658276125094,35,72,189,1311,9,33,56,503,-0.2011904761904762,-0.08738028646495466,-0.11381018972552154,location_terminal,G,non_I2_excl_R1a,nearest_relic_is_i2,binary
0.08571428571428572,0.2638888888888889,0.09523809523809523,0.18993135011441648,35,72,189,1311,3,19,18,249,-0.17817460317460318,-0.09469325487632124,-0.08348134829828194,location_terminal,G,non_I2_excl_R1a,nearest_i2_and_i2_share30_gt50,binary
0.6857142857142857,0.7638888888888888,0.6137566137566137,0.6979405034324943,35,72,189,1311,24,55,116,915,-0.07817460317460312,-0.08418388967588053,0.006009286501277411,location_terminal,G,non_I2_excl_R1a,geography_plus_suffix_ic,binary
0.5142857142857142,0.4583333333333333,0.42328042328042326,0.4279176201372998,35,72,189,1311,18,33,80,561,0.05595238095238092,-0.004637196856876524,0.060589577809257444,location_terminal,G,non_I2_excl_R1a,geography_plus_ovic_evic,binary
0.4,0.20833333333333334,0.2328042328042328,0.30587337909992374,35,72,189,1311,14,15,44,401,0.19166666666666668,-0.07306914629569095,0.2647358129623576,location_terminal,G,non_I2_excl_R1a,cloud_plus_suffix_ic,binary
0.11428571428571428,0.08333333333333333,0.08994708994708994,0.12356979405034325,35,72,189,1311,4,6,17,162,0.030952380952380953,-0.03362270410325331,0.06457508505563427,location_terminal,G,non_I2_excl_R1a,cloud_plus_non_ovic_ic,binary
0.4,0.20833333333333334,0.2328042328042328,0.30587337909992374,35,72,189,1311,14,15,44,401,0.19166666666666668,-0.07306914629569095,0.2647358129623576,location_terminal,G,non_I2_excl_R1a,geo_cloud_suffix_triad,binary
0,0,0,0,35,72,189,1311,0,0,0,0,0,0,0,location_terminal,G,non_I2_excl_R1a,elevation_ge_700,binary
0,0,0,0,35,72,189,1311,0,0,0,0,0,0,0,location_terminal,G,non_I2_excl_R1a,elevation_ge_900,binary
0,0,0,0,35,72,189,1311,0,0,0,0,0,0,0,location_terminal,G,non_I2_excl_R1a,elevation_resid_ge_100,binary
0,0,0,0,35,72,189,1311,0,0,0,0,0,0,0,location_terminal,G,non_I2_excl_R1a,mountain_i2_near30,binary
0,0,0,0,35,72,189,1311,0,0,0,0,0,0,0,location_terminal,G,non_I2_excl_R1a,mountain_cloud_i2,binary
0,0,0,0,35,72,189,1311,0,0,0,0,0,0,0,location_terminal,G,non_I2_excl_R1a,old_age_known,binary
0,0,0,0,35,72,189,1311,0,0,0,0,0,0,0,location_terminal,G,non_I2_excl_R1a,age_ge_1500,binary
0,0,0,0,35,72,189,1311,0,0,0,0,0,0,0,location_terminal,G,non_I2_excl_R1a,age_ge_2000,binary
0.5428571428571428,0.2916666666666667,0.326271186440678,0.3908387864366449,35,72,236,1681,19,21,77,657,0.25119047619047613,-0.0645675999959669,0.315758076186443,location_terminal,G,all_non_I2,other_i2_social,binary
0.7428571428571429,0.9305555555555556,0.7584745762711864,0.835812016656752,35,72,236,1681,26,67,179,1405,-0.1876984126984127,-0.07733744038556556,-0.11036097231284714,location_terminal,G,all_non_I2,other_i2_near_30km,binary
0.6285714285714286,0.7083333333333334,0.6186440677966102,0.6329565734681737,35,72,236,1681,22,51,146,1064,-0.07976190476190481,-0.014312505671563502,-0.06544939909034131,location_terminal,G,all_non_I2,other_i2_dist_le_20,binary
0.9428571428571428,1,0.9449152542372882,0.9660916121356335,35,72,236,1681,33,72,223,1624,-0.05714285714285716,-0.021176357898345377,-0.035966499244511785,location_terminal,G,all_non_I2,other_i2_dist_le_50,binary
0.45714285714285713,0.2777777777777778,0.2838983050847458,0.3503866745984533,35,72,236,1681,16,20,67,589,0.17936507936507934,-0.06648836951370751,0.24585344887878685,location_terminal,G,all_non_I2,other_i2_cloud_social_spatial,binary
0.2,0.1111111111111111,0.13559322033898305,0.1356335514574658,35,72,236,1681,7,8,32,228,0.0888888888888889,-4.0331118482755945e-5,0.08892922000737166,location_terminal,G,all_non_I2,nonph_i2_social,binary
0.42857142857142855,0.625,0.4872881355932203,0.5455086258179654,35,72,236,1681,15,45,115,917,-0.19642857142857145,-0.058220490224745125,-0.13820808120382633,location_terminal,G,all_non_I2,nonph_i2_near_30km,binary
0.14285714285714285,0.06944444444444445,0.09322033898305085,0.10529446757882213,35,72,236,1681,5,5,22,177,0.0734126984126984,-0.012074128595771283,0.08548682700846968,location_terminal,G,all_non_I2,nonph_i2_cloud_social_spatial,binary
0.8857142857142857,0.8194444444444444,0.7584745762711864,0.8185603807257584,35,72,236,1681,31,59,179,1376,0.06626984126984126,-0.06008580445457201,0.12635564572441327,location_terminal,G,all_non_I2,surname_ic,binary
0.5714285714285714,0.4861111111111111,0.5084745762711864,0.47471743010113027,35,72,236,1681,20,35,120,798,0.08531746031746029,0.03375714617005615,0.05156031414740414,location_terminal,G,all_non_I2,surname_ovic_evic,binary
0.3142857142857143,0.3333333333333333,0.25,0.3438429506246282,35,72,236,1681,11,24,59,578,-0.019047619047619035,-0.09384295062462822,0.07479533157700918,location_terminal,G,all_non_I2,surname_non_ovic_ic,binary
0.5714285714285714,0.5,0.5169491525423728,0.48720999405116,35,72,236,1681,20,36,122,819,0.0714285714285714,0.029739158491212836,0.04168941293735856,location_terminal,G,all_non_I2,surname_vic,binary
0,0,0.025423728813559324,0.008328375966686495,35,72,236,1681,0,0,6,14,0,0.01709535284687283,-0.01709535284687283,location_terminal,G,all_non_I2,surname_ski,binary
0.9428571428571428,1,0.8940677966101694,0.9690660321237359,35,72,236,1681,33,72,211,1629,-0.05714285714285716,-0.07499823551356644,0.017855378370709274,location_terminal,G,all_non_I2,slava_informative,binary
0.2,0.2222222222222222,0.2330508474576271,0.12790005948839978,35,72,236,1681,7,16,55,215,-0.0222222222222222,0.10515078796922733,-0.12737301019144953,location_terminal,G,all_non_I2,rare_slava_region_2,binary
0.37142857142857144,0.3333333333333333,0.4491525423728814,0.2682926829268293,35,72,236,1681,13,24,106,451,0.038095238095238126,0.1808598594460521,-0.14276462135081397,location_terminal,G,all_non_I2,rare_slava_region_5,binary
0.7142857142857143,0.8055555555555556,0.8050847457627118,0.7614515169541939,35,72,236,1681,25,58,190,1280,-0.09126984126984128,0.04363322880851794,-0.13490307007835922,location_terminal,G,all_non_I2,rare_surname_region_1,binary
0.8285714285714286,0.9583333333333334,0.9533898305084746,0.9149315883402737,35,72,236,1681,29,69,225,1538,-0.12976190476190474,0.03845824216820093,-0.16822014693010567,location_terminal,G,all_non_I2,rare_surname_region_2,binary
0.7428571428571429,0.9305555555555556,0.7584745762711864,0.835812016656752,35,72,236,1681,26,67,179,1405,-0.1876984126984127,-0.07733744038556556,-0.11036097231284714,location_terminal,G,all_non_I2,i2_ecology_near30,binary
0.6571428571428571,0.7638888888888888,0.5169491525423728,0.6353361094586556,35,72,236,1681,23,55,122,1068,-0.1067460317460317,-0.11838695691628276,0.01164092517025106,location_terminal,G,all_non_I2,i2_ecology_dense30,binary
0.5142857142857142,0.5972222222222222,0.4406779661016949,0.5181439619274242,35,72,236,1681,18,43,104,871,-0.08293650793650797,-0.07746599582572927,-0.0054705121107787025,location_terminal,G,all_non_I2,i2_ecology_diverse30,binary
0.37142857142857144,0.5833333333333334,0.3813559322033898,0.47947650208209397,35,72,236,1681,13,42,90,806,-0.21190476190476193,-0.09812056987870416,-0.11378419202605777,location_terminal,G,all_non_I2,i2_ecology_terminal_diverse30,binary
0.11428571428571428,0.3333333333333333,0.13135593220338984,0.2593694229625223,35,72,236,1681,4,24,31,436,-0.21904761904761905,-0.12801349075913246,-0.09103412828848659,location_terminal,G,all_non_I2,i2_ecology_share30_gt50,binary
0.05714285714285714,0.2222222222222222,0.11016949152542373,0.22070196311719215,35,72,236,1681,2,16,26,371,-0.16507936507936508,-0.11053247159176842,-0.05454689348759666,location_terminal,G,all_non_I2,i2_ecology_share50_gt50,binary
0.3142857142857143,0.3888888888888889,0.2754237288135593,0.35693039857227843,35,72,236,1681,11,28,65,600,-0.07460317460317462,-0.08150666975871912,0.0069034951555445034,location_terminal,G,all_non_I2,i2_ecology_no_r1a30,binary
0.11428571428571428,0.3333333333333333,0.13135593220338984,0.2593694229625223,35,72,236,1681,4,24,31,436,-0.21904761904761905,-0.12801349075913246,-0.09103412828848659,location_terminal,G,all_non_I2,i2_ecology_i2_over_non_i2_30,binary
0.2571428571428571,0.4583333333333333,0.3093220338983051,0.37894110648423557,35,72,236,1681,9,33,73,637,-0.2011904761904762,-0.06961907258593047,-0.13157140360454572,location_terminal,G,all_non_I2,nearest_relic_is_i2,binary
0.08571428571428572,0.2638888888888889,0.11016949152542373,0.18798334324806662,35,72,236,1681,3,19,26,316,-0.17817460317460318,-0.0778138517226429,-0.10036075145196029,location_terminal,G,all_non_I2,nearest_i2_and_i2_share30_gt50,binary
0.6857142857142857,0.7638888888888888,0.6186440677966102,0.6942296252230815,35,72,236,1681,24,55,146,1167,-0.07817460317460312,-0.07558555742647133,-0.0025890457481317908,location_terminal,G,all_non_I2,geography_plus_suffix_ic,binary
0.5142857142857142,0.4583333333333333,0.4110169491525424,0.41106484235574065,35,72,236,1681,18,33,97,691,0.05595238095238092,-4.789320319825707e-5,0.05600027415557918,location_terminal,G,all_non_I2,geography_plus_ovic_evic,binary
0.4,0.20833333333333334,0.2330508474576271,0.28970850684116595,35,72,236,1681,14,15,55,487,0.19166666666666668,-0.05665765938353884,0.24832432605020552,location_terminal,G,all_non_I2,cloud_plus_suffix_ic,binary
0.11428571428571428,0.08333333333333333,0.08898305084745763,0.12195121951219512,35,72,236,1681,4,6,21,205,0.030952380952380953,-0.03296816866473749,0.06392054961711845,location_terminal,G,all_non_I2,cloud_plus_non_ovic_ic,binary
0.4,0.20833333333333334,0.2330508474576271,0.28970850684116595,35,72,236,1681,14,15,55,487,0.19166666666666668,-0.05665765938353884,0.24832432605020552,location_terminal,G,all_non_I2,geo_cloud_suffix_triad,binary
0,0,0,0,35,72,236,1681,0,0,0,0,0,0,0,location_terminal,G,all_non_I2,elevation_ge_700,binary
0,0,0,0,35,72,236,1681,0,0,0,0,0,0,0,location_terminal,G,all_non_I2,elevation_ge_900,binary
0,0,0,0,35,72,236,1681,0,0,0,0,0,0,0,location_terminal,G,all_non_I2,elevation_resid_ge_100,binary
0,0,0,0,35,72,236,1681,0,0,0,0,0,0,0,location_terminal,G,all_non_I2,mountain_i2_near30,binary
0,0,0,0,35,72,236,1681,0,0,0,0,0,0,0,location_terminal,G,all_non_I2,mountain_cloud_i2,binary
0,0,0.19491525423728814,0.2201070791195717,35,72,236,1681,0,0,46,370,0,-0.025191824882283553,0.025191824882283553,location_terminal,G,all_non_I2,old_age_known,binary
0,0,0.1228813559322034,0.13087447947650208,35,72,236,1681,0,0,29,220,0,-0.00799312354429868,0.00799312354429868,location_terminal,G,all_non_I2,age_ge_1500,binary
0,0,0.0635593220338983,0.12135633551457466,35,72,236,1681,0,0,15,204,0,-0.057797013480676354,0.057797013480676354,location_terminal,G,all_non_I2,age_ge_2000,binary
0.2826086956521739,0.402317880794702,0.3707865168539326,0.392811296534018,46,604,178,779,13,243,66,306,-0.1197091851425281,-0.02202477968008537,-0.09768440546244272,location_terminal,E,non_I2_excl_R1a,other_i2_social,binary
0.7391304347826086,0.8344370860927153,0.7528089887640449,0.8485237483953787,46,604,178,779,34,504,134,661,-0.09530665131010663,-0.0957147596313338,4.081083212271741e-4,location_terminal,E,non_I2_excl_R1a,other_i2_near_30km,binary
0.6086956521739131,0.6241721854304636,0.6179775280898876,0.6456996148908858,46,604,178,779,28,377,110,503,-0.015476533256550518,-0.02772208680099819,0.012245553544447674,location_terminal,E,non_I2_excl_R1a,other_i2_dist_le_20,binary
0.9347826086956522,0.9635761589403974,0.9382022471910112,0.9730423620025674,46,604,178,779,43,582,167,758,-0.02879355024474517,-0.034840114811556244,0.006046564566811075,location_terminal,E,non_I2_excl_R1a,other_i2_dist_le_50,binary
0.2391304347826087,0.3543046357615894,0.3202247191011236,0.3607188703465982,46,604,178,779,11,214,57,281,-0.11517420097898068,-0.04049415124547462,-0.07468004973350606,location_terminal,E,non_I2_excl_R1a,other_i2_cloud_social_spatial,binary
0.10869565217391304,0.12251655629139073,0.16853932584269662,0.15661103979460847,46,604,178,779,5,74,30,122,-0.01382090411747769,0.011928286048088155,-0.025749190165565844,location_terminal,E,non_I2_excl_R1a,nonph_i2_social,binary
0.5434782608695652,0.5149006622516556,0.46629213483146065,0.5815147625160462,46,604,178,779,25,311,83,453,0.02857759861790954,-0.11522262768458552,0.14380022630249506,location_terminal,E,non_I2_excl_R1a,nonph_i2_near_30km,binary
0.08695652173913043,0.09271523178807947,0.10674157303370786,0.1245186136071887,46,604,178,779,4,56,19,97,-0.0057587100489490395,-0.01777704057348084,0.0120183305245318,location_terminal,E,non_I2_excl_R1a,nonph_i2_cloud_social_spatial,binary
0.8478260869565217,0.8294701986754967,0.7640449438202247,0.8189987163029525,46,604,178,779,39,501,136,638,0.01835588828102508,-0.054953772482727814,0.07330966076375289,location_terminal,E,non_I2_excl_R1a,surname_ic,binary
0.6521739130434783,0.49503311258278143,0.5112359550561798,0.49550706033376124,46,604,178,779,30,299,91,386,0.15714080046069684,0.015728894722418563,0.14141190573827828,location_terminal,E,non_I2_excl_R1a,surname_ovic_evic,binary
0.1956521739130435,0.3344370860927152,0.25280898876404495,0.32349165596919127,46,604,178,779,9,202,45,252,-0.13878491217967173,-0.07068266720514632,-0.06810224497452541,location_terminal,E,non_I2_excl_R1a,surname_non_ovic_ic,binary
0.6521739130434783,0.5033112582781457,0.5224719101123596,0.5109114249037228,46,604,178,779,30,304,93,398,0.14886265476533256,0.01156048520863684,0.13730216955669572,location_terminal,E,non_I2_excl_R1a,surname_vic,binary
0.021739130434782608,0.011589403973509934,0.02247191011235955,0.0012836970474967907,46,604,178,779,1,7,4,1,0.010149726461272674,0.02118821306486276,-0.011038486603590084,location_terminal,E,non_I2_excl_R1a,surname_ski,binary
0.9130434782608695,0.9718543046357616,0.9044943820224719,0.9717586649550706,46,604,178,779,42,587,161,757,-0.0588108263748921,-0.06726428293259867,0.008453456557706573,location_terminal,E,non_I2_excl_R1a,slava_informative,binary
0.1956521739130435,0.14735099337748345,0.2247191011235955,0.11296534017971759,46,604,178,779,9,89,40,88,0.04830118053556004,0.11175376094387791,-0.06345258040831787,location_terminal,E,non_I2_excl_R1a,rare_slava_region_2,binary
0.4782608695652174,0.3079470198675497,0.42134831460674155,0.2336328626444159,46,604,178,779,22,186,75,182,0.17031384969766772,0.18771545196232564,-0.017401602264657923,location_terminal,E,non_I2_excl_R1a,rare_slava_region_5,binary
0.782608695652174,0.7665562913907285,0.7696629213483146,0.7612323491655969,46,604,178,779,36,463,137,593,0.016052404261445496,0.0084305721827177,0.007621832078727797,location_terminal,E,non_I2_excl_R1a,rare_surname_region_1,binary
0.9347826086956522,0.9205298013245033,0.9382022471910112,0.9127086007702182,46,604,178,779,43,556,167,711,0.014252807371148868,0.025493646420792992,-0.011240839049644125,location_terminal,E,non_I2_excl_R1a,rare_surname_region_2,binary
0.7391304347826086,0.8344370860927153,0.7528089887640449,0.8485237483953787,46,604,178,779,34,504,134,661,-0.09530665131010663,-0.0957147596313338,4.081083212271741e-4,location_terminal,E,non_I2_excl_R1a,i2_ecology_near30,binary
0.5652173913043478,0.6374172185430463,0.5337078651685393,0.6405648267008985,46,604,178,779,26,385,95,499,-0.07219982723869856,-0.10685696153235924,0.034657134293660685,location_terminal,E,non_I2_excl_R1a,i2_ecology_dense30,binary
0.5,0.5132450331125827,0.43820224719101125,0.5340179717586649,46,604,178,779,23,310,78,416,-0.013245033112582738,-0.09581572456765369,0.08257069145507095,location_terminal,E,non_I2_excl_R1a,i2_ecology_diverse30,binary
0.43478260869565216,0.46192052980132453,0.3539325842696629,0.5044929396662388,46,604,178,779,20,279,63,393,-0.02713792110567237,-0.15056035539657586,0.1234224342909035,location_terminal,E,non_I2_excl_R1a,i2_ecology_terminal_diverse30,binary
0.10869565217391304,0.24006622516556292,0.11797752808988764,0.2901155327342747,46,604,178,779,5,145,21,226,-0.1313705729916499,-0.17213800464438705,0.04076743165273716,location_terminal,E,non_I2_excl_R1a,i2_ecology_share30_gt50,binary
0.13043478260869565,0.20695364238410596,0.09550561797752809,0.24261874197689345,46,604,178,779,6,125,17,189,-0.07651885977541031,-0.14711312399936538,0.07059426422395507,location_terminal,E,non_I2_excl_R1a,i2_ecology_share50_gt50,binary
0.2608695652173913,0.3824503311258278,0.25842696629213485,0.35173299101412064,46,604,178,779,12,231,46,274,-0.12158076590843653,-0.09330602472198579,-0.028274741186450736,location_terminal,E,non_I2_excl_R1a,i2_ecology_no_r1a30,binary
0.10869565217391304,0.24006622516556292,0.11797752808988764,0.2901155327342747,46,604,178,779,5,145,21,226,-0.1313705729916499,-0.17213800464438705,0.04076743165273716,location_terminal,E,non_I2_excl_R1a,i2_ecology_i2_over_non_i2_30,binary
0.32608695652173914,0.3658940397350993,0.2808988764044944,0.40436456996148906,46,604,178,779,15,221,50,315,-0.039807083213360184,-0.12346569355699466,0.08365861034363448,location_terminal,E,non_I2_excl_R1a,nearest_relic_is_i2,binary
0.10869565217391304,0.1771523178807947,0.0898876404494382,0.20667522464698332,46,604,178,779,5,107,16,161,-0.06845666570688165,-0.11678758419754512,0.04833091849066347,location_terminal,E,non_I2_excl_R1a,nearest_i2_and_i2_share30_gt50,binary
0.717391304347826,0.7003311258278145,0.601123595505618,0.7021822849807445,46,604,178,779,33,423,107,547,0.017060178520011515,-0.10105868947512653,0.11811886799513804,location_terminal,E,non_I2_excl_R1a,geography_plus_suffix_ic,binary
0.5434782608695652,0.4271523178807947,0.4101123595505618,0.4313222079589217,46,604,178,779,25,258,73,336,0.11632594298877047,-0.021209848408359877,0.13753579139713035,location_terminal,E,non_I2_excl_R1a,geography_plus_ovic_evic,binary
0.2391304347826087,0.28642384105960267,0.2640449438202247,0.3119383825417201,46,604,178,779,11,173,47,243,-0.047293406276993966,-0.04789343872149543,6.000324445014638e-4,location_terminal,E,non_I2_excl_R1a,cloud_plus_suffix_ic,binary
0.06521739130434782,0.1291390728476821,0.10112359550561797,0.11553273427471117,46,604,178,779,3,78,18,90,-0.06392168154333429,-0.014409138769093194,-0.049512542774241095,location_terminal,E,non_I2_excl_R1a,cloud_plus_non_ovic_ic,binary
0.2391304347826087,0.28642384105960267,0.2640449438202247,0.3119383825417201,46,604,178,779,11,173,47,243,-0.047293406276993966,-0.04789343872149543,6.000324445014638e-4,location_terminal,E,non_I2_excl_R1a,geo_cloud_suffix_triad,binary
0,0,0,0,46,604,178,779,0,0,0,0,0,0,0,location_terminal,E,non_I2_excl_R1a,elevation_ge_700,binary
0,0,0,0,46,604,178,779,0,0,0,0,0,0,0,location_terminal,E,non_I2_excl_R1a,elevation_ge_900,binary
0,0,0,0,46,604,178,779,0,0,0,0,0,0,0,location_terminal,E,non_I2_excl_R1a,elevation_resid_ge_100,binary
0,0,0,0,46,604,178,779,0,0,0,0,0,0,0,location_terminal,E,non_I2_excl_R1a,mountain_i2_near30,binary
0,0,0,0,46,604,178,779,0,0,0,0,0,0,0,location_terminal,E,non_I2_excl_R1a,mountain_cloud_i2,binary
0,0,0,0,46,604,178,779,0,0,0,0,0,0,0,location_terminal,E,non_I2_excl_R1a,old_age_known,binary
0,0,0,0,46,604,178,779,0,0,0,0,0,0,0,location_terminal,E,non_I2_excl_R1a,age_ge_1500,binary
0,0,0,0,46,604,178,779,0,0,0,0,0,0,0,location_terminal,E,non_I2_excl_R1a,age_ge_2000,binary
0.2826086956521739,0.402317880794702,0.3688888888888889,0.3785900783289817,46,604,225,1149,13,243,83,435,-0.1197091851425281,-0.00970118944009285,-0.11000799570243525,location_terminal,E,all_non_I2,other_i2_social,binary
0.7391304347826086,0.8344370860927153,0.76,0.8424717145343777,46,604,225,1149,34,504,171,968,-0.09530665131010663,-0.08247171453437774,-0.012834936775728889,location_terminal,E,all_non_I2,other_i2_near_30km,binary
0.6086956521739131,0.6241721854304636,0.6222222222222222,0.6422976501305483,46,604,225,1149,28,377,140,738,-0.015476533256550518,-0.02007542790832606,0.0045988946517755425,location_terminal,E,all_non_I2,other_i2_dist_le_20,binary
0.9347826086956522,0.9635761589403974,0.9466666666666667,0.9695387293298521,46,604,225,1149,43,582,213,1114,-0.02879355024474517,-0.022872062663185422,-0.005921487581559748,location_terminal,E,all_non_I2,other_i2_dist_le_50,binary
0.2391304347826087,0.3543046357615894,0.32,0.3437771975630983,46,604,225,1149,11,214,72,395,-0.11517420097898068,-0.023777197563098318,-0.09139700341588236,location_terminal,E,all_non_I2,other_i2_cloud_social_spatial,binary
0.10869565217391304,0.12251655629139073,0.1511111111111111,0.1409921671018277,46,604,225,1149,5,74,34,162,-0.01382090411747769,0.010118944009283426,-0.023939848126761115,location_terminal,E,all_non_I2,nonph_i2_social,binary
0.5434782608695652,0.5149006622516556,0.4666666666666667,0.566579634464752,46,604,225,1149,25,311,105,651,0.02857759861790954,-0.09991296779808534,0.12849056641599488,location_terminal,E,all_non_I2,nonph_i2_near_30km,binary
0.08695652173913043,0.09271523178807947,0.10222222222222223,0.10966057441253264,46,604,225,1149,4,56,23,126,-0.0057587100489490395,-0.0074383521903104155,0.001679642141361376,location_terminal,E,all_non_I2,nonph_i2_cloud_social_spatial,binary
0.8478260869565217,0.8294701986754967,0.76,0.8128807658833769,46,604,225,1149,39,501,171,934,0.01835588828102508,-0.05288076588337687,0.07123665416440195,location_terminal,E,all_non_I2,surname_ic,binary
0.6521739130434783,0.49503311258278143,0.4888888888888889,0.46475195822454307,46,604,225,1149,30,299,110,534,0.15714080046069684,0.0241369306643458,0.13300386979635104,location_terminal,E,all_non_I2,surname_ovic_evic,binary
0.1956521739130435,0.3344370860927152,0.27111111111111114,0.34812880765883375,46,604,225,1149,9,202,61,400,-0.13878491217967173,-0.07701769654772261,-0.06176721563194912,location_terminal,E,all_non_I2,surname_non_ovic_ic,binary
0.6521739130434783,0.5033112582781457,0.49777777777777776,0.4795474325500435,46,604,225,1149,30,304,112,551,0.14886265476533256,0.018230345227734257,0.1306323095375983,location_terminal,E,all_non_I2,surname_vic,binary
0.021739130434782608,0.011589403973509934,0.022222222222222223,0.006092254134029591,46,604,225,1149,1,7,5,7,0.010149726461272674,0.016129968088192632,-0.005980241626919958,location_terminal,E,all_non_I2,surname_ski,binary
0.9130434782608695,0.9718543046357616,0.8977777777777778,0.9695387293298521,46,604,225,1149,42,587,202,1114,-0.0588108263748921,-0.07176095155207429,0.012950125177182192,location_terminal,E,all_non_I2,slava_informative,binary
0.1956521739130435,0.14735099337748345,0.23555555555555555,0.12358572671888599,46,604,225,1149,9,89,53,142,0.04830118053556004,0.11196982883666956,-0.06366864830110952,location_terminal,E,all_non_I2,rare_slava_region_2,binary
0.4782608695652174,0.3079470198675497,0.4311111111111111,0.2515230635335074,46,604,225,1149,22,186,97,289,0.17031384969766772,0.17958804757760372,-0.009274197879935997,location_terminal,E,all_non_I2,rare_slava_region_5,binary
0.782608695652174,0.7665562913907285,0.7955555555555556,0.7615317667536988,46,604,225,1149,36,463,179,875,0.016052404261445496,0.03402378880185675,-0.01797138454041125,location_terminal,E,all_non_I2,rare_surname_region_1,binary
0.9347826086956522,0.9205298013245033,0.9377777777777778,0.9147084421235857,46,604,225,1149,43,556,211,1051,0.014252807371148868,0.023069335654192114,-0.008816528283043246,location_terminal,E,all_non_I2,rare_surname_region_2,binary
0.7391304347826086,0.8344370860927153,0.76,0.8424717145343777,46,604,225,1149,34,504,171,968,-0.09530665131010663,-0.08247171453437774,-0.012834936775728889,location_terminal,E,all_non_I2,i2_ecology_near30,binary
0.5652173913043478,0.6374172185430463,0.5288888888888889,0.6422976501305483,46,604,225,1149,26,385,119,738,-0.07219982723869856,-0.11340876124165944,0.041208934002960884,location_terminal,E,all_non_I2,i2_ecology_dense30,binary
0.5,0.5132450331125827,0.44,0.525674499564839,46,604,225,1149,23,310,99,604,-0.013245033112582738,-0.08567449956483902,0.07242946645225629,location_terminal,E,all_non_I2,i2_ecology_diverse30,binary
0.43478260869565216,0.46192052980132453,0.3688888888888889,0.49521322889469105,46,604,225,1149,20,279,83,569,-0.02713792110567237,-0.12632434000580217,0.0991864189001298,location_terminal,E,all_non_I2,i2_ecology_terminal_diverse30,binary
0.10869565217391304,0.24006622516556292,0.13333333333333333,0.2741514360313316,46,604,225,1149,5,145,30,315,-0.1313705729916499,-0.14081810269799824,0.009447529706348351,location_terminal,E,all_non_I2,i2_ecology_share30_gt50,binary
0.13043478260869565,0.20695364238410596,0.09777777777777778,0.2280243690165361,46,604,225,1149,6,125,22,262,-0.07651885977541031,-0.1302465912387583,0.053727731463348,location_terminal,E,all_non_I2,i2_ecology_share50_gt50,binary
0.2608695652173913,0.3824503311258278,0.28444444444444444,0.34551784160139254,46,604,225,1149,12,231,64,397,-0.12158076590843653,-0.061073397156948095,-0.06050736875148843,location_terminal,E,all_non_I2,i2_ecology_no_r1a30,binary
0.10869565217391304,0.24006622516556292,0.13333333333333333,0.2741514360313316,46,604,225,1149,5,145,30,315,-0.1313705729916499,-0.14081810269799824,0.009447529706348351,location_terminal,E,all_non_I2,i2_ecology_i2_over_non_i2_30,binary
0.32608695652173914,0.3658940397350993,0.29777777777777775,0.3907745865970409,46,604,225,1149,15,221,67,449,-0.039807083213360184,-0.09299680881926314,0.05318972560590296,location_terminal,E,all_non_I2,nearest_relic_is_i2,binary
0.10869565217391304,0.1771523178807947,0.10666666666666667,0.19843342036553524,46,604,225,1149,5,107,24,228,-0.06845666570688165,-0.09176675369886857,0.023310087991986916,location_terminal,E,all_non_I2,nearest_i2_and_i2_share30_gt50,binary
0.717391304347826,0.7003311258278145,0.6088888888888889,0.6953872932985204,46,604,225,1149,33,423,137,799,0.017060178520011515,-0.08649840440963152,0.10355858292964304,location_terminal,E,all_non_I2,geography_plus_suffix_ic,binary
0.5434782608695652,0.4271523178807947,0.4,0.40557006092254133,46,604,225,1149,25,258,90,466,0.11632594298877047,-0.005570060922541309,0.12189600391131178,location_terminal,E,all_non_I2,geography_plus_ovic_evic,binary
0.2391304347826087,0.28642384105960267,0.2577777777777778,0.2863359442993908,46,604,225,1149,11,173,58,329,-0.047293406276993966,-0.028558166521613026,-0.01873523975538094,location_terminal,E,all_non_I2,cloud_plus_suffix_ic,binary
0.06521739130434782,0.1291390728476821,0.09777777777777778,0.11575282854656223,46,604,225,1149,3,78,22,133,-0.06392168154333429,-0.017975050768784445,-0.04594663077454984,location_terminal,E,all_non_I2,cloud_plus_non_ovic_ic,binary
0.2391304347826087,0.28642384105960267,0.2577777777777778,0.2863359442993908,46,604,225,1149,11,173,58,329,-0.047293406276993966,-0.028558166521613026,-0.01873523975538094,location_terminal,E,all_non_I2,geo_cloud_suffix_triad,binary
0,0,0,0,46,604,225,1149,0,0,0,0,0,0,0,location_terminal,E,all_non_I2,elevation_ge_700,binary
0,0,0,0,46,604,225,1149,0,0,0,0,0,0,0,location_terminal,E,all_non_I2,elevation_ge_900,binary
0,0,0,0,46,604,225,1149,0,0,0,0,0,0,0,location_terminal,E,all_non_I2,elevation_resid_ge_100,binary
0,0,0,0,46,604,225,1149,0,0,0,0,0,0,0,location_terminal,E,all_non_I2,mountain_i2_near30,binary
0,0,0,0,46,604,225,1149,0,0,0,0,0,0,0,location_terminal,E,all_non_I2,mountain_cloud_i2,binary
0,0,0.20444444444444446,0.32201914708442125,46,604,225,1149,0,0,46,370,0,-0.1175747026399768,0.1175747026399768,location_terminal,E,all_non_I2,old_age_known,binary
0,0,0.1288888888888889,0.19147084421235858,46,604,225,1149,0,0,29,220,0,-0.06258195532346969,0.06258195532346969,location_terminal,E,all_non_I2,age_ge_1500,binary
0,0,0.06666666666666667,0.17754569190600522,46,604,225,1149,0,0,15,204,0,-0.11087902523933856,0.11087902523933856,location_terminal,E,all_non_I2,age_ge_2000,binary
0.39285714285714285,0.41697416974169743,0.3469387755102041,0.3920863309352518,28,271,196,1112,11,113,68,436,-0.024117026884554582,-0.045147555425047725,0.021030528540493143,location_terminal,I1,non_I2_excl_R1a,other_i2_social,binary
0.75,0.8745387453874539,0.75,0.8345323741007195,28,271,196,1112,21,237,147,928,-0.12453874538745391,-0.08453237410071945,-0.040006371286734455,location_terminal,I1,non_I2_excl_R1a,other_i2_near_30km,binary
0.6428571428571429,0.7121771217712177,0.6122448979591837,0.6178057553956835,28,271,196,1112,18,193,120,687,-0.06931997891407482,-0.005560857436499811,-0.06375912147757501,location_terminal,I1,non_I2_excl_R1a,other_i2_dist_le_20,binary
0.9285714285714286,0.9704797047970479,0.9387755102040817,0.9685251798561151,28,271,196,1112,26,263,184,1077,-0.04190827622561932,-0.029749669652033406,-0.012158606573585917,location_terminal,I1,non_I2_excl_R1a,other_i2_dist_le_50,binary
0.32142857142857145,0.3837638376383764,0.3010204081632653,0.3516187050359712,28,271,196,1112,9,104,59,391,-0.06233526620980495,-0.050598296872705895,-0.011736969337099057,location_terminal,I1,non_I2_excl_R1a,other_i2_cloud_social_spatial,binary
0.21428571428571427,0.18450184501845018,0.14795918367346939,0.13129496402877697,28,271,196,1112,6,50,29,146,0.02978386926726409,0.01666421964469242,0.013119649622571672,location_terminal,I1,non_I2_excl_R1a,nonph_i2_social,binary
0.5714285714285714,0.6273062730627307,0.46938775510204084,0.5341726618705036,28,271,196,1112,16,170,92,594,-0.05587770163415928,-0.06478490676846277,0.008907205134303486,location_terminal,I1,non_I2_excl_R1a,nonph_i2_near_30km,binary
0.14285714285714285,0.15867158671586715,0.09693877551020408,0.09892086330935251,28,271,196,1112,4,43,19,110,-0.015814443858724297,-0.0019820877991484354,-0.013832356059575862,location_terminal,I1,non_I2_excl_R1a,nonph_i2_cloud_social_spatial,binary
0.75,0.8597785977859779,0.7857142857142857,0.814748201438849,28,271,196,1112,21,233,154,906,-0.10977859778597787,-0.029033915724563264,-0.08074468206141461,location_terminal,I1,non_I2_excl_R1a,surname_ic,binary
0.42857142857142855,0.5202952029520295,0.5561224489795918,0.4892086330935252,28,271,196,1112,12,141,109,544,-0.09172377438060092,0.06691381588606665,-0.15863759026666757,location_terminal,I1,non_I2_excl_R1a,surname_ovic_evic,binary
0.32142857142857145,0.33948339483394835,0.22959183673469388,0.3255395683453237,28,271,196,1112,9,92,45,362,-0.018054823405376896,-0.09594773161062983,0.07789290820525294,location_terminal,I1,non_I2_excl_R1a,surname_non_ovic_ic,binary
0.42857142857142855,0.5313653136531366,0.5663265306122449,0.5017985611510791,28,271,196,1112,12,144,111,558,-0.102793885081708,0.06452796946116579,-0.1673218545428738,location_terminal,I1,non_I2_excl_R1a,surname_vic,binary
0,0,0.025510204081632654,0.007194244604316547,28,271,196,1112,0,0,5,8,0,0.018315959477316106,-0.018315959477316106,location_terminal,I1,non_I2_excl_R1a,surname_ski,binary
0.9285714285714286,0.981549815498155,0.9030612244897959,0.9694244604316546,28,271,196,1112,26,266,177,1078,-0.052978386926726406,-0.06636323594185878,0.013384849015132372,location_terminal,I1,non_I2_excl_R1a,slava_informative,binary
0.17857142857142858,0.08118081180811808,0.22448979591836735,0.1393884892086331,28,271,196,1112,5,22,44,155,0.0973906167633105,0.08510130670973426,0.012289310053576238,location_terminal,I1,non_I2_excl_R1a,rare_slava_region_2,binary
0.39285714285714285,0.18450184501845018,0.4387755102040816,0.28597122302158273,28,271,196,1112,11,50,86,318,0.20835529783869267,0.1528042871824989,0.05555101065619378,location_terminal,I1,non_I2_excl_R1a,rare_slava_region_5,binary
0.7857142857142857,0.7896678966789668,0.7704081632653061,0.7571942446043165,28,271,196,1112,22,214,151,842,-0.0039536109646810536,0.013213918660989643,-0.017167529625670697,location_terminal,I1,non_I2_excl_R1a,rare_surname_region_1,binary
0.9285714285714286,0.915129151291513,0.9387755102040817,0.9163669064748201,28,271,196,1112,26,248,184,1019,0.013442277279915649,0.022408603729261567,-0.008966326449345918,location_terminal,I1,non_I2_excl_R1a,rare_surname_region_2,binary
0.75,0.8745387453874539,0.75,0.8345323741007195,28,271,196,1112,21,237,147,928,-0.12453874538745391,-0.08453237410071945,-0.040006371286734455,location_terminal,I1,non_I2_excl_R1a,i2_ecology_near30,binary
0.5357142857142857,0.6900369003690037,0.5408163265306123,0.6267985611510791,28,271,196,1112,15,187,106,697,-0.15432261465471797,-0.08598223462046684,-0.06834038003425114,location_terminal,I1,non_I2_excl_R1a,i2_ecology_dense30,binary
0.4642857142857143,0.5904059040590406,0.4489795918367347,0.5089928057553957,28,271,196,1112,13,160,88,566,-0.12612018977332629,-0.060013213918661046,-0.06610697585466524,location_terminal,I1,non_I2_excl_R1a,i2_ecology_diverse30,binary
0.42857142857142855,0.5535055350553506,0.3622448979591837,0.4694244604316547,28,271,196,1112,12,150,71,522,-0.12493410648392206,-0.10717956247247101,-0.017754544011451046,location_terminal,I1,non_I2_excl_R1a,i2_ecology_terminal_diverse30,binary
0.21428571428571427,0.31365313653136534,0.10204081632653061,0.25719424460431656,28,271,196,1112,6,85,20,286,-0.09936742224565107,-0.15515342827778594,0.05578600603213488,location_terminal,I1,non_I2_excl_R1a,i2_ecology_share30_gt50,binary
0.2857142857142857,0.2915129151291513,0.07653061224489796,0.21133093525179855,28,271,196,1112,8,79,15,235,-0.005798629414865586,-0.1348003230069006,0.129001693592035,location_terminal,I1,non_I2_excl_R1a,i2_ecology_share50_gt50,binary
0.35714285714285715,0.35424354243542433,0.24489795918367346,0.36780575539568344,28,271,196,1112,10,96,48,409,0.0028993147074328207,-0.12290779621200998,0.1258071109194428,location_terminal,I1,non_I2_excl_R1a,i2_ecology_no_r1a30,binary
0.21428571428571427,0.31365313653136534,0.10204081632653061,0.25719424460431656,28,271,196,1112,6,85,20,286,-0.09936742224565107,-0.15515342827778594,0.05578600603213488,location_terminal,I1,non_I2_excl_R1a,i2_ecology_i2_over_non_i2_30,binary
0.35714285714285715,0.41697416974169743,0.28061224489795916,0.38039568345323743,28,271,196,1112,10,113,55,423,-0.05983131259884028,-0.09978343855527827,0.03995212595643799,location_terminal,I1,non_I2_excl_R1a,nearest_relic_is_i2,binary
0.21428571428571427,0.21033210332103322,0.07653061224489796,0.18974820143884893,28,271,196,1112,6,57,15,211,0.0039536109646810536,-0.11321758919395097,0.11717120015863203,location_terminal,I1,non_I2_excl_R1a,nearest_i2_and_i2_share30_gt50,binary
0.5714285714285714,0.7564575645756457,0.6326530612244898,0.6879496402877698,28,271,196,1112,16,205,124,765,-0.18502899314707433,-0.055296579063280005,-0.12973241408379432,location_terminal,I1,non_I2_excl_R1a,geography_plus_suffix_ic,binary
0.32142857142857145,0.4575645756457565,0.45408163265306123,0.4226618705035971,28,271,196,1112,9,124,89,470,-0.13613600421718502,0.031419762149464125,-0.16755576636664915,location_terminal,I1,non_I2_excl_R1a,geography_plus_ovic_evic,binary
0.21428571428571427,0.34686346863468637,0.2653061224489796,0.289568345323741,28,271,196,1112,6,94,52,322,-0.1325777543489721,-0.024262222874761374,-0.10831553147421072,location_terminal,I1,non_I2_excl_R1a,cloud_plus_suffix_ic,binary
0.10714285714285714,0.14022140221402213,0.09183673469387756,0.11690647482014388,28,271,196,1112,3,38,18,130,-0.03307854507116499,-0.025069740126266324,-0.008008804944898668,location_terminal,I1,non_I2_excl_R1a,cloud_plus_non_ovic_ic,binary
0.21428571428571427,0.34686346863468637,0.2653061224489796,0.289568345323741,28,271,196,1112,6,94,52,322,-0.1325777543489721,-0.024262222874761374,-0.10831553147421072,location_terminal,I1,non_I2_excl_R1a,geo_cloud_suffix_triad,binary
0,0,0,0,28,271,196,1112,0,0,0,0,0,0,0,location_terminal,I1,non_I2_excl_R1a,elevation_ge_700,binary
0,0,0,0,28,271,196,1112,0,0,0,0,0,0,0,location_terminal,I1,non_I2_excl_R1a,elevation_ge_900,binary
0,0,0,0,28,271,196,1112,0,0,0,0,0,0,0,location_terminal,I1,non_I2_excl_R1a,elevation_resid_ge_100,binary
0,0,0,0,28,271,196,1112,0,0,0,0,0,0,0,location_terminal,I1,non_I2_excl_R1a,mountain_i2_near30,binary
0,0,0,0,28,271,196,1112,0,0,0,0,0,0,0,location_terminal,I1,non_I2_excl_R1a,mountain_cloud_i2,binary
0,0,0,0,28,271,196,1112,0,0,0,0,0,0,0,location_terminal,I1,non_I2_excl_R1a,old_age_known,binary
0,0,0,0,28,271,196,1112,0,0,0,0,0,0,0,location_terminal,I1,non_I2_excl_R1a,age_ge_1500,binary
0,0,0,0,28,271,196,1112,0,0,0,0,0,0,0,location_terminal,I1,non_I2_excl_R1a,age_ge_2000,binary
0.39285714285714285,0.41697416974169743,0.3497942386831276,0.38124156545209176,28,271,243,1482,11,113,85,565,-0.024117026884554582,-0.03144732676896417,0.007330299884409586,location_terminal,I1,all_non_I2,other_i2_social,binary
0.75,0.8745387453874539,0.757201646090535,0.8333333333333334,28,271,243,1482,21,237,184,1235,-0.12453874538745391,-0.0761316872427984,-0.04840705814465551,location_terminal,I1,all_non_I2,other_i2_near_30km,binary
0.6428571428571429,0.7121771217712177,0.6172839506172839,0.6221322537112011,28,271,243,1482,18,193,150,922,-0.06931997891407482,-0.00484830309391715,-0.06447167582015767,location_terminal,I1,all_non_I2,other_i2_dist_le_20,binary
0.9285714285714286,0.9704797047970479,0.9465020576131687,0.9669365721997301,28,271,243,1482,26,263,230,1433,-0.04190827622561932,-0.020434514586561314,-0.02147376163905801,location_terminal,I1,all_non_I2,other_i2_dist_le_50,binary
0.32142857142857145,0.3837638376383764,0.3045267489711934,0.3407557354925776,28,271,243,1482,9,104,74,505,-0.06233526620980495,-0.03622898652138418,-0.026106279688420775,location_terminal,I1,all_non_I2,other_i2_cloud_social_spatial,binary
0.21428571428571427,0.18450184501845018,0.13580246913580246,0.12550607287449392,28,271,243,1482,6,50,33,186,0.02978386926726409,0.010296396261308544,0.019487473005955547,location_terminal,I1,all_non_I2,nonph_i2_social,binary
0.5714285714285714,0.6273062730627307,0.4691358024691358,0.5344129554655871,28,271,243,1482,16,170,114,792,-0.05587770163415928,-0.06527715299645132,0.009399451362292033,location_terminal,I1,all_non_I2,nonph_i2_near_30km,binary
0.14285714285714285,0.15867158671586715,0.09465020576131687,0.09379217273954116,28,271,243,1482,4,43,23,139,-0.015814443858724297,8.580330217757143e-4,-0.016672476880500012,location_terminal,I1,all_non_I2,nonph_i2_cloud_social_spatial,binary
0.75,0.8597785977859779,0.7777777777777778,0.8110661268556005,28,271,243,1482,21,233,189,1202,-0.10977859778597787,-0.03328834907782274,-0.07649024870815513,location_terminal,I1,all_non_I2,surname_ic,binary
0.42857142857142855,0.5202952029520295,0.5267489711934157,0.4669365721997301,28,271,243,1482,12,141,128,692,-0.09172377438060092,0.05981239899368557,-0.1515361733742865,location_terminal,I1,all_non_I2,surname_ovic_evic,binary
0.32142857142857145,0.33948339483394835,0.25102880658436216,0.3441295546558704,28,271,243,1482,9,92,61,510,-0.018054823405376896,-0.09310074807150825,0.07504592466613136,location_terminal,I1,all_non_I2,surname_non_ovic_ic,binary
0.42857142857142855,0.5313653136531366,0.5349794238683128,0.4797570850202429,28,271,243,1482,12,144,130,711,-0.102793885081708,0.055222338848069874,-0.15801622392977788,location_terminal,I1,all_non_I2,surname_vic,binary
0,0,0.024691358024691357,0.009446693657219974,28,271,243,1482,0,0,6,14,0,0.015244664367471383,-0.015244664367471383,location_terminal,I1,all_non_I2,surname_ski,binary
0.9285714285714286,0.981549815498155,0.897119341563786,0.9682860998650472,28,271,243,1482,26,266,218,1435,-0.052978386926726406,-0.07116675830126118,0.018188371374534773,location_terminal,I1,all_non_I2,slava_informative,binary
0.17857142857142858,0.08118081180811808,0.2345679012345679,0.14102564102564102,28,271,243,1482,5,22,57,209,0.0973906167633105,0.09354226020892686,0.0038483565543836334,location_terminal,I1,all_non_I2,rare_slava_region_2,binary
0.39285714285714285,0.18450184501845018,0.4444444444444444,0.286774628879892,28,271,243,1482,11,50,108,425,0.20835529783869267,0.1576698155645524,0.05068548227414027,location_terminal,I1,all_non_I2,rare_slava_region_5,binary
0.7857142857142857,0.7896678966789668,0.7942386831275721,0.7584345479082322,28,271,243,1482,22,214,193,1124,-0.0039536109646810536,0.035804135219339894,-0.03975774618402095,location_terminal,I1,all_non_I2,rare_surname_region_1,binary
0.9285714285714286,0.915129151291513,0.9382716049382716,0.917004048582996,28,271,243,1482,26,248,228,1359,0.013442277279915649,0.021267556355275552,-0.007825279075359903,location_terminal,I1,all_non_I2,rare_surname_region_2,binary
0.75,0.8745387453874539,0.757201646090535,0.8333333333333334,28,271,243,1482,21,237,184,1235,-0.12453874538745391,-0.0761316872427984,-0.04840705814465551,location_terminal,I1,all_non_I2,i2_ecology_near30,binary
0.5357142857142857,0.6900369003690037,0.5349794238683128,0.631578947368421,28,271,243,1482,15,187,130,936,-0.15432261465471797,-0.09659952350010825,-0.05772309115460972,location_terminal,I1,all_non_I2,i2_ecology_dense30,binary
0.4642857142857143,0.5904059040590406,0.448559670781893,0.5087719298245614,28,271,243,1482,13,160,109,754,-0.12612018977332629,-0.060212259042668415,-0.06590793073065787,location_terminal,I1,all_non_I2,i2_ecology_diverse30,binary
0.42857142857142855,0.5535055350553506,0.37448559670781895,0.4709851551956815,28,271,243,1482,12,150,91,698,-0.12493410648392206,-0.09649955848786257,-0.02843454799605949,location_terminal,I1,all_non_I2,i2_ecology_terminal_diverse30,binary
0.21428571428571427,0.31365313653136534,0.11934156378600823,0.25303643724696356,28,271,243,1482,6,85,29,375,-0.09936742224565107,-0.13369487346095532,0.034327451215304255,location_terminal,I1,all_non_I2,i2_ecology_share30_gt50,binary
0.2857142857142857,0.2915129151291513,0.0823045267489712,0.2078272604588394,28,271,243,1482,8,79,20,308,-0.005798629414865586,-0.12552273370986822,0.11972410429500263,location_terminal,I1,all_non_I2,i2_ecology_share50_gt50,binary
0.35714285714285715,0.35424354243542433,0.2716049382716049,0.358974358974359,28,271,243,1482,10,96,66,532,0.0028993147074328207,-0.08736942070275405,0.09026873541018687,location_terminal,I1,all_non_I2,i2_ecology_no_r1a30,binary
0.21428571428571427,0.31365313653136534,0.11934156378600823,0.25303643724696356,28,271,243,1482,6,85,29,375,-0.09936742224565107,-0.13369487346095532,0.034327451215304255,location_terminal,I1,all_non_I2,i2_ecology_i2_over_non_i2_30,binary
0.35714285714285715,0.41697416974169743,0.2962962962962963,0.3758434547908232,28,271,243,1482,10,113,72,557,-0.05983131259884028,-0.07954715849452693,0.019715845895686646,location_terminal,I1,all_non_I2,nearest_relic_is_i2,binary
0.21428571428571427,0.21033210332103322,0.09465020576131687,0.18758434547908232,28,271,243,1482,6,57,23,278,0.0039536109646810536,-0.09293413971776544,0.0968877506824465,location_terminal,I1,all_non_I2,nearest_i2_and_i2_share30_gt50,binary
0.5714285714285714,0.7564575645756457,0.6337448559670782,0.6862348178137652,28,271,243,1482,16,205,154,1017,-0.18502899314707433,-0.05248996184668697,-0.13253903130038736,location_terminal,I1,all_non_I2,geography_plus_suffix_ic,binary
0.32142857142857145,0.4575645756457565,0.43621399176954734,0.4048582995951417,28,271,243,1482,9,124,106,600,-0.13613600421718502,0.03135569217440565,-0.16749169639159067,location_terminal,I1,all_non_I2,geography_plus_ovic_evic,binary
0.21428571428571427,0.34686346863468637,0.25925925925925924,0.27530364372469635,28,271,243,1482,6,94,63,408,-0.1325777543489721,-0.0160443844654371,-0.11653336988353499,location_terminal,I1,all_non_I2,cloud_plus_suffix_ic,binary
0.10714285714285714,0.14022140221402213,0.09053497942386832,0.11673414304993253,28,271,243,1482,3,38,22,173,-0.03307854507116499,-0.026199163626064212,-0.0068793814451007795,location_terminal,I1,all_non_I2,cloud_plus_non_ovic_ic,binary
0.21428571428571427,0.34686346863468637,0.25925925925925924,0.27530364372469635,28,271,243,1482,6,94,63,408,-0.1325777543489721,-0.0160443844654371,-0.11653336988353499,location_terminal,I1,all_non_I2,geo_cloud_suffix_triad,binary
0,0,0,0,28,271,243,1482,0,0,0,0,0,0,0,location_terminal,I1,all_non_I2,elevation_ge_700,binary
0,0,0,0,28,271,243,1482,0,0,0,0,0,0,0,location_terminal,I1,all_non_I2,elevation_ge_900,binary
0,0,0,0,28,271,243,1482,0,0,0,0,0,0,0,location_terminal,I1,all_non_I2,elevation_resid_ge_100,binary
0,0,0,0,28,271,243,1482,0,0,0,0,0,0,0,location_terminal,I1,all_non_I2,mountain_i2_near30,binary
0,0,0,0,28,271,243,1482,0,0,0,0,0,0,0,location_terminal,I1,all_non_I2,mountain_cloud_i2,binary
0,0,0.18930041152263374,0.2496626180836707,28,271,243,1482,0,0,46,370,0,-0.06036220656103697,0.06036220656103697,location_terminal,I1,all_non_I2,old_age_known,binary
0,0,0.11934156378600823,0.1484480431848853,28,271,243,1482,0,0,29,220,0,-0.029106479398877075,0.029106479398877075,location_terminal,I1,all_non_I2,age_ge_1500,binary
0,0,0.06172839506172839,0.13765182186234817,28,271,243,1482,0,0,15,204,0,-0.07592342680061978,0.07592342680061978,location_terminal,I1,all_non_I2,age_ge_2000,binary
