target_relic_mean,target_founder_mean,control_relic_mean,control_founder_mean,target_relic_n,target_founder_n,control_relic_n,control_founder_n,target_relic_minus_founder,control_relic_minus_founder,did_lift,unit_type,target_name,control_set,feature,feature_type
24.91302547944859,30.98076553901867,21.64897895418224,19.181124318594645,133,445,232,1480,-6.067740059570081,2.467854635587596,-8.535594695157677,cluster,I2_all,non_I2_excl_R1a,min_km_to_other_i2_relic,continuous
36.02309944228076,34.181480904142006,35.465955185389014,31.4243081985437,133,445,232,1480,1.8416185381387535,4.041646986845315,-2.2000284487065613,cluster,I2_all,non_I2_excl_R1a,min_km_to_nonph_i2_relic,continuous
17.335033835743367,17.467948132374136,21.64897895418224,19.181124318594645,133,445,232,1480,-0.13291429663076926,2.467854635587596,-2.600768932218365,cluster,I2_all,non_I2_excl_R1a,min_km_to_i2_relic_diff_terminal,continuous
12.524933696668565,14.051515622620514,11.850072990899525,14.253383963094139,133,445,232,1480,-1.5265819259519482,-2.403310972194614,0.8767290462426658,cluster,I2_all,non_I2_excl_R1a,min_km_to_non_i2_relic,continuous
38.37039281297861,42.52281260762252,41.14287019297354,42.328301968549894,133,445,232,1480,-4.152419794643912,-1.1854317755763546,-2.966988019067557,cluster,I2_all,non_I2_excl_R1a,min_km_to_r1a_relic,continuous
-4.810100139074801,-3.4164325097536232,-9.798905963282717,-4.927740355500506,133,445,232,1480,-1.3936676293211776,-4.871165607782211,3.477497978461033,cluster,I2_all,non_I2_excl_R1a,i2_vs_non_i2_distance_gap,continuous
21.035358977235244,25.054864475248387,19.4938912387913,23.147177649955246,133,445,232,1480,-4.019505498013142,-3.653286411163947,-0.36621908684919546,cluster,I2_all,non_I2_excl_R1a,i2_vs_r1a_distance_gap,continuous
3.293233082706767,3.202247191011236,2.663793103448276,3.2277027027027025,133,445,232,1480,0.09098589169553106,-0.5639095992544267,0.6548954909499578,cluster,I2_all,non_I2_excl_R1a,i2_relic_count_30,continuous
2.857142857142857,2.7213483146067414,2.3577586206896552,2.85,133,445,232,1480,0.13579454253611578,-0.49224137931034484,0.6280359218464606,cluster,I2_all,non_I2_excl_R1a,i2_terminal_count_30,continuous
1.6616541353383458,1.4157303370786516,1.4224137931034482,1.645945945945946,133,445,232,1480,0.24592379825969424,-0.22353215284249783,0.46945595110219207,cluster,I2_all,non_I2_excl_R1a,i2_group_count_30,continuous
0.3865121559759064,0.4319605358611917,0.2868888727705905,0.4044364330323861,131,435,220,1421,-0.04544837988528533,-0.11754756026179558,0.07209918037651025,cluster,I2_all,non_I2_excl_R1a,i2_relic_share_30,continuous
0.3596663909063128,0.42255426064386564,0.30369027372146906,0.3924979483589654,133,442,227,1469,-0.06288786973755284,-0.08880767463749634,0.0259198048999435,cluster,I2_all,non_I2_excl_R1a,i2_relic_share_50,continuous
296.2706766917293,322.0247191011236,335.6896551724138,358.0581081081081,133,445,232,1480,-25.754042409394287,-22.368452935694336,-3.3855894736999517,cluster,I2_all,non_I2_excl_R1a,slava_n,continuous
20.796992481203006,33.34157303370787,15.995689655172415,23.39527027027027,133,445,232,1480,-12.544580552504861,-7.399580615097856,-5.144999937407006,cluster,I2_all,non_I2_excl_R1a,slava_region_n,continuous
5.2481203007518795,5.213483146067416,6.474137931034483,5.967567567567568,133,445,232,1480,0.03463715468446349,0.5065703634669152,-0.4719332087824517,cluster,I2_all,non_I2_excl_R1a,surname_n,continuous
1.3834586466165413,1.5101123595505619,1.396551724137931,1.470945945945946,133,445,232,1480,-0.1266537129340206,-0.07439422180801492,-0.0522594911260057,cluster,I2_all,non_I2_excl_R1a,surname_region_n,continuous
24.91302547944859,30.98076553901867,21.239655143357854,19.706367396383822,133,445,280,1869,-6.067740059570081,1.5332877469740325,-7.6010278065441135,cluster,I2_all,all_non_I2,min_km_to_other_i2_relic,continuous
36.02309944228076,34.181480904142006,35.16843702024384,32.12382958232457,133,445,280,1869,1.8416185381387535,3.044607437919275,-1.2029888997805216,cluster,I2_all,all_non_I2,min_km_to_nonph_i2_relic,continuous
17.335033835743367,17.467948132374136,21.239655143357854,19.706367396383822,133,445,280,1869,-0.13291429663076926,1.5332877469740325,-1.6662020436048017,cluster,I2_all,all_non_I2,min_km_to_i2_relic_diff_terminal,continuous
12.524933696668565,14.051515622620514,12.322461484691862,14.647792087040337,133,445,280,1869,-1.5265819259519482,-2.3253306023484743,0.7987486763965261,cluster,I2_all,all_non_I2,min_km_to_non_i2_relic,continuous
38.37039281297861,42.52281260762252,39.40819663832363,42.94296436720678,133,445,280,1869,-4.152419794643912,-3.5347677288831463,-0.6176520657607654,cluster,I2_all,all_non_I2,min_km_to_r1a_relic,continuous
-4.810100139074801,-3.4164325097536232,-8.917193658665992,-5.058575309343487,133,445,280,1869,-1.3936676293211776,-3.858618349322505,2.4649507200013274,cluster,I2_all,all_non_I2,i2_vs_non_i2_distance_gap,continuous
21.035358977235244,25.054864475248387,18.16854149496578,23.23659697082295,133,445,280,1869,-4.019505498013142,-5.068055475857172,1.0485499778440293,cluster,I2_all,all_non_I2,i2_vs_r1a_distance_gap,continuous
3.293233082706767,3.202247191011236,2.642857142857143,3.1449973247726057,133,445,280,1869,0.09098589169553106,-0.502140181915463,0.593126073610994,cluster,I2_all,all_non_I2,i2_relic_count_30,continuous
2.857142857142857,2.7213483146067414,2.3464285714285715,2.7795612627073303,133,445,280,1869,0.13579454253611578,-0.43313269127875875,0.5689272338148745,cluster,I2_all,all_non_I2,i2_terminal_count_30,continuous
1.6616541353383458,1.4157303370786516,1.4285714285714286,1.6270733012306047,133,445,280,1869,0.24592379825969424,-0.19850187265917607,0.4444256709188703,cluster,I2_all,all_non_I2,i2_group_count_30,continuous
0.3865121559759064,0.4319605358611917,0.29577334916887227,0.3997930990606547,131,435,267,1797,-0.04544837988528533,-0.10401974989178242,0.05857137000649709,cluster,I2_all,all_non_I2,i2_relic_share_30,continuous
0.3596663909063128,0.42255426064386564,0.3066889110731942,0.38974360535960334,133,442,275,1855,-0.06288786973755284,-0.08305469428640916,0.02016682454885632,cluster,I2_all,all_non_I2,i2_relic_share_50,continuous
827,1318.4863523573201,1975,1981.8766066838045,50,403,47,389,-491.48635235732013,-6.876606683804539,-484.6097456735156,cluster,I2_all,all_non_I2,tmrca_ybp,continuous
296.2706766917293,322.0247191011236,316.7107142857143,352.0604601391118,133,445,280,1869,-25.754042409394287,-35.34974585339751,9.59570344400322,cluster,I2_all,all_non_I2,slava_n,continuous
20.796992481203006,33.34157303370787,15.432142857142857,23.101658640984482,133,445,280,1869,-12.544580552504861,-7.669515783841625,-4.875064768663236,cluster,I2_all,all_non_I2,slava_region_n,continuous
5.2481203007518795,5.213483146067416,6.264285714285714,5.910647405029428,133,445,280,1869,0.03463715468446349,0.3536383092562865,-0.319001154571823,cluster,I2_all,all_non_I2,surname_n,continuous
1.3834586466165413,1.5101123595505619,1.3642857142857143,1.4654895666131622,133,445,280,1869,-0.1266537129340206,-0.10120385232744789,-0.025449860606572727,cluster,I2_all,all_non_I2,surname_region_n,continuous
26.165838054010653,31.434594985439347,21.64897895418224,19.181124318594645,82,403,232,1480,-5.268756931428694,2.467854635587596,-7.73661156701629,cluster,PH908_primary,non_I2_excl_R1a,min_km_to_other_i2_relic,continuous
29.298016251164583,32.86048244190357,35.465955185389014,31.4243081985437,82,403,232,1480,-3.562466190738988,4.041646986845315,-7.604113177584303,cluster,PH908_primary,non_I2_excl_R1a,min_km_to_nonph_i2_relic,continuous
14.41297425701012,16.546638223746967,21.64897895418224,19.181124318594645,82,403,232,1480,-2.1336639667368473,2.467854635587596,-4.601518602324443,cluster,PH908_primary,non_I2_excl_R1a,min_km_to_i2_relic_diff_terminal,continuous
12.630822945043452,13.638633429261171,11.850072990899525,14.253383963094139,82,403,232,1480,-1.0078104842177193,-2.403310972194614,1.3955004879768946,cluster,PH908_primary,non_I2_excl_R1a,min_km_to_non_i2_relic,continuous
38.740421428157255,41.45777815528806,41.14287019297354,42.328301968549894,82,403,232,1480,-2.717356727130806,-1.1854317755763546,-1.5319249515544513,cluster,PH908_primary,non_I2_excl_R1a,min_km_to_r1a_relic,continuous
-1.7821513119666685,-2.9080047944857967,-9.798905963282717,-4.927740355500506,82,403,232,1480,1.1258534825191282,-4.871165607782211,5.997019090301339,cluster,PH908_primary,non_I2_excl_R1a,i2_vs_non_i2_distance_gap,continuous
24.327447171147135,24.91113993154109,19.4938912387913,23.147177649955246,82,403,232,1480,-0.583692760393955,-3.653286411163947,3.069593650769992,cluster,PH908_primary,non_I2_excl_R1a,i2_vs_r1a_distance_gap,continuous
3.573170731707317,3.240694789081886,2.663793103448276,3.2277027027027025,82,403,232,1480,0.3324759426254311,-0.5639095992544267,0.8963855418798579,cluster,PH908_primary,non_I2_excl_R1a,i2_relic_count_30,continuous
3.1097560975609757,2.7493796526054592,2.3577586206896552,2.85,82,403,232,1480,0.36037644495551646,-0.49224137931034484,0.8526178242658613,cluster,PH908_primary,non_I2_excl_R1a,i2_terminal_count_30,continuous
1.8414634146341464,1.4267990074441688,1.4224137931034482,1.645945945945946,82,403,232,1480,0.41466440718997766,-0.22353215284249783,0.6381965600324755,cluster,PH908_primary,non_I2_excl_R1a,i2_group_count_30,continuous
0.4218501693660599,0.44116033153839335,0.2868888727705905,0.4044364330323861,82,394,220,1421,-0.019310162172333445,-0.11754756026179558,0.09823739808946214,cluster,PH908_primary,non_I2_excl_R1a,i2_relic_share_30,continuous
0.38653782382640606,0.4283847172258656,0.30369027372146906,0.3924979483589654,82,401,227,1469,-0.04184689339945952,-0.08880767463749634,0.04696078123803682,cluster,PH908_primary,non_I2_excl_R1a,i2_relic_share_50,continuous
279.9756097560976,313.6302729528536,335.6896551724138,358.0581081081081,82,403,232,1480,-33.65466319675602,-22.368452935694336,-11.286210261061683,cluster,PH908_primary,non_I2_excl_R1a,slava_n,continuous
22.378048780487806,33.92803970223325,15.995689655172415,23.39527027027027,82,403,232,1480,-11.549990921745444,-7.399580615097856,-4.150410306647588,cluster,PH908_primary,non_I2_excl_R1a,slava_region_n,continuous
5.365853658536586,5.258064516129032,6.474137931034483,5.967567567567568,82,403,232,1480,0.10778914240755366,0.5065703634669152,-0.39878122105936153,cluster,PH908_primary,non_I2_excl_R1a,surname_n,continuous
1.475609756097561,1.5235732009925558,1.396551724137931,1.470945945945946,82,403,232,1480,-0.04796344489499482,-0.07439422180801492,0.026430776913020093,cluster,PH908_primary,non_I2_excl_R1a,surname_region_n,continuous
26.165838054010653,31.434594985439347,21.239655143357854,19.706367396383822,82,403,280,1869,-5.268756931428694,1.5332877469740325,-6.802044678402726,cluster,PH908_primary,all_non_I2,min_km_to_other_i2_relic,continuous
29.298016251164583,32.86048244190357,35.16843702024384,32.12382958232457,82,403,280,1869,-3.562466190738988,3.044607437919275,-6.607073628658263,cluster,PH908_primary,all_non_I2,min_km_to_nonph_i2_relic,continuous
14.41297425701012,16.546638223746967,21.239655143357854,19.706367396383822,82,403,280,1869,-2.1336639667368473,1.5332877469740325,-3.66695171371088,cluster,PH908_primary,all_non_I2,min_km_to_i2_relic_diff_terminal,continuous
12.630822945043452,13.638633429261171,12.322461484691862,14.647792087040337,82,403,280,1869,-1.0078104842177193,-2.3253306023484743,1.317520118130755,cluster,PH908_primary,all_non_I2,min_km_to_non_i2_relic,continuous
38.740421428157255,41.45777815528806,39.40819663832363,42.94296436720678,82,403,280,1869,-2.717356727130806,-3.5347677288831463,0.8174110017523404,cluster,PH908_primary,all_non_I2,min_km_to_r1a_relic,continuous
-1.7821513119666685,-2.9080047944857967,-8.917193658665992,-5.058575309343487,82,403,280,1869,1.1258534825191282,-3.858618349322505,4.984471831841633,cluster,PH908_primary,all_non_I2,i2_vs_non_i2_distance_gap,continuous
24.327447171147135,24.91113993154109,18.16854149496578,23.23659697082295,82,403,280,1869,-0.583692760393955,-5.068055475857172,4.484362715463217,cluster,PH908_primary,all_non_I2,i2_vs_r1a_distance_gap,continuous
3.573170731707317,3.240694789081886,2.642857142857143,3.1449973247726057,82,403,280,1869,0.3324759426254311,-0.502140181915463,0.8346161245408941,cluster,PH908_primary,all_non_I2,i2_relic_count_30,continuous
3.1097560975609757,2.7493796526054592,2.3464285714285715,2.7795612627073303,82,403,280,1869,0.36037644495551646,-0.43313269127875875,0.7935091362342752,cluster,PH908_primary,all_non_I2,i2_terminal_count_30,continuous
1.8414634146341464,1.4267990074441688,1.4285714285714286,1.6270733012306047,82,403,280,1869,0.41466440718997766,-0.19850187265917607,0.6131662798491537,cluster,PH908_primary,all_non_I2,i2_group_count_30,continuous
0.4218501693660599,0.44116033153839335,0.29577334916887227,0.3997930990606547,82,394,267,1797,-0.019310162172333445,-0.10401974989178242,0.08470958771944898,cluster,PH908_primary,all_non_I2,i2_relic_share_30,continuous
0.38653782382640606,0.4283847172258656,0.3066889110731942,0.38974360535960334,82,401,275,1855,-0.04184689339945952,-0.08305469428640916,0.04120780088694964,cluster,PH908_primary,all_non_I2,i2_relic_share_50,continuous
827,1318.4863523573201,1975,1981.8766066838045,50,403,47,389,-491.48635235732013,-6.876606683804539,-484.6097456735156,cluster,PH908_primary,all_non_I2,tmrca_ybp,continuous
279.9756097560976,313.6302729528536,316.7107142857143,352.0604601391118,82,403,280,1869,-33.65466319675602,-35.34974585339751,1.695082656641489,cluster,PH908_primary,all_non_I2,slava_n,continuous
22.378048780487806,33.92803970223325,15.432142857142857,23.101658640984482,82,403,280,1869,-11.549990921745444,-7.669515783841625,-3.8804751379038187,cluster,PH908_primary,all_non_I2,slava_region_n,continuous
5.365853658536586,5.258064516129032,6.264285714285714,5.910647405029428,82,403,280,1869,0.10778914240755366,0.3536383092562865,-0.24584916684873281,cluster,PH908_primary,all_non_I2,surname_n,continuous
1.475609756097561,1.5235732009925558,1.3642857142857143,1.4654895666131622,82,403,280,1869,-0.04796344489499482,-0.10120385232744789,0.05324040743245306,cluster,PH908_primary,all_non_I2,surname_region_n,continuous
22.898699379172328,26.626163945982192,21.64897895418224,19.181124318594645,51,42,232,1480,-3.7274645668098643,2.467854635587596,-6.19531920239746,cluster,nonPH908_I2,non_I2_excl_R1a,min_km_to_other_i2_relic,continuous
46.8359782985852,46.85677567276317,35.465955185389014,31.4243081985437,51,42,232,1480,-0.020797374177973893,4.041646986845315,-4.062444361023289,cluster,nonPH908_I2,non_I2_excl_R1a,min_km_to_nonph_i2_relic,continuous
22.033247276059566,26.308136065153864,21.64897895418224,19.181124318594645,51,42,232,1480,-4.274888789094298,2.467854635587596,-6.742743424681894,cluster,nonPH908_I2,non_I2_excl_R1a,min_km_to_i2_relic_diff_terminal,continuous
12.354680395359923,18.013218573187526,11.850072990899525,14.253383963094139,51,42,232,1480,-5.658538177827603,-2.403310972194614,-3.2552272056329894,cluster,nonPH908_I2,non_I2_excl_R1a,min_km_to_non_i2_relic,continuous
37.77544484347569,52.742071757403224,41.14287019297354,42.328301968549894,51,42,232,1480,-14.966626913927534,-1.1854317755763546,-13.78119513835118,cluster,nonPH908_I2,non_I2_excl_R1a,min_km_to_r1a_relic,continuous
-9.678566880699641,-8.294917491966336,-9.798905963282717,-4.927740355500506,51,42,232,1480,-1.3836493887333052,-4.871165607782211,3.4875162190489055,cluster,nonPH908_I2,non_I2_excl_R1a,i2_vs_non_i2_distance_gap,continuous
15.742197567416127,26.43393569224936,19.4938912387913,23.147177649955246,51,42,232,1480,-10.691738124833233,-3.653286411163947,-7.038451713669286,cluster,nonPH908_I2,non_I2_excl_R1a,i2_vs_r1a_distance_gap,continuous
2.843137254901961,2.8333333333333335,2.663793103448276,3.2277027027027025,51,42,232,1480,0.009803921568627416,-0.5639095992544267,0.5737135208230542,cluster,nonPH908_I2,non_I2_excl_R1a,i2_relic_count_30,continuous
2.450980392156863,2.4523809523809526,2.3577586206896552,2.85,51,42,232,1480,-0.0014005602240896309,-0.49224137931034484,0.4908408190862552,cluster,nonPH908_I2,non_I2_excl_R1a,i2_terminal_count_30,continuous
1.3725490196078431,1.3095238095238095,1.4224137931034482,1.645945945945946,51,42,232,1480,0.06302521008403361,-0.22353215284249783,0.28655736292653144,cluster,nonPH908_I2,non_I2_excl_R1a,i2_group_count_30,continuous
0.3273750723434045,0.3435527432558883,0.2868888727705905,0.4044364330323861,49,41,220,1421,-0.016177670912483788,-0.11754756026179558,0.10136988934931179,cluster,nonPH908_I2,non_I2_excl_R1a,i2_relic_share_30,continuous
0.3164613418975354,0.36552955114674424,0.30369027372146906,0.3924979483589654,51,41,227,1469,-0.04906820924920885,-0.08880767463749634,0.03973946538828749,cluster,nonPH908_I2,non_I2_excl_R1a,i2_relic_share_50,continuous
322.47058823529414,402.57142857142856,335.6896551724138,358.0581081081081,51,42,232,1480,-80.10084033613441,-22.368452935694336,-57.732387400440075,cluster,nonPH908_I2,non_I2_excl_R1a,slava_n,continuous
18.254901960784313,27.714285714285715,15.995689655172415,23.39527027027027,51,42,232,1480,-9.459383753501402,-7.399580615097856,-2.059803138403547,cluster,nonPH908_I2,non_I2_excl_R1a,slava_region_n,continuous
5.0588235294117645,4.785714285714286,6.474137931034483,5.967567567567568,51,42,232,1480,0.2731092436974789,0.5065703634669152,-0.2334611197694363,cluster,nonPH908_I2,non_I2_excl_R1a,surname_n,continuous
1.2352941176470589,1.380952380952381,1.396551724137931,1.470945945945946,51,42,232,1480,-0.14565826330532206,-0.07439422180801492,-0.07126404149730714,cluster,nonPH908_I2,non_I2_excl_R1a,surname_region_n,continuous
22.898699379172328,26.626163945982192,21.239655143357854,19.706367396383822,51,42,280,1869,-3.7274645668098643,1.5332877469740325,-5.260752313783897,cluster,nonPH908_I2,all_non_I2,min_km_to_other_i2_relic,continuous
46.8359782985852,46.85677567276317,35.16843702024384,32.12382958232457,51,42,280,1869,-0.020797374177973893,3.044607437919275,-3.065404812097249,cluster,nonPH908_I2,all_non_I2,min_km_to_nonph_i2_relic,continuous
22.033247276059566,26.308136065153864,21.239655143357854,19.706367396383822,51,42,280,1869,-4.274888789094298,1.5332877469740325,-5.808176536068331,cluster,nonPH908_I2,all_non_I2,min_km_to_i2_relic_diff_terminal,continuous
12.354680395359923,18.013218573187526,12.322461484691862,14.647792087040337,51,42,280,1869,-5.658538177827603,-2.3253306023484743,-3.333207575479129,cluster,nonPH908_I2,all_non_I2,min_km_to_non_i2_relic,continuous
37.77544484347569,52.742071757403224,39.40819663832363,42.94296436720678,51,42,280,1869,-14.966626913927534,-3.5347677288831463,-11.431859185044388,cluster,nonPH908_I2,all_non_I2,min_km_to_r1a_relic,continuous
-9.678566880699641,-8.294917491966336,-8.917193658665992,-5.058575309343487,51,42,280,1869,-1.3836493887333052,-3.858618349322505,2.4749689605892,cluster,nonPH908_I2,all_non_I2,i2_vs_non_i2_distance_gap,continuous
15.742197567416127,26.43393569224936,18.16854149496578,23.23659697082295,51,42,280,1869,-10.691738124833233,-5.068055475857172,-5.623682648976061,cluster,nonPH908_I2,all_non_I2,i2_vs_r1a_distance_gap,continuous
2.843137254901961,2.8333333333333335,2.642857142857143,3.1449973247726057,51,42,280,1869,0.009803921568627416,-0.502140181915463,0.5119441034840904,cluster,nonPH908_I2,all_non_I2,i2_relic_count_30,continuous
2.450980392156863,2.4523809523809526,2.3464285714285715,2.7795612627073303,51,42,280,1869,-0.0014005602240896309,-0.43313269127875875,0.4317321310546691,cluster,nonPH908_I2,all_non_I2,i2_terminal_count_30,continuous
1.3725490196078431,1.3095238095238095,1.4285714285714286,1.6270733012306047,51,42,280,1869,0.06302521008403361,-0.19850187265917607,0.2615270827432097,cluster,nonPH908_I2,all_non_I2,i2_group_count_30,continuous
0.3273750723434045,0.3435527432558883,0.29577334916887227,0.3997930990606547,49,41,267,1797,-0.016177670912483788,-0.10401974989178242,0.08784207897929863,cluster,nonPH908_I2,all_non_I2,i2_relic_share_30,continuous
0.3164613418975354,0.36552955114674424,0.3066889110731942,0.38974360535960334,51,41,275,1855,-0.04906820924920885,-0.08305469428640916,0.03398648503720031,cluster,nonPH908_I2,all_non_I2,i2_relic_share_50,continuous
322.47058823529414,402.57142857142856,316.7107142857143,352.0604601391118,51,42,280,1869,-80.10084033613441,-35.34974585339751,-44.7510944827369,cluster,nonPH908_I2,all_non_I2,slava_n,continuous
18.254901960784313,27.714285714285715,15.432142857142857,23.101658640984482,51,42,280,1869,-9.459383753501402,-7.669515783841625,-1.7898679696597775,cluster,nonPH908_I2,all_non_I2,slava_region_n,continuous
5.0588235294117645,4.785714285714286,6.264285714285714,5.910647405029428,51,42,280,1869,0.2731092436974789,0.3536383092562865,-0.08052906555880757,cluster,nonPH908_I2,all_non_I2,surname_n,continuous
1.2352941176470589,1.380952380952381,1.3642857142857143,1.4654895666131622,51,42,280,1869,-0.14565826330532206,-0.10120385232744789,-0.04445441097787417,cluster,nonPH908_I2,all_non_I2,surname_region_n,continuous
19.261256724373318,21.704721522676838,21.64897895418224,19.181124318594645,48,389,232,1480,-2.44346479830352,2.467854635587596,-4.911319433891116,cluster,R1a,non_I2_excl_R1a,min_km_to_other_i2_relic,continuous
33.73043255537553,34.78524770056541,35.465955185389014,31.4243081985437,48,389,232,1480,-1.0548151451898775,4.041646986845315,-5.096462132035192,cluster,R1a,non_I2_excl_R1a,min_km_to_nonph_i2_relic,continuous
19.261256724373318,21.704721522676838,21.64897895418224,19.181124318594645,48,389,232,1480,-2.44346479830352,2.467854635587596,-4.911319433891116,cluster,R1a,non_I2_excl_R1a,min_km_to_i2_relic_diff_terminal,continuous
14.605672538021496,16.14836798277394,11.850072990899525,14.253383963094139,48,389,232,1480,-1.5426954447524448,-2.403310972194614,0.8606155274421692,cluster,R1a,non_I2_excl_R1a,min_km_to_non_i2_relic,continuous
31.023941124182414,45.28152567829208,41.14287019297354,42.328301968549894,48,389,232,1480,-14.257584554109663,-1.1854317755763546,-13.072152778533308,cluster,R1a,non_I2_excl_R1a,min_km_to_r1a_relic,continuous
-4.655584186351821,-5.5563535399029,-9.798905963282717,-4.927740355500506,48,389,232,1480,0.9007693535510786,-4.871165607782211,5.771934961333289,cluster,R1a,non_I2_excl_R1a,i2_vs_non_i2_distance_gap,continuous
11.762684399809096,23.57680415561524,19.4938912387913,23.147177649955246,48,389,232,1480,-11.814119755806143,-3.653286411163947,-8.160833344642196,cluster,R1a,non_I2_excl_R1a,i2_vs_r1a_distance_gap,continuous
2.5416666666666665,2.8303341902313623,2.663793103448276,3.2277027027027025,48,389,232,1480,-0.2886675235646958,-0.5639095992544267,0.2752420756897309,cluster,R1a,non_I2_excl_R1a,i2_relic_count_30,continuous
2.2916666666666665,2.511568123393316,2.3577586206896552,2.85,48,389,232,1480,-0.2199014567266495,-0.49224137931034484,0.2723399225836953,cluster,R1a,non_I2_excl_R1a,i2_terminal_count_30,continuous
1.4583333333333333,1.5552699228791773,1.4224137931034482,1.645945945945946,48,389,232,1480,-0.09693658954584405,-0.22353215284249783,0.12659556329665378,cluster,R1a,non_I2_excl_R1a,i2_group_count_30,continuous
0.33736025996934027,0.3822447544494039,0.2868888727705905,0.4044364330323861,47,376,220,1421,-0.04488449448006365,-0.11754756026179558,0.07266306578173193,cluster,R1a,non_I2_excl_R1a,i2_relic_share_30,continuous
0.32086996688239433,0.3792614036340518,0.30369027372146906,0.3924979483589654,48,386,227,1469,-0.05839143675165748,-0.08880767463749634,0.03041623788583886,cluster,R1a,non_I2_excl_R1a,i2_relic_share_50,continuous
224.97916666666666,329.24164524421593,335.6896551724138,358.0581081081081,48,389,232,1480,-104.26247857754927,-22.368452935694336,-81.89402564185494,cluster,R1a,non_I2_excl_R1a,slava_n,continuous
12.708333333333334,21.984575835475578,15.995689655172415,23.39527027027027,48,389,232,1480,-9.276242502142244,-7.399580615097856,-1.8766618870443885,cluster,R1a,non_I2_excl_R1a,slava_region_n,continuous
5.25,5.694087403598972,6.474137931034483,5.967567567567568,48,389,232,1480,-0.4440874035989717,0.5065703634669152,-0.9506577670658869,cluster,R1a,non_I2_excl_R1a,surname_n,continuous
1.2083333333333333,1.4447300771208227,1.396551724137931,1.470945945945946,48,389,232,1480,-0.23639674378748943,-0.07439422180801492,-0.1620025219794745,cluster,R1a,non_I2_excl_R1a,surname_region_n,continuous
19.261256724373318,21.704721522676838,21.64897895418224,19.181124318594645,48,389,232,1480,-2.44346479830352,2.467854635587596,-4.911319433891116,cluster,R1a,all_non_I2,min_km_to_other_i2_relic,continuous
33.73043255537553,34.78524770056541,35.465955185389014,31.4243081985437,48,389,232,1480,-1.0548151451898775,4.041646986845315,-5.096462132035192,cluster,R1a,all_non_I2,min_km_to_nonph_i2_relic,continuous
19.261256724373318,21.704721522676838,21.64897895418224,19.181124318594645,48,389,232,1480,-2.44346479830352,2.467854635587596,-4.911319433891116,cluster,R1a,all_non_I2,min_km_to_i2_relic_diff_terminal,continuous
14.605672538021496,16.14836798277394,11.850072990899525,14.253383963094139,48,389,232,1480,-1.5426954447524448,-2.403310972194614,0.8606155274421692,cluster,R1a,all_non_I2,min_km_to_non_i2_relic,continuous
31.023941124182414,45.28152567829208,41.14287019297354,42.328301968549894,48,389,232,1480,-14.257584554109663,-1.1854317755763546,-13.072152778533308,cluster,R1a,all_non_I2,min_km_to_r1a_relic,continuous
-4.655584186351821,-5.5563535399029,-9.798905963282717,-4.927740355500506,48,389,232,1480,0.9007693535510786,-4.871165607782211,5.771934961333289,cluster,R1a,all_non_I2,i2_vs_non_i2_distance_gap,continuous
11.762684399809096,23.57680415561524,19.4938912387913,23.147177649955246,48,389,232,1480,-11.814119755806143,-3.653286411163947,-8.160833344642196,cluster,R1a,all_non_I2,i2_vs_r1a_distance_gap,continuous
2.5416666666666665,2.8303341902313623,2.663793103448276,3.2277027027027025,48,389,232,1480,-0.2886675235646958,-0.5639095992544267,0.2752420756897309,cluster,R1a,all_non_I2,i2_relic_count_30,continuous
2.2916666666666665,2.511568123393316,2.3577586206896552,2.85,48,389,232,1480,-0.2199014567266495,-0.49224137931034484,0.2723399225836953,cluster,R1a,all_non_I2,i2_terminal_count_30,continuous
1.4583333333333333,1.5552699228791773,1.4224137931034482,1.645945945945946,48,389,232,1480,-0.09693658954584405,-0.22353215284249783,0.12659556329665378,cluster,R1a,all_non_I2,i2_group_count_30,continuous
0.33736025996934027,0.3822447544494039,0.2868888727705905,0.4044364330323861,47,376,220,1421,-0.04488449448006365,-0.11754756026179558,0.07266306578173193,cluster,R1a,all_non_I2,i2_relic_share_30,continuous
0.32086996688239433,0.3792614036340518,0.30369027372146906,0.3924979483589654,48,386,227,1469,-0.05839143675165748,-0.08880767463749634,0.03041623788583886,cluster,R1a,all_non_I2,i2_relic_share_50,continuous
224.97916666666666,329.24164524421593,335.6896551724138,358.0581081081081,48,389,232,1480,-104.26247857754927,-22.368452935694336,-81.89402564185494,cluster,R1a,all_non_I2,slava_n,continuous
12.708333333333334,21.984575835475578,15.995689655172415,23.39527027027027,48,389,232,1480,-9.276242502142244,-7.399580615097856,-1.8766618870443885,cluster,R1a,all_non_I2,slava_region_n,continuous
5.25,5.694087403598972,6.474137931034483,5.967567567567568,48,389,232,1480,-0.4440874035989717,0.5065703634669152,-0.9506577670658869,cluster,R1a,all_non_I2,surname_n,continuous
1.2083333333333333,1.4447300771208227,1.396551724137931,1.470945945945946,48,389,232,1480,-0.23639674378748943,-0.07439422180801492,-0.1620025219794745,cluster,R1a,all_non_I2,surname_region_n,continuous
18.747454489217663,23.541143006081782,22.66113865126291,18.789428972590645,60,122,172,1358,-4.793688516864119,3.8717096786722642,-8.665398195536383,cluster,R1b,non_I2_excl_R1a,min_km_to_other_i2_relic,continuous
35.0768302689857,34.47439993183147,35.60169643529714,31.15029406639266,60,122,172,1358,0.6024303371542317,4.451402368904482,-3.8489720317502503,cluster,R1b,non_I2_excl_R1a,min_km_to_nonph_i2_relic,continuous
18.747454489217663,23.541143006081782,22.66113865126291,18.789428972590645,60,122,172,1358,-4.793688516864119,3.8717096786722642,-8.665398195536383,cluster,R1b,non_I2_excl_R1a,min_km_to_i2_relic_diff_terminal,continuous
9.965005540439233,14.225902436749998,12.507654659664743,14.255852848376897,60,122,172,1358,-4.260896896310765,-1.7481981887121538,-2.512698707598611,cluster,R1b,non_I2_excl_R1a,min_km_to_non_i2_relic,continuous
35.376485444989726,44.88071006887361,43.15439975622371,42.09899873715115,60,122,172,1358,-9.504224623883886,1.055401019072562,-10.559625642956448,cluster,R1b,non_I2_excl_R1a,min_km_to_r1a_relic,continuous
-8.78244894877843,-9.315240569331785,-10.153483991598165,-4.533576124213749,60,122,172,1358,0.532791620553354,-5.619907867384416,6.15269948793777,cluster,R1b,non_I2_excl_R1a,i2_vs_non_i2_distance_gap,continuous
16.62903095577206,21.33956706279183,20.4932611049608,23.309569764560504,60,122,172,1358,-4.71053610701977,-2.8163086595997022,-1.894227447420068,cluster,R1b,non_I2_excl_R1a,i2_vs_r1a_distance_gap,continuous
3.2,3.0655737704918034,2.4767441860465116,3.2422680412371134,60,122,172,1358,0.13442622950819683,-0.7655238551906018,0.8999500846987987,cluster,R1b,non_I2_excl_R1a,i2_relic_count_30,continuous
2.783333333333333,2.6885245901639343,2.2093023255813953,2.8645066273932254,60,122,172,1358,0.09480874316939891,-0.6552043018118301,0.750013044981229,cluster,R1b,non_I2_excl_R1a,i2_terminal_count_30,continuous
1.3833333333333333,1.5655737704918034,1.436046511627907,1.6531664212076582,60,122,172,1358,-0.18224043715847005,-0.21711990957975114,0.03487947242128109,cluster,R1b,non_I2_excl_R1a,i2_group_count_30,continuous
0.2846733180574315,0.36618198110133593,0.2876454036482545,0.4078049337766976,56,115,164,1306,-0.08150866304390442,-0.12015953012844305,0.03865086708453863,cluster,R1b,non_I2_excl_R1a,i2_relic_share_30,continuous
0.2997697502987386,0.37134667687150075,0.3050671242092137,0.3943453577116825,59,118,168,1351,-0.07157692657276216,-0.08927823350246877,0.017701306929706617,cluster,R1b,non_I2_excl_R1a,i2_relic_share_50,continuous
348.6166666666667,298.12295081967216,331.18023255813955,363.4425625920471,60,122,172,1358,50.49371584699452,-32.262330033907574,82.756045880902093,cluster,R1b,non_I2_excl_R1a,slava_n,continuous
15.616666666666667,20.07377049180328,16.127906976744185,23.693667157584684,60,122,172,1358,-4.457103825136613,-7.565760180840499,3.1086563557038858,cluster,R1b,non_I2_excl_R1a,slava_region_n,continuous
5.7,6.721311475409836,6.744186046511628,5.899852724594993,60,122,172,1358,-1.0213114754098358,0.8443333219166353,-1.8656447973264711,cluster,R1b,non_I2_excl_R1a,surname_n,continuous
1.2333333333333334,1.5327868852459017,1.4534883720930232,1.4653902798232694,60,122,172,1358,-0.2994535519125683,-0.011901907730246242,-0.28755164418232204,cluster,R1b,non_I2_excl_R1a,surname_region_n,continuous
18.747454489217663,23.541143006081782,21.919346230850635,19.43856967206605,60,122,220,1747,-4.793688516864119,2.480776558784587,-7.274465075648706,cluster,R1b,all_non_I2,min_km_to_other_i2_relic,continuous
35.0768302689857,34.47439993183147,35.19342067967788,31.959679849846125,60,122,220,1747,0.6024303371542317,3.2337408298317527,-2.631310492677521,cluster,R1b,all_non_I2,min_km_to_nonph_i2_relic,continuous
18.747454489217663,23.541143006081782,21.919346230850635,19.43856967206605,60,122,220,1747,-4.793688516864119,2.480776558784587,-7.274465075648706,cluster,R1b,all_non_I2,min_km_to_i2_relic_diff_terminal,continuous
9.965005540439233,14.225902436749998,12.96540401494258,14.6772543293617,60,122,220,1747,-4.260896896310765,-1.7118503144191202,-2.549046581891645,cluster,R1b,all_non_I2,min_km_to_non_i2_relic,continuous
35.376485444989726,44.88071006887361,40.50775423650561,42.807643831658204,60,122,220,1747,-9.504224623883886,-2.2998895951525924,-7.204335028731293,cluster,R1b,all_non_I2,min_km_to_r1a_relic,continuous
-8.78244894877843,-9.315240569331785,-8.953942215908054,-4.76131534270435,60,122,220,1747,0.532791620553354,-4.192626873203704,4.725418493757058,cluster,R1b,all_non_I2,i2_vs_non_i2_distance_gap,continuous
16.62903095577206,21.33956706279183,18.588408005654976,23.369074159592152,60,122,220,1747,-4.71053610701977,-4.780666153937176,0.07013004691740576,cluster,R1b,all_non_I2,i2_vs_r1a_distance_gap,continuous
3.2,3.0655737704918034,2.4909090909090907,3.150543789353177,60,122,220,1747,0.13442622950819683,-0.6596346984440862,0.794060927952283,cluster,R1b,all_non_I2,i2_relic_count_30,continuous
2.783333333333333,2.6885245901639343,2.227272727272727,2.785918717801946,60,122,220,1747,0.09480874316939891,-0.5586459905292189,0.6534547336986178,cluster,R1b,all_non_I2,i2_terminal_count_30,continuous
1.3833333333333333,1.5655737704918034,1.440909090909091,1.631368059530624,60,122,220,1747,-0.18224043715847005,-0.190458968621533,0.00821853146306295,cluster,R1b,all_non_I2,i2_group_count_30,continuous
0.2846733180574315,0.36618198110133593,0.2987193289899182,0.40209112436702904,56,115,211,1682,-0.08150866304390442,-0.10337179537711083,0.021863132333206414,cluster,R1b,all_non_I2,i2_relic_share_30,continuous
0.2997697502987386,0.37134667687150075,0.30857886702547604,0.39099336791665346,59,118,216,1737,-0.07157692657276216,-0.08241450089117741,0.010837574318415255,cluster,R1b,all_non_I2,i2_relic_share_50,continuous
348.6166666666667,298.12295081967216,308.0090909090909,355.8271322266743,60,122,220,1747,50.49371584699452,-47.81804131758338,98.3117571645779,cluster,R1b,all_non_I2,slava_n,continuous
15.616666666666667,20.07377049180328,15.381818181818181,23.31310818546079,60,122,220,1747,-4.457103825136613,-7.93129000364261,3.474186178505997,cluster,R1b,all_non_I2,slava_region_n,continuous
5.7,6.721311475409836,6.418181818181818,5.854035489410418,60,122,220,1747,-1.0213114754098358,0.5641463287714004,-1.5854578041812362,cluster,R1b,all_non_I2,surname_n,continuous
1.2333333333333334,1.5327868852459017,1.4,1.46078992558672,60,122,220,1747,-0.2994535519125683,-0.06078992558672014,-0.23866362632584814,cluster,R1b,all_non_I2,surname_region_n,continuous
23.140788749173204,18.948080551100333,21.228634757803572,19.230557845032834,51,259,181,1221,4.1927081980728715,1.9980769127707383,2.1946312853021333,cluster,J2,non_I2_excl_R1a,min_km_to_other_i2_relic,continuous
39.13660365061036,31.616587359470056,34.43168407087913,31.38352170986235,51,259,181,1221,7.520016291140305,3.0481623610167787,4.471853930123526,cluster,J2,non_I2_excl_R1a,min_km_to_nonph_i2_relic,continuous
23.140788749173204,18.948080551100333,21.228634757803572,19.230557845032834,51,259,181,1221,4.1927081980728715,1.9980769127707383,2.1946312853021333,cluster,J2,non_I2_excl_R1a,min_km_to_i2_relic_diff_terminal,continuous
10.651694758058198,14.634377579119855,12.187737575843766,14.17256713545232,51,259,181,1221,-3.9826828210616565,-1.9848295596085546,-1.997853261453102,cluster,J2,non_I2_excl_R1a,min_km_to_non_i2_relic,continuous
39.55862909953173,47.612954453918626,41.589258567368745,41.2073150777141,51,259,181,1221,-8.054325354386897,0.3819434896546454,-8.436268844041543,cluster,J2,non_I2_excl_R1a,min_km_to_r1a_relic,continuous
-12.489093991115007,-4.313702971980476,-9.040897181959807,-5.057990709580513,51,259,181,1221,-8.175391019134532,-3.9829064723792937,-4.192484546755238,cluster,J2,non_I2_excl_R1a,i2_vs_non_i2_distance_gap,continuous
16.417840350358524,28.664873902818293,20.360623809565176,21.97675723268127,51,259,181,1221,-12.247033552459769,-1.6161334231160929,-10.630900129343676,cluster,J2,non_I2_excl_R1a,i2_vs_r1a_distance_gap,continuous
2.215686274509804,3.0193050193050195,2.7900552486187844,3.2719082719082717,51,259,181,1221,-0.8036187447952154,-0.4818530232894873,-0.32176572150572813,cluster,J2,non_I2_excl_R1a,i2_relic_count_30,continuous
1.9411764705882353,2.66023166023166,2.4751381215469612,2.89025389025389,51,259,181,1221,-0.7190551896434247,-0.4151157687069289,-0.30393942093649584,cluster,J2,non_I2_excl_R1a,i2_terminal_count_30,continuous
1.3333333333333333,1.583011583011583,1.4475138121546962,1.6592956592956594,51,259,181,1221,-0.2496782496782497,-0.21178184714096315,-0.037896402537286544,cluster,J2,non_I2_excl_R1a,i2_group_count_30,continuous
0.24974903714399513,0.3862897161417665,0.2975312818097903,0.408291836194301,49,249,171,1172,-0.13654067899777136,-0.11076055438451066,-0.025780124613260708,cluster,J2,non_I2_excl_R1a,i2_relic_share_30,continuous
0.26818387524368353,0.3818918791412676,0.3137203297886401,0.39475754031451127,50,258,177,1211,-0.11370800389758406,-0.08103721052587115,-0.032670793371712914,cluster,J2,non_I2_excl_R1a,i2_relic_share_50,continuous
282.3529411764706,373.7992277992278,350.7182320441989,354.71908271908273,51,259,181,1221,-91.44628662275721,-4.00085067488385,-87.44543594787336,cluster,J2,non_I2_excl_R1a,slava_n,continuous
13.627450980392156,23.131274131274132,16.662983425414364,23.45126945126945,51,259,181,1221,-9.503823150881976,-6.788286025855086,-2.7155371250268896,cluster,J2,non_I2_excl_R1a,slava_region_n,continuous
5.098039215686274,6.857142857142857,6.861878453038674,5.778869778869779,51,259,181,1221,-1.7591036414565826,1.0830086741688953,-2.842112315625478,cluster,J2,non_I2_excl_R1a,surname_n,continuous
1.3333333333333333,1.5444015444015444,1.4143646408839778,1.4553644553644554,51,259,181,1221,-0.21106821106821116,-0.040999814480477514,-0.17006839658773365,cluster,J2,non_I2_excl_R1a,surname_region_n,continuous
23.140788749173204,18.948080551100333,20.816258576123868,19.828352671494645,51,259,229,1610,4.1927081980728715,0.9879059046292227,3.204802293443649,cluster,J2,all_non_I2,min_km_to_other_i2_relic,continuous
39.13660365061036,31.616587359470056,34.28469685365567,32.20542941817508,51,259,229,1610,7.520016291140305,2.0792674354805882,5.4407488556597166,cluster,J2,all_non_I2,min_km_to_nonph_i2_relic,continuous
23.140788749173204,18.948080551100333,20.816258576123868,19.828352671494645,51,259,229,1610,4.1927081980728715,0.9879059046292227,3.204802293443649,cluster,J2,all_non_I2,min_km_to_i2_relic_diff_terminal,continuous
10.651694758058198,14.634377579119855,12.69455363778495,14.64995007309711,51,259,229,1610,-3.9826828210616565,-1.95539643531216,-2.0272863857494965,cluster,J2,all_non_I2,min_km_to_non_i2_relic,continuous
39.55862909953173,47.612954453918626,39.374694212465066,42.19170509238791,51,259,229,1610,-8.054325354386897,-2.8170108799228473,-5.23731447446405,cluster,J2,all_non_I2,min_km_to_r1a_relic,continuous
-12.489093991115007,-4.313702971980476,-8.121704938338919,-5.178402598397536,51,259,229,1610,-8.175391019134532,-2.9433023399413827,-5.232088679193149,cluster,J2,all_non_I2,i2_vs_non_i2_distance_gap,continuous
16.417840350358524,28.664873902818293,18.558435636341194,22.363352420893264,51,259,229,1610,-12.247033552459769,-3.80491678455207,-8.442116767907699,cluster,J2,all_non_I2,i2_vs_r1a_distance_gap,continuous
2.215686274509804,3.0193050193050195,2.7379912663755457,3.1652173913043478,51,259,229,1610,-0.8036187447952154,-0.4272261249288021,-0.37639261986641337,cluster,J2,all_non_I2,i2_relic_count_30,continuous
1.9411764705882353,2.66023166023166,2.4366812227074237,2.7987577639751553,51,259,229,1610,-0.7190551896434247,-0.3620765412677316,-0.35697864837569315,cluster,J2,all_non_I2,i2_terminal_count_30,continuous
1.3333333333333333,1.583011583011583,1.4497816593886463,1.6341614906832298,51,259,229,1610,-0.2496782496782497,-0.18437983129458346,-0.06529841838366623,cluster,J2,all_non_I2,i2_group_count_30,continuous
0.24974903714399513,0.3862897161417665,0.30611826333960157,0.4019651548402433,49,249,218,1548,-0.13654067899777136,-0.09584689150064174,-0.040693787497129624,cluster,J2,all_non_I2,i2_relic_share_30,continuous
0.26818387524368353,0.3818918791412676,0.31524558570197436,0.39101207459212095,50,258,225,1597,-0.11370800389758406,-0.07576648889014659,-0.037941515007437476,cluster,J2,all_non_I2,i2_relic_share_50,continuous
282.3529411764706,373.7992277992278,324.3624454148472,348.56335403726706,51,259,229,1610,-91.44628662275721,-24.200908622419888,-67.24537800033733,cluster,J2,all_non_I2,slava_n,continuous
13.627450980392156,23.131274131274132,15.83406113537118,23.09689440993789,51,259,229,1610,-9.503823150881976,-7.2628332745667095,-2.2409898763152665,cluster,J2,all_non_I2,slava_region_n,continuous
5.098039215686274,6.857142857142857,6.524017467248909,5.758385093167702,51,259,229,1610,-1.7591036414565826,0.765632374081207,-2.5247360155377896,cluster,J2,all_non_I2,surname_n,continuous
1.3333333333333333,1.5444015444015444,1.3711790393013101,1.4527950310559006,51,259,229,1610,-0.21106821106821116,-0.08161599175459044,-0.12945221931362072,cluster,J2,all_non_I2,surname_region_n,continuous
22.08189334072509,15.61918533581719,21.57206523068478,19.363268925668493,35,72,197,1408,6.462708004907901,2.208796305016289,4.253911699891612,cluster,G,non_I2_excl_R1a,min_km_to_other_i2_relic,continuous
35.41706879298215,27.550367195568242,35.474640585055205,31.622407454377672,35,72,197,1408,7.866701597413908,3.852233130677533,4.014468466736375,cluster,G,non_I2_excl_R1a,min_km_to_nonph_i2_relic,continuous
22.081893340725088,15.61918533581719,21.57206523068478,19.363268925668493,35,72,197,1408,6.462708004907897,2.208796305016289,4.253911699891608,cluster,G,non_I2_excl_R1a,min_km_to_i2_relic_diff_terminal,continuous
14.208979361747879,14.643002101029,11.430977950393473,14.23346030831338,35,72,197,1408,-0.43402273928112045,-2.8024823579199065,2.368459618638786,cluster,G,non_I2_excl_R1a,min_km_to_non_i2_relic,continuous
40.272462369918756,47.09863673993331,41.297511176765,42.08436439501324,35,72,197,1408,-6.826174370014556,-0.7868532182482397,-6.039321151766316,cluster,G,non_I2_excl_R1a,min_km_to_r1a_relic,continuous
-7.87291397897721,-0.9761832347881915,-10.141087280291309,-5.129808617355113,35,72,197,1408,-6.896730744189019,-5.011278662936196,-1.885452081252823,cluster,G,non_I2_excl_R1a,i2_vs_non_i2_distance_gap,continuous
18.190569029193668,31.479451404116123,19.725445946080217,22.72109546934475,35,72,197,1408,-13.288882374922455,-2.9956495232645324,-10.293232851657923,cluster,G,non_I2_excl_R1a,i2_vs_r1a_distance_gap,continuous
2.3714285714285714,3.6527777777777777,2.715736040609137,3.205965909090909,35,72,197,1408,-1.2813492063492062,-0.4902298684817721,-0.7911193378674342,cluster,G,non_I2_excl_R1a,i2_relic_count_30,continuous
2.1714285714285713,3.25,2.3908629441624365,2.8295454545454546,35,72,197,1408,-1.0785714285714287,-0.4386825103830181,-0.6398889181884106,cluster,G,non_I2_excl_R1a,i2_terminal_count_30,continuous
1.4285714285714286,1.7916666666666667,1.4213197969543148,1.6384943181818181,35,72,197,1408,-0.36309523809523814,-0.21717452122750336,-0.14592071686773478,cluster,G,non_I2_excl_R1a,i2_group_count_30,continuous
0.3066582555887369,0.47809069159995565,0.28340015815562347,0.4006774509013489,33,69,187,1352,-0.17143243601121877,-0.1172772927457254,-0.054155143265493366,cluster,G,non_I2_excl_R1a,i2_relic_share_30,continuous
0.3001337503259836,0.4182741664525255,0.30431681152171003,0.3911694675409723,34,72,193,1397,-0.11814041612654191,-0.08685265601926229,-0.03128776010727963,cluster,G,non_I2_excl_R1a,i2_relic_share_50,continuous
346.6,326.7083333333333,333.75126903553297,359.66122159090907,35,72,197,1408,19.89166666666671,-25.909952555376094,45.8016192220428,cluster,G,non_I2_excl_R1a,slava_n,continuous
14.314285714285715,18.15277777777778,16.294416243654823,23.663352272727273,35,72,197,1408,-3.8384920634920636,-7.368936029072451,3.530443965580387,cluster,G,non_I2_excl_R1a,slava_region_n,continuous
9.542857142857143,6.347222222222222,5.928934010152284,5.948153409090909,35,72,197,1408,3.1956349206349204,-0.0192193989386249,3.2148543195735453,cluster,G,non_I2_excl_R1a,surname_n,continuous
1.8571428571428572,1.4166666666666667,1.3147208121827412,1.4737215909090908,35,72,197,1408,0.44047619047619047,-0.15900077872634966,0.5994769692025401,cluster,G,non_I2_excl_R1a,surname_region_n,continuous
22.08189334072509,15.61918533581719,21.11933540087682,19.870127612500017,35,72,245,1797,6.462708004907901,1.249207788376804,5.213500216531097,cluster,G,all_non_I2,min_km_to_other_i2_relic,continuous
35.41706879298215,27.550367195568242,35.132918195566944,32.30707348429811,35,72,245,1797,7.866701597413908,2.825844711268836,5.040856886145072,cluster,G,all_non_I2,min_km_to_nonph_i2_relic,continuous
22.081893340725088,15.61918533581719,21.11933540087682,19.870127612500017,35,72,245,1797,6.462708004907897,1.249207788376804,5.213500216531093,cluster,G,all_non_I2,min_km_to_i2_relic_diff_terminal,continuous
14.208979361747879,14.643002101029,12.052958930826717,14.6479840063463,35,72,245,1797,-0.43402273928112045,-2.595025075519583,2.1610023362384627,cluster,G,all_non_I2,min_km_to_non_i2_relic,continuous
40.272462369918756,47.09863673993331,39.284730105238616,42.77645996496064,35,72,245,1797,-6.826174370014556,-3.491729859722021,-3.334444510292535,cluster,G,all_non_I2,min_km_to_r1a_relic,continuous
-7.87291397897721,-0.9761832347881915,-9.066376470050104,-5.222143606153716,35,72,245,1797,-6.896730744189019,-3.844232863896388,-3.0524978802926306,cluster,G,all_non_I2,i2_vs_non_i2_distance_gap,continuous
18.190569029193668,31.479451404116123,18.165394704361795,22.90633235246062,35,72,245,1797,-13.288882374922455,-4.740937648098825,-8.54794472682363,cluster,G,all_non_I2,i2_vs_r1a_distance_gap,continuous
2.3714285714285714,3.6527777777777777,2.6816326530612247,3.124652198107958,35,72,245,1797,-1.2813492063492062,-0.44301954504673313,-0.8383296613024731,cluster,G,all_non_I2,i2_relic_count_30,continuous
2.1714285714285713,3.25,2.3714285714285714,2.760712298274903,35,72,245,1797,-1.0785714285714287,-0.3892837268463314,-0.6892877017250973,cluster,G,all_non_I2,i2_terminal_count_30,continuous
1.4285714285714286,1.7916666666666667,1.4285714285714286,1.6204785754034503,35,72,245,1797,-0.36309523809523814,-0.1919071468320217,-0.17118809126321644,cluster,G,all_non_I2,i2_group_count_30,continuous
0.3066582555887369,0.47809069159995565,0.2942382982635068,0.3966666326918979,33,69,234,1728,-0.17143243601121877,-0.10242833442839111,-0.06900410158282766,cluster,G,all_non_I2,i2_relic_share_30,continuous
0.3001337503259836,0.4182741664525255,0.3076137055354563,0.3885915019391376,34,72,241,1783,-0.11814041612654191,-0.0809777964036813,-0.03716261972286061,cluster,G,all_non_I2,i2_relic_share_50,continuous
346.6,326.7083333333333,312.44081632653064,353.0762381747357,35,72,245,1797,19.89166666666671,-40.635421848205056,60.527088514871764,cluster,G,all_non_I2,slava_n,continuous
14.314285714285715,18.15277777777778,15.591836734693878,23.299944351697274,35,72,245,1797,-3.8384920634920636,-7.708107617003396,3.8696155535113324,cluster,G,all_non_I2,slava_region_n,continuous
9.542857142857143,6.347222222222222,5.795918367346939,5.893155258764608,35,72,245,1797,3.1956349206349204,-0.09723689141766911,3.2928718120525895,cluster,G,all_non_I2,surname_n,continuous
1.8571428571428572,1.4166666666666667,1.2938775510204081,1.4674457429048413,35,72,245,1797,0.44047619047619047,-0.17356819188443318,0.6140443823606236,cluster,G,all_non_I2,surname_region_n,continuous
22.19023741881155,19.821467317131386,21.511470046952095,18.681024912998563,47,649,185,831,2.3687701016801626,2.830445133953532,-0.46167503227336937,cluster,E,non_I2_excl_R1a,min_km_to_other_i2_relic,continuous
34.615789182221356,33.17004012702388,35.68194330511268,30.060914670765552,47,649,185,831,1.4457490551974743,5.62102863434713,-4.175279579149656,cluster,E,non_I2_excl_R1a,min_km_to_nonph_i2_relic,continuous
22.19023741881155,19.821467317131386,21.511470046952095,18.681024912998563,47,649,185,831,2.3687701016801626,2.830445133953532,-0.46167503227336937,cluster,E,non_I2_excl_R1a,min_km_to_i2_relic_diff_terminal,continuous
13.069414637432644,14.423026533289681,11.54029430232084,14.120895361340942,47,649,185,831,-1.3536118958570373,-2.5806010590201023,1.226989163163065,cluster,E,non_I2_excl_R1a,min_km_to_non_i2_relic,continuous
41.234560993599416,39.129331862586476,41.11957577335507,44.826655276336005,47,649,185,831,2.1052291310129405,-3.707079502980932,5.812308633993872,cluster,E,non_I2_excl_R1a,min_km_to_r1a_relic,continuous
-9.120822781378905,-5.398440783841706,-9.971175744631253,-4.560129551657619,47,649,185,831,-3.722381997537199,-5.411046192973634,1.6886641954364352,cluster,E,non_I2_excl_R1a,i2_vs_non_i2_distance_gap,continuous
19.044323574787867,19.30786454545509,19.608105726402982,26.145630363337443,47,649,185,831,-0.26354097066722204,-6.53752463693446,6.273983666267238,cluster,E,non_I2_excl_R1a,i2_vs_r1a_distance_gap,continuous
2.6808510638297873,3.0015408320493067,2.6594594594594594,3.404332129963899,47,649,185,831,-0.32068976821951933,-0.7448726705044395,0.42418290228492017,cluster,E,non_I2_excl_R1a,i2_relic_count_30,continuous
2.404255319148936,2.6687211093990757,2.345945945945946,2.9915764139590855,47,649,185,831,-0.2644657902501395,-0.6456304680131395,0.381164677763,cluster,E,non_I2_excl_R1a,i2_terminal_count_30,continuous
1.4893617021276595,1.5608628659476118,1.4054054054054055,1.7123947051744886,47,649,185,831,-0.07150116381995231,-0.30698929976908307,0.23548813594913076,cluster,E,non_I2_excl_R1a,i2_group_count_30,continuous
0.2917495341872671,0.39755208662930697,0.2857080341213414,0.40974991236344094,43,619,177,802,-0.10580255244203984,-0.12404187824209956,0.018239325800059714,cluster,E,non_I2_excl_R1a,i2_relic_share_30,continuous
0.3185875349771724,0.38582568667927775,0.30000688494945454,0.39770635626407913,45,644,182,825,-0.06723815170210534,-0.09769947131462459,0.030461319612519244,cluster,E,non_I2_excl_R1a,i2_relic_share_50,continuous
321.0851063829787,346.095531587057,339.4,367.40072202166067,47,649,185,831,-25.010425204078274,-28.000722021660692,2.9902968175824185,cluster,E,non_I2_excl_R1a,slava_n,continuous
14.72340425531915,22.869029275808938,16.318918918918918,23.806257521058964,47,649,185,831,-8.145625020489788,-7.487338602140046,-0.6582864183497428,cluster,E,non_I2_excl_R1a,slava_region_n,continuous
6.531914893617022,5.691833590138675,6.45945945945946,6.182912154031287,47,649,185,831,0.840081303478347,0.2765473054281724,0.5635339980501746,cluster,E,non_I2_excl_R1a,surname_n,continuous
1.3191489361702127,1.4453004622496148,1.4162162162162162,1.4909747292418774,47,649,185,831,-0.12615152607940217,-0.07475851302566117,-0.051393013053741,cluster,E,non_I2_excl_R1a,surname_region_n,continuous
22.19023741881155,19.821467317131386,21.04790678736505,19.645138012314014,47,649,233,1220,2.3687701016801626,1.4027687750510367,0.9660013266291259,cluster,E,all_non_I2,min_km_to_other_i2_relic,continuous
34.615789182221356,33.17004012702388,35.2799153395016,31.567279874529607,47,649,233,1220,1.4457490551974743,3.712635464971992,-2.266886409774518,cluster,E,all_non_I2,min_km_to_nonph_i2_relic,continuous
22.19023741881155,19.821467317131386,21.04790678736505,19.645138012314014,47,649,233,1220,2.3687701016801626,1.4027687750510367,0.9660013266291259,cluster,E,all_non_I2,min_km_to_i2_relic_diff_terminal,continuous
13.069414637432644,14.423026533289681,12.171788531134709,14.767359992273267,47,649,233,1220,-1.3536118958570373,-2.595571461138558,1.2419595652815207,cluster,E,all_non_I2,min_km_to_non_i2_relic,continuous
41.234560993599416,39.129331862586476,39.03978837781736,44.97169182253347,47,649,233,1220,2.1052291310129405,-5.931903444716113,8.037132575729053,cluster,E,all_non_I2,min_km_to_r1a_relic,continuous
-9.120822781378905,-5.398440783841706,-8.87611825623034,-4.877778020040746,47,649,233,1220,-3.722381997537199,-3.998340236189594,0.2759582386523949,cluster,E,all_non_I2,i2_vs_non_i2_distance_gap,continuous
19.044323574787867,19.30786454545509,17.99188159045231,25.326553810219462,47,649,233,1220,-0.26354097066722204,-7.334672219767153,7.071131249099931,cluster,E,all_non_I2,i2_vs_r1a_distance_gap,continuous
2.6808510638297873,3.0015408320493067,2.6351931330472103,3.221311475409836,47,649,233,1220,-0.32068976821951933,-0.5861183423626257,0.2654285741431064,cluster,E,all_non_I2,i2_relic_count_30,continuous
2.404255319148936,2.6687211093990757,2.334763948497854,2.838524590163934,47,649,233,1220,-0.2644657902501395,-0.50376064166608,0.23929485141594053,cluster,E,all_non_I2,i2_terminal_count_30,continuous
1.4893617021276595,1.5608628659476118,1.4163090128755365,1.662295081967213,47,649,233,1220,-0.07150116381995231,-0.24598606909167664,0.17448490527172433,cluster,E,all_non_I2,i2_group_count_30,continuous
0.2917495341872671,0.39755208662930697,0.29654577793766257,0.40097067690021687,43,619,224,1178,-0.10580255244203984,-0.1044248989625543,-0.001377653479485541,cluster,E,all_non_I2,i2_relic_share_30,continuous
0.3185875349771724,0.38582568667927775,0.30436091943980714,0.39182712280810017,45,644,230,1211,-0.06723815170210534,-0.08746620336829303,0.020228051666187685,cluster,E,all_non_I2,i2_relic_share_50,continuous
321.0851063829787,346.095531587057,315.82832618025753,355.2336065573771,47,649,233,1220,-25.010425204078274,-39.40528037711954,14.394855173041265,cluster,E,all_non_I2,slava_n,continuous
14.72340425531915,22.869029275808938,15.57510729613734,23.225409836065573,47,649,233,1220,-8.145625020489788,-7.650302539928234,-0.4953224805615548,cluster,E,all_non_I2,slava_region_n,continuous
6.531914893617022,5.691833590138675,6.210300429184549,6.027049180327869,47,649,233,1220,0.840081303478347,0.18325124885668043,0.6568300546216665,cluster,E,all_non_I2,surname_n,continuous
1.3191489361702127,1.4453004622496148,1.3733905579399142,1.4762295081967214,47,649,233,1220,-0.12615152607940217,-0.10283895025680723,-0.02331257582259494,cluster,E,all_non_I2,surname_region_n,continuous
21.781611641979563,17.038880083503926,21.628523166512007,19.70094680721028,31,289,201,1191,4.742731558475636,1.927576359301728,2.8151551991739083,cluster,I1,non_I2_excl_R1a,min_km_to_other_i2_relic,continuous
29.9600898753178,28.01799884003677,36.31511849191741,32.25086017554496,31,289,201,1191,1.9420910352810274,4.064258316372452,-2.122167281091425,cluster,I1,non_I2_excl_R1a,min_km_to_nonph_i2_relic,continuous
21.781611641979563,17.038880083503926,21.628523166512007,19.70094680721028,31,289,201,1191,4.742731558475636,1.927576359301728,2.8151551991739083,cluster,I1,non_I2_excl_R1a,min_km_to_i2_relic_diff_terminal,continuous
13.026628958591019,12.962108943569797,11.668614110310289,14.56671602072851,31,289,201,1191,0.06452001502122151,-2.8981019104182213,2.962621925439443,cluster,I1,non_I2_excl_R1a,min_km_to_non_i2_relic,continuous
54.87849496317741,37.64567746333108,39.02444050204657,43.46455594168863,31,289,201,1191,17.232817499846327,-4.440115439642057,21.672932939488383,cluster,I1,non_I2_excl_R1a,min_km_to_r1a_relic,continuous
-8.754982683388544,-4.076771139934128,-9.959909056201719,-5.134230786481768,31,289,201,1191,-4.678211543454416,-4.82567826971995,0.14746672626553448,cluster,I1,non_I2_excl_R1a,i2_vs_non_i2_distance_gap,continuous
33.09688332119784,20.606797379827157,17.39591733553457,23.763609134478354,31,289,201,1191,12.490085941370687,-6.367691798943785,18.85777774031447,cluster,I1,non_I2_excl_R1a,i2_vs_r1a_distance_gap,continuous
2.6451612903225805,3.9653979238754324,2.6666666666666665,3.0486985726280436,31,289,201,1191,-1.320236633552852,-0.38203190596137704,-0.9382047275914749,cluster,I1,non_I2_excl_R1a,i2_relic_count_30,continuous
2.2903225806451615,3.453287197231834,2.3681592039800994,2.7036104114189756,31,289,201,1191,-1.1629646165866725,-0.33545120743887624,-0.8275134091477963,cluster,I1,non_I2_excl_R1a,i2_terminal_count_30,continuous
1.4838709677419355,1.8892733564013842,1.4129353233830846,1.5869017632241813,31,289,201,1191,-0.40540238865944866,-0.17396643984109672,-0.23143594881835194,cluster,I1,non_I2_excl_R1a,i2_group_count_30,continuous
0.33655588942018305,0.4318967540198594,0.27874243088626577,0.3976376529459353,31,282,189,1139,-0.09534086459967633,-0.11889522205966951,0.02355435745999318,cluster,I1,non_I2_excl_R1a,i2_relic_share_30,continuous
0.35838031498862205,0.41548651016564553,0.2950403182149296,0.38689193159323815,31,288,196,1181,-0.05710619517702348,-0.09185161337830855,0.03474541820128507,cluster,I1,non_I2_excl_R1a,i2_relic_share_50,continuous
380.2258064516129,396.1799307958477,328.82089552238807,348.8077246011755,31,289,201,1191,-15.954124344234799,-19.986829078787423,4.032704734552624,cluster,I1,non_I2_excl_R1a,slava_n,continuous
23.741935483870968,26.730103806228374,14.800995024875622,22.586062132661628,31,289,201,1191,-2.9881683223574065,-7.785067107786006,4.796898785428599,cluster,I1,non_I2_excl_R1a,slava_region_n,continuous
6.516129032258065,5.28719723183391,6.467661691542289,6.132661628883291,31,289,201,1191,1.2289318004241547,0.33500006265899795,0.8939317377651568,cluster,I1,non_I2_excl_R1a,surname_n,continuous
1.3870967741935485,1.4221453287197232,1.3980099502487562,1.4827875734676743,31,289,201,1191,-0.035048554526174724,-0.08477762321891813,0.049729068692743406,cluster,I1,non_I2_excl_R1a,surname_region_n,continuous
21.781611641979563,17.038880083503926,21.172182647545515,20.194281215005525,31,289,249,1580,4.742731558475636,0.9779014325399906,3.764830125935646,cluster,I1,all_non_I2,min_km_to_other_i2_relic,continuous
29.9600898753178,28.01799884003677,35.816865781258734,32.87483280037594,31,289,249,1580,1.9420910352810274,2.942032980882793,-0.9999419456017655,cluster,I1,all_non_I2,min_km_to_nonph_i2_relic,continuous
21.781611641979563,17.038880083503926,21.172182647545515,20.194281215005525,31,289,249,1580,4.742731558475636,0.9779014325399906,3.764830125935646,cluster,I1,all_non_I2,min_km_to_i2_relic_diff_terminal,continuous
13.026628958591019,12.962108943569797,12.23479404818233,14.956122737966277,31,289,249,1580,0.06452001502122151,-2.721328689783947,2.7858487048051686,cluster,I1,all_non_I2,min_km_to_non_i2_relic,continuous
54.87849496317741,37.64567746333108,37.48217556173541,43.91189849076378,31,289,249,1580,17.232817499846327,-6.429722929028372,23.6625404288747,cluster,I1,all_non_I2,min_km_to_r1a_relic,continuous
-8.754982683388544,-4.076771139934128,-8.937388599363183,-5.238158477039249,31,289,249,1580,-4.678211543454416,-3.699230122323934,-0.9789814211304817,cluster,I1,all_non_I2,i2_vs_non_i2_distance_gap,continuous
33.09688332119784,20.606797379827157,16.3099929141899,23.717617275758258,31,289,249,1580,12.490085941370687,-7.4076243615683595,19.897710302939046,cluster,I1,all_non_I2,i2_vs_r1a_distance_gap,continuous
2.6451612903225805,3.9653979238754324,2.642570281124498,2.9949367088607595,31,289,249,1580,-1.320236633552852,-0.3523664277362615,-0.9678702058165904,cluster,I1,all_non_I2,i2_relic_count_30,continuous
2.2903225806451615,3.453287197231834,2.353413654618474,2.6563291139240506,31,289,249,1580,-1.1629646165866725,-0.30291545930557673,-0.8600491572810958,cluster,I1,all_non_I2,i2_terminal_count_30,continuous
1.4838709677419355,1.8892733564013842,1.4216867469879517,1.5791139240506329,31,289,249,1580,-0.40540238865944866,-0.15742717706268117,-0.2479752115967675,cluster,I1,all_non_I2,i2_group_count_30,continuous
0.33655588942018305,0.4318967540198594,0.2904163205765391,0.39381736922666416,31,282,236,1515,-0.09534086459967633,-0.10340104865012506,0.008060184050448727,cluster,I1,all_non_I2,i2_relic_share_30,continuous
0.35838031498862205,0.41548651016564553,0.3001215605757423,0.3850122993071846,31,288,244,1567,-0.05710619517702348,-0.08489073873144232,0.02778454355441884,cluster,I1,all_non_I2,i2_relic_share_50,continuous
380.2258064516129,396.1799307958477,308.80321285140565,343.99050632911394,31,289,249,1580,-15.954124344234799,-35.187293477708295,19.233169133473496,cluster,I1,all_non_I2,slava_n,continuous
23.741935483870968,26.730103806228374,14.397590361445783,22.437974683544304,31,289,249,1580,-2.9881683223574065,-8.040384322098522,5.052215999741115,cluster,I1,all_non_I2,slava_region_n,continuous
6.516129032258065,5.28719723183391,6.232931726907631,6.024683544303797,31,289,249,1580,1.2289318004241547,0.2082481826038336,1.0206836178203211,cluster,I1,all_non_I2,surname_n,continuous
1.3870967741935485,1.4221453287197232,1.3614457831325302,1.4734177215189874,31,289,249,1580,-0.035048554526174724,-0.11197193838645725,0.07692338386028252,cluster,I1,all_non_I2,surname_region_n,continuous
24.856345186739876,30.784677473213357,21.834861084887237,19.23678540348426,128,417,227,1425,-5.928332286473481,2.598075681402978,-8.526407967876459,surname_region_terminal,I2_all,non_I2_excl_R1a,min_km_to_other_i2_relic,continuous
36.30333443687264,34.183989589105266,35.607754917313265,31.248464578454826,128,417,227,1425,2.1193448477673726,4.35929033885844,-2.239945491091067,surname_region_terminal,I2_all,non_I2_excl_R1a,min_km_to_nonph_i2_relic,continuous
17.753981248916553,17.872701584763448,21.834861084887237,19.23678540348426,128,417,227,1425,-0.1187203358468949,2.598075681402978,-2.716796017249873,surname_region_terminal,I2_all,non_I2_excl_R1a,min_km_to_i2_relic_diff_terminal,continuous
12.362690182755927,14.279852771488756,12.100792838487248,14.135382118206289,128,417,227,1425,-1.917162588732829,-2.0345892797190412,0.11742669098621228,surname_region_terminal,I2_all,non_I2_excl_R1a,min_km_to_non_i2_relic,continuous
38.13196705205043,42.52852733906517,41.55137513866829,41.759034450745816,128,417,227,1425,-4.3965602870147436,-0.2076593120775243,-4.188900974937219,surname_region_terminal,I2_all,non_I2_excl_R1a,min_km_to_r1a_relic,continuous
-5.391291066160626,-3.5928488132746925,-9.734068246399987,-5.10140328527797,128,417,227,1425,-1.7984422528859336,-4.632664961122018,2.834222708236084,surname_region_terminal,I2_all,non_I2_excl_R1a,i2_vs_non_i2_distance_gap,continuous
20.37798580313387,24.655825754301723,19.716514053781058,22.522249047261557,128,417,227,1425,-4.277839951167852,-2.805734993480499,-1.4721049576873533,surname_region_terminal,I2_all,non_I2_excl_R1a,i2_vs_r1a_distance_gap,continuous
3.0625,2.949640287769784,2.5682819383259914,3.037894736842105,128,417,227,1425,0.11285971223021596,-0.4696127985161138,0.5824725107463298,surname_region_terminal,I2_all,non_I2_excl_R1a,i2_relic_count_30,continuous
2.765625,2.6642685851318944,2.3303964757709252,2.7971929824561403,128,417,227,1425,0.10135641486810565,-0.4667965066852151,0.5681529215533208,surname_region_terminal,I2_all,non_I2_excl_R1a,i2_terminal_count_30,continuous
1.640625,1.4172661870503598,1.4273127753303965,1.6350877192982456,128,417,227,1425,0.22335881294964022,-0.20777494396784912,0.43113375691748934,surname_region_terminal,I2_all,non_I2_excl_R1a,i2_group_count_30,continuous
0.38403648088389053,0.41851134890352276,0.28781212216145674,0.39582686988002347,126,408,215,1371,-0.03447486801963223,-0.10801474771856673,0.0735398796989345,surname_region_terminal,I2_all,non_I2_excl_R1a,i2_relic_share_30,continuous
0.3487974343808162,0.4099911517888024,0.30263958733333723,0.38627888800702054,128,414,222,1415,-0.06119371740798624,-0.0836393006736833,0.022445583265697067,surname_region_terminal,I2_all,non_I2_excl_R1a,i2_relic_share_50,continuous
287.5234375,300.5587529976019,320.24229074889865,341.30035087719295,128,417,227,1425,-13.035315497601914,-21.0580601282943,8.022744630692387,surname_region_terminal,I2_all,non_I2_excl_R1a,slava_n,continuous
19.6953125,29.103117505995204,15.506607929515418,21.953684210526315,128,417,227,1425,-9.407805005995204,-6.447076281010897,-2.960728724984307,surname_region_terminal,I2_all,non_I2_excl_R1a,slava_region_n,continuous
5.15625,5.0647482014388485,6.431718061674009,5.797894736842105,128,417,227,1425,0.09150179856115148,0.6338233248319041,-0.5423215262707526,surname_region_terminal,I2_all,non_I2_excl_R1a,surname_n,continuous
1.265625,1.3117505995203838,1.3568281938325992,1.3768421052631579,128,417,227,1425,-0.04612559952038375,-0.02001391143055864,-0.026111688089825114,surname_region_terminal,I2_all,non_I2_excl_R1a,surname_region_n,continuous
24.856345186739876,30.784677473213357,21.385650141961168,19.76659015930856,128,417,275,1800,-5.928332286473481,1.6190599826526082,-7.547392269126089,surname_region_terminal,I2_all,all_non_I2,min_km_to_other_i2_relic,continuous
36.30333443687264,34.183989589105266,35.280076832320496,32.00453089293593,128,417,275,1800,2.1193448477673726,3.275545939384564,-1.1562010916171914,surname_region_terminal,I2_all,all_non_I2,min_km_to_nonph_i2_relic,continuous
17.753981248916553,17.872701584763448,21.385650141961168,19.76659015930856,128,417,275,1800,-0.1187203358468949,1.6190599826526082,-1.737780318499503,surname_region_terminal,I2_all,all_non_I2,min_km_to_i2_relic_diff_terminal,continuous
12.362690182755927,14.279852771488756,12.538008204224134,14.537057162043912,128,417,275,1800,-1.917162588732829,-1.9990489578197774,0.08188636908694846,surname_region_terminal,I2_all,all_non_I2,min_km_to_non_i2_relic,continuous
38.13196705205043,42.52852733906517,39.713859383412576,42.47885990683579,128,417,275,1800,-4.3965602870147436,-2.765000523423211,-1.6315597635915324,surname_region_terminal,I2_all,all_non_I2,min_km_to_r1a_relic,continuous
-5.391291066160626,-3.5928488132746925,-8.847641937737034,-5.229532997264648,128,417,275,1800,-1.7984422528859336,-3.6181089404723865,1.819666687586453,surname_region_terminal,I2_all,all_non_I2,i2_vs_non_i2_distance_gap,continuous
20.37798580313387,24.655825754301723,18.328209241451408,22.71226974752723,128,417,275,1800,-4.277839951167852,-4.384060506075823,0.10622055490797067,surname_region_terminal,I2_all,all_non_I2,i2_vs_r1a_distance_gap,continuous
3.0625,2.949640287769784,2.5454545454545454,2.9672222222222224,128,417,275,1800,0.11285971223021596,-0.421767676767677,0.534627388997893,surname_region_terminal,I2_all,all_non_I2,i2_relic_count_30,continuous
2.765625,2.6642685851318944,2.3236363636363637,2.733888888888889,128,417,275,1800,0.10135641486810565,-0.4102525252525253,0.511608940120631,surname_region_terminal,I2_all,all_non_I2,i2_terminal_count_30,continuous
1.640625,1.4172661870503598,1.4327272727272726,1.6172222222222221,128,417,275,1800,0.22335881294964022,-0.1844949494949495,0.4078537624445897,surname_region_terminal,I2_all,all_non_I2,i2_group_count_30,continuous
0.38403648088389053,0.41851134890352276,0.29651090909438865,0.3916259317125753,126,408,262,1735,-0.03447486801963223,-0.09511502261818666,0.06064015459855443,surname_region_terminal,I2_all,all_non_I2,i2_relic_share_30,continuous
0.3487974343808162,0.4099911517888024,0.3061213871705397,0.3837371490459283,128,414,270,1787,-0.06119371740798624,-0.0776157618753886,0.016422044467402364,surname_region_terminal,I2_all,all_non_I2,i2_relic_share_50,continuous
853.8888888888889,1311.3031914893618,1975,2002.2666666666667,45,376,47,375,-457.41430260047287,-27.26666666666665,-430.1476359338062,surname_region_terminal,I2_all,all_non_I2,tmrca_ybp,continuous
287.5234375,300.5587529976019,302.0109090909091,335.575,128,417,275,1800,-13.035315497601914,-33.56409090909091,20.528775411488994,surname_region_terminal,I2_all,all_non_I2,slava_n,continuous
19.6953125,29.103117505995204,14.981818181818182,21.631666666666668,128,417,275,1800,-9.407805005995204,-6.649848484848485,-2.7579565211467187,surname_region_terminal,I2_all,all_non_I2,slava_region_n,continuous
5.15625,5.0647482014388485,6.203636363636364,5.757777777777778,128,417,275,1800,0.09150179856115148,0.44585858585858595,-0.3543567872974345,surname_region_terminal,I2_all,all_non_I2,surname_n,continuous
1.265625,1.3117505995203838,1.3272727272727274,1.3722222222222222,128,417,275,1800,-0.04612559952038375,-0.04494949494949485,-0.0011761045708889029,surname_region_terminal,I2_all,all_non_I2,surname_region_n,continuous
26.08412083158263,31.20608302550347,21.834861084887237,19.23678540348426,77,376,227,1425,-5.12196219392084,2.598075681402978,-7.720037875323818,surname_region_terminal,PH908_primary,non_I2_excl_R1a,min_km_to_other_i2_relic,continuous
29.327167723270822,32.73436133655422,35.607754917313265,31.248464578454826,77,376,227,1425,-3.4071936132834004,4.35929033885844,-7.76648395214184,surname_region_terminal,PH908_primary,non_I2_excl_R1a,min_km_to_nonph_i2_relic,continuous
14.850815288951013,16.921676710373628,21.834861084887237,19.23678540348426,77,376,227,1425,-2.070861421422615,2.598075681402978,-4.668937102825593,surname_region_terminal,PH908_primary,non_I2_excl_R1a,min_km_to_i2_relic_diff_terminal,continuous
12.367995366615617,13.856021133697004,12.100792838487248,14.135382118206289,77,376,227,1425,-1.4880257670813872,-2.0345892797190412,0.546563512637654,surname_region_terminal,PH908_primary,non_I2_excl_R1a,min_km_to_non_i2_relic,continuous
38.36810513824928,41.60072397122305,41.55137513866829,41.759034450745816,77,376,227,1425,-3.2326188329737704,-0.2076593120775243,-3.024959520896246,surname_region_terminal,PH908_primary,non_I2_excl_R1a,min_km_to_r1a_relic,continuous
-2.482819922335397,-3.0656555766766242,-9.734068246399987,-5.10140328527797,77,376,227,1425,0.5828356543412272,-4.632664961122018,5.215500615463245,surname_region_terminal,PH908_primary,non_I2_excl_R1a,i2_vs_non_i2_distance_gap,continuous
23.517289849298262,24.67904726084942,19.716514053781058,22.522249047261557,77,376,227,1425,-1.1617574115511573,-2.805734993480499,1.6439775819293416,surname_region_terminal,PH908_primary,non_I2_excl_R1a,i2_vs_r1a_distance_gap,continuous
3.3376623376623376,2.978723404255319,2.5682819383259914,3.037894736842105,77,376,227,1425,0.35893893340701855,-0.4696127985161138,0.8285517319231324,surname_region_terminal,PH908_primary,non_I2_excl_R1a,i2_relic_count_30,continuous
3,2.6835106382978724,2.3303964757709252,2.7971929824561403,77,376,227,1425,0.3164893617021276,-0.4667965066852151,0.7832858683873427,surname_region_terminal,PH908_primary,non_I2_excl_R1a,i2_terminal_count_30,continuous
1.8181818181818181,1.428191489361702,1.4273127753303965,1.6350877192982456,77,376,227,1425,0.3899903288201161,-0.20777494396784912,0.5977652727879652,surname_region_terminal,PH908_primary,non_I2_excl_R1a,i2_group_count_30,continuous
0.42371540983274075,0.42716803346810955,0.28781212216145674,0.39582686988002347,77,368,215,1371,-0.003452623635368801,-0.10801474771856673,0.10456212408319793,surname_region_terminal,PH908_primary,non_I2_excl_R1a,i2_relic_share_30,continuous
0.3754937325478051,0.41547533186668606,0.30263958733333723,0.38627888800702054,77,374,222,1415,-0.039981599318880956,-0.0836393006736833,0.04365770135480235,surname_region_terminal,PH908_primary,non_I2_excl_R1a,i2_relic_share_50,continuous
273.8181818181818,292.10372340425533,320.24229074889865,341.30035087719295,77,376,227,1425,-18.28554158607352,-21.0580601282943,2.77251854222078,surname_region_terminal,PH908_primary,non_I2_excl_R1a,slava_n,continuous
20.935064935064936,29.39095744680851,15.506607929515418,21.953684210526315,77,376,227,1425,-8.455892511743574,-6.447076281010897,-2.008816230732677,surname_region_terminal,PH908_primary,non_I2_excl_R1a,slava_region_n,continuous
5.35064935064935,5.101063829787234,6.431718061674009,5.797894736842105,77,376,227,1425,0.24958552086211583,0.6338233248319041,-0.38423780396978824,surname_region_terminal,PH908_primary,non_I2_excl_R1a,surname_n,continuous
1.2857142857142858,1.3111702127659575,1.3568281938325992,1.3768421052631579,77,376,227,1425,-0.025455927051671656,-0.02001391143055864,-0.005442015621113017,surname_region_terminal,PH908_primary,non_I2_excl_R1a,surname_region_n,continuous
26.08412083158263,31.20608302550347,21.385650141961168,19.76659015930856,77,376,275,1800,-5.12196219392084,1.6190599826526082,-6.741022176573448,surname_region_terminal,PH908_primary,all_non_I2,min_km_to_other_i2_relic,continuous
29.327167723270822,32.73436133655422,35.280076832320496,32.00453089293593,77,376,275,1800,-3.4071936132834004,3.275545939384564,-6.6827395526679645,surname_region_terminal,PH908_primary,all_non_I2,min_km_to_nonph_i2_relic,continuous
14.850815288951013,16.921676710373628,21.385650141961168,19.76659015930856,77,376,275,1800,-2.070861421422615,1.6190599826526082,-3.689921404075223,surname_region_terminal,PH908_primary,all_non_I2,min_km_to_i2_relic_diff_terminal,continuous
12.367995366615617,13.856021133697004,12.538008204224134,14.537057162043912,77,376,275,1800,-1.4880257670813872,-1.9990489578197774,0.5110231907383902,surname_region_terminal,PH908_primary,all_non_I2,min_km_to_non_i2_relic,continuous
38.36810513824928,41.60072397122305,39.713859383412576,42.47885990683579,77,376,275,1800,-3.2326188329737704,-2.765000523423211,-0.4676183095505593,surname_region_terminal,PH908_primary,all_non_I2,min_km_to_r1a_relic,continuous
-2.482819922335397,-3.0656555766766242,-8.847641937737034,-5.229532997264648,77,376,275,1800,0.5828356543412272,-3.6181089404723865,4.200944594813613,surname_region_terminal,PH908_primary,all_non_I2,i2_vs_non_i2_distance_gap,continuous
23.517289849298262,24.67904726084942,18.328209241451408,22.71226974752723,77,376,275,1800,-1.1617574115511573,-4.384060506075823,3.2223030945246656,surname_region_terminal,PH908_primary,all_non_I2,i2_vs_r1a_distance_gap,continuous
3.3376623376623376,2.978723404255319,2.5454545454545454,2.9672222222222224,77,376,275,1800,0.35893893340701855,-0.421767676767677,0.7807066101746956,surname_region_terminal,PH908_primary,all_non_I2,i2_relic_count_30,continuous
3,2.6835106382978724,2.3236363636363637,2.733888888888889,77,376,275,1800,0.3164893617021276,-0.4102525252525253,0.7267418869546529,surname_region_terminal,PH908_primary,all_non_I2,i2_terminal_count_30,continuous
1.8181818181818181,1.428191489361702,1.4327272727272726,1.6172222222222221,77,376,275,1800,0.3899903288201161,-0.1844949494949495,0.5744852783150656,surname_region_terminal,PH908_primary,all_non_I2,i2_group_count_30,continuous
0.42371540983274075,0.42716803346810955,0.29651090909438865,0.3916259317125753,77,368,262,1735,-0.003452623635368801,-0.09511502261818666,0.09166239898281786,surname_region_terminal,PH908_primary,all_non_I2,i2_relic_share_30,continuous
0.3754937325478051,0.41547533186668606,0.3061213871705397,0.3837371490459283,77,374,270,1787,-0.039981599318880956,-0.0776157618753886,0.037634162556507644,surname_region_terminal,PH908_primary,all_non_I2,i2_relic_share_50,continuous
853.8888888888889,1311.3031914893618,1975,2002.2666666666667,45,376,47,375,-457.41430260047287,-27.26666666666665,-430.1476359338062,surname_region_terminal,PH908_primary,all_non_I2,tmrca_ybp,continuous
273.8181818181818,292.10372340425533,302.0109090909091,335.575,77,376,275,1800,-18.28554158607352,-33.56409090909091,15.278549323017387,surname_region_terminal,PH908_primary,all_non_I2,slava_n,continuous
20.935064935064936,29.39095744680851,14.981818181818182,21.631666666666668,77,376,275,1800,-8.455892511743574,-6.649848484848485,-1.8060440268950888,surname_region_terminal,PH908_primary,all_non_I2,slava_region_n,continuous
5.35064935064935,5.101063829787234,6.203636363636364,5.757777777777778,77,376,275,1800,0.24958552086211583,0.44585858585858595,-0.19627306499647013,surname_region_terminal,PH908_primary,all_non_I2,surname_n,continuous
1.2857142857142858,1.3111702127659575,1.3272727272727274,1.3722222222222222,77,376,275,1800,-0.025455927051671656,-0.04494949494949485,0.019493567897823194,surname_region_terminal,PH908_primary,all_non_I2,surname_region_n,continuous
23.002644703349837,26.920080213186925,21.834861084887237,19.23678540348426,51,41,227,1425,-3.9174355098370874,2.598075681402978,-6.515511191240066,surname_region_terminal,nonPH908_I2,non_I2_excl_R1a,min_km_to_other_i2_relic,continuous
46.8359782985852,47.47814136859777,35.607754917313265,31.248464578454826,51,41,227,1425,-0.6421630700125718,4.35929033885844,-5.001453408871011,surname_region_terminal,nonPH908_I2,non_I2_excl_R1a,min_km_to_nonph_i2_relic,continuous
22.13719260023707,26.594295554777414,21.834861084887237,19.23678540348426,51,41,227,1425,-4.457102954540343,2.598075681402978,-7.055178635943321,surname_region_terminal,nonPH908_I2,non_I2_excl_R1a,min_km_to_i2_relic_diff_terminal,continuous
12.354680395359923,18.166699010749706,12.100792838487248,14.135382118206289,51,41,227,1425,-5.812018615389784,-2.0345892797190412,-3.7774293356707425,surname_region_terminal,nonPH908_I2,non_I2_excl_R1a,min_km_to_non_i2_relic,continuous
37.77544484347569,51.03716310269051,41.55137513866829,41.759034450745816,51,41,227,1425,-13.261718259214824,-0.2076593120775243,-13.0540589471373,surname_region_terminal,nonPH908_I2,non_I2_excl_R1a,min_km_to_r1a_relic,continuous
-9.782512204877149,-8.42759654402771,-9.734068246399987,-5.10140328527797,51,41,227,1425,-1.3549156608494393,-4.632664961122018,3.2777493002725784,surname_region_terminal,nonPH908_I2,non_I2_excl_R1a,i2_vs_non_i2_distance_gap,continuous
15.638252243238618,24.442867547913096,19.716514053781058,22.522249047261557,51,41,227,1425,-8.804615304674478,-2.805734993480499,-5.998880311193979,surname_region_terminal,nonPH908_I2,non_I2_excl_R1a,i2_vs_r1a_distance_gap,continuous
2.6470588235294117,2.682926829268293,2.5682819383259914,3.037894736842105,51,41,227,1425,-0.03586800573888116,-0.4696127985161138,0.43374479277723266,surname_region_terminal,nonPH908_I2,non_I2_excl_R1a,i2_relic_count_30,continuous
2.411764705882353,2.4878048780487805,2.3303964757709252,2.7971929824561403,51,41,227,1425,-0.07604017216642767,-0.4667965066852151,0.39075633451878744,surname_region_terminal,nonPH908_I2,non_I2_excl_R1a,i2_terminal_count_30,continuous
1.3725490196078431,1.3170731707317074,1.4273127753303965,1.6350877192982456,51,41,227,1425,0.05547584887613577,-0.20777494396784912,0.2632507928439849,surname_region_terminal,nonPH908_I2,non_I2_excl_R1a,i2_group_count_30,continuous
0.32168387824998296,0.3388698509093246,0.28781212216145674,0.39582686988002347,49,40,215,1371,-0.01718597265934163,-0.10801474771856673,0.0908287750592251,surname_region_terminal,nonPH908_I2,non_I2_excl_R1a,i2_relic_share_30,continuous
0.3084912587169309,0.35871406806059014,0.30263958733333723,0.38627888800702054,51,40,222,1415,-0.05022280934365925,-0.0836393006736833,0.033416491330024056,surname_region_terminal,nonPH908_I2,non_I2_excl_R1a,i2_relic_share_50,continuous
308.2156862745098,378.0975609756098,320.24229074889865,341.30035087719295,51,41,227,1425,-69.8818747011,-21.0580601282943,-48.8238145728057,surname_region_terminal,nonPH908_I2,non_I2_excl_R1a,slava_n,continuous
17.823529411764707,26.463414634146343,15.506607929515418,21.953684210526315,51,41,227,1425,-8.639885222381636,-6.447076281010897,-2.192808941370739,surname_region_terminal,nonPH908_I2,non_I2_excl_R1a,slava_region_n,continuous
4.862745098039215,4.7317073170731705,6.431718061674009,5.797894736842105,51,41,227,1425,0.1310377809660448,0.6338233248319041,-0.5027855438658593,surname_region_terminal,nonPH908_I2,non_I2_excl_R1a,surname_n,continuous
1.2352941176470589,1.3170731707317074,1.3568281938325992,1.3768421052631579,51,41,227,1425,-0.0817790530846485,-0.02001391143055864,-0.06176514165408986,surname_region_terminal,nonPH908_I2,non_I2_excl_R1a,surname_region_n,continuous
23.002644703349837,26.920080213186925,21.385650141961168,19.76659015930856,51,41,275,1800,-3.9174355098370874,1.6190599826526082,-5.536495492489696,surname_region_terminal,nonPH908_I2,all_non_I2,min_km_to_other_i2_relic,continuous
46.8359782985852,47.47814136859777,35.280076832320496,32.00453089293593,51,41,275,1800,-0.6421630700125718,3.275545939384564,-3.917709009397136,surname_region_terminal,nonPH908_I2,all_non_I2,min_km_to_nonph_i2_relic,continuous
22.13719260023707,26.594295554777414,21.385650141961168,19.76659015930856,51,41,275,1800,-4.457102954540343,1.6190599826526082,-6.076162937192951,surname_region_terminal,nonPH908_I2,all_non_I2,min_km_to_i2_relic_diff_terminal,continuous
12.354680395359923,18.166699010749706,12.538008204224134,14.537057162043912,51,41,275,1800,-5.812018615389784,-1.9990489578197774,-3.8129696575700063,surname_region_terminal,nonPH908_I2,all_non_I2,min_km_to_non_i2_relic,continuous
37.77544484347569,51.03716310269051,39.713859383412576,42.47885990683579,51,41,275,1800,-13.261718259214824,-2.765000523423211,-10.496717735791613,surname_region_terminal,nonPH908_I2,all_non_I2,min_km_to_r1a_relic,continuous
-9.782512204877149,-8.42759654402771,-8.847641937737034,-5.229532997264648,51,41,275,1800,-1.3549156608494393,-3.6181089404723865,2.2631932796229473,surname_region_terminal,nonPH908_I2,all_non_I2,i2_vs_non_i2_distance_gap,continuous
15.638252243238618,24.442867547913096,18.328209241451408,22.71226974752723,51,41,275,1800,-8.804615304674478,-4.384060506075823,-4.420554798598655,surname_region_terminal,nonPH908_I2,all_non_I2,i2_vs_r1a_distance_gap,continuous
2.6470588235294117,2.682926829268293,2.5454545454545454,2.9672222222222224,51,41,275,1800,-0.03586800573888116,-0.421767676767677,0.38589967102879585,surname_region_terminal,nonPH908_I2,all_non_I2,i2_relic_count_30,continuous
2.411764705882353,2.4878048780487805,2.3236363636363637,2.733888888888889,51,41,275,1800,-0.07604017216642767,-0.4102525252525253,0.33421235308609765,surname_region_terminal,nonPH908_I2,all_non_I2,i2_terminal_count_30,continuous
1.3725490196078431,1.3170731707317074,1.4327272727272726,1.6172222222222221,51,41,275,1800,0.05547584887613577,-0.1844949494949495,0.23997079837108526,surname_region_terminal,nonPH908_I2,all_non_I2,i2_group_count_30,continuous
0.32168387824998296,0.3388698509093246,0.29651090909438865,0.3916259317125753,49,40,262,1735,-0.01718597265934163,-0.09511502261818666,0.07792904995884503,surname_region_terminal,nonPH908_I2,all_non_I2,i2_relic_share_30,continuous
0.3084912587169309,0.35871406806059014,0.3061213871705397,0.3837371490459283,51,40,270,1787,-0.05022280934365925,-0.0776157618753886,0.027392952531729353,surname_region_terminal,nonPH908_I2,all_non_I2,i2_relic_share_50,continuous
308.2156862745098,378.0975609756098,302.0109090909091,335.575,51,41,275,1800,-69.8818747011,-33.56409090909091,-36.317783792009095,surname_region_terminal,nonPH908_I2,all_non_I2,slava_n,continuous
17.823529411764707,26.463414634146343,14.981818181818182,21.631666666666668,51,41,275,1800,-8.639885222381636,-6.649848484848485,-1.990036737533151,surname_region_terminal,nonPH908_I2,all_non_I2,slava_region_n,continuous
4.862745098039215,4.7317073170731705,6.203636363636364,5.757777777777778,51,41,275,1800,0.1310377809660448,0.44585858585858595,-0.31482080489254116,surname_region_terminal,nonPH908_I2,all_non_I2,surname_n,continuous
1.2352941176470589,1.3170731707317074,1.3272727272727274,1.3722222222222222,51,41,275,1800,-0.0817790530846485,-0.04494949494949485,-0.03682955813515365,surname_region_terminal,nonPH908_I2,all_non_I2,surname_region_n,continuous
19.261256724373318,21.779848231440898,21.834861084887237,19.23678540348426,48,375,227,1425,-2.5185915070675797,2.598075681402978,-5.116667188470558,surname_region_terminal,R1a,non_I2_excl_R1a,min_km_to_other_i2_relic,continuous
33.73043255537553,34.87758288796412,35.607754917313265,31.248464578454826,48,375,227,1425,-1.1471503325885877,4.35929033885844,-5.506440671447027,surname_region_terminal,R1a,non_I2_excl_R1a,min_km_to_nonph_i2_relic,continuous
19.261256724373318,21.779848231440898,21.834861084887237,19.23678540348426,48,375,227,1425,-2.5185915070675797,2.598075681402978,-5.116667188470558,surname_region_terminal,R1a,non_I2_excl_R1a,min_km_to_i2_relic_diff_terminal,continuous
14.605672538021496,16.063422328626874,12.100792838487248,14.135382118206289,48,375,227,1425,-1.4577497906053782,-2.0345892797190412,0.576839489113663,surname_region_terminal,R1a,non_I2_excl_R1a,min_km_to_non_i2_relic,continuous
31.023941124182414,45.214196639977686,41.55137513866829,41.759034450745816,48,375,227,1425,-14.190255515795272,-0.2076593120775243,-13.982596203717748,surname_region_terminal,R1a,non_I2_excl_R1a,min_km_to_r1a_relic,continuous
-4.655584186351821,-5.7164259028140245,-9.734068246399987,-5.10140328527797,48,375,227,1425,1.0608417164622033,-4.632664961122018,5.693506677584221,surname_region_terminal,R1a,non_I2_excl_R1a,i2_vs_non_i2_distance_gap,continuous
11.762684399809096,23.434348408536792,19.716514053781058,22.522249047261557,48,375,227,1425,-11.671664008727696,-2.805734993480499,-8.865929015247197,surname_region_terminal,R1a,non_I2_excl_R1a,i2_vs_r1a_distance_gap,continuous
2.4375,2.6986666666666665,2.5682819383259914,3.037894736842105,48,375,227,1425,-0.26116666666666655,-0.4696127985161138,0.20844613184944727,surname_region_terminal,R1a,non_I2_excl_R1a,i2_relic_count_30,continuous
2.2916666666666665,2.493333333333333,2.3303964757709252,2.7971929824561403,48,375,227,1425,-0.20166666666666666,-0.4667965066852151,0.26512984001854845,surname_region_terminal,R1a,non_I2_excl_R1a,i2_terminal_count_30,continuous
1.4583333333333333,1.5493333333333332,1.4273127753303965,1.6350877192982456,48,375,227,1425,-0.09099999999999997,-0.20777494396784912,0.11677494396784915,surname_region_terminal,R1a,non_I2_excl_R1a,i2_group_count_30,continuous
0.33630323229822606,0.3758031673511155,0.28781212216145674,0.39582686988002347,47,364,215,1371,-0.03949993505288946,-0.10801474771856673,0.06851481266567727,surname_region_terminal,R1a,non_I2_excl_R1a,i2_relic_share_30,continuous
0.3222247114176012,0.37406897530951577,0.30263958733333723,0.38627888800702054,48,372,222,1415,-0.0518442638919146,-0.0836393006736833,0.031795036781768704,surname_region_terminal,R1a,non_I2_excl_R1a,i2_relic_share_50,continuous
215.79166666666666,313.8186666666667,320.24229074889865,341.30035087719295,48,375,227,1425,-98.02700000000002,-21.0580601282943,-76.96893987170571,surname_region_terminal,R1a,non_I2_excl_R1a,slava_n,continuous
12.5,20.408,15.506607929515418,21.953684210526315,48,375,227,1425,-7.908000000000001,-6.447076281010897,-1.460923718989104,surname_region_terminal,R1a,non_I2_excl_R1a,slava_region_n,continuous
5.125,5.605333333333333,6.431718061674009,5.797894736842105,48,375,227,1425,-0.4803333333333333,0.6338233248319041,-1.1141566581652373,surname_region_terminal,R1a,non_I2_excl_R1a,surname_n,continuous
1.1875,1.3546666666666667,1.3568281938325992,1.3768421052631579,48,375,227,1425,-0.16716666666666669,-0.02001391143055864,-0.14715275523610805,surname_region_terminal,R1a,non_I2_excl_R1a,surname_region_n,continuous
19.261256724373318,21.779848231440898,21.834861084887237,19.23678540348426,48,375,227,1425,-2.5185915070675797,2.598075681402978,-5.116667188470558,surname_region_terminal,R1a,all_non_I2,min_km_to_other_i2_relic,continuous
33.73043255537553,34.87758288796412,35.607754917313265,31.248464578454826,48,375,227,1425,-1.1471503325885877,4.35929033885844,-5.506440671447027,surname_region_terminal,R1a,all_non_I2,min_km_to_nonph_i2_relic,continuous
19.261256724373318,21.779848231440898,21.834861084887237,19.23678540348426,48,375,227,1425,-2.5185915070675797,2.598075681402978,-5.116667188470558,surname_region_terminal,R1a,all_non_I2,min_km_to_i2_relic_diff_terminal,continuous
14.605672538021496,16.063422328626874,12.100792838487248,14.135382118206289,48,375,227,1425,-1.4577497906053782,-2.0345892797190412,0.576839489113663,surname_region_terminal,R1a,all_non_I2,min_km_to_non_i2_relic,continuous
31.023941124182414,45.214196639977686,41.55137513866829,41.759034450745816,48,375,227,1425,-14.190255515795272,-0.2076593120775243,-13.982596203717748,surname_region_terminal,R1a,all_non_I2,min_km_to_r1a_relic,continuous
-4.655584186351821,-5.7164259028140245,-9.734068246399987,-5.10140328527797,48,375,227,1425,1.0608417164622033,-4.632664961122018,5.693506677584221,surname_region_terminal,R1a,all_non_I2,i2_vs_non_i2_distance_gap,continuous
11.762684399809096,23.434348408536792,19.716514053781058,22.522249047261557,48,375,227,1425,-11.671664008727696,-2.805734993480499,-8.865929015247197,surname_region_terminal,R1a,all_non_I2,i2_vs_r1a_distance_gap,continuous
2.4375,2.6986666666666665,2.5682819383259914,3.037894736842105,48,375,227,1425,-0.26116666666666655,-0.4696127985161138,0.20844613184944727,surname_region_terminal,R1a,all_non_I2,i2_relic_count_30,continuous
2.2916666666666665,2.493333333333333,2.3303964757709252,2.7971929824561403,48,375,227,1425,-0.20166666666666666,-0.4667965066852151,0.26512984001854845,surname_region_terminal,R1a,all_non_I2,i2_terminal_count_30,continuous
1.4583333333333333,1.5493333333333332,1.4273127753303965,1.6350877192982456,48,375,227,1425,-0.09099999999999997,-0.20777494396784912,0.11677494396784915,surname_region_terminal,R1a,all_non_I2,i2_group_count_30,continuous
0.33630323229822606,0.3758031673511155,0.28781212216145674,0.39582686988002347,47,364,215,1371,-0.03949993505288946,-0.10801474771856673,0.06851481266567727,surname_region_terminal,R1a,all_non_I2,i2_relic_share_30,continuous
0.3222247114176012,0.37406897530951577,0.30263958733333723,0.38627888800702054,48,372,222,1415,-0.0518442638919146,-0.0836393006736833,0.031795036781768704,surname_region_terminal,R1a,all_non_I2,i2_relic_share_50,continuous
215.79166666666666,313.8186666666667,320.24229074889865,341.30035087719295,48,375,227,1425,-98.02700000000002,-21.0580601282943,-76.96893987170571,surname_region_terminal,R1a,all_non_I2,slava_n,continuous
12.5,20.408,15.506607929515418,21.953684210526315,48,375,227,1425,-7.908000000000001,-6.447076281010897,-1.460923718989104,surname_region_terminal,R1a,all_non_I2,slava_region_n,continuous
5.125,5.605333333333333,6.431718061674009,5.797894736842105,48,375,227,1425,-0.4803333333333333,0.6338233248319041,-1.1141566581652373,surname_region_terminal,R1a,all_non_I2,surname_n,continuous
1.1875,1.3546666666666667,1.3568281938325992,1.3768421052631579,48,375,227,1425,-0.16716666666666669,-0.02001391143055864,-0.14715275523610805,surname_region_terminal,R1a,all_non_I2,surname_region_n,continuous
19.043196304424928,24.150083605187316,22.815267168501975,18.793197654592934,59,118,168,1307,-5.106887300762388,4.022069513909042,-9.12895681467143,surname_region_terminal,R1b,non_I2_excl_R1a,min_km_to_other_i2_relic,continuous
34.962550019914545,34.29775429077621,35.834344732471145,30.97316527772497,59,118,168,1307,0.6647957291383335,4.861179454746175,-4.196383725607841,surname_region_terminal,R1b,non_I2_excl_R1a,min_km_to_nonph_i2_relic,continuous
19.043196304424928,24.150083605187316,22.815267168501975,18.793197654592934,59,118,168,1307,-5.106887300762388,4.022069513909042,-9.12895681467143,surname_region_terminal,R1b,non_I2_excl_R1a,min_km_to_i2_relic_diff_terminal,continuous
10.275337091081594,14.052295355817217,12.741875511683281,14.142883447939962,59,118,168,1307,-3.7769582647356224,-1.401007936256681,-2.3759503284789414,surname_region_terminal,R1b,non_I2_excl_R1a,min_km_to_non_i2_relic,continuous
35.303602638297754,44.05438898922814,43.74553333820319,41.55180274796011,59,118,168,1307,-8.750786350930383,2.193730590243078,-10.944516941173461,surname_region_terminal,R1b,non_I2_excl_R1a,min_km_to_r1a_relic,continuous
-8.767859213343332,-10.097788249370097,-10.073391656818693,-4.650314206652973,59,118,168,1307,1.3299290360267655,-5.42307745016572,6.7530064861924854,surname_region_terminal,R1b,non_I2_excl_R1a,i2_vs_non_i2_distance_gap,continuous
16.260406333872822,19.904305384040818,20.930266169701213,22.758605093367176,59,118,168,1307,-3.6438990501679953,-1.8283389236659637,-1.8155601265020316,surname_region_terminal,R1b,non_I2_excl_R1a,i2_vs_r1a_distance_gap,continuous
2.983050847457627,2.788135593220339,2.4226190476190474,3.06044376434583,59,118,168,1307,0.19491525423728806,-0.6378247167267825,0.8327399709640706,surname_region_terminal,R1b,non_I2_excl_R1a,i2_relic_count_30,continuous
2.694915254237288,2.5847457627118646,2.2023809523809526,2.8163733741392503,59,118,168,1307,0.11016949152542344,-0.6139924217582977,0.7241619132837211,surname_region_terminal,R1b,non_I2_excl_R1a,i2_terminal_count_30,continuous
1.3728813559322033,1.5084745762711864,1.4464285714285714,1.6465187452180565,59,118,168,1307,-0.13559322033898313,-0.20009017378948513,0.06449695345050199,surname_region_terminal,R1b,non_I2_excl_R1a,i2_group_count_30,continuous
0.2787618267515084,0.3521090948722528,0.2909231612086265,0.3996781976783271,55,111,160,1260,-0.07334726812074438,-0.10875503646970058,0.0354077683489562,surname_region_terminal,R1b,non_I2_excl_R1a,i2_relic_share_30,continuous
0.29226029277923216,0.3588391380988032,0.30631031345613047,0.3886832934563186,58,114,164,1301,-0.06657884531957103,-0.08237298000018811,0.015794134680617078,surname_region_terminal,R1b,non_I2_excl_R1a,i2_relic_share_50,continuous
333.7457627118644,291.23728813559325,315.5,345.82019892884466,59,118,168,1307,42.50847457627117,-30.32019892884466,72.82867350511583,surname_region_terminal,R1b,non_I2_excl_R1a,slava_n,continuous
14.677966101694915,19.33050847457627,15.797619047619047,22.190512624330527,59,118,168,1307,-4.652542372881355,-6.392893576711479,1.7403512038301248,surname_region_terminal,R1b,non_I2_excl_R1a,slava_region_n,continuous
5.694915254237288,6.686440677966102,6.690476190476191,5.717674062739097,59,118,168,1307,-0.991525423728814,0.9728021277370935,-1.9643275514659075,surname_region_terminal,R1b,non_I2_excl_R1a,surname_n,continuous
1.2033898305084745,1.4745762711864407,1.4107142857142858,1.3680183626625861,59,118,168,1307,-0.27118644067796627,0.04269592305169967,-0.31388236372966594,surname_region_terminal,R1b,non_I2_excl_R1a,surname_region_n,continuous
19.043196304424928,24.150083605187316,22.02548706980672,19.45906802695797,59,118,216,1682,-5.106887300762388,2.56641904284875,-7.673306343611138,surname_region_terminal,R1b,all_non_I2,min_km_to_other_i2_relic,continuous
34.962550019914545,34.29775429077621,35.36680869311657,31.843650773467942,59,118,216,1682,0.6647957291383335,3.523157919648625,-2.8583621905102916,surname_region_terminal,R1b,all_non_I2,min_km_to_nonph_i2_relic,continuous
19.043196304424928,24.150083605187316,22.02548706980672,19.45906802695797,59,118,216,1682,-5.106887300762388,2.56641904284875,-7.673306343611138,surname_region_terminal,R1b,all_non_I2,min_km_to_i2_relic_diff_terminal,continuous
10.275337091081594,14.052295355817217,13.156052628647329,14.571065421933774,59,118,216,1682,-3.7769582647356224,-1.4150127932864454,-2.361945471449177,surname_region_terminal,R1b,all_non_I2,min_km_to_non_i2_relic,continuous
35.303602638297754,44.05438898922814,40.918512846198574,42.36832932911742,59,118,216,1682,-8.750786350930383,-1.4498164829188482,-7.300969868011535,surname_region_terminal,R1b,all_non_I2,min_km_to_r1a_relic,continuous
-8.767859213343332,-10.097788249370097,-8.869434441159388,-4.8880026050241945,59,118,216,1682,1.3299290360267655,-3.9814318361351937,5.311360872161959,surname_region_terminal,R1b,all_non_I2,i2_vs_non_i2_distance_gap,continuous
16.260406333872822,19.904305384040818,18.893025776391852,22.90926130215945,59,118,216,1682,-3.6438990501679953,-4.016235525767598,0.37233647559960303,surname_region_terminal,R1b,all_non_I2,i2_vs_r1a_distance_gap,continuous
2.983050847457627,2.788135593220339,2.425925925925926,2.9797859690844235,59,118,216,1682,0.19491525423728806,-0.5538600431584975,0.7487752973957855,surname_region_terminal,R1b,all_non_I2,i2_relic_count_30,continuous
2.694915254237288,2.5847457627118646,2.2222222222222223,2.7443519619500596,59,118,216,1682,0.11016949152542344,-0.5221297397278373,0.6322992312532607,surname_region_terminal,R1b,all_non_I2,i2_terminal_count_30,continuous
1.3728813559322033,1.5084745762711864,1.4490740740740742,1.6248513674197385,59,118,216,1682,-0.13559322033898313,-0.17577729334566428,0.04018407300668114,surname_region_terminal,R1b,all_non_I2,i2_group_count_30,continuous
0.2787618267515084,0.3521090948722528,0.3012268488473278,0.3943268977774003,55,111,207,1624,-0.07334726812074438,-0.09310004893007251,0.01975278080932813,surname_region_terminal,R1b,all_non_I2,i2_relic_share_30,continuous
0.29226029277923216,0.3588391380988032,0.30991357337193515,0.38543372600227754,58,114,212,1673,-0.06657884531957103,-0.0755201526303424,0.008941307310771363,surname_region_terminal,R1b,all_non_I2,i2_relic_share_50,continuous
333.7457627118644,291.23728813559325,293.3425925925926,338.68549346016647,59,118,216,1682,42.50847457627117,-45.34290086757386,87.85137544384503,surname_region_terminal,R1b,all_non_I2,slava_n,continuous
14.677966101694915,19.33050847457627,15.064814814814815,21.79310344827586,59,118,216,1682,-4.652542372881355,-6.728288633461046,2.0757462605796917,surname_region_terminal,R1b,all_non_I2,slava_region_n,continuous
5.694915254237288,6.686440677966102,6.342592592592593,5.692627824019025,59,118,216,1682,-0.991525423728814,0.6499647685735672,-1.6414901923023812,surname_region_terminal,R1b,all_non_I2,surname_n,continuous
1.2033898305084745,1.4745762711864407,1.3611111111111112,1.3650416171224733,59,118,216,1682,-0.27118644067796627,-0.003930506011362134,-0.26725593466660413,surname_region_terminal,R1b,all_non_I2,surname_region_n,continuous
23.303276276086738,19.227987976225407,21.43063443113007,19.23864812405182,49,249,178,1176,4.075288299861331,2.191986307078249,1.8833019927830819,surname_region_terminal,J2,non_I2_excl_R1a,min_km_to_other_i2_relic,continuous
39.38681821944365,31.634415364831614,34.56745097459198,31.16674540684954,49,249,178,1176,7.752402854612033,3.4007055677424383,4.3516972868695944,surname_region_terminal,J2,non_I2_excl_R1a,min_km_to_nonph_i2_relic,continuous
23.303276276086738,19.227987976225407,21.43063443113007,19.23864812405182,49,249,178,1176,4.075288299861331,2.191986307078249,1.8833019927830819,surname_region_terminal,J2,non_I2_excl_R1a,min_km_to_i2_relic_diff_terminal,continuous
11.126508883693843,14.557005300245605,12.368994601323635,14.046109862825515,49,249,178,1176,-3.4304964165517617,-1.6771152615018803,-1.7533811550498815,surname_region_terminal,J2,non_I2_excl_R1a,min_km_to_non_i2_relic,continuous
40.34458281040839,47.31417156597152,41.88358201554883,40.582819194205676,49,249,178,1176,-6.96958875556313,1.300762821343156,-8.270351576906286,surname_region_terminal,J2,non_I2_excl_R1a,min_km_to_r1a_relic,continuous
-12.176767392392895,-4.670982675979802,-9.061639829806435,-5.192538261226306,49,249,178,1176,-7.505784716413093,-3.8691015685801284,-3.636683147832964,surname_region_terminal,J2,non_I2_excl_R1a,i2_vs_non_i2_distance_gap,continuous
17.041306534321656,28.08618358974611,20.45294758441876,21.344171070153855,49,249,178,1176,-11.044877055424454,-0.8912234857350967,-10.153653569689357,surname_region_terminal,J2,non_I2_excl_R1a,i2_vs_r1a_distance_gap,continuous
2.163265306122449,2.8433734939759034,2.6797752808988764,3.079081632653061,49,249,178,1176,-0.6801081878534543,-0.3993063517541846,-0.2808018360992697,surname_region_terminal,J2,non_I2_excl_R1a,i2_relic_count_30,continuous
1.9387755102040816,2.610441767068273,2.438202247191011,2.836734693877551,49,249,178,1176,-0.6716662568641916,-0.39853244668653964,-0.2731338101776519,surname_region_terminal,J2,non_I2_excl_R1a,i2_terminal_count_30,continuous
1.346938775510204,1.5622489959839359,1.449438202247191,1.6505102040816326,49,249,178,1176,-0.21531022047373183,-0.20107200183444163,-0.014238218639290201,surname_region_terminal,J2,non_I2_excl_R1a,i2_group_count_30,continuous
0.2523641245418467,0.37699215111789,0.2977291214955143,0.3998236271770279,47,240,168,1131,-0.12462802657604327,-0.10209450568151363,-0.022533520894529646,surname_region_terminal,J2,non_I2_excl_R1a,i2_relic_share_30,continuous
0.26958412258166065,0.375356433410083,0.31175833623035143,0.3886000266017425,48,248,174,1167,-0.10577231082842237,-0.07684169037139105,-0.02893062045703132,surname_region_terminal,J2,non_I2_excl_R1a,i2_relic_share_50,continuous
273.48979591836735,353.59437751004015,333.1123595505618,338.69727891156464,49,249,178,1176,-80.1045815916728,-5.5849193610028465,-74.51966223066995,surname_region_terminal,J2,non_I2_excl_R1a,slava_n,continuous
13.571428571428571,21.779116465863453,16.03932584269663,21.9906462585034,49,249,178,1176,-8.207687894434882,-5.951320415806769,-2.2563674786281123,surname_region_terminal,J2,non_I2_excl_R1a,slava_region_n,continuous
5.1020408163265305,6.502008032128514,6.797752808988764,5.648809523809524,49,249,178,1176,-1.3999672158019836,1.1489432851792403,-2.548910500981224,surname_region_terminal,J2,non_I2_excl_R1a,surname_n,continuous
1.2653061224489797,1.4257028112449799,1.3820224719101124,1.3664965986394557,49,249,178,1176,-0.16039668879600022,0.015525873270656687,-0.1759225620666569,surname_region_terminal,J2,non_I2_excl_R1a,surname_region_n,continuous
23.303276276086738,19.227987976225407,20.9698816438543,19.85305820804338,49,249,226,1551,4.075288299861331,1.1168234358109217,2.958464864050409,surname_region_terminal,J2,all_non_I2,min_km_to_other_i2_relic,continuous
39.38681821944365,31.634415364831614,34.38967715104158,32.06394982684823,49,249,226,1551,7.752402854612033,2.325727324193352,5.426675530418681,surname_region_terminal,J2,all_non_I2,min_km_to_nonph_i2_relic,continuous
23.303276276086738,19.227987976225407,20.9698816438543,19.85305820804338,49,249,226,1551,4.075288299861331,1.1168234358109217,2.958464864050409,surname_region_terminal,J2,all_non_I2,min_km_to_i2_relic_diff_terminal,continuous
11.126508883693843,14.557005300245605,12.84404124274619,14.533854656297798,49,249,226,1551,-3.4304964165517617,-1.689813413551608,-1.7406830030001537,surname_region_terminal,J2,all_non_I2,min_km_to_non_i2_relic,continuous
40.34458281040839,47.31417156597152,39.57710961384269,41.702591303918446,49,249,226,1551,-6.96958875556313,-2.125481690075759,-4.844107065487371,surname_region_terminal,J2,all_non_I2,min_km_to_r1a_relic,continuous
-12.176767392392895,-4.670982675979802,-8.125840401108109,-5.319203551745581,49,249,226,1551,-7.505784716413093,-2.806636849362528,-4.699147867050565,surname_region_terminal,J2,all_non_I2,i2_vs_non_i2_distance_gap,continuous
17.041306534321656,28.08618358974611,18.60722796998839,21.84953309587507,49,249,226,1551,-11.044877055424454,-3.2423051258866806,-7.802571929537773,surname_region_terminal,J2,all_non_I2,i2_vs_r1a_distance_gap,continuous
2.163265306122449,2.8433734939759034,2.6283185840707963,2.987105093488072,49,249,226,1551,-0.6801081878534543,-0.35878650941727575,-0.32132167843617854,surname_region_terminal,J2,all_non_I2,i2_relic_count_30,continuous
1.9387755102040816,2.610441767068273,2.4070796460176993,2.753707285622179,49,249,226,1551,-0.6716662568641916,-0.34662763960447984,-0.3250386172597117,surname_region_terminal,J2,all_non_I2,i2_terminal_count_30,continuous
1.346938775510204,1.5622489959839359,1.4513274336283186,1.626047711154094,49,249,226,1551,-0.21531022047373183,-0.17472027752577546,-0.04058994294795637,surname_region_terminal,J2,all_non_I2,i2_group_count_30,continuous
0.2523641245418467,0.37699215111789,0.30616160153145594,0.3939751673933275,47,240,215,1495,-0.12462802657604327,-0.08781356586187156,-0.036814460714171715,surname_region_terminal,J2,all_non_I2,i2_relic_share_30,continuous
0.26958412258166065,0.375356433410083,0.3140213362708379,0.3850876477318865,48,248,222,1539,-0.10577231082842237,-0.07106631146104858,-0.034705999367373785,surname_region_terminal,J2,all_non_I2,i2_relic_share_50,continuous
273.48979591836735,353.59437751004015,308.1946902654867,332.68214055448095,49,249,226,1551,-80.1045815916728,-24.48745028899424,-55.61713130267856,surname_region_terminal,J2,all_non_I2,slava_n,continuous
13.571428571428571,21.779116465863453,15.287610619469026,21.607994842037396,49,249,226,1551,-8.207687894434882,-6.32038422256837,-1.887303671866512,surname_region_terminal,J2,all_non_I2,slava_region_n,continuous
5.1020408163265305,6.502008032128514,6.442477876106195,5.638297872340425,49,249,226,1551,-1.3999672158019836,0.8041800037657696,-2.204147219567753,surname_region_terminal,J2,all_non_I2,surname_n,continuous
1.2653061224489797,1.4257028112449799,1.3407079646017699,1.3636363636363635,49,249,226,1551,-0.16039668879600022,-0.02292839903459365,-0.13746828976140657,surname_region_terminal,J2,all_non_I2,surname_region_n,continuous
22.08189334072509,15.031025885369937,21.789829163250126,19.45405711290714,35,70,192,1355,7.050867455355155,2.3357720503429853,4.715095405012169,surname_region_terminal,G,non_I2_excl_R1a,min_km_to_other_i2_relic,continuous
35.41706879298215,27.272416043025252,35.64251540872779,31.45386929984233,35,70,192,1355,8.144652749956897,4.188646108885457,3.95600664107144,surname_region_terminal,G,non_I2_excl_R1a,min_km_to_nonph_i2_relic,continuous
22.081893340725088,15.031025885369937,21.789829163250126,19.45405711290714,35,70,192,1355,7.050867455355151,2.3357720503429853,4.715095405012166,surname_region_terminal,G,non_I2_excl_R1a,min_km_to_i2_relic_diff_terminal,continuous
14.211082712096648,14.25213256640396,11.716104580277202,14.129350729738514,35,70,192,1355,-0.04104985430731212,-2.4132461494613118,2.3721962951539997,surname_region_terminal,G,non_I2_excl_R1a,min_km_to_non_i2_relic,continuous
40.272462369918756,44.430221851045275,41.78451027880493,41.621039529697136,35,70,192,1355,-4.157759481126519,0.1634707491077947,-4.321230230234313,surname_region_terminal,G,non_I2_excl_R1a,min_km_to_r1a_relic,continuous
-7.870810628628443,-0.7788933189659767,-10.073724582972925,-5.3247063831686265,35,70,192,1355,-7.091917309662467,-4.749018199804299,-2.342899109858168,surname_region_terminal,G,non_I2_excl_R1a,i2_vs_non_i2_distance_gap,continuous
18.190569029193668,29.39919596567534,19.9946811155548,22.166982416789995,35,70,192,1355,-11.208626936481672,-2.172301301235194,-9.036325635246477,surname_region_terminal,G,non_I2_excl_R1a,i2_vs_r1a_distance_gap,continuous
2.3142857142857145,3.4285714285714284,2.6145833333333335,3.0177121771217714,35,70,192,1355,-1.1142857142857139,-0.40312884378843794,-0.7111568704972759,surname_region_terminal,G,non_I2_excl_R1a,i2_relic_count_30,continuous
2.142857142857143,3.2,2.3645833333333335,2.7763837638376385,35,70,192,1355,-1.0571428571428574,-0.41180043050430504,-0.6453424266385523,surname_region_terminal,G,non_I2_excl_R1a,i2_terminal_count_30,continuous
1.4285714285714286,1.8142857142857143,1.4270833333333333,1.625830258302583,35,70,192,1355,-0.3857142857142857,-0.19874692496924973,-0.18696736074503595,surname_region_terminal,G,non_I2_excl_R1a,i2_group_count_30,continuous
0.3108746620778706,0.45593760335900296,0.2836304528359531,0.3926898553930161,33,68,182,1303,-0.14506294128113234,-0.10905940255706298,-0.03600353872406936,surname_region_terminal,G,non_I2_excl_R1a,i2_relic_share_30,continuous
0.3026812040438505,0.416912918697656,0.3026320609069678,0.38468455183724765,34,70,188,1345,-0.1142317146538055,-0.08205249093027983,-0.03217922372352566,surname_region_terminal,G,non_I2_excl_R1a,i2_relic_share_50,continuous
330.65714285714284,307.5857142857143,318.34375,343.0420664206642,35,70,192,1355,23.071428571428555,-24.698316420664185,47.76974499209274,surname_region_terminal,G,non_I2_excl_R1a,slava_n,continuous
14.028571428571428,17.185714285714287,15.776041666666666,22.2,35,70,192,1355,-3.1571428571428584,-6.423958333333333,3.266815476190475,surname_region_terminal,G,non_I2_excl_R1a,slava_region_n,continuous
9.428571428571429,6.171428571428572,5.885416666666667,5.77859778597786,35,70,192,1355,3.257142857142857,0.10681888068880685,3.1503239764540503,surname_region_terminal,G,non_I2_excl_R1a,surname_n,continuous
1.8571428571428572,1.3714285714285714,1.265625,1.3771217712177122,35,70,192,1355,0.48571428571428577,-0.11149677121771218,0.5972110569319979,surname_region_terminal,G,non_I2_excl_R1a,surname_region_n,continuous
22.08189334072509,15.031025885369937,21.284114675474765,19.95820258657775,35,70,240,1730,7.050867455355155,1.325912088897013,5.724955366458142,surname_region_terminal,G,all_non_I2,min_km_to_other_i2_relic,continuous
35.41706879298215,27.272416043025252,35.26009883805734,32.19600374813463,35,70,240,1730,8.144652749956897,3.0640950899227093,5.080557660034188,surname_region_terminal,G,all_non_I2,min_km_to_nonph_i2_relic,continuous
22.081893340725088,15.031025885369937,21.284114675474765,19.95820258657775,35,70,240,1730,7.050867455355151,1.325912088897013,5.724955366458138,surname_region_terminal,G,all_non_I2,min_km_to_i2_relic_diff_terminal,continuous
14.211082712096648,14.25213256640396,12.29401817182606,14.548585902907956,35,70,240,1730,-0.04104985430731212,-2.2545677310818952,2.213517876774583,surname_region_terminal,G,all_non_I2,min_km_to_non_i2_relic,continuous
40.272462369918756,44.430221851045275,39.632396447880424,42.399903065162576,35,70,240,1730,-4.157759481126519,-2.7675066172821516,-1.390252863844367,surname_region_terminal,G,all_non_I2,min_km_to_r1a_relic,continuous
-7.870810628628443,-0.7788933189659767,-8.990096503648704,-5.409616683669797,35,70,240,1730,-7.091917309662467,-3.5804798199789074,-3.5114374896835594,surname_region_terminal,G,all_non_I2,i2_vs_non_i2_distance_gap,continuous
18.190569029193668,29.39919596567534,18.34828177240566,22.44170047858482,35,70,240,1730,-11.208626936481672,-4.093418706179161,-7.11520823030251,surname_region_terminal,G,all_non_I2,i2_vs_r1a_distance_gap,continuous
2.3142857142857145,3.4285714285714284,2.5791666666666666,2.9485549132947977,35,70,240,1730,-1.1142857142857139,-0.3693882466281311,-0.7448974676575828,surname_region_terminal,G,all_non_I2,i2_relic_count_30,continuous
2.142857142857143,3.2,2.35,2.715028901734104,35,70,240,1730,-1.0571428571428574,-0.36502890173410396,-0.6921139554087534,surname_region_terminal,G,all_non_I2,i2_terminal_count_30,continuous
1.4285714285714286,1.8142857142857143,1.4333333333333333,1.6092485549132949,35,70,240,1730,-0.3857142857142857,-0.17591522157996153,-0.20979906413432414,surname_region_terminal,G,all_non_I2,i2_group_count_30,continuous
0.3108746620778706,0.45593760335900296,0.2944410232932755,0.389002540187706,33,68,229,1667,-0.14506294128113234,-0.09456151689443054,-0.0505014243867018,surname_region_terminal,G,all_non_I2,i2_relic_share_30,continuous
0.3026812040438505,0.416912918697656,0.3066170067735373,0.38238461330008033,34,70,236,1717,-0.1142317146538055,-0.07576760652654302,-0.038464108127262475,surname_region_terminal,G,all_non_I2,i2_relic_share_50,continuous
330.65714285714284,307.5857142857143,297.8333333333333,336.70751445086705,35,70,240,1730,23.071428571428555,-38.87418111753374,61.94560968896229,surname_region_terminal,G,all_non_I2,slava_n,continuous
14.028571428571428,17.185714285714287,15.120833333333334,21.811560693641617,35,70,240,1730,-3.1571428571428584,-6.6907273603082835,3.533584503165425,surname_region_terminal,G,all_non_I2,slava_region_n,continuous
9.428571428571429,6.171428571428572,5.733333333333333,5.741040462427746,35,70,240,1730,3.257142857142857,-0.007707129094412402,3.2648499862372695,surname_region_terminal,G,all_non_I2,surname_n,continuous
1.8571428571428572,1.3714285714285714,1.25,1.3722543352601155,35,70,240,1730,0.48571428571428577,-0.12225433526011553,0.6079686209744013,surname_region_terminal,G,all_non_I2,surname_region_n,continuous
22.589108525663057,20.03029647905273,21.64837133304706,18.61508586242561,45,626,182,799,2.5588120466103277,3.0332854706214505,-0.4744734240111228,surname_region_terminal,E,non_I2_excl_R1a,min_km_to_other_i2_relic,continuous
35.32517584837417,33.21305936758873,35.67762336842458,29.70924513164904,45,626,182,799,2.1121164807854456,5.968378236775536,-3.85626175599009,surname_region_terminal,E,non_I2_excl_R1a,min_km_to_nonph_i2_relic,continuous
22.589108525663057,20.03029647905273,21.64837133304706,18.61508586242561,45,626,182,799,2.5588120466103277,3.0332854706214505,-0.4744734240111228,surname_region_terminal,E,non_I2_excl_R1a,min_km_to_i2_relic_diff_terminal,continuous
13.367663390167836,14.463960491697119,11.78755561417062,13.87794774798694,45,626,182,799,-1.0962971015292826,-2.090392133816321,0.9940950322870385,surname_region_terminal,E,non_I2_excl_R1a,min_km_to_non_i2_relic,continuous
42.340505240287484,38.89957875005147,41.35626055310311,43.9993589421534,45,626,182,799,3.4409264902360164,-2.6430983890502873,6.084024879286304,surname_region_terminal,E,non_I2_excl_R1a,min_km_to_r1a_relic,continuous
-9.221445135495223,-5.56633598735561,-9.86081571887644,-4.737138114438667,45,626,182,799,-3.655109148139613,-5.1236776044377725,1.4685684562981596,surname_region_terminal,E,non_I2_excl_R1a,i2_vs_non_i2_distance_gap,continuous
19.751396714624427,18.86928227099874,19.70788922005605,25.38427307972779,45,626,182,799,0.8821144436256887,-5.676383859671741,6.55849830329743,surname_region_terminal,E,non_I2_excl_R1a,i2_vs_r1a_distance_gap,continuous
2.6444444444444444,2.840255591054313,2.5494505494505493,3.1927409261576973,45,626,182,799,-0.19581114660986865,-0.6432903767071481,0.4474792300972794,surname_region_terminal,E,non_I2_excl_R1a,i2_relic_count_30,continuous
2.422222222222222,2.6182108626198084,2.3076923076923075,2.9374217772215268,45,626,182,799,-0.19598864039758634,-0.6297294695292193,0.4337408291316329,surname_region_terminal,E,non_I2_excl_R1a,i2_terminal_count_30,continuous
1.511111111111111,1.5511182108626198,1.4065934065934067,1.7008760951188986,45,626,182,799,-0.040007099751508735,-0.2942826885254919,0.25427558877398315,surname_region_terminal,E,non_I2_excl_R1a,i2_group_count_30,continuous
0.29694337315855646,0.39353520389003976,0.2856605055471976,0.3975944727172589,41,597,174,774,-0.09659183073148331,-0.11193396717006132,0.015342136438578013,surname_region_terminal,E,non_I2_excl_R1a,i2_relic_share_30,continuous
0.32027223114903347,0.3803913292734959,0.29840381256196885,0.39088364112228347,43,621,179,794,-0.06011909812446242,-0.09247982856031461,0.03236073043585219,surname_region_terminal,E,non_I2_excl_R1a,i2_relic_share_50,continuous
297.84444444444443,328.65814696485626,325.7802197802198,351.2052565707134,45,626,182,799,-30.813702520411823,-25.425036790493607,-5.388665729918216,surname_region_terminal,E,non_I2_excl_R1a,slava_n,continuous
14.555555555555555,21.19968051118211,15.741758241758241,22.544430538172715,45,626,182,799,-6.644124955626554,-6.802672296414475,0.158547340787921,surname_region_terminal,E,non_I2_excl_R1a,slava_region_n,continuous
6.377777777777778,5.55111821086262,6.445054945054945,5.991239048811014,45,626,182,799,0.8266595669151586,0.45381589624393115,0.3728436706712275,surname_region_terminal,E,non_I2_excl_R1a,surname_n,continuous
1.2222222222222223,1.351437699680511,1.39010989010989,1.3967459324155194,45,626,182,799,-0.12921547745828876,-0.006636042305629308,-0.12257943515265945,surname_region_terminal,E,non_I2_excl_R1a,surname_region_n,continuous
22.589108525663057,20.03029647905273,21.150190892976017,19.625976738388754,45,626,230,1174,2.5588120466103277,1.5242141545872627,1.034597892023065,surname_region_terminal,E,all_non_I2,min_km_to_other_i2_relic,continuous
35.32517584837417,33.21305936758873,35.271253111788255,31.360119627916635,45,626,230,1174,2.1121164807854456,3.9111334838716196,-1.799017003086174,surname_region_terminal,E,all_non_I2,min_km_to_nonph_i2_relic,continuous
22.589108525663057,20.03029647905273,21.150190892976017,19.625976738388754,45,626,230,1174,2.5588120466103277,1.5242141545872627,1.034597892023065,surname_region_terminal,E,all_non_I2,min_km_to_i2_relic_diff_terminal,continuous
13.367663390167836,14.463960491697119,12.375684363496019,14.57603375117261,45,626,230,1174,-1.0962971015292826,-2.2003493876765905,1.1040522861473079,surname_region_terminal,E,all_non_I2,min_km_to_non_i2_relic,continuous
42.340505240287484,38.89957875005147,39.199950411415315,44.38740335159472,45,626,230,1174,3.4409264902360164,-5.187452940179405,8.628379430415421,surname_region_terminal,E,all_non_I2,min_km_to_r1a_relic,continuous
-9.221445135495223,-5.56633598735561,-8.774506529479998,-5.049942987216145,45,626,230,1174,-3.655109148139613,-3.7245635422638532,0.06945439412424026,surname_region_terminal,E,all_non_I2,i2_vs_non_i2_distance_gap,continuous
19.751396714624427,18.86928227099874,18.049759518439295,24.761426613205966,45,626,230,1174,0.8821144436256887,-6.711667094766671,7.59378153839236,surname_region_terminal,E,all_non_I2,i2_vs_r1a_distance_gap,continuous
2.6444444444444444,2.840255591054313,2.526086956521739,3.0349233390119252,45,626,230,1174,-0.19581114660986865,-0.5088363824901863,0.3130252358803176,surname_region_terminal,E,all_non_I2,i2_relic_count_30,continuous
2.422222222222222,2.6182108626198084,2.3043478260869565,2.79557069846678,45,626,230,1174,-0.19598864039758634,-0.49122287237982354,0.2952342319822372,surname_region_terminal,E,all_non_I2,i2_terminal_count_30,continuous
1.511111111111111,1.5511182108626198,1.4173913043478261,1.6524701873935264,45,626,230,1174,-0.040007099751508735,-0.23507888304570024,0.1950717832941915,surname_region_terminal,E,all_non_I2,i2_group_count_30,continuous
0.29694337315855646,0.39353520389003976,0.29643067820465613,0.39062431880401094,41,597,221,1138,-0.09659183073148331,-0.09419364059935481,-0.002398190132128497,surname_region_terminal,E,all_non_I2,i2_relic_share_30,continuous
0.32027223114903347,0.3803913292734959,0.30344083082219064,0.3855190993706972,43,621,227,1166,-0.06011909812446242,-0.08207826854850658,0.02195917042404416,surname_region_terminal,E,all_non_I2,i2_relic_share_50,continuous
297.84444444444443,328.65814696485626,302.82608695652175,339.263202725724,45,626,230,1174,-30.813702520411823,-36.43711576920225,5.623413248790428,surname_region_terminal,E,all_non_I2,slava_n,continuous
14.555555555555555,21.19968051118211,15.065217391304348,21.862010221465077,45,626,230,1174,-6.644124955626554,-6.796792830160729,0.15266787453417585,surname_region_terminal,E,all_non_I2,slava_region_n,continuous
6.377777777777778,5.55111821086262,6.1695652173913045,5.867972742759796,45,626,230,1174,0.8266595669151586,0.3015924746315086,0.52506709228365,surname_region_terminal,E,all_non_I2,surname_n,continuous
1.2222222222222223,1.351437699680511,1.3478260869565217,1.383304940374787,45,626,230,1174,-0.12921547745828876,-0.03547885341826529,-0.09373662404002348,surname_region_terminal,E,all_non_I2,surname_region_n,continuous
21.781611641979563,16.395754827775914,21.843283190653246,19.919226168406368,31,276,196,1149,5.385856814203649,1.9240570222468776,3.4617997919567713,surname_region_terminal,I1,non_I2_excl_R1a,min_km_to_other_i2_relic,continuous
29.9600898753178,27.06425458468463,36.5010080617105,32.25354896338135,31,276,196,1149,2.895835290633169,4.247459098329152,-1.351623807695983,surname_region_terminal,I1,non_I2_excl_R1a,min_km_to_nonph_i2_relic,continuous
21.781611641979563,16.395754827775914,21.843283190653246,19.919226168406368,31,276,196,1149,5.385856814203649,1.9240570222468776,3.4617997919567713,surname_region_terminal,I1,non_I2_excl_R1a,min_km_to_i2_relic_diff_terminal,continuous
13.026628958591019,12.413275118314045,11.954359574593283,14.549047507214349,31,276,196,1149,0.6133538402769734,-2.5946879326210652,3.2080417728980386,surname_region_terminal,I1,non_I2_excl_R1a,min_km_to_non_i2_relic,continuous
54.87849496317741,36.48107265518729,39.44351435009798,43.026847728007915,31,276,196,1149,18.39742230799012,-3.5833333779099377,21.980755685900057,surname_region_terminal,I1,non_I2_excl_R1a,min_km_to_r1a_relic,continuous
-8.754982683388544,-3.9824797094618694,-9.88892361605996,-5.37017866119202,31,276,196,1149,-4.772502973926675,-4.51874495486794,-0.2537580190587345,surname_region_terminal,I1,non_I2_excl_R1a,i2_vs_non_i2_distance_gap,continuous
33.09688332119784,20.085317827411377,17.600231159444732,23.107621559601547,31,276,196,1149,13.011565493786467,-5.507390400156815,18.518955893943282,surname_region_terminal,I1,non_I2_excl_R1a,i2_vs_r1a_distance_gap,continuous
2.5483870967741935,3.760869565217391,2.5714285714285716,2.864229765013055,31,276,196,1149,-1.2124824684431976,-0.2928011935844834,-0.9196812748587142,surname_region_terminal,I1,non_I2_excl_R1a,i2_relic_count_30,continuous
2.2580645161290325,3.4347826086956523,2.3418367346938775,2.6440382941688423,31,276,196,1149,-1.1767180925666199,-0.30220155947496474,-0.8745165330916551,surname_region_terminal,I1,non_I2_excl_R1a,i2_terminal_count_30,continuous
1.4838709677419355,1.9057971014492754,1.4183673469387754,1.5700609225413402,31,276,196,1149,-0.4219261337073399,-0.1516935756025648,-0.2702325581047751,surname_region_terminal,I1,non_I2_excl_R1a,i2_group_count_30,continuous
0.33597069000294805,0.41921489835411896,0.2796984504055533,0.390064910137769,31,271,184,1100,-0.08324420835117091,-0.1103664597322157,0.027122251381044793,surname_region_terminal,I1,non_I2_excl_R1a,i2_relic_share_30,continuous
0.3567628797557884,0.4092539985006224,0.2938551786155572,0.38071160925703446,31,276,191,1139,-0.052491118744833976,-0.08685643064147724,0.03436531189664327,surname_region_terminal,I1,non_I2_excl_R1a,i2_relic_share_50,continuous
362.64516129032256,381.0072463768116,313.5357142857143,331.76240208877283,31,276,196,1149,-18.36208508648906,-18.226687803058553,-0.13539728343050683,surname_region_terminal,I1,non_I2_excl_R1a,slava_n,continuous
22.516129032258064,25.307971014492754,14.39795918367347,21.147954743255003,31,276,196,1149,-2.79184198223469,-6.749995559581533,3.9581535773468435,surname_region_terminal,I1,non_I2_excl_R1a,slava_region_n,continuous
6.451612903225806,5.1268115942028984,6.428571428571429,5.959094865100087,31,276,196,1149,1.3248013090229076,0.4694765634713418,0.8553247455515658,surname_region_terminal,I1,non_I2_excl_R1a,surname_n,continuous
1.3870967741935485,1.3079710144927537,1.3520408163265305,1.393385552654482,31,276,196,1149,0.07912575970079483,-0.04134473632795155,0.12047049602874638,surname_region_terminal,I1,non_I2_excl_R1a,surname_region_n,continuous
21.781611641979563,16.395754827775914,21.33534355794244,20.377056400452265,31,276,244,1524,5.385856814203649,0.9582871574901759,4.427569656713473,surname_region_terminal,I1,all_non_I2,min_km_to_other_i2_relic,continuous
29.9600898753178,27.06425458468463,35.95597681456264,32.899226602304275,31,276,244,1524,2.895835290633169,3.0567502122583647,-0.16091492162519572,surname_region_terminal,I1,all_non_I2,min_km_to_nonph_i2_relic,continuous
21.781611641979563,16.395754827775914,21.33534355794244,20.377056400452265,31,276,244,1524,5.385856814203649,0.9582871574901759,4.427569656713473,surname_region_terminal,I1,all_non_I2,min_km_to_i2_relic_diff_terminal,continuous
13.026628958591019,12.413275118314045,12.475929337890637,14.921679106971366,31,276,244,1524,0.6133538402769734,-2.445749769080729,3.0591036093577024,surname_region_terminal,I1,all_non_I2,min_km_to_non_i2_relic,continuous
54.87849496317741,36.48107265518729,37.78720486303262,43.565073346110715,31,276,244,1524,18.39742230799012,-5.777868483078095,24.175290791068214,surname_region_terminal,I1,all_non_I2,min_km_to_r1a_relic,continuous
-8.754982683388544,-3.9824797094618694,-8.859414220051802,-5.4553772934808995,31,276,244,1524,-4.772502973926675,-3.4040369265709023,-1.3684660473557724,surname_region_terminal,I1,all_non_I2,i2_vs_non_i2_distance_gap,continuous
33.09688332119784,20.085317827411377,16.45186130509018,23.188016945658447,31,276,244,1524,13.011565493786467,-6.736155640568267,19.747721134354734,surname_region_terminal,I1,all_non_I2,i2_vs_r1a_distance_gap,continuous
2.5483870967741935,3.760869565217391,2.5450819672131146,2.823490813648294,31,276,244,1524,-1.2124824684431976,-0.2784088464351795,-0.9340736220080181,surname_region_terminal,I1,all_non_I2,i2_relic_count_30,continuous
2.2580645161290325,3.4347826086956523,2.331967213114754,2.606955380577428,31,276,244,1524,-1.1767180925666199,-0.27498816746267396,-0.9017299251039459,surname_region_terminal,I1,all_non_I2,i2_terminal_count_30,continuous
1.4838709677419355,1.9057971014492754,1.4262295081967213,1.56496062992126,31,276,244,1524,-0.4219261337073399,-0.1387311217245386,-0.2831950119828013,surname_region_terminal,I1,all_non_I2,i2_group_count_30,continuous
0.33597069000294805,0.41921489835411896,0.29121544066077243,0.38651895769627864,31,271,231,1464,-0.08324420835117091,-0.09530351703550621,0.012059308684335301,surname_region_terminal,I1,all_non_I2,i2_relic_share_30,continuous
0.3567628797557884,0.4092539985006224,0.29955282537077943,0.37907622882786374,31,276,239,1511,-0.052491118744833976,-0.07952340345708431,0.027032284712250332,surname_region_terminal,I1,all_non_I2,i2_relic_share_50,continuous
362.64516129032256,381.0072463768116,294.30737704918033,327.34711286089237,31,276,244,1524,-18.36208508648906,-33.039735811712035,14.677650725222975,surname_region_terminal,I1,all_non_I2,slava_n,continuous
22.516129032258064,25.307971014492754,14.024590163934427,20.965879265091864,31,276,244,1524,-2.79184198223469,-6.941289101157437,4.1494471189227475,surname_region_terminal,I1,all_non_I2,slava_region_n,continuous
6.451612903225806,5.1268115942028984,6.172131147540983,5.872047244094488,31,276,244,1524,1.3248013090229076,0.30008390344649527,1.0247174055764123,surname_region_terminal,I1,all_non_I2,surname_n,continuous
1.3870967741935485,1.3079710144927537,1.319672131147541,1.3838582677165354,31,276,244,1524,0.07912575970079483,-0.06418613656899441,0.14331189626978924,surname_region_terminal,I1,all_non_I2,surname_region_n,continuous
24.932799974481476,30.768085228914984,21.944237112181124,19.41530098190637,132,411,224,1383,-5.835285254433508,2.5289361302747544,-8.364221384708262,location_terminal,I2_all,non_I2_excl_R1a,min_km_to_other_i2_relic,continuous
36.1270411643048,34.23357996730886,35.91691272779868,31.597677175173292,132,411,224,1383,1.8934611969959363,4.31923555262539,-2.4257743556294535,location_terminal,I2_all,non_I2_excl_R1a,min_km_to_nonph_i2_relic,continuous
17.360373546303457,17.825031756791564,21.944237112181124,19.41530098190637,132,411,224,1383,-0.46465821048810696,2.5289361302747544,-2.9935943407628613,location_terminal,I2_all,non_I2_excl_R1a,min_km_to_i2_relic_diff_terminal,continuous
12.520097232774399,14.378218247876353,12.50881178542643,14.47340670645411,132,411,224,1383,-1.858121015101954,-1.9645949210276807,0.1064739059257267,location_terminal,I2_all,non_I2_excl_R1a,min_km_to_non_i2_relic,continuous
38.56135528178376,43.15774527759641,41.73099907334624,43.133587188458876,132,411,224,1383,-4.59638999581265,-1.4025881151126356,-3.193801880700015,location_terminal,I2_all,non_I2_excl_R1a,min_km_to_r1a_relic,continuous
-4.840276313529057,-3.446813508915212,-9.435425326754693,-4.941894275452261,132,411,224,1383,-1.3934628046138453,-4.4935310513024325,3.100068246688587,location_terminal,I2_all,non_I2_excl_R1a,i2_vs_non_i2_distance_gap,continuous
21.200981735480305,25.332713520804848,19.78676196116512,23.718286206552502,132,411,224,1383,-4.131731785324543,-3.931524245387383,-0.20020753993716056,location_terminal,I2_all,non_I2_excl_R1a,i2_vs_r1a_distance_gap,continuous
3.257575757575758,3.1143552311435525,2.6339285714285716,3.1446131597975415,132,411,224,1383,0.1432205264322053,-0.5106845883689699,0.6539051148011752,location_terminal,I2_all,non_I2_excl_R1a,i2_relic_count_30,continuous
2.856060606060606,2.6739659367396595,2.361607142857143,2.7960954446854664,132,411,224,1383,0.18209466932094642,-0.43448830182832365,0.6165829711492701,location_terminal,I2_all,non_I2_excl_R1a,i2_terminal_count_30,continuous
1.6515151515151516,1.4063260340632604,1.4196428571428572,1.6196673897324656,132,411,224,1383,0.2451891174518912,-0.2000245325896084,0.4452136500414996,location_terminal,I2_all,non_I2_excl_R1a,i2_group_count_30,continuous
0.3900497506952356,0.4336670977873038,0.2927789692382725,0.40759800475979124,130,401,212,1326,-0.04361734709206816,-0.11481903552151873,0.07120168842945057,location_terminal,I2_all,non_I2_excl_R1a,i2_relic_share_30,continuous
0.36595951992302417,0.4262577898374527,0.31014815863167755,0.3979810927291135,132,408,219,1372,-0.06029826991442855,-0.08783293409743592,0.027534664183007374,location_terminal,I2_all,non_I2_excl_R1a,i2_relic_share_50,continuous
277.6439393939394,304.4744525547445,318.23660714285717,339.6348517715112,132,411,224,1383,-26.83051316080514,-21.398244628654027,-5.432268532151113,location_terminal,I2_all,non_I2_excl_R1a,slava_n,continuous
19.356060606060606,29.656934306569344,15.285714285714286,21.900939985538685,132,411,224,1383,-10.300873700508738,-6.615225699824398,-3.68564800068434,location_terminal,I2_all,non_I2_excl_R1a,slava_region_n,continuous
4.9393939393939394,4.927007299270073,6.15625,5.653651482284888,132,411,224,1383,0.012386640123866144,0.5025985177151124,-0.4902118775912463,location_terminal,I2_all,non_I2_excl_R1a,surname_n,continuous
1.3484848484848484,1.4549878345498783,1.3794642857142858,1.4360086767895879,132,411,224,1383,-0.10650298606502995,-0.05654439107530207,-0.04995859498972788,location_terminal,I2_all,non_I2_excl_R1a,surname_region_n,continuous
24.932799974481476,30.768085228914984,21.522920313375348,19.719876880043856,132,411,271,1753,-5.835285254433508,1.8030434333314922,-7.638328687765,location_terminal,I2_all,all_non_I2,min_km_to_other_i2_relic,continuous
36.1270411643048,34.23357996730886,35.635096615170326,32.110547437931444,132,411,271,1753,1.8934611969959363,3.5245491772388817,-1.6310879802429454,location_terminal,I2_all,all_non_I2,min_km_to_nonph_i2_relic,continuous
17.360373546303457,17.825031756791564,21.522920313375348,19.719876880043856,132,411,271,1753,-0.46465821048810696,1.8030434333314922,-2.267701643819599,location_terminal,I2_all,all_non_I2,min_km_to_i2_relic_diff_terminal,continuous
12.520097232774399,14.378218247876353,12.937445512083752,14.628732092032259,132,411,271,1753,-1.858121015101954,-1.6912865799485068,-0.1668344351534472,location_terminal,I2_all,all_non_I2,min_km_to_non_i2_relic,continuous
38.56135528178376,43.15774527759641,40.10032287756105,43.31445744964934,132,411,271,1753,-4.59638999581265,-3.214134572088291,-1.3822554237243594,location_terminal,I2_all,all_non_I2,min_km_to_r1a_relic,continuous
-4.840276313529057,-3.446813508915212,-8.585474801291596,-5.091144788011596,132,411,271,1753,-1.3934628046138453,-3.49433001328,2.1008672086661546,location_terminal,I2_all,all_non_I2,i2_vs_non_i2_distance_gap,continuous
21.200981735480305,25.332713520804848,18.577402564185697,23.594580569605487,132,411,271,1753,-4.131731785324543,-5.01717800541979,0.8854462200952469,location_terminal,I2_all,all_non_I2,i2_vs_r1a_distance_gap,continuous
3.257575757575758,3.1143552311435525,2.5682656826568264,3.0792926411865373,132,411,271,1753,0.1432205264322053,-0.5110269585297109,0.6542474849619162,location_terminal,I2_all,all_non_I2,i2_relic_count_30,continuous
2.856060606060606,2.6739659367396595,2.3173431734317345,2.739874500855676,132,411,271,1753,0.18209466932094642,-0.4225313274239415,0.6046259967448879,location_terminal,I2_all,all_non_I2,i2_terminal_count_30,continuous
1.6515151515151516,1.4063260340632604,1.4169741697416973,1.6058185966913863,132,411,271,1753,0.2451891174518912,-0.18884442694968895,0.43403354440158015,location_terminal,I2_all,all_non_I2,i2_group_count_30,continuous
0.3900497506952356,0.4336670977873038,0.30077943981485455,0.40322577693146106,130,401,258,1684,-0.04361734709206816,-0.1024463371166065,0.05882899002453834,location_terminal,I2_all,all_non_I2,i2_relic_share_30,continuous
0.36595951992302417,0.4262577898374527,0.3126455523336307,0.39493135708888405,132,408,266,1740,-0.06029826991442855,-0.08228580475525332,0.021987534840824774,location_terminal,I2_all,all_non_I2,i2_relic_share_50,continuous
827,1315.8108108108108,1917.9347826086957,2012.027027027027,50,370,46,370,-488.81081081081084,-94.09224441833135,-394.7185663924795,location_terminal,I2_all,all_non_I2,tmrca_ybp,continuous
277.6439393939394,304.4744525547445,300.36162361623616,334.3553907586994,132,411,271,1753,-26.83051316080514,-33.99376714246324,7.163253981658102,location_terminal,I2_all,all_non_I2,slava_n,continuous
19.356060606060606,29.656934306569344,14.66789667896679,21.704506560182544,132,411,271,1753,-10.300873700508738,-7.036609881215755,-3.2642638192929834,location_terminal,I2_all,all_non_I2,slava_region_n,continuous
4.9393939393939394,4.927007299270073,5.96309963099631,5.584711922418711,132,411,271,1753,0.012386640123866144,0.3783877085775993,-0.36600106845373315,location_terminal,I2_all,all_non_I2,surname_n,continuous
1.3484848484848484,1.4549878345498783,1.3505535055350553,1.4266970907016543,132,411,271,1753,-0.10650298606502995,-0.07614358516659903,-0.03035940089843092,location_terminal,I2_all,all_non_I2,surname_region_n,continuous
26.165838054010653,31.212976472653768,21.944237112181124,19.41530098190637,82,370,224,1383,-5.047138418643115,2.5289361302747544,-7.57607454891787,location_terminal,PH908_primary,non_I2_excl_R1a,min_km_to_other_i2_relic,continuous
29.298016251164583,32.766037675235076,35.91691272779868,31.597677175173292,82,370,224,1383,-3.4680214240704927,4.31923555262539,-7.787256976695883,location_terminal,PH908_primary,non_I2_excl_R1a,min_km_to_nonph_i2_relic,continuous
14.41297425701012,16.868841731416854,21.944237112181124,19.41530098190637,82,370,224,1383,-2.455867474406734,2.5289361302747544,-4.984803604681488,location_terminal,PH908_primary,non_I2_excl_R1a,min_km_to_i2_relic_diff_terminal,continuous
12.630822945043452,13.949065726802205,12.50881178542643,14.47340670645411,82,370,224,1383,-1.3182427817587534,-1.9645949210276807,0.6463521392689273,location_terminal,PH908_primary,non_I2_excl_R1a,min_km_to_non_i2_relic,continuous
38.740421428157255,42.04420932488603,41.73099907334624,43.133587188458876,82,370,224,1383,-3.303787896728778,-1.4025881151126356,-1.9011997816161426,location_terminal,PH908_primary,non_I2_excl_R1a,min_km_to_r1a_relic,continuous
-1.7821513119666685,-2.9197760046146466,-9.435425326754693,-4.941894275452261,82,370,224,1383,1.137624692647978,-4.4935310513024325,5.63115574395041,location_terminal,PH908_primary,non_I2_excl_R1a,i2_vs_non_i2_distance_gap,continuous
24.327447171147135,25.17536759346918,19.78676196116512,23.718286206552502,82,370,224,1383,-0.8479204223220442,-3.931524245387383,3.0836038230653386,location_terminal,PH908_primary,non_I2_excl_R1a,i2_vs_r1a_distance_gap,continuous
3.548780487804878,3.1486486486486487,2.6339285714285716,3.1446131597975415,82,370,224,1383,0.4001318391562294,-0.5106845883689699,0.9108164275251993,location_terminal,PH908_primary,non_I2_excl_R1a,i2_relic_count_30,continuous
3.1097560975609757,2.7027027027027026,2.361607142857143,2.7960954446854664,82,370,224,1383,0.4070533948582731,-0.43448830182832365,0.8415416966865967,location_terminal,PH908_primary,non_I2_excl_R1a,i2_terminal_count_30,continuous
1.8414634146341464,1.4216216216216215,1.4196428571428572,1.6196673897324656,82,370,224,1383,0.4198417930125249,-0.2000245325896084,0.6198663256021333,location_terminal,PH908_primary,non_I2_excl_R1a,i2_group_count_30,continuous
0.4261718092205897,0.4433523054113958,0.2927789692382725,0.40759800475979124,82,361,212,1326,-0.017180496190806083,-0.11481903552151873,0.09763853933071265,location_terminal,PH908_primary,non_I2_excl_R1a,i2_relic_share_30,continuous
0.39221716939168955,0.4322502708833164,0.31014815863167755,0.3979810927291135,82,368,219,1372,-0.040033101491626866,-0.08783293409743592,0.047799832605809056,location_terminal,PH908_primary,non_I2_excl_R1a,i2_relic_share_50,continuous
264.5609756097561,296.12432432432433,318.23660714285717,339.6348517715112,82,370,224,1383,-31.563348714568235,-21.398244628654027,-10.165104085914209,location_terminal,PH908_primary,non_I2_excl_R1a,slava_n,continuous
21.036585365853657,30.08108108108108,15.285714285714286,21.900939985538685,82,370,224,1383,-9.044495715227423,-6.615225699824398,-2.4292700154030253,location_terminal,PH908_primary,non_I2_excl_R1a,slava_region_n,continuous
5.036585365853658,4.964864864864865,6.15625,5.653651482284888,82,370,224,1383,0.07172050098879357,0.5025985177151124,-0.43087801672631887,location_terminal,PH908_primary,non_I2_excl_R1a,surname_n,continuous
1.4634146341463414,1.4702702702702704,1.3794642857142858,1.4360086767895879,82,370,224,1383,-0.006855636123928921,-0.05654439107530207,0.04968875495137315,location_terminal,PH908_primary,non_I2_excl_R1a,surname_region_n,continuous
26.165838054010653,31.212976472653768,21.522920313375348,19.719876880043856,82,370,271,1753,-5.047138418643115,1.8030434333314922,-6.850181851974607,location_terminal,PH908_primary,all_non_I2,min_km_to_other_i2_relic,continuous
29.298016251164583,32.766037675235076,35.635096615170326,32.110547437931444,82,370,271,1753,-3.4680214240704927,3.5245491772388817,-6.9925706013093745,location_terminal,PH908_primary,all_non_I2,min_km_to_nonph_i2_relic,continuous
14.41297425701012,16.868841731416854,21.522920313375348,19.719876880043856,82,370,271,1753,-2.455867474406734,1.8030434333314922,-4.258910907738226,location_terminal,PH908_primary,all_non_I2,min_km_to_i2_relic_diff_terminal,continuous
12.630822945043452,13.949065726802205,12.937445512083752,14.628732092032259,82,370,271,1753,-1.3182427817587534,-1.6912865799485068,0.3730437981897534,location_terminal,PH908_primary,all_non_I2,min_km_to_non_i2_relic,continuous
38.740421428157255,42.04420932488603,40.10032287756105,43.31445744964934,82,370,271,1753,-3.303787896728778,-3.214134572088291,-0.08965332464048714,location_terminal,PH908_primary,all_non_I2,min_km_to_r1a_relic,continuous
-1.7821513119666685,-2.9197760046146466,-8.585474801291596,-5.091144788011596,82,370,271,1753,1.137624692647978,-3.49433001328,4.631954705927978,location_terminal,PH908_primary,all_non_I2,i2_vs_non_i2_distance_gap,continuous
24.327447171147135,25.17536759346918,18.577402564185697,23.594580569605487,82,370,271,1753,-0.8479204223220442,-5.01717800541979,4.169257583097746,location_terminal,PH908_primary,all_non_I2,i2_vs_r1a_distance_gap,continuous
3.548780487804878,3.1486486486486487,2.5682656826568264,3.0792926411865373,82,370,271,1753,0.4001318391562294,-0.5110269585297109,0.9111587976859403,location_terminal,PH908_primary,all_non_I2,i2_relic_count_30,continuous
3.1097560975609757,2.7027027027027026,2.3173431734317345,2.739874500855676,82,370,271,1753,0.4070533948582731,-0.4225313274239415,0.8295847222822146,location_terminal,PH908_primary,all_non_I2,i2_terminal_count_30,continuous
1.8414634146341464,1.4216216216216215,1.4169741697416973,1.6058185966913863,82,370,271,1753,0.4198417930125249,-0.18884442694968895,0.6086862199622138,location_terminal,PH908_primary,all_non_I2,i2_group_count_30,continuous
0.4261718092205897,0.4433523054113958,0.30077943981485455,0.40322577693146106,82,361,258,1684,-0.017180496190806083,-0.1024463371166065,0.08526584092580042,location_terminal,PH908_primary,all_non_I2,i2_relic_share_30,continuous
0.39221716939168955,0.4322502708833164,0.3126455523336307,0.39493135708888405,82,368,266,1740,-0.040033101491626866,-0.08228580475525332,0.04225270326362646,location_terminal,PH908_primary,all_non_I2,i2_relic_share_50,continuous
827,1315.8108108108108,1917.9347826086957,2012.027027027027,50,370,46,370,-488.81081081081084,-94.09224441833135,-394.7185663924795,location_terminal,PH908_primary,all_non_I2,tmrca_ybp,continuous
264.5609756097561,296.12432432432433,300.36162361623616,334.3553907586994,82,370,271,1753,-31.563348714568235,-33.99376714246324,2.430418427895006,location_terminal,PH908_primary,all_non_I2,slava_n,continuous
21.036585365853657,30.08108108108108,14.66789667896679,21.704506560182544,82,370,271,1753,-9.044495715227423,-7.036609881215755,-2.0078858340116685,location_terminal,PH908_primary,all_non_I2,slava_region_n,continuous
5.036585365853658,4.964864864864865,5.96309963099631,5.584711922418711,82,370,271,1753,0.07172050098879357,0.3783877085775993,-0.3066672075888057,location_terminal,PH908_primary,all_non_I2,surname_n,continuous
1.4634146341463414,1.4702702702702704,1.3505535055350553,1.4266970907016543,82,370,271,1753,-0.006855636123928921,-0.07614358516659903,0.0692879490426701,location_terminal,PH908_primary,all_non_I2,surname_region_n,continuous
22.910617524053624,26.75321302932109,21.944237112181124,19.41530098190637,50,41,224,1383,-3.8425955052674645,2.5289361302747544,-6.371531635542219,location_terminal,nonPH908_I2,non_I2_excl_R1a,min_km_to_other_i2_relic,continuous
47.326642021854745,47.4772543104138,35.91691272779868,31.597677175173292,50,41,224,1383,-0.15061228855905284,4.31923555262539,-4.469847841184443,location_terminal,nonPH908_I2,non_I2_excl_R1a,min_km_to_nonph_i2_relic,continuous
22.194108380744527,26.454063693099936,21.944237112181124,19.41530098190637,50,41,224,1383,-4.259955312355409,2.5289361302747544,-6.788891442630163,location_terminal,nonPH908_I2,non_I2_excl_R1a,min_km_to_i2_relic_diff_terminal,continuous
12.33850706465315,18.251058072204014,12.50881178542643,14.47340670645411,50,41,224,1383,-5.912551007550864,-1.9645949210276807,-3.947956086523183,location_terminal,nonPH908_I2,non_I2_excl_R1a,min_km_to_non_i2_relic,continuous
38.26768680173124,53.206728265470566,41.73099907334624,43.133587188458876,50,41,224,1383,-14.93904146373933,-1.4025881151126356,-13.536453348626694,location_terminal,nonPH908_I2,non_I2_excl_R1a,min_km_to_r1a_relic,continuous
-9.855601316091375,-8.203005620895922,-9.435425326754693,-4.941894275452261,50,41,224,1383,-1.652595695195453,-4.4935310513024325,2.8409353561069794,location_terminal,nonPH908_I2,non_I2_excl_R1a,i2_vs_non_i2_distance_gap,continuous
16.073578420986706,26.752664572370627,19.78676196116512,23.718286206552502,50,41,224,1383,-10.67908615138392,-3.931524245387383,-6.7475619059965375,location_terminal,nonPH908_I2,non_I2_excl_R1a,i2_vs_r1a_distance_gap,continuous
2.78,2.8048780487804876,2.6339285714285716,3.1446131597975415,50,41,224,1383,-0.024878048780487827,-0.5106845883689699,0.4858065395884821,location_terminal,nonPH908_I2,non_I2_excl_R1a,i2_relic_count_30,continuous
2.44,2.4146341463414633,2.361607142857143,2.7960954446854664,50,41,224,1383,0.025365853658536608,-0.43448830182832365,0.45985415548686026,location_terminal,nonPH908_I2,non_I2_excl_R1a,i2_terminal_count_30,continuous
1.34,1.2682926829268293,1.4196428571428572,1.6196673897324656,50,41,224,1383,0.0717073170731708,-0.2000245325896084,0.2717318496627792,location_terminal,nonPH908_I2,non_I2_excl_R1a,i2_group_count_30,continuous
0.3283412340477558,0.3462580989798732,0.2927789692382725,0.40759800475979124,48,40,212,1326,-0.017916864932117416,-0.11481903552151873,0.09690217058940132,location_terminal,nonPH908_I2,non_I2_excl_R1a,i2_relic_share_30,continuous
0.322896974794413,0.3711269642155063,0.31014815863167755,0.3979810927291135,50,40,219,1372,-0.0482299894210933,-0.08783293409743592,0.03960294467634262,location_terminal,nonPH908_I2,non_I2_excl_R1a,i2_relic_share_50,continuous
299.1,379.8292682926829,318.23660714285717,339.6348517715112,50,41,224,1383,-80.72926829268289,-21.398244628654027,-59.33102366402886,location_terminal,nonPH908_I2,non_I2_excl_R1a,slava_n,continuous
16.6,25.829268292682926,15.285714285714286,21.900939985538685,50,41,224,1383,-9.229268292682924,-6.615225699824398,-2.6140425928585262,location_terminal,nonPH908_I2,non_I2_excl_R1a,slava_region_n,continuous
4.78,4.585365853658536,6.15625,5.653651482284888,50,41,224,1383,0.19463414634146403,0.5025985177151124,-0.3079643713736484,location_terminal,nonPH908_I2,non_I2_excl_R1a,surname_n,continuous
1.16,1.3170731707317074,1.3794642857142858,1.4360086767895879,50,41,224,1383,-0.15707317073170746,-0.05654439107530207,-0.10052877965640539,location_terminal,nonPH908_I2,non_I2_excl_R1a,surname_region_n,continuous
22.910617524053624,26.75321302932109,21.522920313375348,19.719876880043856,50,41,271,1753,-3.8425955052674645,1.8030434333314922,-5.645638938598957,location_terminal,nonPH908_I2,all_non_I2,min_km_to_other_i2_relic,continuous
47.326642021854745,47.4772543104138,35.635096615170326,32.110547437931444,50,41,271,1753,-0.15061228855905284,3.5245491772388817,-3.6751614657979346,location_terminal,nonPH908_I2,all_non_I2,min_km_to_nonph_i2_relic,continuous
22.194108380744527,26.454063693099936,21.522920313375348,19.719876880043856,50,41,271,1753,-4.259955312355409,1.8030434333314922,-6.062998745686901,location_terminal,nonPH908_I2,all_non_I2,min_km_to_i2_relic_diff_terminal,continuous
12.33850706465315,18.251058072204014,12.937445512083752,14.628732092032259,50,41,271,1753,-5.912551007550864,-1.6912865799485068,-4.221264427602357,location_terminal,nonPH908_I2,all_non_I2,min_km_to_non_i2_relic,continuous
38.26768680173124,53.206728265470566,40.10032287756105,43.31445744964934,50,41,271,1753,-14.93904146373933,-3.214134572088291,-11.724906891651038,location_terminal,nonPH908_I2,all_non_I2,min_km_to_r1a_relic,continuous
-9.855601316091375,-8.203005620895922,-8.585474801291596,-5.091144788011596,50,41,271,1753,-1.652595695195453,-3.49433001328,1.841734318084547,location_terminal,nonPH908_I2,all_non_I2,i2_vs_non_i2_distance_gap,continuous
16.073578420986706,26.752664572370627,18.577402564185697,23.594580569605487,50,41,271,1753,-10.67908615138392,-5.01717800541979,-5.66190814596413,location_terminal,nonPH908_I2,all_non_I2,i2_vs_r1a_distance_gap,continuous
2.78,2.8048780487804876,2.5682656826568264,3.0792926411865373,50,41,271,1753,-0.024878048780487827,-0.5110269585297109,0.4861489097492231,location_terminal,nonPH908_I2,all_non_I2,i2_relic_count_30,continuous
2.44,2.4146341463414633,2.3173431734317345,2.739874500855676,50,41,271,1753,0.025365853658536608,-0.4225313274239415,0.4478971810824781,location_terminal,nonPH908_I2,all_non_I2,i2_terminal_count_30,continuous
1.34,1.2682926829268293,1.4169741697416973,1.6058185966913863,50,41,271,1753,0.0717073170731708,-0.18884442694968895,0.26055174402285974,location_terminal,nonPH908_I2,all_non_I2,i2_group_count_30,continuous
0.3283412340477558,0.3462580989798732,0.30077943981485455,0.40322577693146106,48,40,258,1684,-0.017916864932117416,-0.1024463371166065,0.08452947218448909,location_terminal,nonPH908_I2,all_non_I2,i2_relic_share_30,continuous
0.322896974794413,0.3711269642155063,0.3126455523336307,0.39493135708888405,50,40,266,1740,-0.0482299894210933,-0.08228580475525332,0.03405581533416002,location_terminal,nonPH908_I2,all_non_I2,i2_relic_share_50,continuous
299.1,379.8292682926829,300.36162361623616,334.3553907586994,50,41,271,1753,-80.72926829268289,-33.99376714246324,-46.73550115021965,location_terminal,nonPH908_I2,all_non_I2,slava_n,continuous
16.6,25.829268292682926,14.66789667896679,21.704506560182544,50,41,271,1753,-9.229268292682924,-7.036609881215755,-2.1926584114671694,location_terminal,nonPH908_I2,all_non_I2,slava_region_n,continuous
4.78,4.585365853658536,5.96309963099631,5.584711922418711,50,41,271,1753,0.19463414634146403,0.3783877085775993,-0.18375356223613526,location_terminal,nonPH908_I2,all_non_I2,surname_n,continuous
1.16,1.3170731707317074,1.3505535055350553,1.4266970907016543,50,41,271,1753,-0.15707317073170746,-0.07614358516659903,-0.08092958556510843,location_terminal,nonPH908_I2,all_non_I2,surname_region_n,continuous
19.514942378641443,20.858332196595583,21.944237112181124,19.41530098190637,47,370,224,1383,-1.3433898179541401,2.5289361302747544,-3.8723259482288945,location_terminal,R1a,non_I2_excl_R1a,min_km_to_other_i2_relic,continuous
34.29197301455859,34.02757331197072,35.91691272779868,31.597677175173292,47,370,224,1383,0.26439970258787326,4.31923555262539,-4.054835850037517,location_terminal,R1a,non_I2_excl_R1a,min_km_to_nonph_i2_relic,continuous
19.514942378641443,20.858332196595583,21.944237112181124,19.41530098190637,47,370,224,1383,-1.3433898179541401,2.5289361302747544,-3.8723259482288945,location_terminal,R1a,non_I2_excl_R1a,min_km_to_i2_relic_diff_terminal,continuous
14.980295613599498,15.209313195423011,12.50881178542643,14.47340670645411,47,370,224,1383,-0.22901758182351273,-1.9645949210276807,1.735577339204168,location_terminal,R1a,non_I2_excl_R1a,min_km_to_non_i2_relic,continuous
32.32858951892521,43.990521155666684,41.73099907334624,43.133587188458876,47,370,224,1383,-11.661931636741471,-1.4025881151126356,-10.259343521628836,location_terminal,R1a,non_I2_excl_R1a,min_km_to_r1a_relic,continuous
-4.534646765041944,-5.649019001172572,-9.435425326754693,-4.941894275452261,47,370,224,1383,1.1143722361306283,-4.4935310513024325,5.607903287433061,location_terminal,R1a,non_I2_excl_R1a,i2_vs_non_i2_distance_gap,continuous
12.81364714028377,23.1321889590711,19.78676196116512,23.718286206552502,47,370,224,1383,-10.318541818787331,-3.931524245387383,-6.387017573399948,location_terminal,R1a,non_I2_excl_R1a,i2_vs_r1a_distance_gap,continuous
2.25531914893617,2.8351351351351353,2.6339285714285716,3.1446131597975415,47,370,224,1383,-0.5798159861989651,-0.5106845883689699,-0.06913139782999522,location_terminal,R1a,non_I2_excl_R1a,i2_relic_count_30,continuous
2.106382978723404,2.5297297297297296,2.361607142857143,2.7960954446854664,47,370,224,1383,-0.4233467510063256,-0.43448830182832365,0.01114155082199808,location_terminal,R1a,non_I2_excl_R1a,i2_terminal_count_30,continuous
1.4042553191489362,1.554054054054054,1.4196428571428572,1.6196673897324656,47,370,224,1383,-0.14979873490511775,-0.2000245325896084,0.05022579768449065,location_terminal,R1a,non_I2_excl_R1a,i2_group_count_30,continuous
0.33765117377649345,0.3870314358689867,0.2927789692382725,0.40759800475979124,46,358,212,1326,-0.04938026209249324,-0.11481903552151873,0.06543877342902549,location_terminal,R1a,non_I2_excl_R1a,i2_relic_share_30,continuous
0.32428234426400837,0.38356114703889826,0.31014815863167755,0.3979810927291135,47,368,219,1372,-0.059278802774889894,-0.08783293409743592,0.028554131322546028,location_terminal,R1a,non_I2_excl_R1a,i2_relic_share_50,continuous
215.17021276595744,314.6216216216216,318.23660714285717,339.6348517715112,47,370,224,1383,-99.45140885566417,-21.398244628654027,-78.05316422701014,location_terminal,R1a,non_I2_excl_R1a,slava_n,continuous
11.72340425531915,20.97027027027027,15.285714285714286,21.900939985538685,47,370,224,1383,-9.24686601495112,-6.615225699824398,-2.631640315126722,location_terminal,R1a,non_I2_excl_R1a,slava_region_n,continuous
5.042553191489362,5.327027027027027,6.15625,5.653651482284888,47,370,224,1383,-0.28447383553766503,0.5025985177151124,-0.7870723532527775,location_terminal,R1a,non_I2_excl_R1a,surname_n,continuous
1.2127659574468086,1.3918918918918919,1.3794642857142858,1.4360086767895879,47,370,224,1383,-0.1791259344450833,-0.05654439107530207,-0.12258154336978122,location_terminal,R1a,non_I2_excl_R1a,surname_region_n,continuous
19.514942378641443,20.858332196595583,21.944237112181124,19.41530098190637,47,370,224,1383,-1.3433898179541401,2.5289361302747544,-3.8723259482288945,location_terminal,R1a,all_non_I2,min_km_to_other_i2_relic,continuous
34.29197301455859,34.02757331197072,35.91691272779868,31.597677175173292,47,370,224,1383,0.26439970258787326,4.31923555262539,-4.054835850037517,location_terminal,R1a,all_non_I2,min_km_to_nonph_i2_relic,continuous
19.514942378641443,20.858332196595583,21.944237112181124,19.41530098190637,47,370,224,1383,-1.3433898179541401,2.5289361302747544,-3.8723259482288945,location_terminal,R1a,all_non_I2,min_km_to_i2_relic_diff_terminal,continuous
14.980295613599498,15.209313195423011,12.50881178542643,14.47340670645411,47,370,224,1383,-0.22901758182351273,-1.9645949210276807,1.735577339204168,location_terminal,R1a,all_non_I2,min_km_to_non_i2_relic,continuous
32.32858951892521,43.990521155666684,41.73099907334624,43.133587188458876,47,370,224,1383,-11.661931636741471,-1.4025881151126356,-10.259343521628836,location_terminal,R1a,all_non_I2,min_km_to_r1a_relic,continuous
-4.534646765041944,-5.649019001172572,-9.435425326754693,-4.941894275452261,47,370,224,1383,1.1143722361306283,-4.4935310513024325,5.607903287433061,location_terminal,R1a,all_non_I2,i2_vs_non_i2_distance_gap,continuous
12.81364714028377,23.1321889590711,19.78676196116512,23.718286206552502,47,370,224,1383,-10.318541818787331,-3.931524245387383,-6.387017573399948,location_terminal,R1a,all_non_I2,i2_vs_r1a_distance_gap,continuous
2.25531914893617,2.8351351351351353,2.6339285714285716,3.1446131597975415,47,370,224,1383,-0.5798159861989651,-0.5106845883689699,-0.06913139782999522,location_terminal,R1a,all_non_I2,i2_relic_count_30,continuous
2.106382978723404,2.5297297297297296,2.361607142857143,2.7960954446854664,47,370,224,1383,-0.4233467510063256,-0.43448830182832365,0.01114155082199808,location_terminal,R1a,all_non_I2,i2_terminal_count_30,continuous
1.4042553191489362,1.554054054054054,1.4196428571428572,1.6196673897324656,47,370,224,1383,-0.14979873490511775,-0.2000245325896084,0.05022579768449065,location_terminal,R1a,all_non_I2,i2_group_count_30,continuous
0.33765117377649345,0.3870314358689867,0.2927789692382725,0.40759800475979124,46,358,212,1326,-0.04938026209249324,-0.11481903552151873,0.06543877342902549,location_terminal,R1a,all_non_I2,i2_relic_share_30,continuous
0.32428234426400837,0.38356114703889826,0.31014815863167755,0.3979810927291135,47,368,219,1372,-0.059278802774889894,-0.08783293409743592,0.028554131322546028,location_terminal,R1a,all_non_I2,i2_relic_share_50,continuous
215.17021276595744,314.6216216216216,318.23660714285717,339.6348517715112,47,370,224,1383,-99.45140885566417,-21.398244628654027,-78.05316422701014,location_terminal,R1a,all_non_I2,slava_n,continuous
11.72340425531915,20.97027027027027,15.285714285714286,21.900939985538685,47,370,224,1383,-9.24686601495112,-6.615225699824398,-2.631640315126722,location_terminal,R1a,all_non_I2,slava_region_n,continuous
5.042553191489362,5.327027027027027,6.15625,5.653651482284888,47,370,224,1383,-0.28447383553766503,0.5025985177151124,-0.7870723532527775,location_terminal,R1a,all_non_I2,surname_n,continuous
1.2127659574468086,1.3918918918918919,1.3794642857142858,1.4360086767895879,47,370,224,1383,-0.1791259344450833,-0.05654439107530207,-0.12258154336978122,location_terminal,R1a,all_non_I2,surname_region_n,continuous
19.023079768603424,23.60454052189843,22.917956226707023,19.031755767510887,56,116,168,1267,-4.581460753295005,3.886200459196136,-8.46766121249114,location_terminal,R1b,non_I2_excl_R1a,min_km_to_other_i2_relic,continuous
35.16778332296852,34.70564395609272,36.16662252940874,31.313127730353518,56,116,168,1267,0.46213936687579604,4.853494799055223,-4.391355432179427,location_terminal,R1b,non_I2_excl_R1a,min_km_to_nonph_i2_relic,continuous
19.023079768603424,23.60454052189843,22.917956226707023,19.031755767510887,56,116,168,1267,-4.581460753295005,3.886200459196136,-8.46766121249114,location_terminal,R1b,non_I2_excl_R1a,min_km_to_i2_relic_diff_terminal,continuous
11.088828658061008,14.52543357260736,12.982139494548237,14.468643394320111,56,116,168,1267,-3.4366049145463524,-1.4865038997718738,-1.9501010147744786,location_terminal,R1b,non_I2_excl_R1a,min_km_to_non_i2_relic,continuous
36.16516803374865,45.87948030714294,43.58627608654544,42.88218734491716,56,116,168,1267,-9.714312273394292,0.7040887416282757,-10.418401015022567,location_terminal,R1b,non_I2_excl_R1a,min_km_to_r1a_relic,continuous
-7.934251110542415,-9.07910694929107,-9.935816732158786,-4.5631123731907755,56,116,168,1267,1.1448558387486552,-5.372704358968011,6.517560197716666,location_terminal,R1b,non_I2_excl_R1a,i2_vs_non_i2_distance_gap,continuous
17.14208826514523,22.274939785244513,20.668319859838416,23.850431577406273,56,116,168,1267,-5.132851520099283,-3.1821117175678566,-1.9507398025314266,location_terminal,R1b,non_I2_excl_R1a,i2_vs_r1a_distance_gap,continuous
3.25,2.9827586206896552,2.4285714285714284,3.159431728492502,56,116,168,1267,0.26724137931034475,-0.7308602999210736,0.9981016792314183,location_terminal,R1b,non_I2_excl_R1a,i2_relic_count_30,continuous
2.8392857142857144,2.6293103448275863,2.2023809523809526,2.8113654301499604,56,116,168,1267,0.20997536945812811,-0.6089844777690079,0.818959847227136,location_terminal,R1b,non_I2_excl_R1a,i2_terminal_count_30,continuous
1.4107142857142858,1.5517241379310345,1.4226190476190477,1.6258879242304656,56,116,168,1267,-0.14100985221674867,-0.2032688766114179,0.06225902439466924,location_terminal,R1b,non_I2_excl_R1a,i2_group_count_30,continuous
0.2990200143080858,0.3732546419741927,0.29075062959058323,0.4106739509747709,52,109,160,1217,-0.07423462766610694,-0.11992332138418765,0.04568869371808071,location_terminal,R1b,non_I2_excl_R1a,i2_relic_share_30,continuous
0.3121721641447215,0.37841859696297103,0.309469376294986,0.39971998124165947,55,112,164,1260,-0.06624643281824955,-0.09025060494667347,0.02400417212842393,location_terminal,R1b,non_I2_excl_R1a,i2_relic_share_50,continuous
334.625,289.5689655172414,312.7738095238095,344.21862667719023,56,116,168,1267,45.056034482758605,-31.44481715338071,76.50085163613932,location_terminal,R1b,non_I2_excl_R1a,slava_n,continuous
15.25,18.95689655172414,15.297619047619047,22.17048145224941,56,116,168,1267,-3.706896551724139,-6.872862404630361,3.165965852906222,location_terminal,R1b,non_I2_excl_R1a,slava_region_n,continuous
5.553571428571429,6.543103448275862,6.357142857142857,5.572217837411207,56,116,168,1267,-0.9895320197044333,0.7849250197316495,-1.7744570394360828,location_terminal,R1b,non_I2_excl_R1a,surname_n,continuous
1.2142857142857142,1.5344827586206897,1.4345238095238095,1.4269928966061562,56,116,168,1267,-0.32019704433497553,0.007530912917653287,-0.3277279572526288,location_terminal,R1b,non_I2_excl_R1a,surname_region_n,continuous
19.023079768603424,23.60454052189843,22.174041571548504,19.444604441158617,56,116,215,1637,-4.581460753295005,2.7294371303898863,-7.310897883684891,location_terminal,R1b,all_non_I2,min_km_to_other_i2_relic,continuous
35.16778332296852,34.70564395609272,35.756815426162426,31.92665544275325,56,116,215,1637,0.46213936687579604,3.8301599834091746,-3.3680206165333786,location_terminal,R1b,all_non_I2,min_km_to_nonph_i2_relic,continuous
19.023079768603424,23.60454052189843,22.1740415715485,19.444604441158617,56,116,215,1637,-4.581460753295005,2.729437130389883,-7.310897883684888,location_terminal,R1b,all_non_I2,min_km_to_i2_relic_diff_terminal,continuous
11.088828658061008,14.52543357260736,13.418945715922234,14.636051962681792,56,116,215,1637,-3.4366049145463524,-1.217106246759558,-2.2194986677867945,location_terminal,R1b,all_non_I2,min_km_to_non_i2_relic,continuous
36.16516803374865,45.87948030714294,41.125293441530786,43.13269651411528,56,116,215,1637,-9.714312273394292,-2.007403072584495,-7.706909200809797,location_terminal,R1b,all_non_I2,min_km_to_r1a_relic,continuous
-7.934251110542415,-9.07910694929107,-8.755095855626267,-4.808552478476826,56,116,215,1637,1.1448558387486552,-3.9465433771494416,5.091399215898097,location_terminal,R1b,all_non_I2,i2_vs_non_i2_distance_gap,continuous
17.14208826514523,22.274939785244513,18.951251869982283,23.68809207295666,56,116,215,1637,-5.132851520099283,-4.736840202974378,-0.39601131712490556,location_terminal,R1b,all_non_I2,i2_vs_r1a_distance_gap,continuous
3.25,2.9827586206896552,2.390697674418605,3.0861331704337203,56,116,215,1637,0.26724137931034475,-0.6954354960151155,0.9626768753254602,location_terminal,R1b,all_non_I2,i2_relic_count_30,continuous
2.8392857142857144,2.6293103448275863,2.181395348837209,2.7477092241905927,56,116,215,1637,0.20997536945812811,-0.5663138753533836,0.7762892448115117,location_terminal,R1b,all_non_I2,i2_terminal_count_30,continuous
1.4107142857142858,1.5517241379310345,1.4186046511627908,1.6096518020769701,56,116,215,1637,-0.14100985221674867,-0.19104715091417934,0.05003729869743068,location_terminal,R1b,all_non_I2,i2_group_count_30,continuous
0.2990200143080858,0.3732546419741927,0.3012235666418059,0.40529996976342436,52,109,206,1575,-0.07423462766610694,-0.10407640312161848,0.029841775455511532,location_terminal,R1b,all_non_I2,i2_relic_share_30,continuous
0.3121721641447215,0.37841859696297103,0.3127689473591758,0.39606737007051934,55,112,211,1628,-0.06624643281824955,-0.08329842271134352,0.017051989893093977,location_terminal,R1b,all_non_I2,i2_relic_share_50,continuous
334.625,289.5689655172414,291.4372093023256,337.5290164935858,56,116,215,1637,45.056034482758605,-46.091807191260216,91.14784167401882,location_terminal,R1b,all_non_I2,slava_n,continuous
15.25,18.95689655172414,14.516279069767442,21.899205864386072,56,116,215,1637,-3.706896551724139,-7.38292679461863,3.676030242894491,location_terminal,R1b,all_non_I2,slava_region_n,continuous
5.553571428571429,6.543103448275862,6.069767441860465,5.516799022602322,56,116,215,1637,-0.9895320197044333,0.5529684192581437,-1.542500438962577,location_terminal,R1b,all_non_I2,surname_n,continuous
1.2142857142857142,1.5344827586206897,1.386046511627907,1.41905925473427,56,116,215,1637,-0.32019704433497553,-0.03301274310636293,-0.2871843012286126,location_terminal,R1b,all_non_I2,surname_region_n,continuous
23.140788749173204,18.912006099573087,21.591496456189237,19.52151294919387,51,241,173,1142,4.228782649600117,2.069983506995367,2.1587991426047495,location_terminal,J2,non_I2_excl_R1a,min_km_to_other_i2_relic,continuous
39.13660365061036,31.41538683791465,34.96775528812588,31.636146502037857,51,241,173,1142,7.721216812695712,3.3316087860880224,4.389608026607689,location_terminal,J2,non_I2_excl_R1a,min_km_to_nonph_i2_relic,continuous
23.140788749173204,18.912006099573087,21.591496456189237,19.52151294919387,51,241,173,1142,4.228782649600117,2.069983506995367,2.1587991426047495,location_terminal,J2,non_I2_excl_R1a,min_km_to_i2_relic_diff_terminal,continuous
10.651694758058198,14.52710935302738,13.056285591182384,14.462073661073937,51,241,173,1142,-3.8754145949691807,-1.4057880698915532,-2.4696265250776275,location_terminal,J2,non_I2_excl_R1a,min_km_to_non_i2_relic,continuous
39.55862909953173,46.93676498093526,42.371408718806016,42.330990123671825,51,241,173,1142,-7.37813588140353,0.04041859513419155,-7.418554476537722,location_terminal,J2,non_I2_excl_R1a,min_km_to_r1a_relic,continuous
-12.489093991115007,-4.384896746545708,-8.535210865006855,-5.059439288119931,51,241,173,1142,-8.1041972445693,-3.475771576886924,-4.628425667682375,location_terminal,J2,non_I2_excl_R1a,i2_vs_non_i2_distance_gap,continuous
16.417840350358524,28.024758881362175,20.779912262616776,22.80947717447796,51,241,173,1142,-11.60691853100365,-2.0295649118611827,-9.577353619142468,location_terminal,J2,non_I2_excl_R1a,i2_vs_r1a_distance_gap,continuous
2.156862745098039,2.991701244813278,2.7745664739884393,3.176882661996497,51,241,173,1142,-0.8348384997152389,-0.4023161880080579,-0.43252231170718103,location_terminal,J2,non_I2_excl_R1a,i2_relic_count_30,continuous
1.9411764705882353,2.6514522821576763,2.485549132947977,2.8266199649737302,51,241,173,1142,-0.710275811569441,-0.3410708320257534,-0.3692049795436876,location_terminal,J2,non_I2_excl_R1a,i2_terminal_count_30,continuous
1.3333333333333333,1.5643153526970954,1.4450867052023122,1.6313485113835378,51,241,173,1142,-0.23098201936376217,-0.18626180618122556,-0.044720213182536606,location_terminal,J2,non_I2_excl_R1a,i2_group_count_30,continuous
0.24884099960330452,0.38798612161313556,0.30598731593835493,0.41173530613593506,49,231,163,1095,-0.13914512200983103,-0.10574799019758013,-0.0333971318122509,location_terminal,J2,non_I2_excl_R1a,i2_relic_share_30,continuous
0.27204863206800456,0.38566947542957175,0.3214202079108707,0.40059132961240856,50,240,169,1132,-0.11362084336156719,-0.07917112170153784,-0.03444972166002935,location_terminal,J2,non_I2_excl_R1a,i2_relic_share_50,continuous
266.88235294117646,351.08298755186723,333.3757225433526,337.2189141856392,51,241,173,1142,-84.20063461069077,-3.8431916422866266,-80.35744296840414,location_terminal,J2,non_I2_excl_R1a,slava_n,continuous
12.745098039215685,21.688796680497926,16.034682080924856,21.94570928196147,51,241,173,1142,-8.943698641282241,-5.911027201036614,-3.032671440245627,location_terminal,J2,non_I2_excl_R1a,slava_region_n,continuous
4.823529411764706,6.45643153526971,6.5491329479768785,5.484238178633976,51,241,173,1142,-1.632902123505004,1.064894769342903,-2.697796892847907,location_terminal,J2,non_I2_excl_R1a,surname_n,continuous
1.3137254901960784,1.4896265560165975,1.3988439306358382,1.424693520140105,51,241,173,1142,-0.17590106582051912,-0.025849589504266746,-0.15005147631625237,location_terminal,J2,non_I2_excl_R1a,surname_region_n,continuous
23.140788749173204,18.912006099573087,21.147868994167663,19.848644643333177,51,241,220,1512,4.228782649600117,1.2992243508344856,2.929558298765631,location_terminal,J2,all_non_I2,min_km_to_other_i2_relic,continuous
39.13660365061036,31.41538683791465,34.82338362059105,32.221350152616665,51,241,220,1512,7.721216812695712,2.602033467974387,5.119183344721325,location_terminal,J2,all_non_I2,min_km_to_nonph_i2_relic,continuous
23.140788749173204,18.912006099573087,21.147868994167663,19.848644643333177,51,241,220,1512,4.228782649600117,1.2992243508344856,2.929558298765631,location_terminal,J2,all_non_I2,min_km_to_i2_relic_diff_terminal,continuous
10.651694758058198,14.52710935302738,13.467324095971493,14.644929896331316,51,241,220,1512,-3.8754145949691807,-1.1776058003598227,-2.697808794609358,location_terminal,J2,all_non_I2,min_km_to_non_i2_relic,continuous
39.55862909953173,46.93676498093526,40.225897344286025,42.73709229419967,51,241,220,1512,-7.37813588140353,-2.5111949499136443,-4.866940931489886,location_terminal,J2,all_non_I2,min_km_to_r1a_relic,continuous
-12.489093991115007,-4.384896746545708,-7.68054489819617,-5.20371474700186,51,241,220,1512,-8.1041972445693,-2.47683015119431,-5.627367093374989,location_terminal,J2,all_non_I2,i2_vs_non_i2_distance_gap,continuous
16.417840350358524,28.024758881362175,19.07802835011836,22.888447650866492,51,241,220,1512,-11.60691853100365,-3.8104193007481335,-7.796499230255517,location_terminal,J2,all_non_I2,i2_vs_r1a_distance_gap,continuous
2.156862745098039,2.991701244813278,2.6636363636363636,3.0932539682539684,51,241,220,1512,-0.8348384997152389,-0.4296176046176048,-0.40522089509763415,location_terminal,J2,all_non_I2,i2_relic_count_30,continuous
1.9411764705882353,2.6514522821576763,2.4045454545454548,2.753968253968254,51,241,220,1512,-0.710275811569441,-0.3494227994227992,-0.3608530121466418,location_terminal,J2,all_non_I2,i2_terminal_count_30,continuous
1.3333333333333333,1.5643153526970954,1.4363636363636363,1.6124338624338623,51,241,220,1512,-0.23098201936376217,-0.17607022607022604,-0.054911793293536126,location_terminal,J2,all_non_I2,i2_group_count_30,continuous
0.24884099960330452,0.38798612161313556,0.3129563946969883,0.40564859894008676,49,231,209,1453,-0.13914512200983103,-0.09269220424309843,-0.046452917766732604,location_terminal,J2,all_non_I2,i2_relic_share_30,continuous
0.27204863206800456,0.38566947542957175,0.3220429875803035,0.396413258154374,50,240,216,1500,-0.11362084336156719,-0.07437027057407053,-0.03925057278749666,location_terminal,J2,all_non_I2,i2_relic_share_50,continuous
266.88235294117646,351.08298755186723,308.1227272727273,331.6891534391534,51,241,220,1512,-84.20063461069077,-23.56642616642614,-60.63420844426463,location_terminal,J2,all_non_I2,slava_n,continuous
12.745098039215685,21.688796680497926,15.113636363636363,21.707010582010582,51,241,220,1512,-8.943698641282241,-6.593374218374219,-2.350324422908022,location_terminal,J2,all_non_I2,slava_region_n,continuous
4.823529411764706,6.45643153526971,6.2272727272727275,5.445767195767195,51,241,220,1512,-1.632902123505004,0.7815055315055321,-2.4144076550105362,location_terminal,J2,all_non_I2,surname_n,continuous
1.3137254901960784,1.4896265560165975,1.3590909090909091,1.4166666666666667,51,241,220,1512,-0.17590106582051912,-0.05757575757575761,-0.1183253082447615,location_terminal,J2,all_non_I2,surname_region_n,continuous
22.08189334072509,15.61918533581719,21.918745218006315,19.623783305719048,35,72,189,1311,6.462708004907901,2.294961912287267,4.167746092620634,location_terminal,G,non_I2_excl_R1a,min_km_to_other_i2_relic,continuous
35.41706879298215,27.550367195568242,36.00947641943137,31.819955068790044,35,72,189,1311,7.866701597413908,4.1895213506413285,3.677180246772579,location_terminal,G,non_I2_excl_R1a,min_km_to_nonph_i2_relic,continuous
22.081893340725088,15.61918533581719,21.918745218006315,19.623783305719048,35,72,189,1311,6.462708004907897,2.294961912287267,4.1677460926206304,location_terminal,G,non_I2_excl_R1a,min_km_to_i2_relic_diff_terminal,continuous
14.208979361747879,14.643002101029,12.193965937959495,14.464092542907663,35,72,189,1311,-0.43402273928112045,-2.2701266049481674,1.836103865667047,location_terminal,G,non_I2_excl_R1a,min_km_to_non_i2_relic,continuous
40.272462369918756,47.09863673993331,42.001098462869855,42.9158270300255,35,72,189,1311,-6.826174370014556,-0.9147285671556418,-5.911445802858914,location_terminal,G,non_I2_excl_R1a,min_km_to_r1a_relic,continuous
-7.87291397897721,-0.9761832347881915,-9.72477928004682,-5.159690762811386,35,72,189,1311,-6.896730744189019,-4.565088517235433,-2.3316422269535853,location_terminal,G,non_I2_excl_R1a,i2_vs_non_i2_distance_gap,continuous
18.190569029193668,31.479451404116123,20.082353244863537,23.292043724306446,35,72,189,1311,-13.288882374922455,-3.2096904794429086,-10.079191895479546,location_terminal,G,non_I2_excl_R1a,i2_vs_r1a_distance_gap,continuous
2.2857142857142856,3.625,2.6984126984126986,3.1182303585049582,35,72,189,1311,-1.3392857142857144,-0.4198176600922596,-0.9194680541934548,location_terminal,G,non_I2_excl_R1a,i2_relic_count_30,continuous
2.1714285714285713,3.25,2.3968253968253967,2.7711670480549198,35,72,189,1311,-1.0785714285714287,-0.374341651229523,-0.7042297773419057,location_terminal,G,non_I2_excl_R1a,i2_terminal_count_30,continuous
1.4285714285714286,1.7916666666666667,1.417989417989418,1.6102212051868803,35,72,189,1311,-0.36309523809523814,-0.19223178719746237,-0.17086345089777577,location_terminal,G,non_I2_excl_R1a,i2_group_count_30,continuous
0.306678661669749,0.4811558689519709,0.29021645610844726,0.40356022223850213,33,69,179,1257,-0.17447720728222188,-0.11334376613005487,-0.06113344115216701,location_terminal,G,non_I2_excl_R1a,i2_relic_share_30,continuous
0.30210787956602164,0.42330323300286016,0.31162583154104134,0.3965786357293367,34,72,185,1300,-0.12119535343683852,-0.08495280418829537,-0.03624254924854314,location_terminal,G,non_I2_excl_R1a,i2_relic_share_50,continuous
329.9428571428571,308.55555555555554,316.0687830687831,341.34172387490463,35,72,189,1311,21.38730158730158,-25.27294080612154,46.66024239342312,location_terminal,G,non_I2_excl_R1a,slava_n,continuous
13.657142857142857,17.22222222222222,15.587301587301587,22.157894736842106,35,72,189,1311,-3.565079365079365,-6.570593149540519,3.0055137844611544,location_terminal,G,non_I2_excl_R1a,slava_region_n,continuous
9.114285714285714,6,5.608465608465608,5.634630053394355,35,72,189,1311,3.114285714285714,-0.02616444492874681,3.1404501592144607,location_terminal,G,non_I2_excl_R1a,surname_n,continuous
1.8571428571428572,1.375,1.291005291005291,1.4393592677345537,35,72,189,1311,0.4821428571428572,-0.14835397672926276,0.63049683387212,location_terminal,G,non_I2_excl_R1a,surname_region_n,continuous
22.08189334072509,15.61918533581719,21.44002177118365,19.89551625612019,35,72,236,1681,6.462708004907901,1.5445055150634595,4.918202489844441,location_terminal,G,all_non_I2,min_km_to_other_i2_relic,continuous
35.41706879298215,27.550367195568242,35.66743124981688,32.30586747210762,35,72,236,1681,7.866701597413908,3.3615637777092573,4.50513781970465,location_terminal,G,all_non_I2,min_km_to_nonph_i2_relic,continuous
22.081893340725088,15.61918533581719,21.44002177118365,19.89551625612019,35,72,236,1681,6.462708004907897,1.5445055150634595,4.918202489844438,location_terminal,G,all_non_I2,min_km_to_i2_relic_diff_terminal,continuous
14.208979361747879,14.643002101029,12.748870576752207,14.628120884032398,35,72,236,1681,-0.43402273928112045,-1.8792503072801914,1.445227567999071,location_terminal,G,all_non_I2,min_km_to_non_i2_relic,continuous
40.272462369918756,47.09863673993331,40.07479371555884,43.15237481496734,35,72,236,1681,-6.826174370014556,-3.0775810994084978,-3.748593270606058,location_terminal,G,all_non_I2,min_km_to_r1a_relic,continuous
-7.87291397897721,-0.9761832347881915,-8.691151194431443,-5.267395372087792,35,72,236,1681,-6.896730744189019,-3.423755822343651,-3.472974921845368,location_terminal,G,all_non_I2,i2_vs_non_i2_distance_gap,continuous
18.190569029193668,31.479451404116123,18.634771944375192,23.25685855884715,35,72,236,1681,-13.288882374922455,-4.622086614471957,-8.666795760450498,location_terminal,G,all_non_I2,i2_vs_r1a_distance_gap,continuous
2.2857142857142856,3.625,2.610169491525424,3.0559190957763236,35,72,236,1681,-1.3392857142857144,-0.4457496042508997,-0.8935361100348147,location_terminal,G,all_non_I2,i2_relic_count_30,continuous
2.1714285714285713,3.25,2.3389830508474576,2.7180249851279,35,72,236,1681,-1.0785714285714287,-0.3790419342804423,-0.6995294942909864,location_terminal,G,all_non_I2,i2_terminal_count_30,continuous
1.4285714285714286,1.7916666666666667,1.4152542372881356,1.5978584176085664,35,72,236,1681,-0.36309523809523814,-0.1826041803204308,-0.18049105777480734,location_terminal,G,all_non_I2,i2_group_count_30,continuous
0.306678661669749,0.4811558689519709,0.29991422060947004,0.39989625597207085,33,69,225,1615,-0.17447720728222188,-0.09998203536260081,-0.07449517191962107,location_terminal,G,all_non_I2,i2_relic_share_30,continuous
0.30210787956602164,0.42330323300286016,0.3141898664461252,0.3937066717976333,34,72,232,1668,-0.12119535343683852,-0.07951680535150812,-0.04167854808533039,location_terminal,G,all_non_I2,i2_relic_share_50,continuous
329.9428571428571,308.55555555555554,295.97457627118644,335.4604402141582,35,72,236,1681,21.38730158730158,-39.485863942971775,60.873165530273354,location_terminal,G,all_non_I2,slava_n,continuous
13.657142857142857,17.22222222222222,14.817796610169491,21.896490184414038,35,72,236,1681,-3.565079365079365,-7.0786935742445465,3.5136142091651816,location_terminal,G,all_non_I2,slava_region_n,continuous
9.114285714285714,6,5.495762711864407,5.566924449732302,35,72,236,1681,3.114285714285714,-0.0711617378678957,3.1854474521536096,location_terminal,G,all_non_I2,surname_n,continuous
1.8571428571428572,1.375,1.2754237288135593,1.4289113622843546,35,72,236,1681,0.4821428571428572,-0.1534876334707953,0.6356304906136525,location_terminal,G,all_non_I2,surname_region_n,continuous
22.262541283134457,20.38501258634443,21.86197873092352,18.6634321640879,46,604,178,779,1.8775286967900264,3.1985465668356206,-1.3210178700455941,location_terminal,E,non_I2_excl_R1a,min_km_to_other_i2_relic,continuous
34.95821373705317,33.467563676253704,36.164666399564375,30.14785503569631,46,604,178,779,1.4906500607994673,6.016811363868065,-4.526161303068598,location_terminal,E,non_I2_excl_R1a,min_km_to_nonph_i2_relic,continuous
22.262541283134457,20.38501258634443,21.86197873092352,18.6634321640879,46,604,178,779,1.8775286967900264,3.1985465668356206,-1.3210178700455941,location_terminal,E,non_I2_excl_R1a,min_km_to_i2_relic_diff_terminal,continuous
13.35353234694205,14.687978239694695,12.29051321334936,14.30703802086064,46,604,178,779,-1.3344458927526457,-2.0165248075112796,0.6820789147586339,location_terminal,E,non_I2_excl_R1a,min_km_to_non_i2_relic,continuous
41.548659407314126,40.0991969124038,41.778120560073646,45.4863108428071,46,604,178,779,1.4494624949103283,-3.7081902827334545,5.157652777643783,location_terminal,E,non_I2_excl_R1a,min_km_to_r1a_relic,continuous
-8.909008936192407,-5.697034346649735,-9.571465517574161,-4.356394143227261,46,604,178,779,-3.211974589542672,-5.2150713743469,2.003096784804228,location_terminal,E,non_I2_excl_R1a,i2_vs_non_i2_distance_gap,continuous
19.286118124179673,19.714184326059364,19.91614182915012,26.8228786787192,46,604,178,779,-0.428066201879691,-6.906736849569079,6.478670647689388,location_terminal,E,non_I2_excl_R1a,i2_vs_r1a_distance_gap,continuous
2.6739130434782608,2.884105960264901,2.6235955056179776,3.3465982028241337,46,604,178,779,-0.2101929167866401,-0.7230026972061561,0.512809780419516,location_terminal,E,non_I2_excl_R1a,i2_relic_count_30,continuous
2.4130434782608696,2.5910596026490067,2.348314606741573,2.9550706033376124,46,604,178,779,-0.17801612438813708,-0.6067559965960392,0.4287398722079021,location_terminal,E,non_I2_excl_R1a,i2_terminal_count_30,continuous
1.4782608695652173,1.5264900662251655,1.404494382022472,1.6919127086007701,46,604,178,779,-0.04822919665994818,-0.28741832657829813,0.23918912991834995,location_terminal,E,non_I2_excl_R1a,i2_group_count_30,continuous
0.2974997138648034,0.3972779663957662,0.29161266762465904,0.4155237942233625,42,576,170,750,-0.09977825253096279,-0.12391112659870346,0.024132874067740673,location_terminal,E,non_I2_excl_R1a,i2_relic_share_30,continuous
0.32520309866225844,0.3896642089553725,0.3063629165668458,0.40442587071161135,44,599,175,773,-0.06446111029311408,-0.09806295414476557,0.03360184385165149,location_terminal,E,non_I2_excl_R1a,i2_relic_share_50,continuous
297.1304347826087,325.6672185430464,323.69101123595505,350.46469833119386,46,604,178,779,-28.536783760437686,-26.773687095238813,-1.7630966651988729,location_terminal,E,non_I2_excl_R1a,slava_n,continuous
14.173913043478262,21.153973509933774,15.573033707865168,22.4801026957638,46,604,178,779,-6.980060466455512,-6.907068987898633,-0.07299147855687949,location_terminal,E,non_I2_excl_R1a,slava_region_n,continuous
6,5.3841059602649,6.196629213483146,5.862644415917844,46,604,178,779,0.6158940397350996,0.33398479756530275,0.28190924216979685,location_terminal,E,non_I2_excl_R1a,surname_n,continuous
1.2826086956521738,1.4105960264900663,1.404494382022472,1.4557124518613607,46,604,178,779,-0.1279873308378925,-0.05121806983888866,-0.07676926099900383,location_terminal,E,non_I2_excl_R1a,surname_region_n,continuous
22.262541283134457,20.38501258634443,21.371708915113487,19.370232000491594,46,604,225,1149,1.8775286967900264,2.001476914621893,-0.12394821783186671,location_terminal,E,all_non_I2,min_km_to_other_i2_relic,continuous
34.95821373705317,33.467563676253704,35.77348155914095,31.397198605950035,46,604,225,1149,1.4906500607994673,4.376282953190913,-2.8856328923914454,location_terminal,E,all_non_I2,min_km_to_nonph_i2_relic,continuous
22.262541283134457,20.38501258634443,21.371708915113487,19.370232000491594,46,604,225,1149,1.8775286967900264,2.001476914621893,-0.12394821783186671,location_terminal,E,all_non_I2,min_km_to_i2_relic_diff_terminal,continuous
13.35353234694205,14.687978239694695,12.8523788702905,14.59758790300866,46,604,225,1149,-1.3344458927526457,-1.7452090327181597,0.41076313996551406,location_terminal,E,all_non_I2,min_km_to_non_i2_relic,continuous
41.548659407314126,40.0991969124038,39.80421852036708,45.00463792353647,46,604,225,1149,1.4494624949103283,-5.200419403169391,6.64988189807972,location_terminal,E,all_non_I2,min_km_to_r1a_relic,continuous
-8.909008936192407,-5.697034346649735,-8.519330044822986,-4.772644097482932,46,604,225,1149,-3.211974589542672,-3.7466859473400547,0.5347113577973825,location_terminal,E,all_non_I2,i2_vs_non_i2_distance_gap,continuous
19.286118124179673,19.714184326059364,18.432509605253596,25.634405923044877,46,604,225,1149,-0.428066201879691,-7.201896317791281,6.77383011591159,location_terminal,E,all_non_I2,i2_vs_r1a_distance_gap,continuous
2.6739130434782608,2.884105960264901,2.546666666666667,3.1818973020017407,46,604,225,1149,-0.2101929167866401,-0.6352306353350738,0.42503771854843375,location_terminal,E,all_non_I2,i2_relic_count_30,continuous
2.4130434782608696,2.5910596026490067,2.2977777777777777,2.8181026979982593,46,604,225,1149,-0.17801612438813708,-0.5203249202204816,0.3423087958323445,location_terminal,E,all_non_I2,i2_terminal_count_30,continuous
1.4782608695652173,1.5264900662251655,1.4044444444444444,1.6475195822454307,46,604,225,1149,-0.04822919665994818,-0.24307513780098633,0.19484594114103815,location_terminal,E,all_non_I2,i2_group_count_30,continuous
0.2974997138648034,0.3972779663957662,0.3014171643051423,0.4063177795204143,42,576,216,1108,-0.09977825253096279,-0.104900615215272,0.005122362684309212,location_terminal,E,all_non_I2,i2_relic_share_30,continuous
0.32520309866225844,0.3896642089553725,0.31015666927750635,0.3976964944525768,44,599,222,1141,-0.06446111029311408,-0.08753982517507047,0.023078714881956397,location_terminal,E,all_non_I2,i2_relic_share_50,continuous
297.1304347826087,325.6672185430464,301.02222222222224,338.92254134029594,46,604,225,1149,-28.536783760437686,-37.900319118073696,9.36353535763601,location_terminal,E,all_non_I2,slava_n,continuous
14.173913043478262,21.153973509933774,14.768888888888888,21.99390774586597,46,604,225,1149,-6.980060466455512,-7.2250188569770835,0.2449583905215711,location_terminal,E,all_non_I2,slava_region_n,continuous
6,5.3841059602649,5.955555555555556,5.690165361183638,46,604,225,1149,0.6158940397350996,0.2653901943719177,0.3505038453631819,location_terminal,E,all_non_I2,surname_n,continuous
1.2826086956521738,1.4105960264900663,1.3644444444444443,1.4351610095735423,46,604,225,1149,-0.1279873308378925,-0.07071656512909796,-0.057270765708794524,location_terminal,E,all_non_I2,surname_region_n,continuous
23.09267923681729,16.78395282156815,21.780173951518815,20.05657377997441,28,271,196,1112,6.30872641524914,1.7236001715444047,4.585126243704735,location_terminal,I1,non_I2_excl_R1a,min_km_to_other_i2_relic,continuous
32.14742299515605,28.091903259869962,36.45541126103335,32.452051933309264,28,271,196,1112,4.055519735286087,4.003359327724084,0.052160407562002575,location_terminal,I1,non_I2_excl_R1a,min_km_to_nonph_i2_relic,continuous
23.09267923681729,16.78395282156815,21.780173951518815,20.05657377997441,28,271,196,1112,6.30872641524914,1.7236001715444047,4.585126243704735,location_terminal,I1,non_I2_excl_R1a,min_km_to_i2_relic_diff_terminal,continuous
15.482440404931777,13.394903415607002,12.084007696925667,14.736243389745088,28,271,196,1112,2.087536989324775,-2.6522356928194206,4.739772682144196,location_terminal,I1,non_I2_excl_R1a,min_km_to_non_i2_relic,continuous
58.14132151037065,38.8883726989675,39.386667296628474,44.16816733832593,28,271,196,1112,19.25294881140315,-4.781500041697456,24.034448853100606,location_terminal,I1,non_I2_excl_R1a,min_km_to_r1a_relic,continuous
-7.610238831885512,-3.3890494059611473,-9.696166254593148,-5.320330390229322,28,271,196,1112,-4.221189425924365,-4.375835864363826,0.15464643843946124,location_terminal,I1,non_I2_excl_R1a,i2_vs_non_i2_distance_gap,continuous
35.04864227355336,22.104419877399348,17.606493345109655,24.11159355835152,28,271,196,1112,12.944222396154014,-6.505100213241864,19.449322609395878,location_terminal,I1,non_I2_excl_R1a,i2_vs_r1a_distance_gap,continuous
2.607142857142857,3.878228782287823,2.6377551020408165,2.9658273381294964,28,271,196,1112,-1.2710859251449658,-0.32807223608867986,-0.9430136890562859,location_terminal,I1,non_I2_excl_R1a,i2_relic_count_30,continuous
2.25,3.3948339483394836,2.377551020408163,2.6501798561151078,28,271,196,1112,-1.1448339483394836,-0.27262883570694463,-0.872205112632539,location_terminal,I1,non_I2_excl_R1a,i2_terminal_count_30,continuous
1.4285714285714286,1.881918819188192,1.4183673469387754,1.5557553956834533,28,271,196,1112,-0.4533473906167633,-0.13738804874467792,-0.3159593418720854,location_terminal,I1,non_I2_excl_R1a,i2_group_count_30,continuous
0.3503543083900227,0.4428095805224288,0.28401750458474534,0.39884484468320336,28,264,184,1062,-0.09245527213240612,-0.11482734009845802,0.0223720679660519,location_terminal,I1,non_I2_excl_R1a,i2_relic_share_30,continuous
0.36883099535426334,0.4258651130202012,0.30154543911213616,0.3911492547267599,28,270,191,1102,-0.057034117665937856,-0.08960381561462372,0.03256969794868586,location_terminal,I1,non_I2_excl_R1a,i2_relic_share_50,continuous
369.5357142857143,382.61623616236164,310.90816326530614,329.16007194244605,28,271,196,1112,-13.080521876647367,-18.25190867713991,5.171386800492542,location_terminal,I1,non_I2_excl_R1a,slava_n,continuous
23.035714285714285,25.81180811808118,14.178571428571429,20.947841726618705,28,271,196,1112,-2.7760938323668967,-6.769270298047276,3.9931764656803796,location_terminal,I1,non_I2_excl_R1a,slava_region_n,continuous
6.107142857142857,5.014760147601476,6.163265306122449,5.809352517985611,28,271,196,1112,1.092382709541381,0.3539127881368378,0.7384699214045432,location_terminal,I1,non_I2_excl_R1a,surname_n,continuous
1.3571428571428572,1.3911439114391144,1.3826530612244898,1.4469424460431655,28,271,196,1112,-0.034001054296257216,-0.06428938481867563,0.030288330522418416,location_terminal,I1,non_I2_excl_R1a,surname_region_n,continuous
23.09267923681729,16.78395282156815,21.34204274194994,20.25674288533867,28,271,243,1482,6.30872641524914,1.0852998566112682,5.223426558637872,location_terminal,I1,all_non_I2,min_km_to_other_i2_relic,continuous
32.14742299515605,28.091903259869962,36.036968472620536,32.84540072555268,28,271,243,1482,4.055519735286087,3.1915677470678574,0.8639519882182292,location_terminal,I1,all_non_I2,min_km_to_nonph_i2_relic,continuous
23.09267923681729,16.78395282156815,21.34204274194994,20.25674288533867,28,271,243,1482,6.30872641524914,1.0852998566112682,5.223426558637872,location_terminal,I1,all_non_I2,min_km_to_i2_relic_diff_terminal,continuous
15.482440404931777,13.394903415607002,12.644195071755584,14.854351235966972,28,271,243,1482,2.087536989324775,-2.210156164211387,4.297693153536162,location_terminal,I1,all_non_I2,min_km_to_non_i2_relic,continuous
58.14132151037065,38.8883726989675,38.02152468118792,44.12381572727065,28,271,243,1482,19.25294881140315,-6.102291046082733,25.355239857485884,location_terminal,I1,all_non_I2,min_km_to_r1a_relic,continuous
-7.610238831885512,-3.3890494059611473,-8.697847670194355,-5.402391649371699,28,271,243,1482,-4.221189425924365,-3.2954560208226553,-0.9257334051017096,location_terminal,I1,all_non_I2,i2_vs_non_i2_distance_gap,continuous
35.04864227355336,22.104419877399348,16.679481939237984,23.867072841931982,28,271,243,1482,12.944222396154014,-7.187590902693998,20.131813298848012,location_terminal,I1,all_non_I2,i2_vs_r1a_distance_gap,continuous
2.607142857142857,3.878228782287823,2.5637860082304527,2.9331983805668016,28,271,243,1482,-1.2710859251449658,-0.36941237233634894,-0.9016735528086168,location_terminal,I1,all_non_I2,i2_relic_count_30,continuous
2.25,3.3948339483394836,2.325102880658436,2.6201079622132255,28,271,243,1482,-1.1448339483394836,-0.29500508155478933,-0.8498288667846943,location_terminal,I1,all_non_I2,i2_terminal_count_30,continuous
1.4285714285714286,1.881918819188192,1.4156378600823045,1.5553306342780027,28,271,243,1482,-0.4533473906167633,-0.13969277419569814,-0.3136546164210652,location_terminal,I1,all_non_I2,i2_group_count_30,continuous
0.3503543083900227,0.4428095805224288,0.29474423842309494,0.3958665345737037,28,264,230,1420,-0.09245527213240612,-0.10112229615060875,0.00866702401820263,location_terminal,I1,all_non_I2,i2_relic_share_30,continuous
0.36883099535426334,0.4258651130202012,0.3060355002135563,0.389249646815785,28,270,238,1470,-0.057034117665937856,-0.0832141466022287,0.026180028936290844,location_terminal,I1,all_non_I2,i2_relic_share_50,continuous
369.5357142857143,382.61623616236164,292.3909465020576,325.53036437246965,28,271,243,1482,-13.080521876647367,-33.139417870412046,20.05889599376468,location_terminal,I1,all_non_I2,slava_n,continuous
23.035714285714285,25.81180811808118,13.703703703703704,20.953441295546558,28,271,243,1482,-2.7760938323668967,-7.2497375918428535,4.473643759475957,location_terminal,I1,all_non_I2,slava_region_n,continuous
6.107142857142857,5.014760147601476,5.946502057613169,5.688933873144399,28,271,243,1482,1.092382709541381,0.25756818446877006,0.8348145250726109,location_terminal,I1,all_non_I2,surname_n,continuous
1.3571428571428572,1.3911439114391144,1.3497942386831276,1.4331983805668016,28,271,243,1482,-0.034001054296257216,-0.08340414188367395,0.04940308758741674,location_terminal,I1,all_non_I2,surname_region_n,continuous
