unit_type,phylo_group,broad_family,branch_class,terminal_snp_norm,surname_id,slava_id,region_id,location_id,lat,long
cluster,N,non_I2,Founder,N-FT182494,"""Церница-гроб 2, скелет 1""",Непознато,Херцеговина,Церница/Гацко,43.0770424,18.5163356
cluster,N,non_I2,Founder,N-FT182494,"""Церница-гроб 2, скелет 2""",Непознато,Херцеговина,Церница/Гацко,43.0770424,18.5163356
cluster,E,non_I2,Founder,E-Z1057,Pouray (Пурић),Аранђеловдан,Стари Влах,Дрмановићи/Нова Варош,43.4151093,19.8426174
cluster,E,non_I2,Founder,E-Y128213,Ђачанин,Јовањдан,Источни Срем,Вашица/Шид,45.0956204,19.1866039
cluster,E,non_I2,Founder,E-FGC11450,Ђајић,Стевањдан,Источна Босна,Закмур/Фоча,43.4614071,18.6949606
cluster,R1a,non_I2,Founder,BY30743,Ђедовић,Јовањдан,Банија,Блиња/Петриња,45.3560014,16.367175
cluster,E,non_I2,Founder,E-L241,Ђекић,Никољдан,Босанска Крајина,Јошавка Доња/Челинац,44.7483667,17.4162565
cluster,E,non_I2,Founder,E-Z38456,Ђекић,Никољдан,Косово,Коретиште/Гњилане,42.4847406,21.4412425
cluster,R1a,non_I2,Founder,L1029,Ђекић,Никољдан,Североисточна Босна,Ритешић/Добој,44.8764609,18.06813
cluster,G,non_I2,Founder,G-Y128480,Ђекић,Стевањдан,Босанска Крајина,Крњеуша/Босански Петровац,44.6900976,16.2267131
cluster,G,non_I2,Founder,G-Y128480,Ђелекар,Никољдан,Расина,Бресно Поље/Трстеник,43.5800118,21.1682853
cluster,N,non_I2,Founder,N-FT182494,Ђенадић,Никољдан,Мачва,Клење/Богатић,44.807222,19.434444
cluster,R1a,non_I2,Founder,L1029,Ђерисило,Михољдан,Херцеговина,Требијови/Требиње,42.7523566,18.3183293
cluster,E,non_I2,Founder,E-Z1057,Ђерић,Ђурђиц,Стари Влах,Буар/Ужице,43.8790259,19.814465
cluster,N,non_I2,Founder,N-FGC28435,Ђерић,Јовањдан,Лика,Михаљевац/Кореница,45.8395848,15.9750439
cluster,Y3120_deep_mid_nonPH908,nonPH908_I2,Relic,Y476914,Ђилас,Лучиндан,Стара Херцеговина,Заград/Никшић,45.1814787,15.7881042
cluster,E,non_I2,Relic,E-BY4553,Ђинисић,Ђурђевдан,Североисточна Босна,Кореташи/Лопаре,44.7696152,18.8632593
cluster,R1a,non_I2,Founder,BY99654,Ђинић,Никољдан,Далмација,Земуник Доњи,44.1050024,15.3794791
cluster,PH908_primary,PH908_family,Founder,Y58629,Ђогић,Јовањдан,Херцеговина,Оџаци/Коњиц,43.5189109,18.2271197
cluster,PH908_primary,PH908_family,Founder,Y58629,Ђого,Јовањдан,Херцеговина,Вукићевићи/Горњи Поплат/Жегуља/Столац,43.0830587,17.9580026
cluster,R1a,non_I2,Founder,Y144943,Ђоговић,Лазарева Субота,Херцеговина,Ријека Ђоговића/Цргово/Риља/Невесиње,43.258198,18.106113
cluster,R1b,non_I2,Relic,FGC14376,Ђоговић,Никољдан,Пелагонија,Крушево,43.3702578,18.6994171
cluster,I1,non_I2,Founder,FGC22061,Ђокић,Јовањдан,Североисточна Босна,Буковац/Доња Трнова/Угљевик,44.6459835,19.1019942
cluster,E,non_I2,Founder,E-FT178289,Ђокић,Јовањдан,Североисточна Босна,Крћина/Угљевик,44.5959094,19.0624968
cluster,E,non_I2,Founder,E-Z1057,Ђокић,Св. Мина,Топлица,Витоше/Брус,43.1788832,20.9321376
cluster,R1a,non_I2,Founder,BY99654,Ђокић,Срђевдан,Североисточна Босна,Гајићи/Батковић/Бијељина,44.8453304,19.2151791
cluster,J2,non_I2,Relic,J-L24,Ђоковић,Аранђеловдан,Стари Влах,Граб/Лучани,43.8248985,20.2849245
cluster,PH908_primary,PH908_family,Relic,Y263686,Ђоковић,Лучиндан,Стара Херцеговина,Југовићи/Никшић,43.124442,18.2731889
cluster,E,non_I2,Founder,E-Z1057,Ђорђевић,Ђурђевдан,Косово,Севце/Штрпце,42.2122926,20.9404369
cluster,G,non_I2,Founder,G-Y128480,Ђорђевић,Ђурђиц,Понишавље,Сићево/Нишка Бања,43.3411244,22.0843369
cluster,R1a,non_I2,Relic,P278.2,Ђорђевић,Алимпијевдан,Северна Македонија,Матејче/Липково,42.1255581,21.5977767
cluster,J2,non_I2,Founder,J-L70,Ђорђевић,Аранђеловдан,Јабланица,Бошњаце/Лебане,42.9491756,21.8287047
cluster,PH908_primary,PH908_family,Founder,Y56203,Ђорђевић,Аранђеловдан,Јабланица,Губеревац/Лесковац,42.947969,22.028541
cluster,PH908_primary,PH908_family,Founder,FT190799,Ђорђевић,Лучиндан,Шумадија,Рипањ/Београд,44.6390298,20.5204337
cluster,G,non_I2,Relic,G-BY195513,Ђорђевић,Митровдан,Понишавље,Горња Студена/Нишка Бања,43.2545121,22.097766
cluster,R1b,non_I2,Relic,Y207622,Ђорђевић,Митровдан,Косово,Доња Битиња/Штрпце,42.2533615,21.041862
cluster,R1b,non_I2,Founder,L51,Ђорђевић,Митровдан,Шумадија,Рељинци/Горњи Милановац,44.1617346,20.4177045
cluster,PH908_primary,PH908_family,Relic,Y283553,Ђорђевић,Никољдан,Стари Влах,Бањица/Чачак,43.820794,20.3826595
cluster,E,non_I2,Founder,E-Z13591,Ђорђевић,Никољдан,Шумадија,Београд,44.7863236,20.4716856
cluster,G,non_I2,Relic,G-L140,Ђорђевић,Никољдан,Понишавље,Пирот,43.1547342,22.5865039
cluster,E,non_I2,Founder,E-Z1057,Ђорђевић,Никољдан,Шумадија,Ритопек/Гроцка,44.7385336,20.6550572
cluster,R1b,non_I2,Founder,L51,Ђорђевић,Петковдан,Понишавље,Доњи Комрен/Ниш,43.348724,21.8791899
cluster,R1a,non_I2,Founder,L1029,Ђорђевић,Св. Врачи,Топлица,Коњува/Куршумлија,43.2086049,21.2186819
cluster,J2,non_I2,Relic,J-Y153290,Ђорђевић,Св. Врачи,Понишавље,Сврљиг,43.4140419,22.1230473
cluster,R1a,non_I2,Founder,Y189493,Ђузеловић,Стевањдан,Херцеговина,Доњи Турани/Турани/Требиње,42.8059433,18.2795775
cluster,E,non_I2,Founder,E-Y126722,Ђукарић,Часне Вериге апостола Петра,Североисточна Босна,Горњи Очауш/Теслић,44.5248153,17.657046
cluster,PH908_map_nonprimary,PH908_family,Relic,MF4021,Ђукетић,Никољдан,Шумадија,Шушњар/Лазаревац,44.3640136,20.2511165
cluster,I1,non_I2,Founder,Y155080,Ђукић,Ђурђевдан,Босанска Крајина,Ђукићи/Шипово,44.1966072,17.1378105
cluster,R1a,non_I2,Founder,BY99654,Ђукић,Ђурђиц,Западни Банат,Црепаја/Ковачица,45.0092297,20.6372859
cluster,R1a,non_I2,Founder,L1029,Ђукић,Јовањдан,Далмација,Цетина/Цивљане,43.9739095,16.4271869
cluster,G,non_I2,Founder,G-Y128480,Ђукић,Алимпијевдан,Топлица,Блаце,43.2955155,21.2865967
cluster,E,non_I2,Founder,E-Y126722,Ђукић,Петровдан,Источни Срем,Голубинци/Стара Пазова,44.9840388,20.0659105
cluster,R1a,non_I2,Founder,FT288648,Ђукић,Стевањдан,Североисточна Босна,Црнча/Дервента,44.8435466,17.9089735
cluster,I1,non_I2,Founder,FGC22061,Ђумић,Аранђеловдан,Далмација,Книн,44.04085,16.199433
cluster,E,non_I2,Founder,E-Z1057,Ђунисијевић,Никољдан,Стари Влах,Ртари/Лучани,43.8594407,20.2413214
cluster,R1b,non_I2,Relic,FT48939,Ђурашевић,Митровдан,Зета,Тудоровићи/Будва,42.2456727,18.9118979
cluster,R1b,non_I2,Relic,BY18860,Ђурашевић,Никољдан,Зета,Богути/Цетиње,42.3199034,18.9805169
cluster,E,non_I2,Founder,E-Z1057,Ђурашиновић,Мратиндан,Босанска Крајина,Ћуковац/Кнежево,44.5640533,17.278884
cluster,R1b,non_I2,Relic,Y112728,Ђуринац,Петковдан,Косово,Беревце/Штрпце,42.2458349,21.0250942
cluster,I1,non_I2,Founder,BY169301,Ђуричић,Никољдан,Колубара,Тубравић/Ваљево,44.2138565,19.7387331
cluster,N,non_I2,Founder,N-FT182494,Ђуричић,Никољдан,Североисточна Босна,Укриница/Теслић,44.6563071,17.7809626
cluster,R1a,non_I2,Founder,L1029,Ђуришић,Никољдан,Зета,Бољевићи/Бар,42.2246369,19.0843874
cluster,E,non_I2,Founder,E-FGC11450,Ђурић,Ђурђевдан,Североисточна Босна,Горњи Залуковик/Врли Крај/Власеница,44.1600407,18.967306
cluster,R1b,non_I2,Founder,FT44409,Ђурић,Ђурђиц,Метохија,Исток,42.7816777,20.4882544
cluster,R1b,non_I2,Relic,PF7563,Ђурић,Никољдан,Топлица,Мала Косаница/Куршумлија,42.976845,21.2952074
cluster,E,non_I2,Founder,E-CTS11222,Ђурковић,Никољдан,Стара Херцеговина,Штедим/Никшић,42.9084694,21.2153623
cluster,PH908_primary,PH908_family,Founder,FT16449,Ђурковић,Петровдан,Топлица,Белољин/Прокупље,43.2316209,21.4029069
cluster,E,non_I2,Founder,E-Z1057,Ђурковић,Св. Врачи,Топлица,Суви До/Блаце,43.2578383,21.3159073
cluster,R1a,non_I2,Founder,Z280,Ђуровић,Јовањдан,Стара Херцеговина,Зеленика/Херцег Нови,42.4516792,18.5774346
cluster,PH908_primary,PH908_family,Founder,FT16449,Ђуровић,Игњатијевдан,Стари Влах,Дреновци/Косјерић,44.0785809,19.8782781
cluster,E,non_I2,Founder,E-Z13591,Ђуровић,Петковдан,Брда,Беговина/Даниловград,43.1265347,19.1093609
cluster,E,non_I2,Founder,E-Z13591,Ђуровић,Петковдан,Брда,Велета/Даниловград,42.5524049,19.1052289
cluster,J2,non_I2,Founder,J-Y14439,Ђуровић,Савиндан,Источна Босна,Колијевке/Горажде,43.6547924,18.9843328
cluster,R1a,non_I2,Founder,L1029,Ђурђевић,Ђурђевдан,Североисточна Босна,Скугрић Доњи/Модрича,44.903747,18.3673595
cluster,PH908_primary,PH908_family,Founder,FT14506,Ђурђевић,Јовањдан,Косово,Сочаница/Лепосавић,43.0561114,20.8072601
cluster,E,non_I2,Founder,E-Z1057,Ђурђевић,Ваведење,Метохија,Призрен,42.2130151,20.7363339
cluster,I2_unmapped_nonPH908,nonPH908_I2,Relic,L801,Ђурђевић,Никољдан,Мачва,Метковић/Богатић,44.8550803,19.5469405
cluster,PH908_primary,PH908_family,Founder,Y56203,Ђурђевић,Стевањдан,Шумадија,Риљац/Трстеник,43.7321361,21.0499865
cluster,PH908_primary,PH908_family,Founder,FT386055,Ђурђевић,Тривуњдан,Босанска Крајина,Печенег Илова/Прњавор,44.978077,17.6979678
cluster,I1,non_I2,Relic,FT243910,Ђурђић,Никољдан,Стара Херцеговина,Вирак/Жабљак,43.1173534,19.1112996
cluster,PH908_primary,PH908_family,Founder,FT14506,Јагетић,Ђурђевдан,Бачка,Бачко Петрово Село/Бечеј,45.7069444,20.0791667
cluster,J2,non_I2,Founder,J-Y22059,Јагодић,Ђурђевдан,Источна Босна,Јагодићи/Горажде,44.0664275,17.5858341
cluster,E,non_I2,Founder,E-Y142744,Јагуз,Михољдан,Босанска Крајина,Шипово,44.2809431,17.0853048
cluster,PH908_primary,PH908_family,Founder,Y56203,Јакишић,Стевањдан,Босанска Крајина,Зајаруга/Гламоч,44.0196674,16.9104798
cluster,I1,non_I2,Founder,FGC22061,Јакић,Ђурђевдан,Стара Херцеговина,Добра Села/Шавник,43.9517541,17.9165425
cluster,I1,non_I2,Founder,FGC22061,Јакић,Усековање главе Св. Јована Крститеља,Стара Херцеговина,Добра Села/Шавник,43.9517541,17.9165425
cluster,E,non_I2,Founder,E-Y142744,Јаковљевић,Никољдан,Североисточна Босна,Горња Трнова/Угљевик,44.6286813,19.078778
cluster,E,non_I2,Founder,E-PH1395,Јаковљевић,Никољдан,Рашка,Горњи Дајићи/Дајићи/Ивањица,43.4032587,20.2980393
cluster,I1,non_I2,Founder,BY169301,Јаковљевић,Никољдан,Стари Влах,Прилипац/Пожега,43.8183343,20.1148939
cluster,I1,non_I2,Founder,FGC22061,Јаковљевић,Никољдан,Мачва,Узовница/Љубовија,44.2459418,19.3416603
cluster,PH908_map_nonprimary,PH908_family,Founder,Y4882,Јакшић,Јовањдан,Херцеговина,Јакшићи/Жаково/Требиње,43.7549982,19.4691297
cluster,R1a,non_I2,Founder,Y144943,Јакшић,Лазарева Субота,Банија,Слабиња/Костајница,45.1819188,16.5875481
cluster,PH908_primary,PH908_family,Founder,FT190799,Јакшић,Лучиндан,Рашка,Краљево,43.7234519,20.6870792
cluster,E,non_I2,Founder,E-CTS11222,Јакшић,Никољдан,Херцеговина,Степен/Гацко,43.0789563,18.5402045
cluster,G,non_I2,Founder,G-FTC64765,Јаничић,Аранђеловдан,Стара Херцеговина,Броћанац Вилушки/Никшић,42.7581428,18.5648938
cluster,R1a,non_I2,Founder,L1029,Јанићијевић,Ваведење,Метохија,Призрен,42.2130151,20.7363339
cluster,E,non_I2,Founder,E-Z1057,Јанићијевић,Мратиндан,Косово,Приштина,42.6638771,21.1640849
cluster,PH908_primary,PH908_family,Relic,Y135653,Јанкетић,Срђевдан,Брда,Морачко Требаљево/Колашин,42.864431,19.5214221
cluster,I1,non_I2,Founder,FGC22061,Јанковић,Ђурђевдан,Стари Влах,Речице/Пожега,43.7818153,20.0288057
cluster,J2,non_I2,Founder,J-Y155375,Јанковић,Ђурђиц,Колубара,Вировац/Мионица,44.3098976,20.1033487
cluster,E,non_I2,Founder,E-Z38456,Јанковић,Ђурђиц,Стари Влах,Пепељ/Бајина Башта,43.9158488,19.6424693
cluster,R1a,non_I2,Founder,L1029,Јанковић,Јовањдан,Средња Босна,Голеш/Травник,44.1921556,17.5317926
cluster,J2,non_I2,Founder,J-L70,Јанковић,Алимпијевдан,Рашка,Косуриће/Нови Пазар,43.1798597,20.4642062
cluster,I1,non_I2,Founder,FTA86559,Јанковић,Аранђеловдан,Колубара,Белотић/Осечина,44.3813465,19.5238289
cluster,G,non_I2,Founder,G-FTC64765,Јанковић,Игњатијевдан,Херцеговина,Дубочани/Требиње,42.7529341,18.4577567
cluster,PH908_primary,PH908_family,Founder,BY93199,Јанковић,Мала Госпојина,Североисточна Босна,Попови/Бијељина,44.7633867,19.2733399
cluster,Y3120_deep_mid_nonPH908,nonPH908_I2,Relic,BY92056,Јанковић,Никољдан,Шумадија,Бошњане/Рача,44.2532829,20.9706437
cluster,I1,non_I2,Founder,FGC22061,Јанковић,Никољдан,Стара Херцеговина,Грабовица/Шавник,43.0165896,19.0814012
cluster,PH908_primary,PH908_family,Founder,FT14506,Јанковић,Никољдан,Косово,Извор/Ново Брдо,42.5969551,21.386058
cluster,I1,non_I2,Founder,FTA86559,Јанковић,Никољдан,Стари Влах,Лопаш/Пожега,43.8053585,20.1239919
cluster,I1,non_I2,Founder,FGC22061,Јанковић,Никољдан,Стари Влах,Парамун/Косјерић,44.0577361,19.8308342
cluster,J2,non_I2,Relic,J-Z36800,Јанковић,Никољдан,Метохија,Пећ,46.0765092,18.2280317
cluster,J2,non_I2,Founder,J-Y230579,Јанковић,Никољдан,Колубара,Слатина/Уб,44.3995707,19.9129619
cluster,E,non_I2,Relic,E-M81,Јанковић,Петровдан,Западни Банат,Неузина/Сечањ,45.3447229,20.7122272
cluster,E,non_I2,Founder,E-Z1057,Јаношевић,Аранђеловдан,Источни Срем,Беркасово/Шид,45.1488963,19.2599231
cluster,R1a,non_I2,Founder,BY99654,Јанус,Никољдан,Банија,Брубно/Глина,45.1861204,16.0990234
cluster,I1,non_I2,Founder,FGC22061,Јараковић,Никољдан,Стари Влах,Биоска/Ужице,43.8648387,19.6528798
cluster,I1,non_I2,Founder,FGC22061,Јасика,Никољдан,Стари Влах,Горња Дренова/Пријепоље,45.9420102,16.18223
cluster,I1,non_I2,Founder,FGC22061,Јауковић,Аранђеловдан,Стара Херцеговина,Придворица/Шавник,43.3278578,18.4796303
cluster,PH908_primary,PH908_family,Founder,FT14506,Јачић,Лучиндан,Шумадија,Медвеђа/Трстеник,43.6280323,21.0564562
cluster,J2,non_I2,Founder,J-Y22063,Јањатовић,Јовањдан,Лика,Бјељевине/Српско Поље/Оточац,44.8926491,15.1446039
cluster,J2,non_I2,Founder,J-Y22063,Јањатовић,Јовањдан,Лика,Српско Поље/Оточац,44.6596219,20.7174456
cluster,PH908_primary,PH908_family,Founder,FT14506,Јањић,Ђурђевдан,Херцеговина,Банчићи/Љубиње,42.9716006,17.9952073
cluster,PH908_primary,PH908_family,Founder,FT14506,Јањић,Ђурђевдан,Херцеговина,Ранковци/Љубиње,42.9785697,18.0976962
cluster,PH908_primary,PH908_family,Founder,FT386055,Јањић,Аранђеловдан,Босанска Крајина,Чивчије/Прњавор,44.8166454,17.5261919
cluster,G,non_I2,Founder,G-Y128480,Јањош,Св. Василије Велики,Херцеговина,Потком/Берковићи,43.1248694,18.0906735
cluster,PH908_primary,PH908_family,Founder,Y56203,Јањуз (Думичић),Нема,Далмација,Сплит,43.5099367,16.4896122
cluster,E,non_I2,Founder,E-FT178289,Јањушевић,Никољдан,Стара Херцеговина,Лаз/Никшић,46.052257,23.417935
cluster,R1a,non_I2,Founder,L1029,Јаћимовић,Стевањдан,Босанска Крајина,Јаружани/Лакташи,44.8271792,17.3463632
cluster,R1a,non_I2,Founder,BY30743,Јевремовић,Аранђеловдан,Стари Влах,Бранешци/Чајетина,43.7414582,19.6841993
cluster,I1,non_I2,Founder,FGC22061,Јевтић,Ђурђевдан,Североисточна Босна,Доња Трнова/Угљевик,44.6542937,19.0952808
cluster,I1,non_I2,Founder,FGC22061,Јевтић,Ђурђевдан,Мачва,Коренита/Лозница,44.504199,19.3018587
cluster,R1a,non_I2,Founder,Y260767,Јевтић,Јовањдан,Колубара,Осечина,44.372776,19.6007285
cluster,J2,non_I2,Relic,J-Z631,Јевтић,Јовањдан,Колубара,Стубленица/Уб,44.4587155,20.1239607
cluster,J2,non_I2,Founder,J-Y22059,Јевтић,Митровдан,Топлица,Данковиће/Куршумлија,43.1633071,21.2342709
cluster,I2_unmapped_nonPH908,nonPH908_I2,Relic,Z78,Јевтић,Митровдан,Шумадија,Цикот/Рековац,43.8958205,21.0890293
cluster,R1a,non_I2,Founder,Z280,Јевтић,Михољдан,Североисточна Босна,Магнојевић Доњи/Бијељина,44.8061995,19.0135165
cluster,I1,non_I2,Founder,BY169301,Јевтић,Никољдан,Колубара,Бујачић/Ваљево,44.2463626,19.9097877
cluster,J2,non_I2,Founder,J-L70,Јевтић,Никољдан,Понишавље,Периш/Сврљиг,43.3731718,22.3164833
cluster,PH908_primary,PH908_family,Founder,Y56203,Јевтић,Стевањдан,Шумадија,Риљац/Трстеник,43.7321361,21.0499865
cluster,I1,non_I2,Founder,FGC22061,Јевђевић,Ђурђевдан,Шумадија,Крагујевац,44.0142628,20.9162394
cluster,PH908_primary,PH908_family,Relic,FT407280,Јеж,Стевањдан,Босанска Крајина,Горњи Петровићи/Босанска Крупа,44.8673801,16.248461
cluster,E,non_I2,Founder,E-L241,Јездимировић,Аранђеловдан,Мачва,Шабац,44.7571535,19.6953972
cluster,PH908_primary,PH908_family,Founder,FT14506,Јекић,Никољдан,Стари Влах,Медовине/Ивањица,43.3410712,20.2004153
cluster,E,non_I2,Founder,E-Z1057,Јекић,Стевањдан,Банија,Грабовац Бански/Петриња,45.3299747,16.2376174
cluster,J2,non_I2,Relic,J-Z7671,Јелачић,Св. Василије Велики,Источни Срем,Нови Карловци/Инђија,45.0787738,20.1788232
cluster,PH908_primary,PH908_family,Founder,FT14506,Јеличић,Никољдан,Босанска Крајина,Борковићи/Бања Лука,44.8211451,16.9992854
cluster,PH908_primary,PH908_family,Founder,FT14506,Јелић,Ђурђевдан,Херцеговина,Орашје Зубци/Требиње,42.6603538,18.4080116
cluster,J2,non_I2,Founder,J-Y155375,Јелић,Ђурђевдан,Североисточна Босна,Ченгић/Бијељина,44.6474906,19.1547291
cluster,PH908_primary,PH908_family,Founder,FT14506,Јелић,Јовањдан,Стари Влах,Ерчеге/Ивањица,43.3658871,20.1659704
cluster,R1a,non_I2,Founder,Y189493,Јелић,Марковдан,Босанска Крајина,Кремна/Прњавор,44.8216214,17.6961577
cluster,PH908_primary,PH908_family,Founder,FT14506,Јеловац,Лазарева Субота,Стара Херцеговина,Захум/Вишњица/Пљевља,43.8313209,17.4494404
cluster,J2,non_I2,Founder,J-Y230579,Јеринић,Никољдан,Мачва,Клупци/Лозница,44.539006,19.2422026
cluster,PH908_primary,PH908_family,Founder,FT14506,Јеринкић,Јовањдан,Западни Банат,Кикинда,45.8300065,20.4653054
cluster,PH908_primary,PH908_family,Founder,Y58629,Јерковић,Јовањдан,Лика,Дивосело/Госпић,44.5085231,15.3536733
cluster,PH908_primary,PH908_family,Relic,BY77359,Јерковић,Петровдан,Босанска Крајина,Горња Суваја/Босанска Крупа,44.8011011,16.1780291
cluster,R1a,non_I2,Founder,Y189493,Јефтић,Јовањдан,Херцеговина,Опличићи/Чапљина,43.1171721,17.8104965
cluster,I1,non_I2,Founder,FT428459,Јефтић,Стевањдан,Североисточна Босна,Чакловићи Горњи/Тузла,44.5204035,18.7570357
cluster,PH908_primary,PH908_family,Founder,FT16449,Јечменица,Никољдан,Стари Влах,Доброселица/Чајетина,43.6168559,19.7042761
cluster,PH908_primary,PH908_family,Founder,FT16449,Јечменица,Никољдан,Стари Влах,Крњача/Прибој,43.4253222,19.3984642
cluster,PH908_primary,PH908_family,Founder,FT16449,Јечменица,Никољдан,Стара Херцеговина,Црни Врх/Пљевља,43.3876934,19.4001538
cluster,PH908_primary,PH908_family,Founder,FT16449,Јоановић,Стевањдан,Славонија,Доњи Град/Осијек,45.5556845,18.7195614
cluster,I1,non_I2,Founder,FGC22061,Јовановић,Ђурђевдан,Шумадија,Венчане/Аранђеловац,44.4069897,20.4672668
cluster,E,non_I2,Founder,E-FT104106,Јовановић,Ђурђевдан,Западни Банат,Вршац,45.1200117,21.298788
cluster,Y3120_deep_mid_nonPH908,nonPH908_I2,Founder,Z17855,Јовановић,Ђурђевдан,Косово,Горње Вараге/Зубин Поток,42.9822393,20.5802612
cluster,I1,non_I2,Founder,FGC22061,Јовановић,Ђурђевдан,Североисточна Босна,Доња Трнова/Угљевик,44.6542937,19.0952808
cluster,R1b,non_I2,Founder,BY38894,Јовановић,Ђурђевдан,Шумадија,Забојница/Кнић,43.9973838,20.7499552
cluster,PH908_primary,PH908_family,Founder,FT14506,Јовановић,Ђурђевдан,Колубара,Маркова Црква/Лајковац,44.328494,20.085404
cluster,PH908_primary,PH908_family,Founder,FT14506,Јовановић,Ђурђевдан,Стари Влах,Милатовићи/Лучани,43.7276927,20.3696394
cluster,E,non_I2,Founder,E-Y128213,Јовановић,Ђурђевдан,Североисточна Босна,Сухо Поље/Бијељина,44.6928537,19.0961397
cluster,J2,non_I2,Founder,J-Y155375,Јовановић,Ђурђевдан,Мачва,Шабац,44.7571535,19.6953972
cluster,J2,non_I2,Founder,J-L70,Јовановић,Ђурђиц,Косово,Беревце/Штрпце,42.2458349,21.0250942
cluster,J2,non_I2,Founder,J-Y22059,Јовановић,Ђурђиц,Мачва,Меховине/Владимирци,44.6379674,19.7811087
cluster,E,non_I2,Founder,E-FT178289,Јовановић,Јовањдан,Североисточна Босна,Бобетино Брдо/Лопаре,44.7455256,18.9259586
cluster,PH908_primary,PH908_family,Founder,Y58629,Јовановић,Јовањдан,Североисточна Босна,Буквари/Буковица Доња/Бијељина,44.8233309,18.9823472
cluster,N,non_I2,Founder,N-FT213937,Јовановић,Јовањдан,Шумадија,Велика Иванча/Младеновац,44.4259017,20.5796709
cluster,R1a,non_I2,Founder,Z280,Јовановић,Јовањдан,Понишавље,Велики Вртоп/Гаџин Хан,43.1347735,22.1725958
cluster,N,non_I2,Founder,N-FT213937,Јовановић,Јовањдан,Топлица,Вукојевац/Куршумлија,43.021094,21.1871445
cluster,PH908_primary,PH908_family,Relic,Y189089,Јовановић,Јовањдан,Херцеговина,Хум/Требиње,42.7284887,18.1946559
cluster,I1,non_I2,Founder,BY169301,Јовановић,Андријевдан,Метохија,Раштане/Сува Река,42.3621996,20.8315238
cluster,J2,non_I2,Founder,J-L70,Јовановић,Аранђеловдан,Шумадија,Лоћика/Рековац,43.8578945,21.1867475
cluster,R1b,non_I2,Founder,FT49714,Јовановић,Аранђеловдан,Брда,Лутово/Подгорица,42.6279981,19.3856978
cluster,J2,non_I2,Relic,J-FT159176,Јовановић,Аранђеловдан,Западна Македонија,Ореовец/Македонски Брод,41.4918964,21.1316653
cluster,PH908_primary,PH908_family,Founder,BY93199,Јовановић,Аранђеловдан,Шумадија,Парцани/Сопот,44.5673578,20.5266613
cluster,R1a,non_I2,Founder,L1029,Јовановић,Аранђеловдан,Понишавље,Пирот,43.1547342,22.5865039
cluster,E,non_I2,Founder,E-PH1395,Јовановић,Аранђеловдан,Косово,Приштина,42.6638771,21.1640849
cluster,PH908_primary,PH908_family,Relic,BY97841,Јовановић,Аранђеловдан,Колубара,Ушће/Обреновац,44.629333,20.006634
cluster,J2,non_I2,Founder,J-Z38299,Јовановић,Зачеће Св. Јована Крститеља,Стара Херцеговина,Рисан/Котор,42.5149792,18.6955649
cluster,G,non_I2,Relic,G-L13,Јовановић,Лучиндан,Рашка,Видово/Нови Пазар,43.1606536,20.4662146
cluster,PH908_primary,PH908_family,Founder,FT16449,Јовановић,Митровдан,Мачва,Радаљ/Мали Зворник,44.4038889,19.1833333
cluster,PH908_primary,PH908_family,Founder,Y56203,Јовановић,Мратиндан,Рашка,Видово/Нови Пазар,43.1606536,20.4662146
cluster,E,non_I2,Founder,E-Z1057,Јовановић,Никољдан,Мачва,Јеленча/Шабац,44.7343671,19.7351869
cluster,I1,non_I2,Founder,BY169301,Јовановић,Никољдан,Источни Срем,Белегиш/Стара Пазова,45.0188292,20.3313275
cluster,E,non_I2,Founder,E-Z1057,Јовановић,Никољдан,Шумадија,Београд,44.7863236,20.4716856
cluster,G,non_I2,Relic,G-M342,Јовановић,Никољдан,Шумадија,Бождаревац/Барајево,44.564496,20.40044
cluster,R1a,non_I2,Founder,BY30743,Јовановић,Никољдан,Стари Влах,Велес/Гуча/Лучани,41.718869,21.7705695
cluster,PH908_primary,PH908_family,Founder,FT14506,Јовановић,Никољдан,Расина,Вучак/Крушевац,43.5644324,21.2810154
cluster,N,non_I2,Founder,N-FT182494,Јовановић,Никољдан,Мачва,Доње Црниљево/Коцељева,44.4677778,19.6255556
cluster,R1b,non_I2,Founder,BY38894,Јовановић,Никољдан,Стари Влах,Дујке/Сјеница,43.2109699,19.9949295
cluster,R1a,non_I2,Founder,BY30743,Јовановић,Никољдан,Шумадија,Кавадар/Рековац,43.8374553,21.132143
cluster,N,non_I2,Relic,N-PH1612,Јовановић,Никољдан,Косово,Пасјане/Гњилане,42.4059348,21.4962974
cluster,E,non_I2,Founder,E-Y126722,Јовановић,Никољдан,Метохија,Пећ,46.0765092,18.2280317
cluster,R1a,non_I2,Founder,Y260767,Јовановић,Никољдан,Североисточна Босна,Тиња/Сребреник,44.6905106,18.5051362
cluster,G,non_I2,Founder,G-Y128480,Јовановић,Пантелијевдан,Шумадија,Велико Орашје/Велика Плана,44.371241499999996,21.0887509
cluster,E,non_I2,Founder,E-Z13591,Јовановић,Петковдан,Шумадија,Велика Плана,44.3324574,21.075786
cluster,E,non_I2,Founder,E-Z13591,Јовановић,Петковдан,Косово,Врбница/Косовска Митровица,42.8341906,20.83857
cluster,R1a,non_I2,Founder,Z280,Јовановић,Петковдан,Тимочка Крајина,Мокрање/Неготин,44.1565767,22.5457659
cluster,E,non_I2,Founder,E-FT178289,Јовановић,Св. Јован Златоусти,Стари Влах,Дљин/Лучани,43.8688788,20.1433467
cluster,E,non_I2,Founder,E-PH1395,Јовановић,Св. Александар Невски,Метохија,Орашје/Брежаник/Пећ,45.0342753,18.6943254
cluster,I1,non_I2,Founder,FT428459,Јовановић,Стевањдан,Североисточна Босна,Бијељина,44.7568464,19.2156628
cluster,E,non_I2,Founder,E-Z1057,Јовановски,Св. Варвара,Западна Македонија,Теарце,42.0962641,21.0499952
cluster,R1a,non_I2,Founder,YP270,Јованчић,Ђурђиц,Стари Влах,Лиса/Ивањица,43.6514103,20.2292886
cluster,Y3120_shallow_nonPH908,nonPH908_I2,Relic,Y330253,Јовашевић,Ђурђевдан,Шумадија,Прељина/Чачак,43.9013757,20.4178774
cluster,E,non_I2,Founder,E-Z1057,Јовичинац,Ђурђевдан,Стари Влах,Глеђица/Ивањица,43.4347214,20.2290065
cluster,E,non_I2,Founder,E-FT104106,Јовичић,Ђурђевдан,Источна Босна,Гучево/Рогатица,43.8237583,18.931102
cluster,G,non_I2,Relic,G-L91,Јовичић,Ђурђиц,Стари Влах,Лис/Лучани,43.8056527,20.1770139
cluster,R1a,non_I2,Founder,Y260767,Јовичић,Јовањдан,Мачва,Миокус/Шабац,44.704107,19.826961
cluster,R1a,non_I2,Founder,Y189493,Јовичић,Марковдан,Босанска Крајина,Јошавка Горња/Челинац,44.7342666,17.4495925
cluster,R1a,non_I2,Founder,L1029,Јовишић,Ђурђевдан,Босанска Крајина,Медна/Мркоњић Град,44.3595975,16.9224624
cluster,R1a,non_I2,Founder,L1029,Јовић (Јовановић),Томиндан,Метохија,Новаке/Призрен,42.3015963,20.7553664
cluster,J2,non_I2,Founder,J-Y22063,Јовић,Ђурђевдан,Североисточна Босна,Дервента/Милићи,44.1305899,19.1340045
cluster,PH908_primary,PH908_family,Founder,Y56203,Јовић,Ђурђевдан,Североисточна Босна,Добој,44.7324559,18.0850157
cluster,R1a,non_I2,Founder,L1029,Јовић,Алимпијевдан,Шумадија,Ново Ланиште/Јагодина,44.0403555,21.2348023
cluster,N,non_I2,Relic,N-FT193452,Јовићевић,Никољдан,Стари Влах,Гугаљ/Пожега,43.867765,20.1002597
cluster,I1,non_I2,Founder,Y155080,Јокановић,Јовањдан,Североисточна Босна,Ново Село/Зворник,44.3287652,19.1192376
cluster,R1a,non_I2,Founder,Y189493,Јокановић,Стевањдан,Херцеговина,Требијови/Требиње,42.7523566,18.3183293
cluster,R1b,non_I2,Founder,BY38894,Јоковић,Ђурђевдан,Стари Влах,Северово/Ариље,43.7355288,19.9577524
cluster,E,non_I2,Founder,E-Y142744,Јоковић,Аранђеловдан,Шумадија,Горњи Милановац,44.0230872,20.4593296
cluster,I1,non_I2,Founder,FGC22061,Јоксимовић,Ђурђевдан,Стари Влах,Вирово/Ариље,43.7768561,20.1162652
cluster,Y3120_shallow_nonPH908,nonPH908_I2,Relic,Y474927,Јоксимовић,Лучиндан,Стари Влах,Добраче/Ариље,43.6353854,20.084459
cluster,E,non_I2,Founder,E-Y7168,Јорданов,Нема,Повардарје,Уланци/Градско,41.5879085,21.9440671
cluster,I1,non_I2,Founder,FGC22061,Јордовић,Никољдан,Стари Влах,Радовци/Пожега,43.8384427,19.9719643
cluster,E,non_I2,Founder,E-Z1057,Јосиповић,Лазарева Субота,Североисточна Босна,Рајетковићи/Црвица/Сребреница,44.0073932,19.5884728
cluster,I1,non_I2,Founder,Y155080,Јосић,Митровдан,Бачка,Сомбор,45.7727397,19.1147036
cluster,J2,non_I2,Founder,J-Y230579,Јоцић,Ђурђиц,Метохија,Гребник/Клина,42.5833077,20.5895152
cluster,J2,non_I2,Founder,J-Y14439,Јоцић,Петковдан,Врањско Поморавље,Горња Љубата/Босилеград,42.5010114,22.2945137
cluster,R1a,non_I2,Founder,L1029,Јојевић,Јовањдан,Источна Босна,Вардиште/Вишеград,43.7592967,19.4552731
cluster,R1a,non_I2,Founder,BY99654,Југовић,Никољдан,Источна Босна,Мокро/Пале,43.8929855,18.6359305
cluster,PH908_primary,PH908_family,Relic,Y188841,Југовић,Пантелијевдан,Босанска Крајина,Шаринци/Прњавор,44.801421,17.5674552
cluster,J2,non_I2,Relic,J-L26,Јуришић,Никољдан,Западни Банат,Ново Милошево/Нови Бечеј,45.7213056,20.3017485
cluster,Y3120_shallow_nonPH908,nonPH908_I2,Relic,Y84307,Љамић,Ђурђиц,Метохија,Паличојћи/Средска/Призрен,42.1722462,20.8573222
cluster,I1,non_I2,Founder,BY169301,Љубинковић,Аранђеловдан,Мачва,Брњац/Лозница,44.5477778,19.3675
cluster,I1,non_I2,Founder,FTA86559,Љубичић,Видовдан,Банија,Мала Врановина/Топуско,45.2846486,16.0085184
cluster,E,non_I2,Founder,E-Z1057,Љубојевић,Јовањдан,Стари Влах,Збојштица/Ужице,43.801092,19.8692072
cluster,I1,non_I2,Founder,FGC22061,Љубојевић,Никољдан,Стари Влах,Врбово/Пријепоље,43.4455142,19.4778173
cluster,R1b,non_I2,Founder,FT49714,Љумовић,Аранђеловдан,Брда,Брдо/Црнци/Подгорица,45.4492898,13.7596335
cluster,J2,non_I2,Founder,J-FT413312,Његуш,Никољдан,Источна Босна,Калиновик,43.5043116,18.4467193
cluster,E,non_I2,Founder,E-Z1057,Ћакић,Нема,Бачка,Суботица,46.0929654,19.6539185
cluster,PH908_primary,PH908_family,Founder,FT14506,Ћалић,Јовањдан,Банија,Горичка/Двор,45.157582,16.3355577
cluster,I1,non_I2,Founder,FGC22061,Ћаловић,Ђурђевдан,Стари Влах,Зеоке/Лучани,43.8448345,20.264368
cluster,R1a,non_I2,Relic,Y38780,Ћеловић,Стевањдан,Херцеговина,Дужи/Требиње,42.7040184,18.2629268
cluster,I1,non_I2,Founder,FGC22061,Ћеран,Ђурђевдан,Босанска Крајина,Чаглица/Велика Кладуша,45.120781,15.9840396
cluster,R1a,non_I2,Founder,YP417,Ћеранић,Јовањдан,Херцеговина,Автовац/Гацко,43.1387193,18.5757009
cluster,PH908_primary,PH908_family,Relic,Y199158,Ћетковић,Пантелијевдан,Североисточна Босна,Пељаве/Лопаре,44.6333515,18.9495018
cluster,E,non_I2,Founder,E-Z16988,Ћећез,Ђурђевдан,Херцеговина,Доње Село/Коњиц,43.6682984,17.9361044
cluster,E,non_I2,Founder,E-Z13591,Ћиповић,Петковдан,Брда,Даниловград,42.5524049,19.1052289
cluster,PH908_primary,PH908_family,Founder,FT190799,Ћипранић,Лучиндан,Стара Херцеговина,Ливеровићи/Никшић,42.7417709,19.073395
cluster,J2,non_I2,Founder,J-L70,Ћирић,Мратиндан,Шумадија,Влакча/Крагујевац,44.1608635,20.712197
cluster,J2,non_I2,Founder,J-Y22063,Ћирић,Стевањдан,Стари Влах,Горња Горевница/Чачак,43.958081,20.2849718
cluster,R1b,non_I2,Founder,BY38894,Ћировић,Ђурђевдан,Стари Влах,Негбина/Нова Варош,43.5421575,19.7887808
cluster,E,non_I2,Founder,E-Y142744,Ћировић,Јовањдан,Брда,Подбишће/Мојковац,42.9624908,19.5799899
cluster,J2,non_I2,Founder,J-Y22063,Ћировић,Аранђеловдан,Шумадија,Брезовац/Аранђеловац,44.2477475,20.6008977
cluster,E,non_I2,Relic,E-Y19508,Ћировић,Томиндан,Стари Влах,Пријановићи/Пожега,43.8574613,20.0794029
cluster,E,non_I2,Founder,E-Z1057,Ћирјанић,Никољдан,Стари Влах,Расна/Пожега,43.8145564,20.0227976
cluster,E,non_I2,Founder,E-Y142744,Ћопић,Михољдан,Лика,Горња Суваја/Грачац,44.4049975,16.0831234
cluster,PH908_map_nonprimary,PH908_family,Founder,Y4882,Ћорлука,Јовањдан,Херцеговина,Козице/Столац,43.1400884,17.9140101
cluster,E,non_I2,Founder,E-Z16988,Ћоровић,Аћимовдан,Херцеговина,Крушевица/Љубиње,42.9106923,18.1233759
cluster,I1,non_I2,Relic,FT263327,Ћоровић,Савиндан,Стара Херцеговина,Пошћење/Шавник,43.9517541,17.9165425
cluster,I1,non_I2,Founder,FGC22061,Ћосић,Ђурђевдан,Западни Банат,Јаша Томић/Сечањ,45.4465892,20.8564493
cluster,N,non_I2,Founder,N-FT213937,Ћосић,Јовањдан,Источна Босна,Булози/Источно Сарајево,43.8513557,18.5029053
cluster,I1,non_I2,Founder,FGC22061,Ћосић,Јовањдан,Источна Босна,Радоњићи/Пале,43.8024839,18.5397213
cluster,PH908_primary,PH908_family,Founder,Y134585,Ћосић,Аранђеловдан,Стари Влах,Паковраће/Чачак,43.899284,20.2606344
cluster,N,non_I2,Founder,N-FT213937,Ћосовић,Јовањдан,Источна Босна,Мјешаји/Фоча,43.4378956,18.7579307
cluster,E,non_I2,Founder,E-FT104106,Ћузовић,Ђурђевдан,Стара Херцеговина,Отиловићи/Пљевља,43.3322924,19.4141889
cluster,PH908_primary,PH908_family,Founder,Y58629,Ћук,Јовањдан,Херцеговина,Убоско/Љубиње,43.0086063,18.0852893
cluster,R1b,non_I2,Founder,A274,Ћук,Аранђеловдан,Херцеговина,Крајпоље/Љубиње,42.9209583,18.1214927
cluster,E,non_I2,Founder,E-Y142744,Ћук,Никољдан,Босанска Крајина,Доњи Врбљани/Рибник,44.3523007,16.8155703
cluster,PH908_primary,PH908_family,Founder,FT14506,Ћурић,Ђурђевдан,Херцеговина,Коњско/Требиње,42.6442494,18.4598538
cluster,I1,non_I2,Founder,FGC22061,Ћурлић,Никољдан,Босанска Крајина,Понир/Бањалука,44.7282914,17.2254977
cluster,I1,non_I2,Founder,FGC22061,Ћурчић,Ђурђевдан,Рашка,Градац/Ивањица,43.3757722,20.3154913
cluster,G,non_I2,Founder,G-Y128480,Ћурчић,Никољдан,Лика,Вребац/Госпић,44.5265285,15.5014191
cluster,G,non_I2,Founder,G-Y128480,Ћурчић,Никољдан,Лика,Подум/Оточац,44.8861725,15.296355
cluster,R1a,non_I2,Founder,YP4278,Џагић,Аранђеловдан,Мачва,Завлака/Крупањ,44.4554446,19.4834196
cluster,I1,non_I2,Founder,FGC22061,Џекулић,Стевањдан,Стари Влах,Трудово/Нова Варош,43.5118646,19.9380612
cluster,PH908_primary,PH908_family,Founder,Y58629,Џелетовић,Јовањдан,Херцеговина,Чепелица/Билећа,42.8445222,18.4067779
cluster,J2,non_I2,Founder,J-Y230579,Џонлез,Јовањдан,Херцеговина,Ходбина/Мостар,43.229703,17.8523897
cluster,PH908_primary,PH908_family,Founder,FT16449,Џунић,Аранђеловдан,Понишавље,Велико Село/Пирот,43.1057212,22.6771473
cluster,R1b,non_I2,Founder,L51,Џухо,Нема,Источна Босна,Џуха/Ново Горажде,43.6691134,19.1413244
cluster,PH908_primary,PH908_family,Founder,FT190799,Аврамовић,Лучиндан,Шумадија,Доња Сабанта/Крагујевац,43.9557691,20.9623432
cluster,J2,non_I2,Founder,J-Y14439,Аврамовић,Лучиндан,Топлица,Жуч/Куршумлија,43.202075,21.1562884
cluster,PH908_primary,PH908_family,Founder,FT16449,Аврамовић,Никољдан,Херцеговина,Челебићи/Коњиц,43.3913313,18.9682323
cluster,R1b,non_I2,Founder,L51,Аврамовић,Св. Атанасије,Метохија,Пећ,46.0765092,18.2280317
cluster,J2,non_I2,Founder,J-Y22059,Адамовић,Ђурђевдан,Шумадија,Вишевац/Рача,44.2488573,20.9331607
cluster,I1,non_I2,Founder,FGC22061,Адамовић,Ђурђевдан,Стари Влах,Забрдњи Тоци/Пријепоље,43.4740073,19.5102387
cluster,G,non_I2,Founder,G-Y128480,Адамовић,Јовањдан,Босанска Крајина,Босанска Крупа,44.8824428,16.1577
cluster,G,non_I2,Founder,G-Y128480,Адамовић,Јовањдан,Босанска Крајина,Дрвар,44.3740882,16.3845503
cluster,PH908_primary,PH908_family,Founder,Y134585,Адамовић,Св. Симеон Богопримац,Североисточна Босна,Горњи Свилај/Оџак,45.1073154,18.2483226
cluster,R1a,non_I2,Founder,Y189493,Аздејковић,Аранђеловдан,Расина,Кобиље/Брус,43.4065645,21.0318929
cluster,G,non_I2,Founder,G-Y128480,Аксентијевић,Јовањдан,Топлица,Здравиње/Прокупље,43.3097172,21.3926351
cluster,PH908_primary,PH908_family,Founder,Y134585,Аксентијевић,Аранђеловдан,Стара Херцеговина,Пљевља,43.3565611,19.3584715
cluster,J2,non_I2,Founder,J-Y155375,Аларгић,Никољдан,Бачка,Врбас,45.5668829,19.6465079
cluster,Y3120_deep_mid_nonPH908,nonPH908_I2,Founder,Z17855,Албијанић,Стевањдан,Херцеговина,Баљци/Билећа,42.8919352,18.4528742
cluster,R1a,non_I2,Founder,BY99654,Алексић,Ђурђевдан,Мачва,Брадић/Лозница,44.5497222,19.3391667
cluster,I1,non_I2,Founder,FGC22061,Алексић,Ђурђевдан,Шумадија,Крагујевац,44.0142628,20.9162394
cluster,E,non_I2,Founder,E-L241,Алексић,Јовањдан,Колубара,Остружањ/Осечина,44.3481096,19.5671699
cluster,PH908_primary,PH908_family,Founder,FT386055,Алексић,Св. Симеон Богопримац,Босанска Крајина,Бранешци Горњи/Челинац,44.7928465,17.527736
cluster,I1,non_I2,Founder,FGC22061,Алемпијевић,Ђурђевдан,Шумадија,Бранчић/Љиг,44.2254617,20.2603445
cluster,I1,non_I2,Founder,FT428459,Андрејић,Стевањдан,Браничево,Дубница/Свилајнац,44.2752832,21.3192649
cluster,I1,non_I2,Founder,FTA86559,Андрић,Јовањдан,Стари Влах,Дрежник/Ужице,43.7781721,19.9130094
cluster,I1,non_I2,Founder,FTA86559,Андрић,Митровдан,Херцеговина,Прењ/Столац,43.110656,17.8362306
cluster,E,non_I2,Founder,E-Z1057,Андрић,Петковдан,Косово,Племетина/Обилић,42.7069227,21.0440069
cluster,PH908_primary,PH908_family,Relic,BY184790,Андрић,Тривуњдан,Топлица,Свињиште/Куршумлија,42.946502,21.4415365
cluster,PH908_primary,PH908_family,Relic,Y283553,Аничић,Никољдан,Стари Влах,Дебеља/Нова Варош,43.4755264,19.9289773
cluster,R1a,non_I2,Founder,L1029,Аничић,Никољдан,Херцеговина,Расовац/Требиње,42.6712765,18.3330527
cluster,E,non_I2,Founder,E-Y126722,Аничић,Часне Вериге апостола Петра,Босанска Крајина,Сурјан/Мркоњић Град,44.5308033,17.1317519
cluster,N,non_I2,Founder,N-FT213937,Антић,Јовањдан,Босанска Крајина,Радманићи/Бања Лука,44.6803826,16.95583
cluster,R1a,non_I2,Founder,YP4278,Антић,Никољдан,Шумадија,Београд,44.7863236,20.4716856
cluster,R1b,non_I2,Founder,FT49714,Антовић,Ђурђиц,Стари Влах,Прилипац/Пожега,43.8183343,20.1148939
cluster,I1,non_I2,Founder,FGC22061,Антонијевић,Ђурђевдан,Шумадија,Вреоци/Лазаревац,44.4433333,20.2819444
cluster,E,non_I2,Founder,E-L241,Антонић,Аранђеловдан,Североисточна Босна,Батковић/Бијељина,44.8332129,19.2107897
cluster,PH908_primary,PH908_family,Founder,FT16449,Антонић,Марковдан,Босанска Крајина,Јошавка Горња/Челинац,44.7342666,17.4495925
cluster,R1a,non_I2,Founder,L1029,Анђелић,Никољдан,Браничево,Раденка/Кучево,44.5851228,21.765049
cluster,E,non_I2,Founder,E-Y126722,Анђелић,Часне Вериге апостола Петра,Североисточна Босна,Церовица/Станари,44.7087663,17.8703372
cluster,E,non_I2,Founder,E-PH1395,Анђелковић,Аранђеловдан,Рашка,Мланча/Краљево,43.5258023,20.400969
cluster,E,non_I2,Founder,E-Z1057,Анђелковић,Никољдан,Шумадија,Пољна/Трстеник,43.705253,21.1026969
cluster,E,non_I2,Founder,E-Z1057,Анђеловић,Јовањдан,Врањско Поморавље,Доњи Козји Дол/Трговиште,42.3379525,22.0992839
cluster,E,non_I2,Founder,E-Z16988,Анђеловски,Никољдан,Северна Македонија,Дејловце/Старо Нагоричане,42.2526053,22.0003997
cluster,PH908_primary,PH908_family,Founder,BY93199,Анђић,Аранђеловдан,Херцеговина,Фојница/Гацко,43.2335786,18.3999075
cluster,J2,non_I2,Founder,J-Y155375,Анџић,Ђурђевдан,Источна Босна,Штрпци/Рудо,43.6371002,19.4860732
cluster,R1a,non_I2,Relic,P278.2,Аранђеловић,Никољдан,Браничево,Кудреш/Голубац,44.6147118,21.5839341
cluster,R1a,non_I2,Relic,BY170000,Арнаутовић,Стевањдан,Херцеговина,Челебићи/Коњиц,43.3913313,18.9682323
cluster,I1,non_I2,Founder,FGC22061,Арсенијевић,Ђурђевдан,Шумадија,Баљковац/Крагујевац,43.964331,20.9272468
cluster,E,non_I2,Founder,E-Y128213,Арсеновић,Јовањдан,Североисточна Босна,Мала Обарска/Бијељина,44.7929623,19.2011643
cluster,J2,non_I2,Founder,J-Y22059,Арсеновић,Никољдан,Североисточна Босна,Батковић/Бијељина,44.8332129,19.2107897
cluster,E,non_I2,Founder,E-Z1057,Арсић,Ђурђевдан,Косово,Приштина,42.6638771,21.1640849
cluster,E,non_I2,Founder,E-Z1057,Арсић,Ђурђиц,Јабланица,Реткоцер/Медвеђа,42.8479667,21.5028084
cluster,Y3120_deep_mid_nonPH908,nonPH908_I2,Founder,Z17855,Арсић,Никољдан,Косово,Манастир/Божевце/Косовска Каменица,41.85969,25.58212
cluster,J2,non_I2,Founder,J-Y22063,Арсић,Никољдан,Јабланица,Рујковац/Лебане,42.8918524,21.6417717
cluster,J2,non_I2,Founder,J-FT413312,Асановић,Јовањдан,Херцеговина,Граб/Требиње,42.6045249,18.4258756
cluster,E,non_I2,Founder,E-FT104106,Атанацковић,Ђурђиц,Западни Банат,Црепаја/Ковачица,45.0092297,20.6372859
cluster,G,non_I2,Founder,G-FTC64765,Атељевић,Аранђеловдан,Херцеговина,Изгори/Гацко,43.2465901,18.6457461
cluster,G,non_I2,Founder,G-Y128480,Ацковић,Никољдан,Расина,Пепељевац/Крушевац,43.5647826,21.2543821
cluster,I1,non_I2,Founder,FGC22061,Ашкрабић,Ђурђевдан,Херцеговина,Драмешина/Гацко,43.2110955,18.602922
cluster,PH908_primary,PH908_family,Founder,FT14506,Ашћерић,Ђурђевдан,Североисточна Босна,Ашћерићи/Шековићи,44.3538497,18.9847405
cluster,R1a,non_I2,Founder,L1029,Ајдачић,Аранђеловдан,Стари Влах,Лиса/Ивањица,43.6514103,20.2292886
cluster,J2,non_I2,Founder,J-Z38299,Ајдиновић,Нема,Јабланица,Тупале/Медвеђа,42.8225019,21.6059296
cluster,PH908_primary,PH908_family,Founder,FT190799,Аћимовић,Лучиндан,Херцеговина,Потоци/Мостар,43.4078203,17.8758297
cluster,E,non_I2,Founder,E-FT178289,Аџић,Јовањдан,Херцеговина,Горња Бодежишта/Гацко,43.2567789,18.5079915
cluster,PH908_primary,PH908_family,Founder,FT14506,Бабаљ,Ђурђевдан,Херцеговина,Банчићи/Љубиње,42.9716006,17.9952073
cluster,N,non_I2,Founder,N-FGC28435,Бабић,Јовањдан,Босанска Крајина,Ахметовци/Нови Град,45.0491002,16.5779068
cluster,R1a,non_I2,Founder,L1029,Бабић,Јовањдан,Херцеговина,Локве/Чапљина,43.1528752,17.8242673
cluster,N,non_I2,Founder,N-FGC28435,Бабић,Јовањдан,Лика,Мазин/Грачац,44.4528213,15.9668142
cluster,N,non_I2,Founder,N-FGC28435,Бабић,Јовањдан,Босанска Крајина,Марини/Приједор,45.066198,16.6150608
cluster,N,non_I2,Founder,N-FGC28435,Бабић,Јовањдан,Далмација,Мокро Поље/Ервеник,44.0823219,16.0457544
cluster,PH908_primary,PH908_family,Founder,Y56203,Бабић,Јовањдан,Североисточна Босна,Прибој/Лопаре,44.6015596,18.9300839
cluster,E,non_I2,Founder,E-L241,Бабић,Тривуњдан,Шумадија,Вранић/Барајево,44.5941837,20.3086441
cluster,E,non_I2,Founder,E-PH1395,Бабовић,Аранђеловдан,Брда,Доње Луге/Беране,42.8359367,19.883217899999998
cluster,G,non_I2,Relic,G-Z6692,Баги,Нема,Бачка,Тотово Село/Кањижа,45.9635873,19.9194944
cluster,R1b,non_I2,Founder,FT49714,Бажалац,Аранђеловдан,Рашка,Орља Глава/Краљево,43.5435467,20.4152529
cluster,I1,non_I2,Founder,FGC22061,Бакмаз,Ђурђевдан,Источна Босна,Доњи Калиманићи/Соколац,43.9069524,18.9854049
cluster,J2,non_I2,Founder,J-Y155375,Баковић,Никољдан,Стари Влах,Брајковац/Пријепоље,43.2616438,19.5979651
cluster,G,non_I2,Founder,G-FTC64765,Бакоч,Аранђеловдан,Херцеговина,Клобук/Требиње,42.7115465,18.5315292
cluster,E,non_I2,Relic,E-FT183738,Балтић,Никољдан,Босанска Крајина,Масловаре/Нови Град,45.0121598,16.4326781
cluster,E,non_I2,Founder,E-Z1057,Бамбураћ,Игњатијевдан,Централна Хрватска,Вукошевац/Суња,45.364105,16.472335
cluster,R1a,non_I2,Founder,L1029,Банац,Ђурђевдан,Јужна Барања,Дарда,45.6278597,18.6932831
cluster,I1,non_I2,Founder,FGC22061,Бандука,Ђурђевдан,Средња Босна,Црепљани/Хаџићи,43.7899078,18.2048651
cluster,R1a,non_I2,Relic,YP337,Банзић,Митровдан,Метохија,Оптеруша/Ораховац,42.3712928,20.7165407
cluster,J2,non_I2,Founder,J-FT413312,Банићевић,Јовањдан,Зета,Горња Заљут/Цетиње,42.565944,18.7699803
cluster,PH908_primary,PH908_family,Founder,Y56203,Бановачки,Стевањдан,Источни Срем,Попинци/Пећинци,44.9280466,20.0072723
cluster,R1b,non_I2,Relic,BY18860,Бановић,Никољдан,Зета,Доња Села/Цетиње,45.6826949,15.7512453
cluster,E,non_I2,Founder,E-Z1057,Банђур,Никољдан,Херцеговина,Љубиње,42.9515429,18.08992
cluster,I1,non_I2,Relic,Y54671,Бараћ,Никољдан,Лика,Сврачково Село/Удбина,44.6215063,15.6236524
cluster,PH908_primary,PH908_family,Founder,Y58629,Баришић,Јовањдан,Далмација,Цетина/Цивљане,43.9739095,16.4271869
cluster,J2,non_I2,Founder,J-Y22059,Барош,Никољдан,Босанска Крајина,Црни Луг/Босанско Грахово,44.0780129,16.5800104
cluster,R1b,non_I2,Relic,FGC71677,Бартон,Непознато,Тимочка Крајина,Аврамица/Грљан/Зајечар,43.8408036,22.3171844
cluster,PH908_primary,PH908_family,Founder,FT14506,Басарић,Ђурђиц,Стари Влах,Губеревци/Лучани,43.7632414,20.3447699
cluster,R1b,non_I2,Founder,FT49714,Бастаћ,Аранђеловдан,Зета,Ријека Црнојевића/Цетиње,42.3563513,19.0226515
cluster,I1,non_I2,Founder,FTA86559,Батало,Св. Василије Велики,Кордун,Горње Примишље/Слуњ,45.1648529,15.547801
cluster,J2,non_I2,Founder,J-Y22063,Батанчев,Св. Василије Велики,Западни Банат,Нови Кнежевац,46.0427093,20.0933532
cluster,R1a,non_I2,Founder,Y144943,Батинић,Лазарева Субота,Херцеговина,Љубиње,42.9515429,18.08992
cluster,PH908_primary,PH908_family,Founder,Y58629,Батица,Јовањдан,Далмација,Цетина/Цивљане,43.9739095,16.4271869
cluster,J2,non_I2,Relic,J-Y22069,Батоћанин,Стевањдан,Расина,Лопаш/Трстеник,43.5769422,21.0781372
cluster,J2,non_I2,Relic,J-Y22069,Батоћанин,Стевањдан,Расина,Оџаци/Трстеник,43.6005637,21.0347199
cluster,E,non_I2,Founder,E-L241,Бачановић,Јовањдан,Стара Херцеговина,Ратишевина/Херцег Нови,42.4780599,18.5021008
cluster,E,non_I2,Founder,E-FT178289,Бачаревић,Јовањдан,Шумадија,Радмиловић/Кнић,43.9423969,20.6383437
cluster,R1a,non_I2,Founder,Y189493,Бачић,Нема,Бачка,Суботица,46.0929654,19.6539185
cluster,I1,non_I2,Founder,FGC22061,Башевић,Ђурђевдан,Источна Босна,Кусаче/Соколац,43.9286803,18.8682872
cluster,E,non_I2,Founder,E-Z1057,Башић,Јовањдан,Североисточна Босна,Башићи/Шековићи,44.3164946,18.9408086
cluster,E,non_I2,Founder,E-Z1057,Башић,Јовањдан,Херцеговина,Церовац/Требиње,42.7135098,18.2003988
cluster,G,non_I2,Founder,G-Y128480,Башић,Јовањдан,Босанска Крајина,Шиповљани/Дрвар,44.3521919,16.4122818
cluster,R1a,non_I2,Founder,Y189493,Башић,Нема,Бачка,Суботица,46.0929654,19.6539185
cluster,E,non_I2,Founder,E-Z16988,Башић,Никољдан,Херцеговина,Башићи/Чопице/Равно,43.1446321,18.435687
cluster,J2,non_I2,Founder,J-Y22063,Бајаловић (Трифковић),Мратиндан,Североисточна Босна,Попови/Бијељина,44.7633867,19.2733399
cluster,J2,non_I2,Founder,J-Y14439,Бајић,Ђурђевдан,Стари Влах,Брајићи/Горњи Милановац,44.1010774,20.2074963
cluster,R1a,non_I2,Founder,YP417,Бајић,Јовањдан,Средња Босна,Бугојно,44.0558542,17.4509043
cluster,R1a,non_I2,Founder,L1029,Бајић,Стевањдан,Централна Хрватска,Четвртковац/Суња,45.3505168,16.5404707
cluster,N,non_I2,Founder,N-FT213937,Бајчетић,Јовањдан,Херцеговина,Церница/Гацко,43.0770424,18.5163356
cluster,J2,non_I2,Founder,J-Y22059,Бањац,Јовањдан,Босанска Крајина,Средице/Горњи Рибник/Рибник,44.4035951,16.8269342
cluster,E,non_I2,Relic,E-BY167606,Беговић,Никољдан,Јабланица,Маћедонце/Медвеђа,42.808552,21.568621
cluster,E,non_I2,Founder,E-L241,Беговић,Петровдан,Банија,Беговићи/Петриња,45.3013906,16.3262919
cluster,R1b,non_I2,Relic,Y100058,Бектешевић,Нема,Брда,Вишњево/Гусиње,42.5650694,19.8868506
cluster,J2,non_I2,Founder,J-Y22059,Белајев,Гавриловдан,Источни Срем,Војка/Стара Пазова,44.935625,20.1516279
cluster,E,non_I2,Founder,E-CTS11222,Белензаде (Белензада),Јовањдан,Босанска Крајина,Рудине/Гламоч,44.0118442,16.8967264
cluster,G,non_I2,Relic,G-Z45690,Белић,Алимпијевдан,Колубара,Гуњаци/Осечина,44.2970259,19.5153447
cluster,G,non_I2,Relic,G-L830,Белоица,Никољдан,Брда,Буковица/Рожаје,42.9524274,20.1929815
cluster,E,non_I2,Founder,E-Z1057,Белчевић,Ђурђевдан,Топлица,Трнови Лаз/Прокупље,43.1363325,21.4278084
cluster,PH908_primary,PH908_family,Founder,Y134585,Бенцун,Св. Симеон Богопримац,Средња Босна,Горњи Лучани/Какањ,44.1375313,17.9901649
cluster,R1a,non_I2,Founder,Z280,Берисавац,Јовањдан,Шумадија,Гараши/Аранђеловац,44.2899129,20.4472732
cluster,E,non_I2,Founder,E-Y7168,Бечејски,Никољдан,Западни Банат,Сакуле/Опово,45.1452359,20.4818833
cluster,E,non_I2,Founder,E-Z1057,Бешењи,Никољдан,Јужна Барања,Мирковац/Кнежеви Виногради,45.7374429,18.7983997
cluster,J2,non_I2,Founder,J-Y22059,Бештић,Никољдан,Херцеговина,Залом/Невесиње,43.2352217,18.2779684
cluster,J2,non_I2,Relic,J-Y29678,Бељански,Аранђеловдан,Бачка,Салаши Радојевићи/Сомбор,45.7727397,19.1147036
cluster,J2,non_I2,Relic,J-Y29678,Бељански,Аранђеловдан,Бачка,Сомбор,45.7727397,19.1147036
cluster,R1a,non_I2,Relic,YP1337,Бењак,Нема,Бачка,Станишић/Сомбор,45.9385555,19.1645788
cluster,I1,non_I2,Founder,FGC22061,Била,Ђурђевдан,Банија,Мартиновићи/Глина,45.2968019,16.2616946
cluster,E,non_I2,Founder,E-Z13591,Билаловић,Нема,Рашка,Нови Пазар,43.1406913,20.518057
cluster,I1,non_I2,Founder,FTA86559,Билбија,Лучиндан,Босанска Крајина,Угарци/Босанско Грахово,44.1658384,16.3733417
cluster,N,non_I2,Founder,N-FT213937,Билинац,Јовањдан,Источна Босна,Доње Жешће/Фоча-Устиколина,43.6044873,18.742483
cluster,R1a,non_I2,Founder,YP417,Билић,Јовањдан,Далмација,Цивљане,43.9556008,16.4050607
cluster,R1a,non_I2,Founder,BY99654,Бирач,Никољдан,Банија,Брубно/Глина,45.1861204,16.0990234
cluster,PH908_primary,PH908_family,Founder,Y56203,Бисенић,Аранђеловдан,Шумадија,Голобок/Смедеревска Паланка,44.4516501,21.0059783
cluster,E,non_I2,Relic,E-FT89644,Бишевац,Петковдан,Косово,Јабука/Зубин Поток,42.90254,20.660741
cluster,PH908_primary,PH908_family,Founder,Y58629,Бијелић,Јовањдан,Босанска Крајина,Костајница,45.2187079,16.5463194
cluster,PH908_map_nonprimary,PH908_family,Founder,Y4882,Бијелић,Никољдан,Далмација,Брибир/Скрадин,43.9217665,15.8422069
cluster,R1a,non_I2,Founder,BY99654,Биџић,Св. Ђорђе посни,Јабланица,Власотинце,42.9652346,22.1281077
cluster,E,non_I2,Founder,E-Y142744,Благојевић,Лазарева Субота,Источна Босна,Острмци/Јошаница/Фоча,43.5535415,18.832184
cluster,I1,non_I2,Founder,FTA86559,Благојевић,Никољдан,Славонија,Плетерница/Славонска Пожега,45.2862978,17.8015103
cluster,PH908_primary,PH908_family,Founder,Y134585,Благојевић,Св. Симеон Богопримац,Североисточна Босна,Палежница Горња/Добој,44.833829,18.2436026
cluster,I1,non_I2,Founder,FT428459,Благојевић,Стевањдан,Рашка,Гувниште/Лепосавић,43.2319981,20.7877793
cluster,E,non_I2,Relic,E-Y178858,Блаженовић,Илиндан,Босанска Крајина,Ребровац/Бања Лука,44.7592904,17.227585
cluster,R1a,non_I2,Relic,FT62520,Блажић,Стевањдан,Шумадија,Међулужје/Младеновац,44.409469,20.6863009
cluster,J2,non_I2,Founder,J-Y22063,Бобић,Јовањдан,Кордун,Поповић Брдо/Карловац,45.4647123,15.6410545
cluster,N,non_I2,Founder,N-FGC28435,Бобић,Лучиндан,Североисточна Босна,Батковић/Бијељина,44.8332129,19.2107897
cluster,PH908_primary,PH908_family,Founder,FT14506,Богдановић,Ђурђевдан,Херцеговина,Убоско/Љубиње,43.0086063,18.0852893
cluster,E,non_I2,Founder,E-Y142744,Богдановић,Јовањдан,Североисточна Босна,Магнојевић Средњи/Бијељина,44.7830695,18.9928742
cluster,J2,non_I2,Founder,J-Y22063,Богдановић,Јовањдан,Источна Босна,Мокронози/Рудо,43.5925875,19.4845248
cluster,N,non_I2,Founder,N-FT213937,Богдановић,Јовањдан,Североисточна Босна,Прибој/Лопаре,44.6015596,18.9300839
cluster,E,non_I2,Relic,E-Y5435,Богдановић,Аранђеловдан,Шумадија,Трновче/Велика Плана,44.4124832,21.1126168
cluster,I1,non_I2,Founder,FTA86559,Богдановић,Пантелијевдан,Стари Влах,Бакионица/Пожега,43.8630475,20.0462656
cluster,R1a,non_I2,Founder,YP270,Богдановић,Томиндан,Расина,Бзенице/Александровац,43.5033356,20.8785889
cluster,J2,non_I2,Relic,J-PF7412,Богић,Петковдан,Тимочка Крајина,Луково/Бољевац,43.8007681,21.8387674
cluster,I1,non_I2,Founder,FGC22061,Богићевић,Никољдан,Рашка,Адрани/Краљево,43.7573076,20.6556342
cluster,E,non_I2,Founder,E-Z13591,Богићевић,Петковдан,Шумадија,Аранђеловац,44.3095004,20.5528842
cluster,I1,non_I2,Founder,FT428459,Богосављевић,Стевањдан,Стари Влах,Кремна/Ужице,43.8502197,19.5800524
cluster,I1,non_I2,Founder,BY169301,Богојевић,Аранђеловдан,Расина,Ботурићи/Александровац,43.458246,20.9651756
cluster,I1,non_I2,Founder,FGC22061,Богојевић,Никољдан,Стари Влах,Поникве/Стапари/Ужице,43.8908077,19.7186607
cluster,R1a,non_I2,Founder,Z280,Божин,Јовањдан,Северни Банат,Деска/Сегедин,46.2179342,20.2388863
cluster,E,non_I2,Founder,E-FT104106,Божовић,Ђурђевдан,Стари Влах,Драгојевац/Ариље,43.7240834,20.1272817
cluster,R1b,non_I2,Founder,FT49714,Божовић,Митровдан,Брда,Стијена/Подгорица,42.4621485,19.2021235
cluster,PH908_map_nonprimary,PH908_family,Founder,Y4882,Божовић,Никољдан,Источна Босна,Борје/Фоча,43.3848521,18.9572078
cluster,I1,non_I2,Founder,FTA86559,Божовић,Никољдан,Стари Влах,Лопаш/Пожега,43.8053585,20.1239919
cluster,R1a,non_I2,Founder,L1029,Боздоков,Аранђеловдан,Бачка,Сивац/Кула,45.7032662,19.3822068
cluster,N,non_I2,Founder,N-FT182494,Бокарић,Јовањдан,Североисточна Босна,Попови/Бијељина,44.7633867,19.2733399
cluster,R1b,non_I2,Founder,A274,Бокић,Јовањдан,Херцеговина,Кртиње/Љубиње,42.8998866,18.2345695
cluster,PH908_primary,PH908_family,Founder,Y134585,Борић,Св. Симеон Богопримац,Североисточна Босна,Бања Врућица/Теслић,44.5880031,17.8976377
cluster,I1,non_I2,Founder,FGC22061,Борковић,Никољдан,Далмација,Лактац/Хрваце,43.8521199,16.5362621
cluster,PH908_primary,PH908_family,Founder,FT16449,Боро,Никољдан,Херцеговина,Струјићи/Требиње,42.8987165,18.0154035
cluster,J2,non_I2,Founder,J-Y22063,Боројевић,Јовањдан,Банија,Љубина/Двор,45.0704459,16.2602417
cluster,E,non_I2,Founder,E-Z1057,Борђошки,Аранђеловдан,Бачка,Сента,45.927917,20.0954031
cluster,R1a,non_I2,Founder,BY99654,Босић,Јовањдан,Североисточна Босна,Црнча/Дервента,44.8435466,17.9089735
cluster,E,non_I2,Founder,E-Z1057,Босић,Аранђеловдан,Стари Влах,Лис/Лучани,43.8056527,20.1770139
cluster,R1a,non_I2,Founder,BY99654,Босић,Никољдан,Североисточна Босна,Горња Слатина/Шамац,44.9654626,18.4724038
cluster,E,non_I2,Founder,E-Z16988,Бошковић,Никољдан,Херцеговина,Мркоњићи/Требиње,42.8416883,18.1002849
cluster,J2,non_I2,Founder,J-Y155375,Бошковић,Стевањдан,Шумадија,Бресница/Чачак,43.8739802,20.5958184
cluster,E,non_I2,Founder,E-L241,Бошњак,Ђурђевдан,Западни Банат,Меленци/Зрењанин,45.5166819,20.316299
cluster,R1b,non_I2,Founder,FT44409,Бошњак,Алимпијевдан,Северна Барања,Шарок/Мохач,45.9933836,18.6821079
cluster,E,non_I2,Founder,E-FGC11450,Бошњак,Аранђеловдан,Херцеговина,Подосоје/Билећа,42.8954979,18.4023234
cluster,PH908_primary,PH908_family,Founder,Y56203,Бошњак,Нема,Бачка,Ленија/Сомбор,45.7761548,19.1846712
cluster,E,non_I2,Founder,E-Z1057,Бошњаковић,Томиндан,Североисточна Босна,Колимер/Тузла,44.5444883,18.8224738
cluster,I1,non_I2,Founder,FGC22061,Бојанић,Ђурђевдан,Далмација,Жагровић/Книн,44.0499621,16.1857787
cluster,J2,non_I2,Founder,J-FT413312,Бојанић,Јовањдан,Стара Херцеговина,Бојанићи/Малов До/Котор,44.4732821,17.1290696
cluster,G,non_I2,Relic,G-BY195513,Бојанић,Никољдан,Источна Босна,Трнавци код Рудог/Рудо,43.6161317,19.4558
cluster,PH908_primary,PH908_family,Relic,FT190854,Бојановић,Лучиндан,Стари Влах,Брезова/Ивањица,43.5418643,20.060838
cluster,PH908_primary,PH908_family,Relic,FT190854,Бојановић,Лучиндан,Стари Влах,Бјелуша/Ариље,43.6149789,20.0170452
cluster,PH908_primary,PH908_family,Relic,FT190854,Бојановић,Лучиндан,Стари Влах,Кушићи/Ивањица,43.6025295,20.2720022
cluster,E,non_I2,Founder,E-Z13591,Бојић,Јовањдан,Источни Срем,Бешка/Инђија,45.1300269,20.0673713
cluster,R1a,non_I2,Founder,Y260767,Бојић,Јовањдан,Источни Срем,Земун,44.8444,20.4123996
cluster,E,non_I2,Founder,E-Y126722,Бојић,Часне Вериге апостола Петра,Босанска Крајина,Бојићи/Јаворани/Кнежево,43.5090089,18.3504068
cluster,E,non_I2,Founder,E-Z1057,Бојковић,Ђурђиц,Косово,Урошевац,42.3682168,21.1532848
cluster,E,non_I2,Founder,E-Z1057,Бојковић,Аранђеловдан,Шумадија,Београд,44.7863236,20.4716856
cluster,E,non_I2,Relic,E-FT193934,Бојовић,Никољдан,Стари Влах,Радошево/Ариље,43.670264,19.9444389
cluster,PH908_primary,PH908_family,Founder,FT16449,Бојовић,Томиндан,Рашка,Требиће/Лепосавић,43.1931202,20.6441323
cluster,PH908_primary,PH908_family,Founder,Y58629,Бољановић,Јовањдан,Херцеговина,Данићи/Гацко,43.0671162,18.5759773
cluster,E,non_I2,Founder,E-Z38456,Бољевић,Петковдан,Зета,Матагужи/Зета,42.3231624,19.2740185
cluster,R1a,non_I2,Founder,Y260767,Бранковић,Јовањдан,Колубара,Жабари/Ваљево,44.2244939,19.9482507
cluster,PH908_primary,PH908_family,Founder,FT386055,Бранковић,Аранђеловдан,Босанска Крајина,Крња Јела/Босански Петровац,44.6187758,16.4062319
cluster,J2,non_I2,Founder,J-Z38299,Брауновић,Аранђеловдан,Брда,Улица/Колашин,42.7528188,19.8851246
cluster,I1,non_I2,Relic,P109,Брашанац,Никољдан,Стари Влах,Доње Бабине/Пријепоље,43.4156163,19.5323809
cluster,E,non_I2,Founder,E-Z13591,Брајушковић,Лучиндан,Брда,Мартинићи/Даниловград,42.5399016,19.2033317
cluster,E,non_I2,Founder,E-Z1057,Брестовац,Никољдан,Североисточна Босна,Горња Лупљаница/Дервента,44.9051779,17.9043342
cluster,I1,non_I2,Founder,FTA86559,Бркић,Ђурђевдан,Бачка,Сомбор,45.7727397,19.1147036
cluster,PH908_primary,PH908_family,Founder,FT16449,Бркић,Ђурђиц,Стари Влах,Доња Краварица/Лучани,43.7814745,20.1603841
cluster,E,non_I2,Founder,E-Z1057,Бркић,Андријевдан,Стари Влах,Северово/Ариље,43.7355288,19.9577524
cluster,R1b,non_I2,Founder,FT49714,Брковић,Аранђеловдан,Брда,Сеоца/Подгорица,42.553333,19.281667
cluster,J2,non_I2,Relic,J-L24,Бркљачић,Нема,Далмација,Коњско/Клис,43.5933037,16.5009741
cluster,PH908_primary,PH908_family,Founder,FT14506,Брновић,Петковдан,Брда,Спуж/Даниловград,42.5107033,19.1969185
cluster,E,non_I2,Founder,E-FT178289,Брусин,Јовањдан,Западни Банат,Кумане/Нови Бечеј,45.5400113,20.2274206
cluster,PH908_primary,PH908_family,Founder,FT16449,Брујић,Ђурђевдан,Кордун,Голиња/Вргинмост,45.4213864,15.9408066
cluster,I2_unmapped_nonPH908,nonPH908_I2,Relic,S2361,Брчић,Нема,Далматинска острва,Мали Иж/Задар,44.0334525,15.130577
cluster,E,non_I2,Founder,E-Z1057,Бубало,Ђурђевдан,Херцеговина,Мионићи/Требиње,42.730559,18.2377027
cluster,R1a,non_I2,Founder,BY99654,Бубуљ,Јовањдан,Лика,Мелиновац/Доњи Лапац,44.7405425,15.895207
cluster,G,non_I2,Founder,G-Y128480,Бувач,Никољдан,Босанска Крајина,Горња Слатина/Рибник,44.3890298,16.8769414
cluster,PH908_primary,PH908_family,Founder,BY93199,Будалић,Мала Госпојина,Херцеговина,Југовићи/Невесиње,43.124442,18.2731889
cluster,R1b,non_I2,Founder,FT44409,Будимац,Мратиндан,Бачка,Стапар/Сомбор,45.6640973,19.2018979
cluster,PH908_primary,PH908_family,Founder,FT386055,Будимир,Аранђеловдан,Лика,Надврело/Грачац,44.2217557,16.0798836
cluster,PH908_primary,PH908_family,Founder,FT14506,Будинчић,Аранђеловдан,Херцеговина,Банчићи/Љубиње,42.9716006,17.9952073
cluster,J2,non_I2,Founder,J-Y14439,Буздум,Аранђеловдан,Славонија,Велики Будићи/Пакрац,45.4807872,17.414996
cluster,E,non_I2,Founder,E-Z1057,Букарица,Аранђеловдан,Далмација,Лишане Тињске/Бенковац,44.0333553,15.6128513
cluster,E,non_I2,Founder,E-Z1057,Букарица,Мратиндан,Далмација,Ервеник,44.108204,15.9412748
cluster,G,non_I2,Relic,G-Y13112,Буката,Ђурђевдан,Славонија,Зденци/Вировитица,45.5836206,17.9528638
cluster,PH908_primary,PH908_family,Founder,Y58629,Буквић,Јовањдан,Херцеговина,Јасена/Невесиње,43.1959661,18.0244338
cluster,E,non_I2,Founder,E-Y128213,Буквић,Јовањдан,Стари Влах,Радовановићи/Херцеговачка Голеша/Прибој,44.5125005,19.1970916
cluster,PH908_primary,PH908_family,Founder,Y58629,Буквић,Јовањдан,Херцеговина,Убоско/Љубиње,43.0086063,18.0852893
cluster,R1a,non_I2,Founder,L1029,Буквић,Стевањдан,Лика,Водотеч/Бриње,45.0439134,15.0844101
cluster,R1b,non_I2,Founder,A274,Буквић,Стевањдан,Стари Влах,Стапари/Ужице,43.8703576,19.7552033
cluster,I1,non_I2,Founder,FTA86559,Букинац,Аранђеловдан,Бачка,Надаљ/Србобран,45.5076291,19.9237515
cluster,R1b,non_I2,Founder,FT44409,Буковшак,Нема,Централна Хрватска,Костел/Преграда,46.1839785,15.7256223
cluster,E,non_I2,Founder,E-PH1395,Букумира,Никољдан,Брда,Беране,42.7745463,19.9083479
cluster,E,non_I2,Founder,E-Z1057,Булат,Митровдан,Банија,Бузета/Глина,45.2649053,16.1081881
cluster,PH908_primary,PH908_family,Relic,Y255062,Булатовић,Лучиндан,Брда,Колашин,42.8238387,19.5218005
cluster,E,non_I2,Founder,E-Z1057,Булатовић,Лучиндан,Брда,Лијешње/Колашин,42.7726174,19.3177209
cluster,PH908_primary,PH908_family,Relic,Y255062,Булатовић,Лучиндан,Стара Херцеговина,Тимар/Шавник,42.9775589,19.19491
cluster,E,non_I2,Founder,E-CTS11222,Булајић,Никољдан,Стара Херцеговина,Вилуси/Никшић,45.0061289,17.2852188
cluster,N,non_I2,Founder,N-FT213937,Бундало,Јовањдан,Босанска Крајина,Хашани/Крупа на Уни,44.8270772,16.3719322
cluster,E,non_I2,Founder,E-L241,Бунчић,Лазарева Субота,Банија,Велики Шушњар/Петриња,45.4650725,14.8530801
cluster,E,non_I2,Founder,E-FT104106,Бурић,Никољдан,Североисточна Босна,Попови/Бијељина,44.7633867,19.2733399
cluster,G,non_I2,Founder,G-FTC64765,Бурлица,Аранђеловдан,Источна Босна,Вучетићи/Горажде,43.6829147,18.9321591
cluster,PH908_primary,PH908_family,Founder,FT14506,Бутулија,Јовањдан,Херцеговина,Требиње,42.7098295,18.3457261
cluster,I1,non_I2,Founder,FTA86559,Буха,Митровдан,Херцеговина,Балабани/Риља/Невесиње,43.2608448,18.2863054
cluster,I1,non_I2,Founder,FTA86559,Буха,Митровдан,Херцеговина,Домрке/Гацко,43.2474073,18.4237215
cluster,PH908_primary,PH908_family,Founder,FT16449,Бучевац,Стевањдан,Стари Влах,Бистрица/Нова Варош,43.4679641,19.6567329
cluster,PH908_primary,PH908_family,Founder,FT16449,Бучевац,Стевањдан,Стари Влах,Мокра Гора/Ужице,43.7897531,19.5031247
cluster,J2,non_I2,Founder,J-Y22063,Бујаковић,Ђурђевдан,Стара Херцеговина,Вијенац/Пљевља,43.3282015,19.4453025
cluster,J2,non_I2,Founder,J-Y155375,Бујишић,Ђурђевдан,Стара Херцеговина,Вруља/Пљевља,43.220138,19.470712
cluster,I1,non_I2,Founder,FGC22061,Бједов,Ђурђевдан,Далмација,Мокро Поље/Ервеник,44.0823219,16.0457544
cluster,I1,non_I2,Founder,FGC22061,Бједов,Ђурђевдан,Далмација,Оћестово/Книн,44.0542067,16.1309726
cluster,Y3120_deep_mid_nonPH908,nonPH908_I2,Relic,A8741,Бјелајац,Никољдан,Банија,Доња Велешња/Доњи Кукурузари,45.2650561,16.4836444
cluster,I2_unmapped_nonPH908,nonPH908_I2,Relic,Y336905,Бјелетић,Лучиндан,Стара Херцеговина,Ковачи/Никшић,43.6650815,19.2232474
cluster,R1a,non_I2,Founder,Y260767,Бјелетић,Непознато,Шумадија,Крагујевац,44.0142628,20.9162394
cluster,E,non_I2,Founder,E-FT104106,Бјелица,Петковдан,Херцеговина,Меча/Берковићи,43.1002817,18.1219308
cluster,J2,non_I2,Founder,J-FT413312,Бјелица,Петковдан,Херцеговина,Подкубаш/Сузина/Берковићи,43.0814955,18.1520564
cluster,N,non_I2,Founder,N-FT213937,Бјелић,Јовањдан,Босанска Крајина,Главица/Босанска Крупа,44.9715305,16.1074306
cluster,R1b,non_I2,Relic,Y217583,Бјелобрковић,Петровдан,Зета,Љајковићи/Зета,42.3672776,19.2176667
cluster,E,non_I2,Founder,E-Z1057,Бјелогрлић,Стевањдан,Херцеговина,Липник/Гацко,43.1410785,18.6177569
cluster,R1b,non_I2,Founder,FT44409,Вагић,Никољдан,Шумадија,Врчин/Гроцка,44.6639616,20.5910154
cluster,R1a,non_I2,Founder,L1029,Вакичић,Мратиндан,Североисточна Босна,Мала Обарска/Бијељина,44.7929623,19.2011643
cluster,R1b,non_I2,Founder,BY38894,Ванка,Аранђеловдан,Источни Срем,Прогар/Сурчин,44.7182286,20.1589682
cluster,I1,non_I2,Founder,FT428459,Василијевић,Стевањдан,Стари Влах,Ртари/Лучани,43.8594407,20.2413214
cluster,R1a,non_I2,Founder,Z280,Василић,Јовањдан,Стари Влах,Бањица/Чачак,43.820794,20.3826595
cluster,PH908_primary,PH908_family,Founder,FT16449,Васиљевић,Илиндан,Расина,Доњи Степош/Крушевац,43.5207548,21.3098397
cluster,E,non_I2,Founder,E-Z1057,Васиљевић,Нема,Западни Банат,Опово,45.0487194,20.4331827
cluster,PH908_primary,PH908_family,Relic,A28710,Васиљевић,Никољдан,Стари Влах,Житин/Миљевићи/Пријепоље,43.3092562,19.6594105
cluster,R1a,non_I2,Founder,L1029,Васиљевић,Никољдан,Мачва,Рибари/Шабац,44.7100043,19.4238096
cluster,R1a,non_I2,Founder,Y189493,Васиљевић,Стевањдан,Североисточна Босна,Челопек/Зворник,44.440092,19.122167
cluster,I1,non_I2,Founder,FGC22061,Васић,Ђурђевдан,Мачва,Липница/Лозница,44.5605556,19.28
cluster,PH908_primary,PH908_family,Founder,FT16449,Васић,Ђурђевдан,Босанска Крајина,Чорле/Прњавор,44.904721,17.5893212
cluster,J2,non_I2,Founder,J-Y230579,Васић,Јовањдан,Североисточна Босна,Амајлије/Бијељина,44.7410484,19.2755552
cluster,R1a,non_I2,Founder,Y260767,Васић,Јовањдан,Источни Срем,Земун,44.8444,20.4123996
cluster,PH908_primary,PH908_family,Founder,FT386055,Васић,Аранђеловдан,Босанска Крајина,Бранешци Горњи/Челинац,44.7928465,17.527736
cluster,PH908_primary,PH908_family,Relic,FTB12377,Васић,Аранђеловдан,Босанска Крајина,Бранешци Доњи/Челинац,44.7845621,17.5489684
cluster,PH908_primary,PH908_family,Founder,FT386055,Васић,Аранђеловдан,Босанска Крајина,Горња Мравица/Прњавор,44.8524947,17.6211531
cluster,PH908_primary,PH908_family,Founder,FT386055,Васић,Аранђеловдан,Босанска Крајина,Доњи Вијачани/Прњавор,44.808409,17.6027102
cluster,PH908_primary,PH908_family,Founder,Y58629,Васовић,Јовањдан,Славонија,Дијелка/Вировитица,45.8331404,17.3853376
cluster,E,non_I2,Founder,E-PH1395,Васојевић,Св. Александар Невски,Стари Влах,Доње Лопиже/Сјеница,43.3157174,19.9506998
cluster,PH908_primary,PH908_family,Founder,FT16449,Ватрићевић,Игњатијевдан,Рашка,Роћевићи/Краљево,43.710339,20.5303234
cluster,E,non_I2,Founder,E-Z1057,Вацић,Никољдан,Понишавље,Расница/Пирот,43.1155347,22.5352415
cluster,Y3120_shallow_nonPH908,nonPH908_I2,Relic,Y81557,Векић,Ђурђевдан,Далмација,Ервеник,44.108204,15.9412748
cluster,E,non_I2,Founder,E-Z1057,Велединовић,Ђурђевдан,Славонија,Човац/Окучани,45.2372552,17.1701162
cluster,R1a,non_I2,Relic,YP343,Велимановић,Митровдан,Браничево,Шавац/Параћин,43.8425978,21.3596289
cluster,E,non_I2,Founder,E-PH1395,Велимировић,Св. Александар Невски,Топлица,Бучинце/Прокупље,43.1651969,21.5915487
cluster,J2,non_I2,Founder,J-Y22063,Величковић,Ђурђевдан,Шумадија,Доња Горевница/Чачак,43.8752056,20.5007592
cluster,I1,non_I2,Founder,FGC22061,Величковић,Ђурђиц,Расина,Александровац,43.4586105,21.0465876
cluster,E,non_I2,Founder,E-Z13591,Величковић,Петковдан,Топлица,Мачковац/Куршумлија,43.1581576,21.2796539
cluster,E,non_I2,Founder,E-L241,Величковић,Стевањдан,Северна Македонија,Куманово,42.135913,21.7185474
cluster,Y3120_shallow_nonPH908,nonPH908_I2,Relic,Y474927,Веруовић,Лучиндан,Стари Влах,Ковачевац/Пријепоље,43.3405624,19.640762
cluster,I1,non_I2,Founder,FGC22061,Веселић,Ђурђевдан,Источни Срем,Сремски Карловци,45.1860254,19.9571373
cluster,E,non_I2,Founder,E-Z1057,Весковић,Аранђеловдан,Стари Влах,Теочин/Горњи Милановац,44.0688845,20.2368068
cluster,R1a,non_I2,Founder,BY30743,Весовић,Аранђеловдан,Стари Влах,Котража/Лучани,43.7042885,20.2323381
cluster,N,non_I2,Founder,N-FT213937,Ветмић,Јовањдан,Далмација,Миочић/Дрниш,43.8805432,16.2320367
cluster,PH908_primary,PH908_family,Founder,FT16449,Вечериновић,Ђурђевдан,Лика,Плашки,46.3294368,13.7223075
cluster,J2,non_I2,Founder,J-Y22063,Вејновић,Св. Василије Велики,Лика,Толић/Удбина,44.5916521,15.6646178
cluster,N,non_I2,Founder,N-FT182494,Вељковић,Аранђеловдан,Шумадија,Доња Рача/Рача,44.2195479,21.0174445
cluster,E,non_I2,Founder,E-Y7168,Вељковић,Никољдан,Топлица,Житорађа,43.1889653,21.7111439
cluster,PH908_primary,PH908_family,Founder,FT14506,Вељковић,Никољдан,Косово,Стража/Гњилане,42.463515,21.4693599
cluster,E,non_I2,Founder,E-Y7168,Вељковић,Никољдан,Врањско Поморавље,Сурдулица,42.6919329,22.1701473
cluster,R1b,non_I2,Founder,BY38894,Вељовић,Ђурђевдан,Источна Босна,Јеловци/Хан Пијесак,44.0303175,19.0225547
cluster,I1,non_I2,Founder,FGC22061,Вељовић,Ђурђевдан,Шумадија,Катрга/Чачак,43.8301911,20.5551159
cluster,R1a,non_I2,Founder,Y144943,Видаковић,Лазарева Субота,Североисточна Босна,Горњи Грбавци/Зворник,44.4316616,19.0608952
cluster,PH908_primary,PH908_family,Founder,Y56203,Видаковић,Нема,Бачка,Суботица,46.0929654,19.6539185
cluster,R1a,non_I2,Founder,FT288648,Видаковић,Никољдан,Мачва,Лозница,44.5309221,19.2237478
cluster,Y3120_shallow_nonPH908,nonPH908_I2,Relic,Y218167,Видаковић,Св. Василије Велики,Североисточна Босна,Горњи Клакар/Брод,45.0537487,18.1154722
cluster,R1a,non_I2,Founder,Z280,Видановић,Аранђеловдан,Понишавље,Покревеник/Пирот,43.2526058,22.6150667
cluster,E,non_I2,Founder,E-Z1057,Видић,Ђурђевдан,Славонија,Окучани,45.2931478,17.2051758
cluster,R1b,non_I2,Founder,BY38894,Видић,Никољдан,Топлица,Механе/Куршумлија,43.0217039,21.3719166
cluster,R1a,non_I2,Founder,FT288648,Видић,Стевањдан,Босанска Крајина,Горњи Палачковци/Прњавор,44.9442663,17.7386307
cluster,R1b,non_I2,Relic,Y5587,Видовић,Ђурђевдан,Североисточна Босна,Ошве/Маглај,44.553838,18.0528083
cluster,PH908_primary,PH908_family,Relic,FT176119,Видовић,Јовањдан,Североисточна Босна,Коренита/Угљевик,44.7516289,18.961579
cluster,N,non_I2,Founder,N-FT182494,Видовић,Никољдан,Средња Босна,Кутања/Доњи Вакуф,44.1374347,17.373552
cluster,E,non_I2,Founder,E-Y126722,Видовић,Часне Вериге апостола Петра,Босанска Крајина,Тријебово/Мркоњић Град,44.4845847,17.0808656
cluster,E,non_I2,Founder,E-FGC11450,Видојевић,Ћириловдан,Рашка,Пуста Тушимља/Нови Пазар,43.2248464,20.5054489
cluster,I1,non_I2,Founder,FGC22061,Видојевић,Аранђеловдан,Херцеговина,Рудо Поље/Гацко,43.1799222,18.4949758
cluster,J2,non_I2,Founder,J-L70,Видојковић,Ђурђиц,Тимочка Крајина,Старо Корито/Књажевац,43.541708,22.3582209
cluster,E,non_I2,Founder,E-Z1057,Визин,Нема,Бачка,Келебија/Суботица,46.1280667,19.5940406
cluster,R1a,non_I2,Founder,L1029,Вилић,Никољдан,Херцеговина,Брајићевићи/Гацко,43.2325565,18.4869187
cluster,Y3120_deep_mid_nonPH908,nonPH908_I2,Founder,Z17855,Винчић,Ђурђевдан,Далмација,Лактац/Хрваце,43.8521199,16.5362621
cluster,E,non_I2,Founder,E-Y128213,Витас,Јовањдан,Источни Срем,Белегиш/Стара Пазова,45.0188292,20.3313275
cluster,E,non_I2,Founder,E-Z1057,Витић,Никољдан,Метохија,Пећ,46.0765092,18.2280317
cluster,PH908_primary,PH908_family,Founder,FT16449,Витомир,Игњатијевдан,Источна Босна,Соколовићи/Соколац,43.9418403,18.9410114
cluster,G,non_I2,Founder,G-FTC64765,Виторовић,Игњатијевдан,Мачва,Глушци/Богатић,44.890556,19.548333
cluster,J2,non_I2,Founder,J-Y22063,Вишекруна,Јовањдан,Босанска Крајина,Велико Тичево/Босанско Грахово,44.216303,16.5227622
cluster,I1,non_I2,Founder,FGC22061,Вишнић,Никољдан,Лика,Петрово Село (Гојак)/Огулин,45.2378213,15.1272363
cluster,PH908_primary,PH908_family,Founder,Y51673,Вишњевац,Никољдан,Херцеговина,Вишњево/Гацко,43.2223351,18.5083858
cluster,I1,non_I2,Founder,FGC22061,Вишњић,Никољдан,Кордун,Маљевац/Цетинград,45.2004859,15.7874822
cluster,G,non_I2,Founder,G-Y128480,Вишњић,Никољдан,Мачва,Руњани/Лозница,44.5459263,19.2711642
cluster,J2,non_I2,Founder,J-Y155375,Вићентић,Ђурђевдан,Мачва,Костајник/Крупањ,44.4325,19.2994444
cluster,E,non_I2,Founder,E-Z16988,Вићентић,Лучиндан,Колубара,Врело/Уб,44.5058023,20.0273153
cluster,E,non_I2,Founder,E-Y126722,Влаисављевић,Часне Вериге апостола Петра,Лика,Крбавица/Кореница,44.7093316,15.6268504
cluster,PH908_primary,PH908_family,Relic,Y571460,Влаховић,Лучиндан,Брда,Бабљак/Колашин,42.8332472,19.5116263
cluster,PH908_primary,PH908_family,Relic,Y571460,Влаховић,Лучиндан,Брда,Богутов До/Влаховићи/Колашин,42.6861989,19.3522897
cluster,R1a,non_I2,Founder,BY99654,Влашковић,Петковдан,Западни Банат,Гај/Ковин,44.7959786,21.0666655
cluster,R1a,non_I2,Founder,L1029,Воротовић,Ђурђевдан,Стара Херцеговина,Глибавац/Никшић,43.0562357,19.655165
cluster,J2,non_I2,Founder,J-Y22059,Војаковић,Никољдан,Североисточна Босна,Међаши/Бијељина,44.8235509,19.312055
cluster,J2,non_I2,Founder,J-Y230579,Војиновић,Ђурђевдан,Стари Влах,Чачак,43.8914332,20.3491624
cluster,E,non_I2,Founder,E-FT178289,Војиновић,Јовањдан,Стара Херцеговина,Војиновићи/Плужине,43.1688686,18.8994361
cluster,PH908_primary,PH908_family,Relic,Y151087,Војиновић,Св. Врачи,Косово,Главотина/Вучитрн,42.7241366,21.005412
cluster,I1,non_I2,Founder,FGC22061,Војновић,Ђурђевдан,Лика,Брувно/Грачац,44.4014245,15.8946906
cluster,E,non_I2,Founder,E-Z1057,Вранешевић,Ђурђевдан,Банија,Доњи Јаворањ/Двор,45.1134316,16.3594392
cluster,E,non_I2,Founder,E-FGC11450,Вранић,Томиндан,Непознато,Баја/Мађарска,46.1785471,18.9517255
cluster,I1,non_I2,Founder,FGC22061,Вратоњић,Никољдан,Стари Влах,Лиса/Ивањица,43.6514103,20.2292886
cluster,J2,non_I2,Founder,J-Y22063,Врачар,Никољдан,Централна Хрватска,Бјеловар,45.8986869,16.8421977
cluster,R1a,non_I2,Founder,L1029,Врањеш,Никољдан,Далмација,Цетина/Цивљане,43.9739095,16.4271869
cluster,PH908_primary,PH908_family,Founder,Y51673,Врбица,Петковдан,Зета,Врба/Цетиње,42.4343761,18.8101425
cluster,I1,non_I2,Founder,FTA86559,Вртунић,Михољдан,Босанска Крајина,Горњи Рибник/Рибник,43.6106119,21.0621145
cluster,E,non_I2,Founder,E-Z16988,Врцељ,Ђурђевдан,Лика,Блата/Саборско,45.0319921,15.4007787
cluster,PH908_primary,PH908_family,Founder,FT14506,Вукадиновић,Јовањдан,Врањско Поморавље,Горњи Козји Дол/Трговиште,42.3236416,22.1084879
cluster,R1b,non_I2,Relic,Y168201,Вукадиновић,Св. Врачи,Косово,Свињаре/Косовска Митровица,42.8506067,20.8908089
cluster,E,non_I2,Founder,E-PH1395,Вукашиновић,Аранђеловдан,Брда,Анџелати/Андријевица,42.7339619,19.7917886
cluster,E,non_I2,Founder,E-Z1057,Вукашиновић,Лучиндан,Стари Влах,Сјеница,43.2729348,19.9991727
cluster,E,non_I2,Founder,E-CTS11222,Вукашиновић,Никољдан,Колубара,Доњи Мушић/Мионица,44.2955657,20.1195561
cluster,E,non_I2,Founder,E-L241,Вукајловић,Стевањдан,Босанска Крајина,Криваја/Приједор,44.839875,16.8422579
cluster,E,non_I2,Founder,E-L241,Вукајловић,Томиндан,Босанска Крајина,Бајинци/Србац,45.099416,17.4783377
cluster,PH908_primary,PH908_family,Founder,FT16449,Вукељић,Ђурђевдан,Североисточна Босна,Осојница/Добој,44.6418051,18.1189736
cluster,PH908_primary,PH908_family,Founder,FT190799,Вукин,Лучиндан,Источни Срем,Сибач/Пећинци,44.9058129,19.9333144
cluster,E,non_I2,Founder,E-PH1395,Вукић,Аранђеловдан,Брда,Слатина/Андријевица,42.7537974,19.7833575
cluster,E,non_I2,Founder,E-L241,Вукић,Тривуњдан,Босанска Крајина,Отпочиваљка/Прњавор,44.9334961,17.5231765
cluster,E,non_I2,Relic,E-Y176957,Вукићевић,Аранђеловдан,Брда,Трешњево/Андријевица,42.7729356,19.8029233
cluster,E,non_I2,Founder,E-Z13591,Вукићевић,Петковдан,Косово,Кајково/Лепосавић,43.1374608,20.7999019
cluster,R1a,non_I2,Founder,L1029,Вуковић,Ђурђевдан,Североисточна Босна,Горње Врсиње/Милићи,44.1189269,19.0813247
cluster,G,non_I2,Founder,G-Y128480,Вуковић,Ђурђевдан,Херцеговина,Месари/Требиње,42.7889133,18.1841986
cluster,J2,non_I2,Founder,J-Y22063,Вуковић,Ђурђевдан,Брда,Мојковац,42.9624908,19.5799899
cluster,J2,non_I2,Founder,J-Y22063,Вуковић,Ђурђевдан,Брда,Штитарица/Мојковац,42.9204061,19.5297278
cluster,J2,non_I2,Founder,J-FT413312,Вуковић,Јовањдан,Стара Херцеговина,Каменско/Никшић,42.7872649,18.733532
cluster,N,non_I2,Founder,N-FT213937,Вуковић,Јовањдан,Североисточна Босна,Кованлук/Бијељина,44.7503932,19.2627524
cluster,E,non_I2,Founder,E-CTS11222,Вуковић,Јовањдан,Стара Херцеговина,Риђани/Никшић,42.7668913,18.8940367
cluster,E,non_I2,Founder,E-L241,Вуковић,Аранђеловдан,Стара Херцеговина,Бабино Брдо/Бријег/Плужине,43.3531752,18.8777536
cluster,PH908_primary,PH908_family,Relic,BY97841,Вуковић,Аранђеловдан,Брда,Веље Дубоко/Колашин,42.7796198,19.2642329
cluster,I1,non_I2,Founder,FGC22061,Вуковић,Аранђеловдан,Стара Херцеговина,Меруља/Новаковићи/Жабљак,43.0511307,19.1695811
cluster,R1b,non_I2,Founder,FT49714,Вуковић,Аранђеловдан,Брда,Свиба/Близна/Подгорица,42.545942,19.3268806
cluster,E,non_I2,Founder,E-Y7168,Вуковић,Нема,Бачка,Суботица,46.0929654,19.6539185
cluster,I1,non_I2,Founder,FGC22061,Вуковић,Никољдан,Колубара,Комирић/Осечина,44.4274479,19.5459541
cluster,I1,non_I2,Founder,Y155080,Вуковић,Никољдан,Колубара,Уб,44.456203,20.0737772
cluster,E,non_I2,Founder,E-FGC11450,Вуковић,Савиндан,Брда,Јелића Долина/Соколац/Бијело Поље,43.0963754,19.5754692
cluster,R1a,non_I2,Relic,CTS1211,Вуковић,Св. Врачи,Стари Влах,Доња Краварица/Лучани,43.7814745,20.1603841
cluster,J2,non_I2,Founder,J-Y22063,Вуковојац,Јовањдан,Лика,Залужница/Врховине,44.8555404,15.3565872
cluster,I1,non_I2,Founder,Y155080,Вукомановић,Ђурђиц,Шумадија,Дулене/Крагујевац,43.860804,20.9518268
cluster,PH908_primary,PH908_family,Founder,FT16449,Вукосав,Никољдан,Херцеговина,Дабрица/Берковићи,43.1587708,18.0135932
cluster,PH908_primary,PH908_family,Founder,FT16449,Вукосав,Никољдан,Херцеговина,Столац,43.0830587,17.9580026
cluster,J2,non_I2,Founder,J-Y230579,Вукосављевић,Јовањдан,Колубара,Грабовац/Обреновац,44.600491,20.085394
cluster,R1b,non_I2,Founder,FT49714,Вукосављевић,Аранђеловдан,Топлица,Љуша/Куршумлија,43.0786235,21.2996578
cluster,R1a,non_I2,Founder,Z280,Вукотић,Јовањдан,Шумадија,Мрчајевци/Чачак,43.8670549,20.5296713
cluster,E,non_I2,Founder,E-Z16988,Вукоје,Никољдан,Херцеговина,Пађени/Билећа,42.9862757,18.3459219
cluster,G,non_I2,Founder,G-Y128480,Вукојевић,Ђурђевдан,Расина,Гркљане/Крушевац,43.4356883,21.2319374
cluster,E,non_I2,Founder,E-Z13591,Вукојевић,Никољдан,Североисточна Босна,Љескове Воде/Добој,44.7719799,17.9358241
cluster,PH908_primary,PH908_family,Relic,Y189076,Вукојевић,Пантелијевдан,Босанска Крајина,Будимлић Јапра/Оштра Лука,44.8833743,16.4285497
cluster,PH908_primary,PH908_family,Relic,Y189076,Вукојевић,Пантелијевдан,Босанска Крајина,Равнице/Нови Град,45.1076986,16.4128536
cluster,I1,non_I2,Founder,FT428459,Вукојевић,Стевањдан,Херцеговина,Седлари/Требиње,42.8258977,18.0568312
cluster,N,non_I2,Relic,N-TAT,Вуксановић,Томиндан,Браничево,Бистрица/Петровац на Млави,44.3358334,21.5005291
cluster,PH908_map_nonprimary,PH908_family,Founder,Y4882,Вукшић,Никољдан,Банија,Љесковац/Двор,45.1727032,16.2442421
cluster,Y3120_deep_mid_nonPH908,nonPH908_I2,Founder,Z17855,Вукшић,Никољдан,Далмација,Кричке/Дрниш,43.8323676,16.2069017
cluster,E,non_I2,Founder,E-Z1057,Вуликић,Аранђеловдан,Брда,Радуновићи/Ријека Пиперска/Подгорица,42.8505752,19.8923855
cluster,E,non_I2,Founder,E-Y142744,Вулин,Михољдан,Босанска Крајина,Рашиновац/Босански Петровац,44.5718116,16.3531637
cluster,E,non_I2,Founder,E-Y142744,Вулин,Михољдан,Босанска Крајина,Стричићи/Бања Лука,44.5967991,16.9827597
cluster,E,non_I2,Founder,E-Z1057,Вуловић,Јовањдан,Стари Влах,Роге/Пожега,43.7756416,19.9818139
cluster,I1,non_I2,Founder,FGC22061,Вуловић,Аранђеловдан,Стари Влах,Сопотница/Пријепоље,43.3056699,19.7376441
cluster,E,non_I2,Founder,E-FT104106,Вуловић,Никољдан,Североисточна Босна,Кућишта/Попови/Бијељина,44.7633867,19.2733399
cluster,J2,non_I2,Founder,J-Y155375,Вуловић,Никољдан,Шумадија,Мотрић/Рековац,43.8188142,21.0748458
cluster,E,non_I2,Founder,E-Z13591,Вуловић,Петковдан,Стари Влах,Доње Лопиже/Сјеница,43.3157174,19.9506998
cluster,E,non_I2,Founder,E-Z38456,Вурдеља,Лазарева Субота,Источни Срем,Адашевци/Шид,45.0818899,19.221895
cluster,E,non_I2,Founder,E-FGC11450,Вуцеља,Аранђеловдан,Босанска Крајина,Прекаја/Дрвар,44.3184425,16.5393432
cluster,R1a,non_I2,Founder,YP417,Вученовић,Св. Василије Велики,Далмација,Кољане/Врлика,43.8733941,16.5015021
cluster,J2,non_I2,Founder,J-Y155375,Вучета,Ђурђевдан,Босанска Крајина,Омарска/Приједор,44.888637,16.8976638
cluster,E,non_I2,Founder,E-CTS11222,Вучетић,Никољдан,Стара Херцеговина,Вилуси/Никшић,45.0061289,17.2852188
cluster,E,non_I2,Founder,E-CTS11222,Вучетић,Никољдан,Стара Херцеговина,Граховац/Никшић,42.650059,18.6792712
cluster,G,non_I2,Relic,G-M406,Вучетић,Никољдан,Расина,Жабаре/Крушевац,43.5203607,21.2327957
cluster,E,non_I2,Founder,E-CTS11222,Вучетић,Никољдан,Херцеговина,Невесиње,43.258198,18.106113
cluster,PH908_primary,PH908_family,Founder,FT16449,Вучинић,Ђурђевдан,Херцеговина,Орах/Билећа,42.8155828,18.4145798
cluster,G,non_I2,Founder,G-Y128480,Вучинић,Никољдан,Кордун,Вргинмост,45.3556367,15.8649944
cluster,J2,non_I2,Founder,J-Y22063,Вучић,Јовањдан,Босанска Крајина,Јагаре/Бања Лука,44.7064234,17.1946975
cluster,J2,non_I2,Founder,J-Y22063,Вучић,Алимпијевдан,Понишавље,Давидовац/Сврљиг,43.5105599,21.986409600000002
cluster,PH908_primary,PH908_family,Founder,FT16449,Вучић,Аранђеловдан,Херцеговина,Дврсница/Равно,42.9163665,17.9710084
cluster,R1b,non_I2,Founder,L51,Вучић,Нема,Лика,Бошт/Огулин,45.2471208,15.2261234
cluster,E,non_I2,Founder,E-Z1057,Вучић,Никољдан,Понишавље,Бабин Кал/Бела Паланка,43.293913,22.378658
cluster,E,non_I2,Founder,E-Z13591,Вучић,Петковдан,Метохија,Црколез/Исток,42.814265,20.6292434
cluster,R1a,non_I2,Founder,FT288648,Вучићевић,Ђурђевдан,Стари Влах,Добраче/Ариље,43.6353854,20.084459
cluster,R1a,non_I2,Founder,YP4278,Вучковић,Ђурђевдан,Браничево,Глоговац/Јагодина,44.0417453,21.3126819
cluster,R1a,non_I2,Founder,Z280,Вучковић,Аранђеловдан,Понишавље,Вртиште/Ниш,43.3717191,21.8052008
cluster,G,non_I2,Founder,G-FTC64765,Вучковић,Аранђеловдан,Североисточна Босна,Црњелово Горње/Бијељина,44.8417893,19.124625
cluster,R1b,non_I2,Relic,Z15952,Вучковић,Никољдан,Стари Влах,Збојштица/Ужице,43.801092,19.8692072
cluster,PH908_primary,PH908_family,Founder,FT16449,Вучковић,Петровдан,Стари Влах,Заблаће/Чачак,43.8432239,20.4479607
cluster,J2,non_I2,Relic,J-Y523332,Вујадиновић,Аранђеловдан,Херцеговина,Удрежње/Невесиње,43.2058792,18.0894621
cluster,E,non_I2,Founder,E-BY165837,Вујадиновић,Никољдан,Топлица,Куршумлија,43.1380502,21.2717791
cluster,N,non_I2,Founder,N-FT182494,Вујанић,Св. Василије Велики,Славонија,Крагуј/Пакрац,45.4361891,17.233197
cluster,E,non_I2,Founder,E-Z1057,Вујановић,Стевањдан,Шумадија,Брезовац/Аранђеловац,44.2477475,20.6008977
cluster,R1a,non_I2,Founder,L1029,Вујасин,Ђурђевдан,Босанска Крајина,Љубачево/Бања Лука,44.6623843,17.2060019
cluster,PH908_primary,PH908_family,Founder,FT14506,Вујин,Гавриловдан,Источни Срем,Војка/Стара Пазова,44.935625,20.1516279
cluster,I1,non_I2,Relic,BY3386,Вујиновић,Никољдан,Херцеговина,Ошањићи/Столац,43.0941614,17.9419112
cluster,R1a,non_I2,Founder,Z280,Вујић,Стевањдан,Расина,Веља Глава/Александровац,43.4950059,21.0299322
cluster,E,non_I2,Founder,E-Z16988,Вујновић,Никољдан,Стара Херцеговина,Кумбор/Херцег Нови,42.4403576,18.587667
cluster,E,non_I2,Founder,E-Z16988,Вујновић,Никољдан,Херцеговина,Паник/Билећа,42.8036809,18.4417389
cluster,E,non_I2,Founder,E-Z16988,Вујовић,Аранђеловдан,Стара Херцеговина,Враћеновићи/Никшић,44.1104964,21.0010709
cluster,PH908_primary,PH908_family,Founder,BY93199,Вујовић,Аранђеловдан,Зета,Чево/Цетиње,42.5455378,18.9191085
cluster,Y3120_shallow_nonPH908,nonPH908_I2,Relic,Y267977,Вујовић,Лучиндан,Стари Влах,Лисице/Лучани,43.8474485,20.1582242
cluster,E,non_I2,Founder,E-CTS11222,Вујовић,Никољдан,Херцеговина,Горњи Давидовићи/Билећа,43.0699133,18.2768604
cluster,E,non_I2,Founder,E-Z16988,Вујовић,Никољдан,Херцеговина,Длакоше/Билећа,43.0256355,18.1966347
cluster,E,non_I2,Founder,E-Z16988,Вујовић,Никољдан,Херцеговина,Засада/Билећа,43.0556158,18.2262525
cluster,PH908_primary,PH908_family,Founder,FT16449,Вујовић,Никољдан,Херцеговина,Кути/Билећа,43.0200574,18.2867202
cluster,E,non_I2,Founder,E-CTS11222,Вујовић,Никољдан,Херцеговина,Прераца/Билећа,42.9768884,18.4608492
cluster,PH908_primary,PH908_family,Founder,FT16449,Вујовић,Никољдан,Херцеговина,Симијова/Билећа,42.9906915,18.2808024
cluster,J2,non_I2,Relic,J-Y449926,Вујовић,Петковдан,Зета,Грбавци/Подгорица,42.3656787,19.1867637
cluster,E,non_I2,Founder,E-BY165837,Вујошевић,Никољдан,Брда,Заград/Беране,42.921945,19.782832
cluster,R1b,non_I2,Founder,FT49714,Вјетровић,Никољдан,Стари Влах,Штитково/Нова Варош,43.4812205,19.9883145
cluster,R1a,non_I2,Founder,BY99654,Вјештица,Ђурђевдан,Босанска Крајина,Хашани/Крупа на Уни,44.8270772,16.3719322
cluster,E,non_I2,Founder,E-Z1057,Габоровић,Ђурђиц,Стари Влах,Негришори/Лучани,43.8493223,20.1896095
cluster,PH908_primary,PH908_family,Relic,A815,Габрић,Нема,Бачка,Палић/Суботица,46.1022848,19.7634537
cluster,PH908_primary,PH908_family,Founder,FT16449,Гавриловић,Никољдан,Расина,Шавране/Крушевац,43.4914301,21.2783129
cluster,R1a,non_I2,Founder,Y189493,Гаврић,Марковдан,Босанска Крајина,Јошавка Горња/Челинац,44.7342666,17.4495925
cluster,PH908_primary,PH908_family,Relic,Y135654,Газдић,Ђурђевдан,Стара Херцеговина,Зорловићи/Пљевља,43.3565611,19.3584715
cluster,J2,non_I2,Founder,J-Y155375,Галетин,Ђурђевдан,Бачка,Сомбор,45.7727397,19.1147036
cluster,I1,non_I2,Relic,L22,Галетин,Јовањдан,Бачка,Буковачки салаши/Сомбор,45.7405531,19.0735172
cluster,I1,non_I2,Relic,Z58,Галијаш,Никољдан,Централна Хрватска,Мала Градуса/Суња,45.3385545,16.4635965
cluster,E,non_I2,Founder,E-Z1057,Галић,Ђурђевдан,Босанска Крајина,Пећиград/Цазин,45.0542953,15.896392
cluster,R1a,non_I2,Founder,L1029,Галовић,Ђурђевдан,Лика,Широка Кула/Госпић,44.6154137,15.4559555
cluster,R1b,non_I2,Founder,BY38894,Гаргента,Ђурђевдан,Далмација,Цетина/Цивљане,43.9739095,16.4271869
cluster,R1a,non_I2,Relic,Y137854,Гардаш,Лазарева Субота,Североисточна Босна,Тузла,44.539298,18.6749337
cluster,E,non_I2,Founder,E-PH1395,Гарчевић,Аранђеловдан,Брда,Мурино/Плав,42.6620235,19.8850352
cluster,E,non_I2,Founder,E-Z16988,Гачић,Ђурђевдан,Херцеговина,Домановићи/Чапљина,43.137454,17.7801831
cluster,E,non_I2,Founder,E-BY165837,Гашић,Аранђеловдан,Метохија,Лабљане/Пећ,42.572352,21.3530252
cluster,R1a,non_I2,Relic,L260,Гашпар,Нема,Бачка,Челарево/Бачка Паланка,45.2696714,19.5278917
cluster,J2,non_I2,Founder,J-Y155375,Гајевић,Ђурђевдан,Стара Херцеговина,Козица/Пљевља,43.2435507,19.520246
cluster,R1a,non_I2,Founder,Y260767,Гајић,Јовањдан,Мачва,Јеленча/Шабац,44.7343671,19.7351869
cluster,J2,non_I2,Founder,J-Y155375,Гајић,Јовањдан,Босанска Крајина,Сиволинац/Орахова/Градишка,45.198167,17.0033109
cluster,R1a,non_I2,Founder,L1029,Гајић,Аранђеловдан,Мачва,Завлака/Крупањ,44.4554446,19.4834196
cluster,G,non_I2,Relic,G-Z6211,Гајић,Никољдан,Босанска Крајина,Доњи Рибник/Рибник,43.5913135,21.0691582
cluster,E,non_I2,Founder,E-Z1057,Гајић,Никољдан,Шумадија,Зеоке/Лазаревац,44.4100886,20.3251085
cluster,R1a,non_I2,Founder,YP270,Гајић,Никољдан,Шумадија,Ивановци/Љиг,44.2260773,20.3075042
cluster,E,non_I2,Founder,E-FT104106,Гајић,Никољдан,Босанска Крајина,Чуклић/Шипово,44.2310095,17.1318429
cluster,PH908_primary,PH908_family,Relic,A29945,Гајовић,Лучиндан,Топлица,Претежана/Блаце,43.255408,21.369853
cluster,PH908_primary,PH908_family,Founder,FT16449,Гаћина,Ђурђевдан,Херцеговина,Мека Груда/Билећа,43.0357594,18.399358
cluster,PH908_primary,PH908_family,Founder,FT16449,Гаћиновић,Ђурђевдан,Херцеговина,Суви Врх/Горња Мека Груда/Билећа,43.0357594,18.399358
cluster,I1,non_I2,Founder,FGC22061,Гаџа,Јовањдан,Херцеговина,Полице/Требиње,42.7057036,18.3593879
cluster,E,non_I2,Relic,E-BY14150,Гаџић,Петковдан,Метохија,Пејчићи/Средска/Призрен,42.171221,20.855328
cluster,R1b,non_I2,Founder,FT44409,Гвозденовић,Јовањдан,Западни Срем,Острово/Маркушица,45.3385814,18.7898786
cluster,E,non_I2,Founder,E-Y142744,Гвоздић,Никољдан,Кордун,Војнић,45.31623,15.8049957
cluster,J2,non_I2,Founder,J-Y22063,Гвоић,Никољдан,Банија,Доње Селиште/Глина,43.7450137,21.0724772
cluster,J2,non_I2,Founder,J-Y22063,Гвојић,Никољдан,Кордун,Дуго Село Ласињско/Вргинмост,45.4810968,15.8819206
cluster,I1,non_I2,Founder,FGC22061,Гегић,Нема,Источна Босна,Међеђа/Вишеград,43.7301271,19.1712325
cluster,J2,non_I2,Relic,J-L26,Гицић,Митровдан,Тимочка Крајина,Грлиште/Зајечар,43.8165983,22.244124
cluster,R1a,non_I2,Founder,Y189493,Главаш,Јовањдан,Херцеговина,Ходбина/Мостар,43.229703,17.8523897
cluster,PH908_primary,PH908_family,Relic,Y499136,Главоњић,Лучиндан,Стари Влах,Бистрица/Нова Варош,43.4679641,19.6567329
cluster,R1a,non_I2,Founder,L1029,Глигоревић,Ђурђевдан,Североисточна Босна,Тутњевац/Угљевик,44.7126085,18.9381212
cluster,PH908_map_nonprimary,PH908_family,Relic,BY4177,Глигоријевић,Никољдан,Понишавље,Мезграја/Бабушница,43.004871,22.291389
cluster,E,non_I2,Founder,E-Z1057,Глишић,Алимпијевдан,Североисточна Босна,Сребреница,44.1063188,19.2952783
cluster,E,non_I2,Founder,E-Y126722,Глишић,Часне Вериге апостола Петра,Североисточна Босна,Бушлетић/Добој,44.8056888,18.0916266
cluster,I1,non_I2,Founder,BY169301,Глоговац,Ђурђевдан,Херцеговина,Паник/Билећа,42.8036809,18.4417389
cluster,PH908_primary,PH908_family,Founder,BY93199,Глушац,Аранђеловдан,Херцеговина,Корита/Билећа,42.8941397,18.3250134
cluster,J2,non_I2,Founder,J-Y155375,Глушчевић,Ђурђевдан,Стари Влах,Гувништа/Камена Гора/Пријепоље,43.2654669,19.5522388
cluster,R1a,non_I2,Founder,YP417,Говедарица,Никољдан,Херцеговина,Крекови/Невесиње,43.3041604,18.2014624
cluster,PH908_primary,PH908_family,Founder,Y58629,Голић,Јовањдан,Западни Банат,Башаид/Кикинда,45.6391562,20.4136646
cluster,J2,non_I2,Founder,J-FT413312,Голо,Ђурђевдан,Херцеговина,Бачевићи/Мостар,43.2650406,17.8217135
cluster,E,non_I2,Founder,E-PH1395,Голубовић (Ивановић),Аранђеловдан,Брда,Горња Трепча/Трепча/Андријевица,42.7783377,19.8146305
cluster,G,non_I2,Relic,G-M406,Голубовић,Св. Ђорђе посни,Понишавље,Нови Брачин/Ражањ,43.7525918,21.504418
cluster,R1a,non_I2,Founder,Z280,Гомес Милетић,Никољдан,Браничево,Раброво/Кучево,44.5768334,21.5131923
cluster,I1,non_I2,Founder,FGC22061,Горановић,Ђурђевдан,Североисточна Босна,Доња Дубица/Оџак,45.0767653,18.4097561
cluster,PH908_primary,PH908_family,Founder,FT190799,Гордић,Лучиндан,Стари Влах,Горобиље/Пожега,43.8215855,20.081892
cluster,PH908_map_nonprimary,PH908_family,Founder,Y4882,Гордић,Мратиндан,Херцеговина,Капавица/Љубиње,42.9699757,18.1324096
cluster,N,non_I2,Founder,N-FGC28435,Госпавић,Јовањдан,Стари Влах,Врнчани/Чачак,43.914187,20.1550626
cluster,N,non_I2,Founder,N-FGC28435,Госпавић,Јовањдан,Стари Влах,Трбушани/Чачак,43.924893,20.3256573
cluster,E,non_I2,Founder,E-Z1057,Госпавић,Игњатијевдан,Шумадија,Вреоци/Лазаревац,44.4433333,20.2819444
cluster,E,non_I2,Founder,E-Z1057,Гостојић,Никољдан,Бачка,Госпођинци/Жабаљ,45.4022051,19.9860024
cluster,I1,non_I2,Founder,FTA86559,Готовина,Митровдан,Херцеговина,Опличићи/Чапљина,43.1171721,17.8104965
cluster,R1a,non_I2,Founder,L1029,Гојковић,Ђурђевдан,Североисточна Босна,Осиња/Дервента,44.8564569,17.8651127
cluster,PH908_primary,PH908_family,Founder,FT16449,Гојковић,Игњатијевдан,Херцеговина,Рудо Поље/Гацко,43.1799222,18.4949758
cluster,E,non_I2,Founder,E-Y126722,Гојковић,Никољдан,Североисточна Босна,Осјечани Горњи/Добој,44.8401239,18.1260786
cluster,E,non_I2,Founder,E-FGC11450,Гојковић,Савиндан,Стари Влах,Виницка/Пријепоље,43.3175174,19.6345473
cluster,R1b,non_I2,Founder,FT49714,Гојовић,Аранђеловдан,Топлица,Секирача/Куршумлија,42.9023731,21.4394851
cluster,N,non_I2,Founder,N-FT182494,Грабовица,Савиндан,Североисточна Босна,Зидоње/Велика Њива/Шековићи,44.3008172,18.8513911
cluster,E,non_I2,Founder,E-Y128213,Грабовчић,Јовањдан,Источна Босна,Саставци/Међуречје/Рудо,43.5560608,19.426548
cluster,E,non_I2,Founder,E-Z1057,Грандов,Ђурђевдан,Брда,Рибаревине/Бијело Поље,42.9941808,19.7449054
cluster,R1a,non_I2,Founder,YP4278,Граховац,Ђурђевдан,Херцеговина,Невесиње,43.258198,18.106113
cluster,R1a,non_I2,Founder,YP417,Граховац,Св. Василије Велики,Босанска Крајина,Драгочај/Бања Лука,44.8542483,17.1592084
cluster,PH908_primary,PH908_family,Founder,FT14506,Граховац,Тројчиндан,Херцеговина,Потком/Љути До/Берковићи,43.1248694,18.0906735
cluster,R1a,non_I2,Relic,FTA3457,Грбић,Никољдан,Лика,Врховине,43.9649283,18.5457464
cluster,E,non_I2,Founder,E-Y126722,Гргић,Стевањдан,Босанска Крајина,Вилуси/Градишка,45.0061289,17.2852188
cluster,R1a,non_I2,Founder,Y189493,Гркавац,Стевањдан,Херцеговина,Гркавци/Требиње,42.7814902,18.307333
cluster,Y3120_shallow_nonPH908,nonPH908_I2,Relic,Y319762,Грковић,Ђурђевдан,Славонија,Липик,44.6675596,20.29876
cluster,R1a,non_I2,Relic,YP4758,Грос,Нема,Бачка,Ђурђин/Суботица,45.945663,19.5389124
cluster,J2,non_I2,Relic,J-Y12007,Грој,Нема,Западни Банат,Панчево,44.8705686,20.6399643
cluster,E,non_I2,Relic,E-CTS693,Грубаноски,Никољдан,Западна Македонија,Орланци/Кичево,41.5028511,21.0391041
cluster,J2,non_I2,Founder,J-FT413312,Грубач,Јовањдан,Херцеговина,Ораховац/Требиње,42.67017,18.4943509
cluster,PH908_primary,PH908_family,Founder,FT16449,Грубачић,Ђурђевдан,Херцеговина,Раст/Невесиње,43.2036996,18.2009731
cluster,I1,non_I2,Founder,FGC22061,Грубишић,Ђурђевдан,Лика,Велика Попина/Грачац,44.2875473,16.0314869
cluster,R1a,non_I2,Founder,Y260767,Грубић,Марковдан,Далмација,Ервеник/Книн,44.108204,15.9412748
cluster,E,non_I2,Founder,E-L241,Грубић,Никољдан,Источни Срем,Мартинци/Сремска Митровица,45.0102365,19.4633111
cluster,R1a,non_I2,Founder,BY99654,Грубор,Ђурђевдан,Босанска Крајина,Бастаси/Дрвар,44.395981,16.3248418
cluster,R1a,non_I2,Founder,BY99654,Грубор,Ђурђевдан,Босанска Крајина,Дрвар,44.3740882,16.3845503
cluster,R1a,non_I2,Founder,BY99654,Грубор,Ђурђевдан,Босанска Крајина,Трубар/Дрвар,44.3489545,16.2628623
cluster,R1a,non_I2,Founder,YP270,Грујић,Ђурђевдан,Бачка,Стапар/Сомбор,45.6640973,19.2018979
cluster,PH908_primary,PH908_family,Founder,FT14506,Грујић,Ђурђиц,Метохија,Гораждевац/Пећ,42.6406821,20.36991
cluster,E,non_I2,Founder,E-PH1395,Грујовић,Аранђеловдан,Стари Влах,Лозница/Чачак,43.8669804,20.3318977
cluster,PH908_primary,PH908_family,Founder,FT16449,Грцић,Јовањдан,Босанска Крајина,Лука/Босанско Грахово,44.1593887,16.4009362
cluster,PH908_map_nonprimary,PH908_family,Founder,Y4882,Грче,Јовањдан,Херцеговина,Драчево/Требиње,42.8571127,18.0655534
cluster,E,non_I2,Founder,E-Y7168,Гуга,Петковдан,Западни Банат,Вршац,45.1200117,21.298788
cluster,PH908_primary,PH908_family,Founder,FT14506,Гугољ,Ђурђевдан,Херцеговина,Требиње,42.7098295,18.3457261
cluster,J2,non_I2,Founder,J-FT413312,Гузина,Аранђеловдан,Херцеговина,Фојница/Гацко,43.2335786,18.3999075
cluster,R1a,non_I2,Founder,Z280,Гуровић,Аћимовдан,Херцеговина,Требиње,42.7098295,18.3457261
cluster,J2,non_I2,Founder,J-Y155375,Гушевац,Ђурђевдан,Далмација,Кањане/Дрниш,43.8566266,16.2521614
cluster,R1a,non_I2,Founder,L1029,Гушић,Ђурђевдан,Херцеговина,Братач/Невесиње,43.268725,18.2245113
cluster,E,non_I2,Founder,E-PH1395,Гуњак,Никољдан,Источна Босна,Довлићи/Источно Сарајево,43.8234148,18.4773425
cluster,E,non_I2,Relic,E-Y37092,Гњатовић,Игњатијевдан,Босанска Крајина,Доњи Орловци/Приједор,44.9787709,16.761406
cluster,PH908_map_nonprimary,PH908_family,Founder,Y4882,Гњидић,Никољдан,Далмација,Ђеврске/Кистање,43.9549955,15.8528809
cluster,PH908_map_nonprimary,PH908_family,Founder,Y4882,Гњидић,Никољдан,Далмација,Ваћани/Скрадин,43.8974148,15.8651299
cluster,E,non_I2,Founder,E-PH1395,Дабетић,Аранђеловдан,Брда,Виницка/Беране,42.7982741,19.8305686
cluster,J2,non_I2,Founder,J-Y155375,Давидовић,Ђурђевдан,Стари Влах,Лисице/Лучани,43.8474485,20.1582242
cluster,E,non_I2,Founder,E-L241,Давидовић,Алимпијевдан,Колубара,Мијачи/Ваљево,44.2180088,19.7152584
cluster,I1,non_I2,Relic,Y16437,Давидовић,Лазарева Субота,Тимочка Крајина,Шести Габар/Књажевац,43.4348519,22.3734424
cluster,Y3120_deep_mid_nonPH908,nonPH908_I2,Relic,BY116090,Давидовић,Никољдан,Шумадија,Орашје/Варварин,43.7435082,21.2698995
cluster,E,non_I2,Founder,E-FGC11450,Давчик,Нема,Бачка,Таванкут/Суботица,46.0553723,19.482924
cluster,E,non_I2,Founder,E-FT178289,Дакић,Јовањдан,Стара Херцеговина,Мала Црна Гора/Жабљак,43.2085897,19.0062228
cluster,E,non_I2,Founder,E-BY165837,Дамјановић (Дракуловић),Никољдан,Брда,Гусиње,42.5637693,19.833253
cluster,E,non_I2,Founder,E-L241,Дамјановић,Никољдан,Босанска Крајина,Бранешци Доњи/Челинац,44.7845621,17.5489684
cluster,E,non_I2,Founder,E-Y126722,Дамјановић,Св. Врачи,Источни Срем,Доњи Товарник/Пећинци,44.8132532,19.9448853
cluster,E,non_I2,Founder,E-Z1057,Дамњановић,Никољдан,Шумадија,Зеоке/Лазаревац,44.4100886,20.3251085
cluster,PH908_primary,PH908_family,Founder,FT14506,Дангубић,Аранђеловдан,Херцеговина,Жрвањ/Љубиње,42.9371052,18.1881995
cluster,G,non_I2,Founder,G-Y128480,Даниловић,Ђурђевдан,Метохија,Враниште/Гора,43.2576165,22.4571052
cluster,PH908_primary,PH908_family,Founder,FT14506,Даниловић,Ђурђевдан,Херцеговина,Поткрај/Крај/Требиње,42.6290355,18.3957996
cluster,E,non_I2,Founder,E-Y142744,Даниловић,Јовањдан,Брда,Ђуђевина/Колашин,42.7643122,19.403827
cluster,PH908_primary,PH908_family,Relic,FT34788,Даниловић,Јовањдан,Мачва,Мајур/Шабац,44.7708247,19.6547859
cluster,E,non_I2,Founder,E-Z1057,Даниловић,Јовањдан,Североисточна Босна,Торине/Прњавор Велики/Добој,44.6853693,17.9913802
cluster,E,non_I2,Relic,E-Y260652,Даниловић,Никољдан,Шумадија,Београд,44.7863236,20.4716856
cluster,R1a,non_I2,Relic,FTB79552,Даничић,Лазарева Субота,Колубара,Славковица/Љиг,44.1694159,20.2473301
cluster,Y3120_shallow_nonPH908,nonPH908_I2,Relic,Y45843,Дапчевић,Зачеће Св. Јована Крститеља,Зета,Вигњевићи/Цетиње,42.389633,18.9246085
cluster,N,non_I2,Founder,N-FT213937,Даутовић,Јовањдан,Лика,Рудопоље Брувањско/Грачац,44.3944767,15.8368085
cluster,R1a,non_I2,Founder,BY99654,Дацијар,Ђурђевдан,Босанска Крајина,Стабанџа/Велика Кладуша,45.1145604,16.0661508
cluster,E,non_I2,Founder,E-Y142744,Двизац,Михољдан,Босанска Крајина,Горња Слатина/Рибник,44.3890298,16.8769414
cluster,I1,non_I2,Founder,FTA86559,Дворнић,Пантелијевдан,Јужна Барања,Поповац,45.3780484,17.041799
cluster,PH908_primary,PH908_family,Founder,FT190799,Девић,Лучиндан,Далмација,Штиково/Дрниш,43.9102015,16.3162066
cluster,PH908_primary,PH908_family,Founder,FT16449,Дедијер,Игњатијевдан,Херцеговина,Чепелица/Билећа,42.8445222,18.4067779
cluster,E,non_I2,Founder,E-Z1057,Декић,Никољдан,Косово,Доња Гуштерица/Липљан,42.546363,21.181354
cluster,E,non_I2,Founder,E-CTS11222,Делибашић,Никољдан,Стара Херцеговина,Доња Трепча/Никшић,42.818574,18.7784033
cluster,E,non_I2,Founder,E-CTS11222,Делибашић,Никољдан,Стара Херцеговина,Риђани/Никшић,42.7668913,18.8940367
cluster,G,non_I2,Founder,G-Y128480,Делић,Ђурђиц,Стари Влах,Горичани/Чачак,43.7952299,20.5319023
cluster,PH908_primary,PH908_family,Founder,Y58629,Денда,Јовањдан,Херцеговина,Мириловићи/Билећа,42.8827254,18.3436757
cluster,R1a,non_I2,Founder,L1029,Денић,Никољдан,Далмација,Кољане/Врлика,43.8733941,16.5015021
cluster,J2,non_I2,Founder,J-Y22059,Деспинић,Јовањдан,Далмација,Отишић/Врлика,43.8488797,16.4510202
cluster,J2,non_I2,Founder,J-Y22063,Деспотовић,Мратиндан,Североисточна Босна,Велика Обарска/Бијељина,44.8017099,19.1712899
cluster,I1,non_I2,Founder,FGC22061,Деспотовић,Никољдан,Стара Херцеговина,Вруља/Пљевља,43.220138,19.470712
cluster,E,non_I2,Founder,E-Z13591,Деспотовић,Петковдан,Рашка,Врдила/Краљево,43.7129478,20.5711905
cluster,J2,non_I2,Founder,J-Y22063,Дивјак,Јовањдан,Лика,Шкаре/Оточац,44.8917641,15.3098142
cluster,J2,non_I2,Founder,J-Y22063,Дивљан,Јовањдан,Херцеговина,Рудо Поље/Гацко,43.1799222,18.4949758
cluster,J2,non_I2,Relic,J-Y153290,Дикић,Св. Врачи,Топлица,Вољчинце/Житорађа,43.195366,21.766031
cluster,R1a,non_I2,Founder,Z280,Димитријевић,Јовањдан,Рашка,Орахово/Рашка,43.2173928,20.6042998
cluster,E,non_I2,Founder,E-Z1057,Димитријевић,Илиндан,Егејска Македонија,Писодери/Преспа,40.7870624,21.248047
cluster,E,non_I2,Founder,E-L241,Димитријевић,Никољдан,Расина,Пасјак/Крушевац,43.5515741,21.4093298
cluster,J2,non_I2,Relic,J-Y11200,Димитријевић,Никољдан,Метохија,Пећ,46.0765092,18.2280317
cluster,R1a,non_I2,Founder,YP270,Димитријевић,Никољдан,Понишавље,Шарбановац/Сокобања,43.7051435,21.8783244
cluster,R1a,non_I2,Relic,YP337,Димитријевић,Св. Атанасије,Врањско Поморавље,Преображење/Врање,42.4737508,21.9317096
cluster,N,non_I2,Founder,N-FGC28435,Димитрић,Лазарева Субота,Североисточна Босна,Батковић/Бијељина,44.8332129,19.2107897
cluster,E,non_I2,Relic,E-M84,Димитров (Иђић),Ђурђевдан,Понишавље,Радејна/Димитровград,43.0486308,22.8314985
cluster,E,non_I2,Founder,E-Z13591,Дмитровић,Никољдан,Шумадија,Угриновци/Горњи Милановац,44.1715584,20.3892927
cluster,I1,non_I2,Founder,FGC22061,Добриковић,Никољдан,Босанска Крајина,Ћелије/Кулен Вакуф/Бихаћ,44.5626583,16.0886124
cluster,I1,non_I2,Founder,FGC22061,Добриловић,Ђурђевдан,Источна Босна,Соколовићи/Соколац,43.9418403,18.9410114
cluster,I1,non_I2,Founder,FGC22061,Добросављевић,Ђурђевдан,Шумадија,Доња Трепча/Чачак,43.903242,20.4596328
cluster,R1b,non_I2,Relic,Z15952,Добросављевић,Никољдан,Мачва,Чокешина/Лозница,44.653159,19.3836822
cluster,PH908_primary,PH908_family,Founder,FT16449,Довезенски,Аранђеловдан,Северна Македонија,Куманово,42.135913,21.7185474
cluster,PH908_primary,PH908_family,Relic,Y207627,Доганџић,Никољдан,Косово,Штрпце,42.2401249,21.0253337
cluster,PH908_primary,PH908_family,Relic,Y4946,Додиг,Нема,Далмација,Нова Села/Кула Норинска,43.1015971,17.5592472
cluster,N,non_I2,Founder,N-FT213937,Докић,Јовањдан,Босанска Крајина,Јакир/Гламоч,44.0410023,16.8902658
cluster,Y3120_shallow_nonPH908,nonPH908_I2,Relic,Y109645,Докић,Аранђеловдан,Босанска Крајина,Јошавка Доња/Челинац,44.7483667,17.4162565
cluster,PH908_primary,PH908_family,Founder,Y58629,Домазет,Никољдан,Херцеговина,Влаховићи/Љубиње,43.0291609,18.1231814
cluster,J2,non_I2,Founder,J-Y22063,Домановић,Аранђеловдан,Стари Влах,Лисице/Лучани,43.8474485,20.1582242
cluster,R1a,non_I2,Relic,Z93,Дончић,Јовањдан,Метохија,Бича/Клина,42.6796152,20.6005989
cluster,R1b,non_I2,Founder,A274,Допуђ,Стевањдан,Далмација,Крушево/Обровац,44.1801998,15.6489328
cluster,I1,non_I2,Founder,FGC22061,Досковић,Никољдан,Стари Влах,Звијезд/Пријепоље,43.363749,19.5502986
cluster,PH908_primary,PH908_family,Founder,FT16449,Достинић,Ђурђевдан,Херцеговина,Краварево/Гацко,43.2012938,18.5213756
cluster,PH908_primary,PH908_family,Founder,Y51673,Достинић,Никољдан,Стара Херцеговина,Сасовићи/Херцег Нови,42.4662752,18.5671689
cluster,Y3120_shallow_nonPH908,nonPH908_I2,Relic,Y84307,Доцић,Ђурђевдан,Шумадија,Марковац/Велика Плана,44.2373263,21.1074385
cluster,PH908_primary,PH908_family,Founder,Y56203,Дошен,Никољдан,Лика,Почитељ/Госпић,43.1345841,17.7319573
cluster,J2,non_I2,Relic,J-Y14434,Дошло,Јовањдан,Херцеговина,Врапчићи/Мостар,43.3746405,17.8504501
cluster,G,non_I2,Relic,G-PF3359,Дојкић,Никољдан,Понишавље,Рсовци/Пирот,43.1727899,22.7752062
cluster,R1a,non_I2,Founder,BY30743,Драганић,Матијевдан,Стара Херцеговина,Петровићи/Никшић,43.803831,18.4347684
cluster,R1b,non_I2,Relic,Z15952,Драгаш,Никољдан,Стара Херцеговина,Драгаши/Пљевља,43.2698158,19.2556952
cluster,PH908_primary,PH908_family,Founder,BY93199,Драгишић,Аранђеловдан,Тимочка Крајина,Петрово Село/Кладово,44.6284251,22.4285403
cluster,G,non_I2,Founder,G-Y128480,Драгић,Јовањдан,Банија,Блиња/Петриња,45.3560014,16.367175
cluster,I1,non_I2,Founder,FGC22061,Драгићевић,Никољдан,Топлица,Чунгула/Блаце,43.2463092,21.2931523
cluster,E,non_I2,Founder,E-PH1395,Драговић,Аранђеловдан,Брда,Ђулићи/Андријевица,44.5875714,17.8257131
cluster,PH908_primary,PH908_family,Founder,BY93199,Драговић,Аранђеловдан,Зета,Велестово/Цетиње,41.0832086,20.8282044
cluster,J2,non_I2,Founder,J-Y22063,Драгосавац,Јовањдан,Лика,Рудопоље Брувањско/Грачац,44.3944767,15.8368085
cluster,I1,non_I2,Founder,BY169301,Драгојловић,Никољдан,Славонија,Грање/Пожега,45.3578176,17.8142845
cluster,E,non_I2,Founder,E-Z38456,Драгоњић,Петковдан,Расина,Крушевац,43.58264,21.3264811
cluster,E,non_I2,Founder,E-L241,Дражић,Ђурђевдан,Шумадија,Дрен/Лазаревац,44.3804962,20.3117865
cluster,E,non_I2,Founder,E-FT104106,Драшко,Никољдан,Средња Босна,Оборци/Доњи Вакуф,44.1942884,17.4205977
cluster,PH908_primary,PH908_family,Founder,BY93199,Драшковић,Аранђеловдан,Стара Херцеговина,Гребице/Никшић,42.7943955,18.9232404
cluster,R1a,non_I2,Founder,FT288648,Драшковић,Никољдан,Источна Босна,Осија/Калиновик,43.5799408,18.5709344
cluster,R1a,non_I2,Founder,FT288648,Драшковић,Никољдан,Херцеговина,Сливља/Гацко,43.2901952,18.3529637
cluster,E,non_I2,Founder,E-CTS11222,Дрвенџија,Никољдан,Херцеговина,Риља/Невесиње,43.2608448,18.2863054
cluster,I1,non_I2,Founder,FGC22061,Дробњак,Ђурђевдан,Банија,Горња Млинога/Петриња,45.3407274,16.3253565
cluster,E,non_I2,Founder,E-Z1057,Дробњак,Стевањдан,Херцеговина,Сливница Површ/Равно,42.6443271,18.2599286
cluster,PH908_primary,PH908_family,Founder,FT14506,Дробњак,Томиндан,Стари Влах,Брајковац/Пријепоље,43.2616438,19.5979651
cluster,R1b,non_I2,Founder,BY38894,Дробњаковић,Ђурђевдан,Стари Влах,Слатина/Саставци/Прибој,43.5654802,19.4328328
cluster,E,non_I2,Founder,E-Z16988,Дропо,Никољдан,Херцеговина,Мркоњићи/Требиње,42.8416883,18.1002849
cluster,I1,non_I2,Founder,FGC22061,Дрчелић,Никољдан,Стари Влах,Мажићи/Прибој,43.4962651,19.6021988
cluster,R1b,non_I2,Founder,FT49714,Дугалић,Лазарева Субота,Рашка,Баљевац/Рашка,43.3927867,20.6363945
cluster,PH908_primary,PH908_family,Founder,FT16449,Дугић,Игњатијевдан,Североисточна Босна,Скугрић Горњи/Модрича,44.9287003,18.3526975
cluster,R1a,non_I2,Founder,Z280,Дука,Св. Агатоник,Херцеговина,Долови/Берковићи,43.0574984,18.204689
cluster,N,non_I2,Founder,N-FT182494,Дукић,Ђурђевдан,Далмација,Вариводе/Кистање,43.9585047,15.8759678
cluster,R1a,non_I2,Founder,L1029,Дукић,Ђурђевдан,Лика,Дукићи/Грачац,44.3526553,15.8678632
cluster,E,non_I2,Relic,E-CTS693,Дуков,Непознато,Источна Македонија,Штип,41.7374724,22.1935856
cluster,E,non_I2,Founder,E-Z16988,Дунђер,Никољдан,Херцеговина,Дунђери/Врањска/Билећа,43.0002022,18.2312161
cluster,J2,non_I2,Founder,J-Y22063,Дупор,Јовањдан,Лика,Штикада/Ловинац,44.3160877,15.7958176
cluster,PH908_primary,PH908_family,Founder,FT16449,Дучић,Ђурђевдан,Херцеговина,Луг/Требиње,42.7714001,18.2193084
cluster,PH908_primary,PH908_family,Relic,Y199158,Дучић,Никољдан,Херцеговина,Подвори/Требиње,42.7205336,18.3653922
cluster,PH908_primary,PH908_family,Relic,Y199158,Дучић,Никољдан,Херцеговина,Хрупјела/Требиње,42.7172549,18.3435574
cluster,E,non_I2,Founder,E-Z1057,Душанић,Никољдан,Западни Банат,Баваниште/Ковин,44.8172426,20.8755889
cluster,I1,non_I2,Founder,FGC22061,Дујаковић,Никољдан,Далмација,Врбник/Бискупија,44.0157473,16.1919044
cluster,E,non_I2,Founder,E-Z38456,Дујковић,Јовањдан,Босанска Крајина,Кнежево,44.488477,17.3893928
cluster,PH908_primary,PH908_family,Founder,FT14506,Дуњић,Ђурђевдан,Источна Босна,Заваит/Фоча,43.4229449,18.886168
cluster,R1a,non_I2,Founder,Z280,Евстратиев,Аранђеловдан,Врањско Поморавље,Плоча/Босилеград,42.5558692,22.2765965
cluster,PH908_primary,PH908_family,Founder,Y56203,Езгета,Нема,Далмација,Горњи Бителић/Хрваце,43.7559711,16.6189503
cluster,PH908_primary,PH908_family,Founder,FT14506,Екмечић,Никољдан,Херцеговина,Пребиловци/Чапљина,43.0942133,17.7530067
cluster,R1a,non_I2,Founder,BY30743,Елезовић,Матијевдан,Херцеговина,Чапљина,43.1133536,17.705039
cluster,PH908_primary,PH908_family,Founder,Y58629,Елезовић,Нема,Херцеговина,Столац,43.0830587,17.9580026
cluster,J2,non_I2,Relic,J-CTS8786,Емровић,Нема,Рашка,Намга/Тутин,43.0639557,20.3576955
cluster,R1a,non_I2,Founder,YP4278,Ераковић,Ђурђевдан,Далмација,Штиково/Дрниш,43.9102015,16.3162066
cluster,PH908_primary,PH908_family,Founder,BY93199,Ераковић,Аранђеловдан,Стара Херцеговина,Велимље/Никшић,42.8202336,18.6336243
cluster,PH908_primary,PH908_family,Founder,FT386055,Еремић,Аранђеловдан,Кордун,Криваја Војнићка/Војнић,45.3264042,15.7220451
cluster,E,non_I2,Founder,E-Z13591,Ерић,Ђурђиц,Расина,Бресно Поље/Трстеник,43.5800118,21.1682853
cluster,J2,non_I2,Founder,J-Y230579,Ерић,Јовањдан,Североисточна Босна,Попови/Бијељина,44.7633867,19.2733399
cluster,E,non_I2,Founder,E-Z16988,Ерић,Никољдан,Североисточна Босна,Зоље/Калесија,44.4580637,18.8991351
cluster,R1a,non_I2,Founder,BY30743,Ерић,Стевањдан,Североисточна Босна,Батковић/Бијељина,44.8332129,19.2107897
cluster,R1a,non_I2,Founder,FT288648,Ерцег,Стевањдан,Североисточна Босна,Прњавор Мали/Добој,44.8111934,18.0098321
cluster,I1,non_I2,Founder,FGC22061,Ећимовић,Аранђеловдан,Источна Босна,Ново Село/Соколац,43.9505516,18.7937477
cluster,J2,non_I2,Relic,J-M92,Еџед,Нема,Славонија,Осијек,45.5489982,18.6919117
cluster,R1a,non_I2,Founder,FT288648,Жакула,Петровдан,Лика,Јасиковац/Кореница,44.6174307,18.9786091
cluster,PH908_primary,PH908_family,Founder,Y58629,Жарковић,Јовањдан,Херцеговина,Горње Храсно/Неум,42.9564177,17.9097636
cluster,R1a,non_I2,Founder,FT288648,Жарковић,Никољдан,Херцеговина,Бодежишта/Гацко,43.252356,18.4754915
cluster,R1a,non_I2,Founder,FT288648,Жарковић,Никољдан,Херцеговина,Крушчица/Калиновик,43.3258322,18.4064011
cluster,J2,non_I2,Founder,J-Y22059,Жарковић,Стевањдан,Славонија,Кореничани/Ђуловац,45.650526,17.3608867
cluster,R1a,non_I2,Founder,Z280,Жајски,Јовањдан,Западни Банат,Велико Средиште/Вршац,45.1799547,21.4008613
cluster,I1,non_I2,Relic,BY3386,Ждракић,Никољдан,Херцеговина,Веља Међа/Равно,42.9209576,17.9290154
cluster,PH908_primary,PH908_family,Founder,FT16449,Ждралић,Ђурђевдан,Херцеговина,Домановићи/Чапљина,43.137454,17.7801831
cluster,I1,non_I2,Founder,FGC22061,Ждрало,Ђурђевдан,Средња Босна,Малешићи/Илијаш,43.9307699,18.2837961
cluster,R1a,non_I2,Founder,Y144943,Жерајић,Лазарева Субота,Херцеговина,Миљевац/Невесиње,43.2555172,18.1340632
cluster,J2,non_I2,Founder,J-L70,Живадиновић,Никољдан,Понишавље,Нишка Бања,43.2933122,22.0072312
cluster,E,non_I2,Founder,E-Z13591,Живадиновић,Стевањдан,Шумадија,Горње Јарушице/Крагујевац,44.151204,20.8566247
cluster,PH908_primary,PH908_family,Founder,FT14506,Живановић,Ђурђиц,Тимочка Крајина,Дебелица/Књажевац,43.6639243,22.2546002
cluster,E,non_I2,Founder,E-Y7168,Живановић,Ђурђиц,Мачва,Доња Бадања/Лозница,44.4888889,19.4619444
cluster,E,non_I2,Founder,E-L241,Живановић,Ђурђиц,Шумадија,Крњево/Велика Плана,44.4092503,21.0482186
cluster,R1b,non_I2,Founder,FT44409,Живановић,Алимпијевдан,Колубара,Мајиновић/Ваљево,44.2856983,19.7307274
cluster,I1,non_I2,Founder,FGC22061,Живановић,Аранђеловдан,Шумадија,Божурња/Топола,44.2224142,20.7092285
cluster,R1b,non_I2,Relic,Y175368,Живановић,Велика Госпојина,Стари Влах,Лопаш/Пожега,43.8053585,20.1239919
cluster,R1a,non_I2,Founder,YP270,Живановић,Никољдан,Шумадија,Београд,44.7863236,20.4716856
cluster,E,non_I2,Founder,E-FT104106,Живановић,Никољдан,Шумадија,Драгољ/Горњи Милановац,44.2239482,20.4490896
cluster,G,non_I2,Relic,G-L1264,Живановић,Никољдан,Шумадија,Остружница/Чукарица/Београд,44.7285552,20.3191998
cluster,J2,non_I2,Founder,J-Y155375,Живановић,Никољдан,Источна Босна,Рајковићи/Крна Јела/Фоча,44.9900548,16.8595881
cluster,R1a,non_I2,Founder,L1029,Живановић,Стевањдан,Браничево,Црљенац/Мало Црниће,44.4949069,21.3612602
cluster,J2,non_I2,Founder,J-Y22063,Живковић,Ђурђиц,Источни Срем,Буковац/Нови Сад,45.1943284,19.8932816
cluster,I1,non_I2,Founder,Y155080,Живковић,Ђурђиц,Расина,Горња Црнишава/Трстеник,43.5640989,21.0036523
cluster,E,non_I2,Relic,E-A6295,Живковић,Јовањдан,Понишавље,Паклештица/Пирот,43.2079169,22.7390351
cluster,PH908_primary,PH908_family,Founder,FT14506,Живковић,Јовањдан,Стара Херцеговина,Царине/Никшић,42.7278357,18.6042718
cluster,J2,non_I2,Relic,J-M319,Живковић,Аранђеловдан,Метохија,Велико Крушево/Клина,42.6624635,20.5204439
cluster,G,non_I2,Relic,G-Y129040,Живковић,Игњатијевдан,Источни Срем,Марадик/Инђија,45.1008678,19.9933374
cluster,E,non_I2,Founder,E-Z1057,Живковић,Никољдан,Понишавље,Алексинац,43.5405235,21.70884
cluster,E,non_I2,Founder,E-L241,Живковић,Никољдан,Колубара,Горњи Мушић/Мионица,44.2728956,20.1443687
cluster,I1,non_I2,Founder,FT428459,Живковић,Стевањдан,Стари Влах,Рогача/Лучани,43.8043674,20.2797746
cluster,R1a,non_I2,Founder,YP417,Живојиновић,Ђурђиц,Шумадија,Кораћица/Младеновац,44.4445158,20.6060227
cluster,PH908_primary,PH908_family,Founder,FT14506,Живојиновић,Никољдан,Шумадија,Сипић/Рача,44.1670912,20.9546613
cluster,I1,non_I2,Founder,FTA86559,Живојиновић,Пантелијевдан,Колубара,Стрмово/Лајковац,44.3344294,20.1394725
cluster,PH908_map_nonprimary,PH908_family,Founder,Y4882,Жижовић,Ђурђиц,Стари Влах,Горњи Бранетићи/Горњи Милановац,44.1298004,20.2984428
cluster,I1,non_I2,Founder,FGC22061,Жугић,Никољдан,Стара Херцеговина,Новаковићи/Жабљак,43.0890756,19.1627149
cluster,R1a,non_I2,Founder,L1029,Жујковић,Ђурђиц,Расина,Читлук/Крушевац,43.5939349,21.272291
cluster,R1b,non_I2,Relic,Y504829,Жуњанин,Аранђеловдан,Расина,Камењача/Трстеник,43.5725132,21.0681773
cluster,E,non_I2,Founder,E-Y128213,Загорац,Јовањдан,Средња Босна,Ћорићи/Доњи Вакуф,44.144488,17.3949964
cluster,R1a,non_I2,Founder,YP417,Загорац,Никољдан,Лика,Медак/Госпић,44.4552092,15.5078935
cluster,G,non_I2,Relic,G-PF3345,Загорчић,Никољдан,Бачка,Ченеј/Нови Сад,45.3697869,19.8013472
cluster,R1a,non_I2,Relic,YP1337,Зарић,Петковдан,Браничево,Каона/Кучево,44.4895001,21.6219058
cluster,PH908_primary,PH908_family,Founder,FT14506,Зарић,Стевањдан,Североисточна Босна,Витановићи Горњи/Брчко,44.8491281,18.6733792
cluster,I1,non_I2,Founder,FGC22061,Зарубица,Никољдан,Стара Херцеговина,Превиш/Шавник,42.9707641,19.1035204
cluster,I1,non_I2,Founder,FGC22061,Затежић,Ђурђевдан,Стари Влах,Љубић/Чачак,43.9074391,20.36365
cluster,PH908_primary,PH908_family,Founder,FT14506,Звекић,Јовањдан,Бачка,Мол/Ада,45.7638971,20.130055
cluster,R1a,non_I2,Founder,YP4278,Згоњанин,Никољдан,Босанска Крајина,Горња Драготиња/Приједор,45.0421405,16.621857
cluster,E,non_I2,Founder,E-Z1057,Здравковић (Мрђинац),Никољдан,Косово,Штрпце,42.2401249,21.0253337
cluster,R1b,non_I2,Relic,Y168201,Здравковић,Аранђеловдан,Врањско Поморавље,Дреновац/Врање,42.6311111,21.8830556
cluster,R1a,non_I2,Relic,Y289137,Зековић,Никољдан,Стара Херцеговина,Брајковача/Жабљак,43.0917396,19.3477581
cluster,E,non_I2,Relic,E-Y177539,Зелен,Никољдан,Босанска Крајина,Рилић/Купрес,43.9130287,17.2645876
cluster,PH908_primary,PH908_family,Founder,FT16449,Зеленковић,Стевањдан,Херцеговина,Домановићи/Чапљина,43.137454,17.7801831
cluster,Y3120_deep_mid_nonPH908,nonPH908_I2,Founder,Z17855,Зеленовић,Ђурђевдан,Херцеговина,Михољаче/Гацко,43.1382827,18.5762976
cluster,PH908_primary,PH908_family,Founder,Y56203,Зеленовић,Аранђеловдан,Североисточна Босна,Горњи Драгаљевац/Бијељина,44.7626269,19.0338906
cluster,PH908_primary,PH908_family,Founder,FT16449,Зеленовић,Игњатијевдан,Североисточна Босна,Ченгић/Бијељина,44.6474906,19.1547291
cluster,PH908_primary,PH908_family,Founder,FT190799,Зечевић,Лучиндан,Шумадија,Липовац/Топола,44.252915,20.6341266
cluster,Y3120_shallow_nonPH908,nonPH908_I2,Relic,Y331025,Зечевић,Лучиндан,Рашка,Попе/Тутин,42.9606779,20.3186786
cluster,J2,non_I2,Founder,J-Y22063,Зечевић,Никољдан,Стари Влах,Милатовићи/Лучани,43.7276927,20.3696394
cluster,I1,non_I2,Founder,Y155080,Зељковић,Ђурђевдан,Босанска Крајина,Доња Подгорја/Мркоњић Град,44.2589864,16.9169515
cluster,I1,non_I2,Founder,Y155080,Зељковић,Ђурђевдан,Босанска Крајина,Доњи Бараћи/Мркоњић Град,44.3216622,16.9387195
cluster,G,non_I2,Founder,G-Y128480,Зимоњић,Аранђеловдан,Стари Влах,Горачићи/Лучани,43.7934332,20.3276681
cluster,R1a,non_I2,Founder,L1029,Зипевски,Никољдан,Источна Македонија,Штип,41.7374724,22.1935856
cluster,PH908_primary,PH908_family,Founder,Y51673,Зиројевић,Никољдан,Херцеговина,Криводо/Дубљевићи/Гацко,43.2618254,18.3855462
cluster,R1b,non_I2,Founder,FT44409,Златановић,Никољдан,Косово,Велико Ропотово/Косовска Каменица,42.5143147,21.5644579
cluster,N,non_I2,Relic,N-FT193452,Зоговић,Јовањдан,Брда,Машница/Плав,42.6680526,19.8863786
cluster,E,non_I2,Founder,E-BY165837,Зоговић,Никољдан,Метохија,Бело Поље/Пећ,42.0317366,23.0481438
cluster,G,non_I2,Founder,G-Y128480,Зорбић,Стевањдан,Мачва,Клење/Богатић,44.807222,19.434444
cluster,I1,non_I2,Founder,FGC22061,Зорић,Ђурђевдан,Стара Херцеговина,Горња Бијела/Шавник,42.9030376,19.1515344
cluster,PH908_primary,PH908_family,Relic,Y279925,Зороје,Никољдан,Кордун,Мудрић Село/Оштарски Станови/Раковица,45.0170007,15.6485193
cluster,R1b,non_I2,Founder,A274,Зотовић,Никољдан,Херцеговина,Мушићи/Домашево/Требиње,43.8323946,19.2625799
cluster,PH908_primary,PH908_family,Founder,FT14506,Зубац,Ђурђевдан,Херцеговина,Невесиње,43.258198,18.106113
cluster,I1,non_I2,Founder,FGC22061,Зубовић,Стевањдан,Босанска Крајина,Јаворани/Кнежево,44.6246867,17.2493283
cluster,E,non_I2,Founder,E-Z1057,Зурковић,Никољдан,Бачка,Сомбор,45.7727397,19.1147036
cluster,E,non_I2,Founder,E-Z16988,Зуровац,Јовањдан,Херцеговина,Лука/Невесиње,43.4349614,18.1173786
cluster,E,non_I2,Founder,E-Z16988,Зуровац,Јовањдан,Херцеговина,Рабина/Невесиње,43.2380045,18.0448729
cluster,R1a,non_I2,Founder,L1029,Ибрахимовић,Нема,Метохија,Драгаш/Гора,43.2221484,27.8838712
cluster,J2,non_I2,Relic,J-PF5000,Иваниш,Јовањдан,Херцеговина,Селишта/Горњи Дрежањ/Невесиње,43.1771284,18.2662043
cluster,I1,non_I2,Founder,Y155080,Иванишевић,Ђурђевдан,Босанска Крајина,Мали Радић/Босанска Крупа,44.8426972,16.0883574
cluster,R1a,non_I2,Founder,Z280,Иванов,Јовањдан,Понишавље,Каменица/Димитровград,43.134318,22.892878
cluster,E,non_I2,Founder,E-Z1057,Иванов,Јовањдан,Бачка,Чуруг/Жабаљ,45.4732331,20.0717969
cluster,I1,non_I2,Relic,Y47022,Ивановић,Јовањдан,Колубара,Бајевац/Лајковац,44.3741048,20.0626821
cluster,I1,non_I2,Founder,Y155080,Ивановић,Аранђеловдан,Колубара,Цветановац/Љиг,44.2456085,20.2419637
cluster,E,non_I2,Founder,E-BY165837,Ивановић,Никољдан,Зета,Подгорица,42.3592055,19.2499266
cluster,J2,non_I2,Relic,J-M319,Ивановић,Никољдан,Врањско Поморавље,Цакановац/Прешево,42.2749746,21.6797314
cluster,I1,non_I2,Founder,FGC22061,Иванчајић,Ђурђевдан,Источна Босна,Неправдићи/Соколац,43.8510294,18.7664904
cluster,R1a,non_I2,Founder,L1029,Ивић,Мратиндан,Браничево,Барич/Голубац,44.6474524,21.5542808
cluster,G,non_I2,Founder,G-Y128480,Ивковић,Јовањдан,Врањско Поморавље,Житорађе/Владичин Хан,42.7101975,22.1131526
cluster,R1a,non_I2,Founder,BY30743,Ивковић,Никољдан,Херцеговина,Бијела Рудина/Билећа,42.9286911,18.4207624
cluster,E,non_I2,Founder,E-Z1057,Ивковић,Никољдан,Колубара,Бујачић/Ваљево,44.2463626,19.9097877
cluster,R1a,non_I2,Founder,BY30743,Ивковић,Никољдан,Херцеговина,Доњи Дрежањ/Невесиње,43.1908275,18.227375
cluster,R1b,non_I2,Relic,BY199059,Ивошевић,Ђурђевдан,Лика,Брестовац/Хрељин/Огулин,45.2905609,15.1709868
cluster,J2,non_I2,Founder,J-Y14439,Ивошевић,Ђурђевдан,Лика,Дрежница/Огулин,45.1378632,15.0921505
cluster,R1b,non_I2,Founder,BY38894,Игленџа,Јовањдан,Далмација,Кољане/Врлика,43.8733941,16.5015021
cluster,E,non_I2,Founder,E-BY165837,Игрутиновић,Митровдан,Топлица,Висока/Куршумлија,43.0977289,21.3072994
cluster,E,non_I2,Founder,E-Z38456,Игњатић,Јовањдан,Херцеговина,Талежа/Требиње,42.7104798,18.2335213
cluster,E,non_I2,Founder,E-Z1057,Игњатовић,Лучиндан,Шумадија,Прељина/Чачак,43.9013757,20.4178774
cluster,E,non_I2,Founder,E-Y126722,Игњатовић,Никољдан,Западни Банат,Банатски Брестовац/Панчево,44.7266366,20.8084452
cluster,E,non_I2,Founder,E-Z38456,Игњатовић,Никољдан,Херцеговина,Сливља/Гацко,43.2901952,18.3529637
cluster,J2,non_I2,Founder,J-Z38299,Идризовић,Ђурђевдан,Метохија,Батуша/Ђаковица,42.4525888,20.2639977
cluster,PH908_primary,PH908_family,Founder,FT16449,Икач,Ђурђевдан,Далмација,Коларина/Бенковац,43.9766917,15.6632885
cluster,R1a,non_I2,Founder,BY30743,Икодиновић,Никољдан,Стари Влах,Атеница/Чачак,43.8674634,20.3812813
cluster,I1,non_I2,Founder,FGC22061,Икодиновић,Никољдан,Стари Влах,Гуча/Лучани,43.7772932,20.2269416
cluster,I1,non_I2,Founder,FGC22061,Илић,Ђурђевдан,Стари Влах,Косјерић,43.9971574,19.9071184
cluster,R1a,non_I2,Founder,Z280,Илић,Ђурђевдан,Тимочка Крајина,Салаш/Зајечар,44.1139575,22.3200155
cluster,R1a,non_I2,Founder,YP270,Илић,Ђурђиц,Стари Влах,Негришори/Лучани,43.8493223,20.1896095
cluster,E,non_I2,Founder,E-Y142744,Илић,Јовањдан,Североисточна Босна,Прибој/Лопаре,44.6015596,18.9300839
cluster,R1b,non_I2,Founder,FT44409,Илић,Алимпијевдан,Мачва,Толисавац/Крупањ,44.3527778,19.435
cluster,PH908_primary,PH908_family,Relic,BY187039,Илић,Аранђеловдан,Понишавље,Гркиња/Гаџин Хан,43.2089752,21.9945129
cluster,E,non_I2,Founder,E-Z1057,Илић,Аранђеловдан,Колубара,Дрен/Обреновац,44.5955744,20.0307377
cluster,PH908_primary,PH908_family,Founder,Y56203,Илић,Аранђеловдан,Североисточна Босна,Крива Бара/Бијељина,44.8150247,19.2851123
cluster,R1a,non_I2,Founder,Y189493,Илић,Аранђеловдан,Расина,Мрмош/Александровац,43.5272221,21.1685085
cluster,E,non_I2,Founder,E-Y142744,Илић,Лазарева Субота,Североисточна Босна,Растошница/Сапна,44.5622326,18.9705252
cluster,I2_unmapped_nonPH908,nonPH908_I2,Relic,PF4088,Илић,Нема,Далмација,Сплит,43.5099367,16.4896122
cluster,E,non_I2,Founder,E-FT104106,Илић,Никољдан,Североисточна Босна,Јаковић/Доња Трнова/Угљевик,44.6634033,19.1181051
cluster,R1a,non_I2,Founder,Y260767,Илић,Никољдан,Колубара,Беомужевић/Ваљево,44.307509,19.7716618
cluster,R1b,non_I2,Founder,BY38894,Илић,Никољдан,Врањско Поморавље,Врање,42.5573069,21.9021867
cluster,I1,non_I2,Founder,FTA86559,Илић,Никољдан,Западни Банат,Ковин,44.7412405,20.9781361
cluster,R1b,non_I2,Founder,BY38894,Илић,Никољдан,Расина,Себечевац/Крушевац,43.4813195,21.2257659
cluster,J2,non_I2,Founder,J-L70,Илић,Никољдан,Понишавље,Сићево/Нишка Бања,43.3411244,22.0843369
cluster,I1,non_I2,Relic,M227,Илић,Никољдан,Шумадија,Удовице/Смедерево,44.6390478,20.8549118
cluster,R1a,non_I2,Founder,L1029,Илић,Петковдан,Врањско Поморавље,Ново Село/Бујановац,42.5970817,21.8178924
cluster,J2,non_I2,Founder,J-Z38299,Илић,Савиндан,Топлица,Пашинац/Прокупље,43.2781437,21.5070025
cluster,E,non_I2,Founder,E-Z1057,Илић,Стевањдан,Херцеговина,Бијоград/Требиње,42.6814792,18.2870394
cluster,J2,non_I2,Founder,J-Y22063,Илић Кељановић,Јовањдан,Косово,Житковац/Звечан,42.9301654,20.8239688
cluster,I1,non_I2,Founder,FT428459,Имшир,Стевањдан,Херцеговина,Биоград/Требиње,43.1975446,18.1736467
cluster,E,non_I2,Founder,E-CTS11222,Инић,Никољдан,Стара Херцеговина,Вучји До/Никшић,42.532051,18.518364299999998
cluster,E,non_I2,Founder,E-CTS11222,Инић,Никољдан,Херцеговина,Делеуша/Билећа,42.8679121,18.4832786
cluster,N,non_I2,Founder,N-FT182494,Исаиловић,Ђурђиц,Шумадија,Грабовица/Горњи Милановац,44.0203997,20.5109617
cluster,J2,non_I2,Founder,J-Y155375,Исаиловић,Ђурђиц,Мачва,Петловача/Шабац,44.7234721,19.6240661
cluster,R1a,non_I2,Relic,Y323345,Исаиловић,Лучиндан,Колубара,Звечка/Обреновац,44.640248,20.164318
cluster,E,non_I2,Founder,E-FT104106,Исаиловић,Никољдан,Мачва,Белотић/Владимирци,44.58099,19.71932
cluster,E,non_I2,Founder,E-Z13591,Исаиловић,Никољдан,Мачва,Дворска/Крупањ,44.4369444,19.3786111
cluster,E,non_I2,Founder,E-FT104106,Иђушки,Јовањдан,Бачка,Жарковац/Сомбор,45.7036243,19.2005133
cluster,PH908_primary,PH908_family,Founder,FT16449,Ијачић,Томиндан,Херцеговина,Опличићи/Чапљина,43.1171721,17.8104965
cluster,R1b,non_I2,Founder,FT49714,Калајановић,Аранђеловдан,Стари Влах,Прилике/Ивањица,43.6321744,20.1502791
cluster,PH908_primary,PH908_family,Founder,FT14506,Калајџић,Аранђеловдан,Стари Влах,Милатовићи/Лучани,43.7276927,20.3696394
cluster,PH908_primary,PH908_family,Founder,FT16449,Калајџић,Игњатијевдан,Источна Босна,Кадино Брдо/Фалиши/Фоча,43.8725438,19.630875
cluster,I1,non_I2,Founder,FGC22061,Калинић,Никољдан,Босанска Крајина,Велика Жуљевица/Нови Град,45.0916347,16.4807075
cluster,J2,non_I2,Founder,J-Y22063,Каменаровић,Ивањдан,Зета,Доброта/Котор,42.4315861,18.7674296
cluster,J2,non_I2,Founder,J-Y22063,Кангрга,Јовањдан,Лика,Подум/Оточац,44.8861725,15.296355
cluster,N,non_I2,Founder,N-FT182494,Капетановић,Ђурђевдан,Босанска Крајина,Јоховица/Нови Град,44.8987643,16.3721993
cluster,I1,non_I2,Founder,FGC22061,Капетановић,Ђурђевдан,Стара Херцеговина,Калушићи/Пљевља,43.3372423,19.3401923
cluster,I2_unmapped_nonPH908,nonPH908_I2,Relic,PF4459,Капетановић,Нема,Херцеговина,Кључ/Гацко,43.0877191,18.4902065
cluster,E,non_I2,Founder,E-FT178289,Капетина,Никољдан,Средња Босна,Рогачићи/Илиџа,43.8306182,18.3077357
cluster,PH908_primary,PH908_family,Founder,Y58629,Капор,Јовањдан,Херцеговина,Мириловићи/Билећа,42.8827254,18.3436757
cluster,R1b,non_I2,Relic,Y58552,Каприш,Аранђеловдан,Западни Банат,Кикинда,45.8300065,20.4653054
cluster,R1b,non_I2,Relic,BY18860,Карадаглић,Никољдан,Зета,Богути/Цетиње,42.3199034,18.9805169
cluster,I1,non_I2,Founder,Y155080,Каралић,Михољдан,Бачка,Сомбор,45.7727397,19.1147036
cluster,PH908_primary,PH908_family,Founder,FT14506,Каралић,Св. Александар Невски,Рашка,Дајићи/Ивањица,43.4032587,20.2980393
cluster,E,non_I2,Founder,E-FT104106,Караман,Непознато,Далмација,Сплит,43.5099367,16.4896122
cluster,I1,non_I2,Founder,FGC22061,Карановић,Ђурђевдан,Босанска Крајина,Бобољусци/Дрвар,44.4498269,16.2269041
cluster,I1,non_I2,Founder,FGC22061,Карановић,Ђурђевдан,Босанска Крајина,Велико Очијево/Дрвар,44.3740882,16.3845503
cluster,I1,non_I2,Founder,FGC22061,Карановић,Ђурђевдан,Босанска Крајина,Горњи Петровићи/Босанска Крупа,44.8673801,16.248461
cluster,I1,non_I2,Founder,FGC22061,Карановић,Ђурђевдан,Босанска Крајина,Рисовац/Босански Петровац,44.7290273,16.2232697
cluster,N,non_I2,Founder,N-FT213937,Карапетровић,Јовањдан,Босанска Крајина,Доња Јурковица/Градишка,44.9959058,17.198807
cluster,Y3120_deep_mid_nonPH908,nonPH908_I2,Founder,Z17855,Караџић,Аранђеловдан,Стара Херцеговина,Петњица/Шавник,42.9831515,19.0801473
cluster,I1,non_I2,Founder,FGC22061,Кардум,Ђурђевдан,Херцеговина,Рапти Бобани/Требиње,42.7907803,18.0692064
cluster,I1,non_I2,Founder,FGC22061,Кариклић,Никољдан,Средња Босна,Сарајево,43.8570713,18.4126147
cluster,PH908_primary,PH908_family,Founder,FT16449,Каришик,Ђурђевдан,Херцеговина,Зијемље/Источни Мостар,43.4097358,18.0002323
cluster,PH908_primary,PH908_family,Founder,FT14506,Карић,Лазарева Субота,Босанска Крајина,Гориња/Босанска Крупа,44.7944198,16.2477766
cluster,PH908_primary,PH908_family,Founder,Y51673,Карић,Никољдан,Колубара,Рвати/Обреновац,44.6583174,20.196005
cluster,PH908_primary,PH908_family,Founder,Y56203,Карлица,Стевањдан,Босанска Крајина,Чађавица Доња/Нови Град,44.9710596,16.3197581
cluster,PH908_primary,PH908_family,Relic,Y135653,Кастратовић,Ћириловдан,Стари Влах,Рајац/Чачак,43.7972124,20.4229831
cluster,E,non_I2,Founder,E-PH1395,Кастратовић,Аранђеловдан,Брда,Горажде/Беране,42.8845361,19.9227157
cluster,R1a,non_I2,Founder,L1029,Катана,Аранђеловдан,Источна Босна,Старонићи/Чајниче,43.5593609,19.1343556
cluster,E,non_I2,Founder,E-FT104106,Катић,Ђурђевдан,Бачка,Гардиновци/Тител,45.2036398,20.135807
cluster,N,non_I2,Founder,N-FT182494,Катић,Никољдан,Далмација,Кољане/Врлика,43.8733941,16.5015021
cluster,E,non_I2,Founder,E-L241,Качаревић,Аранђеловдан,Североисточна Босна,Дворови/Бијељина,44.8076812,19.2622411
cluster,R1a,non_I2,Founder,L1029,Кашић,Јовањдан,Далмација,Житнић/Дрниш,43.8363424,16.1346332
cluster,E,non_I2,Founder,E-Z1057,Кајевић,Ђурђиц,Северна Македонија,Чучер/Чучер-Сандево,42.0994869,21.3868611
cluster,J2,non_I2,Founder,J-Y22063,Кајевић,Нема,Стари Влах,Ивезићи/Пријепоље,43.2243718,19.6515771
cluster,N,non_I2,Founder,N-FT213937,Кајмаковић,Јовањдан,Североисточна Босна,Модран/Бијељина,44.6768039,19.1770397
cluster,I1,non_I2,Founder,FGC22061,Керин (Несторовић),Ђурђевдан,Шумадија,Рипањ/Београд,44.6390298,20.5204337
cluster,PH908_primary,PH908_family,Founder,FT14506,Кецман,Вартоломијевдан,Босанска Крајина,Будимлић Јапра/Сански Мост,44.8833743,16.4285497
cluster,R1a,non_I2,Founder,YP4278,Кешељ,Ђурђевдан,Херцеговина,Раникуће/Зови До/Невесиње,43.1727211,18.2086436
cluster,E,non_I2,Founder,E-BY165837,Кељановић,Никољдан,Брда,Дулипоље/Андријевица,42.6968885,19.7508867
cluster,PH908_primary,PH908_family,Founder,FT16449,Кизић,Ђурђиц,Метохија,Доњи Петрич/Клина,42.6128115,20.5033182
cluster,PH908_primary,PH908_family,Founder,BY93199,Килибарда,Аранђеловдан,Стара Херцеговина,Тупан/Никшић,42.7930252,18.632268
cluster,PH908_primary,PH908_family,Founder,FT14506,Кисин,Томиндан,Херцеговина,Тули/Требиње,42.6487584,18.37743
cluster,PH908_primary,PH908_family,Founder,FT16449,Кисић,Никољдан,Херцеговина,Звијерина/Билећа,42.9328223,18.2713905
cluster,R1b,non_I2,Relic,FGC24408,Китановић,Никољдан,Врањско Поморавље,Врање,42.5573069,21.9021867
cluster,E,non_I2,Founder,E-Y142744,Китић,Ђурђевдан,Североисточна Босна,Церовица/Станари,44.7087663,17.8703372
cluster,E,non_I2,Founder,E-L241,Кичић,Михољдан,Босанска Крајина,Шњеготина Средња/Челинац,44.6939155,17.53773
cluster,J2,non_I2,Relic,J-PF5177,Кладник,Нема,Крањска,Невље/Камник,46.2296387,14.6235277
cluster,J2,non_I2,Founder,J-FT413312,Клевернић,Јовањдан,Источни Срем,Добринци/Рума,44.9536871,19.9277783
cluster,R1a,non_I2,Founder,L1029,Кликовац,Ђурђиц,Зета,Зета,42.3195857,19.2264879
cluster,PH908_primary,PH908_family,Founder,FT14506,Климовић,Ђурђевдан,Херцеговина,Подштировник/Требиње,42.5743199,18.4525475
cluster,J2,non_I2,Founder,J-L70,Клиса-Гуча Гора гроб 12,Непознато,Средња Босна,Гуча Гора/Травник,44.2430798,17.7267542
cluster,J2,non_I2,Founder,J-L70,Клиса-Гуча Гора гроб 6,Непознато,Средња Босна,Гуча Гора/Травник,44.2430798,17.7267542
cluster,N,non_I2,Founder,N-FGC28435,Кличковић,Ђурђевдан,Кордун,Дуго Село Ласињско/Вргинмост,45.4810968,15.8819206
cluster,R1a,non_I2,Founder,Y189493,Кнежевић,Ђурђиц,Босанска Крајина,Прусци/Нови Град,45.0943159,16.5231401
cluster,PH908_primary,PH908_family,Founder,FT386055,Кнежевић,Аранђеловдан,Босанска Крајина,Бранешци Доњи/Челинац,44.7845621,17.5489684
cluster,N,non_I2,Founder,N-FT182494,Кнежевић,Аранђеловдан,Североисточна Босна,Попови/Бијељина,44.7633867,19.2733399
cluster,I2_unmapped_nonPH908,nonPH908_I2,Relic,P95,Кнежевић,Аранђеловдан,Стари Влах,Чемериковци/Доброселица/Чајетина,43.6178359,19.7203881
cluster,R1a,non_I2,Relic,YP5882,Кнежевић,Зачеће Св. Јована Крститеља,Зета,Грађани/Цетиње,42.2745514,19.0050895
cluster,PH908_primary,PH908_family,Founder,FT386055,Кнежевић,Никољдан,Босанска Крајина,Велики Цвјетнић/Дрвар,44.3740882,16.3845503
cluster,R1a,non_I2,Founder,Z280,Кнежевић,Св. Василије Велики,Брда,Будимља/Беране,42.8665246,19.8892217
cluster,PH908_primary,PH908_family,Founder,Y58629,Кнежић,Јовањдан,Херцеговина,Мостар,43.3435855,17.8076584
cluster,N,non_I2,Founder,N-FT213937,Кнежић,Јовањдан,Босанска Крајина,Шеменовци/Купрес,44.0838628,17.1267686
cluster,PH908_primary,PH908_family,Founder,Y58629,Ковач,Јовањдан,Херцеговина,Влаховићи/Љубиње,43.0291609,18.1231814
cluster,PH908_map_nonprimary,PH908_family,Founder,Y4882,Ковач,Јовањдан,Херцеговина,Лопоч/Сливница Бобани/Равно,42.7742557,18.0754271
cluster,I1,non_I2,Founder,FGC22061,Ковач,Никољдан,Источна Босна,Мазоче/Фоча,43.4022632,18.8016731
cluster,PH908_primary,PH908_family,Founder,Y56203,Ковач,Стевањдан,Херцеговина,Зови До/Невесиње,43.1574316,18.2122491
cluster,E,non_I2,Founder,E-CTS11222,Ковачевић,Ђурђевдан,Стара Херцеговина,Заслап/Никшић,42.6784123,18.5932433
cluster,E,non_I2,Founder,E-Z1057,Ковачевић,Ђурђевдан,Лика,Кесићи/Латин/Плашки,44.5103938,17.1314614
cluster,PH908_primary,PH908_family,Founder,FT16449,Ковачевић,Ђурђевдан,Херцеговина,Невесиње,43.258198,18.106113
cluster,J2,non_I2,Founder,J-Y155375,Ковачевић,Ђурђевдан,Мачва,Церова/Крупањ,44.4008333,19.3780556
cluster,E,non_I2,Founder,E-Z1057,Ковачевић,Ђурђиц,Метохија,Бања/Србица,42.812757,20.670443
cluster,E,non_I2,Relic,E-A783,Ковачевић,Ђурђиц,Рашка,Брестово/Нови Пазар,43.1358171,20.5923271
cluster,R1b,non_I2,Founder,L51,Ковачевић,Јовањдан,Тимочка Крајина,Подгорац/Бољевац,43.9404586,21.9501214
cluster,PH908_map_nonprimary,PH908_family,Founder,Y4882,Ковачевић,Јовањдан,Херцеговина,Туље/Требиње,42.8276289,18.1055509
cluster,E,non_I2,Founder,E-Z1057,Ковачевић,Андријевдан,Брда,Ораховица/Бијело Поље,43.1138896,19.7334445
cluster,PH908_primary,PH908_family,Founder,FT16449,Ковачевић,Игњатијевдан,Херцеговина,Срђевићи/Гацко,43.1609281,18.4543168
cluster,R1a,non_I2,Founder,BY99654,Ковачевић,Мратиндан,Лика,Кестенова Корита/Доњи Лапац,44.5521346,15.9609632
cluster,E,non_I2,Founder,E-Y126722,Ковачевић,Никољдан,Далмација,Кољане/Врлика,43.8733941,16.5015021
cluster,R1b,non_I2,Founder,BY38894,Ковачевић,Никољдан,Стара Херцеговина,Нудо/Никшић,42.6708552,18.5748762
cluster,I1,non_I2,Relic,Y4045,Ковачић (Ковач),Митровдан,Крањска,Литија,46.0575677,14.8314192
cluster,R1a,non_I2,Founder,L1029,Ковачић,Ђурђевдан,Босанска Крајина,Јаворани/Кнежево,44.6246867,17.2493283
cluster,N,non_I2,Founder,N-FT182494,Козарац,Лучиндан,Босанска Крајина,Брекиња/Козарска Дубица,45.1345993,16.7197751
cluster,I1,non_I2,Founder,BY169301,Козарев,Петковдан,Бачка,Тител,45.2043941,20.3060414
cluster,J2,non_I2,Founder,J-Y155375,Козица,Никољдан,Стари Влах,Завинограђе/Пријепоље,43.2498076,19.697773
cluster,PH908_primary,PH908_family,Founder,FT14506,Козић,Ђурђевдан,Херцеговина,Љубиње,42.9515429,18.08992
cluster,PH908_primary,PH908_family,Founder,FT14506,Козић,Ђурђевдан,Херцеговина,Крајпоље/Љубиње,42.9209583,18.1214927
cluster,G,non_I2,Relic,G-Y425678,Козлица,Никољдан,Лика,Мекињар/Удбина,44.579895,15.6701528
cluster,N,non_I2,Founder,N-FT213937,Козомора,Јовањдан,Босанска Крајина,Богдаше/Ливно,44.0337429,16.6845423
cluster,I1,non_I2,Founder,FGC22061,Коковић,Никољдан,Топлица,Пискаље/Прокупље,43.1856949,21.4323362
cluster,E,non_I2,Founder,E-Z38456,Кокора,Никољдан,Стари Влах,Очка Гора/Бранешци/Чајетина,43.7509335,19.6953302
cluster,J2,non_I2,Founder,J-Y22063,Кокот,Јовањдан,Лика,Томингај/Грачац,44.3515641,15.8356455
cluster,R1a,non_I2,Founder,L1029,Колак,Јовањдан,Херцеговина,Хум/Требиње,42.7284887,18.1946559
cluster,R1a,non_I2,Relic,BY212473,Колар,Ђурђевдан,Јужна Барања,Болман/Јагодњак,45.7219029,18.5169211
cluster,I1,non_I2,Founder,Y155080,Коларевић,Аћимовдан,Расина,Почековина/Трстеник,43.594761,21.0885026
cluster,R1a,non_I2,Founder,BY99654,Коларевић,Св. пророк Јеремија,Стари Влах,Вучак/Ивањица,43.406538,20.2053189
cluster,E,non_I2,Founder,E-L241,Коларић,Аранђеловдан,Западни Срем,Трпиња,45.4191674,18.8996797
cluster,I1,non_I2,Founder,FGC22061,Коларовић,Никољдан,Источни Срем,Сремски Карловци,45.1860254,19.9571373
cluster,PH908_primary,PH908_family,Relic,FTD21598,Коленовић,Аранђеловдан,Брда,Гусиње,42.5637693,19.833253
cluster,R1a,non_I2,Founder,YP4278,Колунџија,Никољдан,Кордун,Нова Кршља/Раковица,44.9932298,15.6499541
cluster,PH908_primary,PH908_family,Founder,Y58629,Комад,Јовањдан,Херцеговина,Убоско/Љубиње,43.0086063,18.0852893
cluster,PH908_primary,PH908_family,Founder,Y56203,Комадина,Нема,Ријека и Кварнер,Крмпоте/Нови Винодолски,45.128264,14.7888328
cluster,E,non_I2,Founder,E-BY165837,Комадинић,Митровдан,Стари Влах,Соколићи/Чачак,43.9414481,20.3918266
cluster,E,non_I2,Founder,E-Z1057,Комненовић,Јовањдан,Стара Херцеговина,Ластва/Кленак/Никшић,42.7008432,18.4753091
cluster,E,non_I2,Founder,E-Z1057,Комљеновић,Часне Вериге апостола Петра,Кордун,Чремушница/Вргинмост,45.3556367,15.8649944
cluster,PH908_primary,PH908_family,Relic,FTA49542,Конатар,Никољдан,Брда,Конатари/Уневине/Бијело Поље,43.1059858,19.7758066
cluster,Y3120_deep_mid_nonPH908,nonPH908_I2,Founder,Z17855,Кондић,Ђурђевдан,Мачва,Тршић/Лозница,44.4958165,19.2704649
cluster,PH908_primary,PH908_family,Founder,FT14506,Кондић,Никољдан,Босанска Крајина,Цикоте/Приједор,44.974563,16.7075768
cluster,R1b,non_I2,Founder,FT44409,Константиновић,Никољдан,Браничево,Петровац на Млави,44.3677095,21.4076704
cluster,E,non_I2,Founder,E-L241,Кончаревић,Никољдан,Далмација,Ервеник,44.108204,15.9412748
cluster,R1a,non_I2,Founder,L1029,Копања,Никољдан,Босанска Крајина,Павловац/Бања Лука,44.7938294,17.14294
cluster,E,non_I2,Founder,E-FT178289,Копривица,Никољдан,Херцеговина,Градина/Гацко,43.3298803,18.4824821
cluster,E,non_I2,Founder,E-FT178289,Копривица,Никољдан,Стара Херцеговина,Копривице/Никшић,43.9074264,18.7070734
cluster,E,non_I2,Founder,E-FGC11450,Копуновић,Савиндан,Стари Влах,Доње Бабине/Пријепоље,43.4156163,19.5323809
cluster,R1a,non_I2,Founder,BY99654,Кораћ,Никољдан,Херцеговина,Завала/Требиње,42.7098295,18.3457261
cluster,J2,non_I2,Relic,J-PH1602,Кордић,Нема,Далматинска острва,Раб,44.7562894,14.7607367
cluster,J2,non_I2,Relic,J-A30137,Корићанац,Мратиндан,Рашка,Богутовац/Краљево,43.6505926,20.5543681
cluster,PH908_primary,PH908_family,Founder,FT16449,Корора,Ђурђиц,Стара Херцеговина,Кукавица/Пљевља,42.6273609,21.3479637
cluster,E,non_I2,Founder,E-CTS11222,Косанић,Никољдан,Источни Срем,Сремски Михаљевци/Пећинци,44.8587944,20.0383376
cluster,R1a,non_I2,Founder,YP417,Косовић,Ђурђевдан,Североисточна Босна,Пађине/Зворник,44.5301983,19.1201826
cluster,R1a,non_I2,Founder,L1029,Костић,Ђурђевдан,Источни Срем,Доњи Товарник/Пећинци,44.8132532,19.9448853
cluster,R1b,non_I2,Relic,Y572491,Костић,Јовањдан,Косово,Крајиште/Липљан,42.4938543,21.0468671
cluster,I1,non_I2,Founder,FGC22061,Костић,Јовањдан,Браничево,Орешковица/Петровац на Млави,44.3171028,21.3255622
cluster,PH908_primary,PH908_family,Founder,FT190799,Костић,Лучиндан,Стари Влах,Трнава/Ужице,43.8492344,19.7565513
cluster,R1a,non_I2,Founder,YP270,Костић,Мратиндан,Понишавље,Ниш,43.3211301,21.8959232
cluster,J2,non_I2,Founder,J-Y22063,Костић,Никољдан,Стари Влах,Свештица/Ивањица,43.5927083,20.2345428
cluster,PH908_primary,PH908_family,Founder,Y56203,Костић,Стевањдан,Понишавље,Алексиначки Бујмир/Алексинац,43.5144857,21.7490324
cluster,PH908_map_nonprimary,PH908_family,Founder,Y4882,Косјерина,Никољдан,Херцеговина,Крушевица/Љубиње,42.9106923,18.1233759
cluster,J2,non_I2,Founder,J-Y22063,Котарац,Јовањдан,Источни Срем,Нови Сланкамен/Инђија,45.1257668,20.2390854
cluster,E,non_I2,Founder,E-BY165837,Коцић (Радоњић),Ђурђевдан,Зета,Будва,41.1293315,20.8062091
cluster,J2,non_I2,Founder,J-Z38299,Коцољевац (Кукавица),Лучиндан,Далмација,Земуник Горњи/Земуник Доњи,44.1095798,15.4312483
cluster,Y3120_deep_mid_nonPH908,nonPH908_I2,Founder,Z17855,Кочовић,Алимпијевдан,Западна Македонија,Вевчани,41.2444658,20.5735643
cluster,Y3120_deep_mid_nonPH908,nonPH908_I2,Relic,BY169079,Којић,Михољдан,Бачка,Бачка Паланка,45.2500976,19.3897302
cluster,R1a,non_I2,Founder,BY99654,Којић,Св. Врачи,Мачва,Клење/Богатић,44.807222,19.434444
cluster,R1a,non_I2,Founder,L1029,Којовић,Мратиндан,Херцеговина,Веља Гора/Требиње,42.6483319,18.3423212
cluster,R1a,non_I2,Founder,YP4278,Коњевић,Илиндан,Источни Срем,Прхово/Пећинци,44.8839549,20.0021353
cluster,E,non_I2,Founder,E-BY165837,Коћо,Нема,Брда,Тузи,42.8581287,21.2188719
cluster,R1a,non_I2,Founder,L1029,Красић,Ђурђевдан,Босанска Крајина,Кокори/Прњавор,44.8128141,17.4919931
cluster,PH908_primary,PH908_family,Founder,FT16449,Красић,Игњатијевдан,Босанска Крајина,Шешковци/Лакташи,44.9604861,17.4334034
cluster,R1a,non_I2,Relic,CTS1211,Красић,Св. Врачи,Стари Влах,Доња Краварица/Лучани,43.7814745,20.1603841
cluster,J2,non_I2,Relic,J-PF5008,Кратовац,Нема,Стари Влах,Нова Варош,43.4597045,19.8154494
cluster,J2,non_I2,Founder,J-L70,Краљић,Нема,Кварнерска острва,Мурај/Крк,45.0508794,14.6012333
cluster,E,non_I2,Founder,E-FGC11450,Кресић,Ђурђевдан,Северна Барања,Липово/Мохач,45.9933836,18.6821079
cluster,E,non_I2,Founder,E-CTS11222,Кресоја,Никољдан,Босанска Крајина,Пркоси/Босански Петровац,44.6166046,16.1186795
cluster,R1a,non_I2,Founder,L1029,Кривоглав,Зачеће Св. Јована Крститеља,Херцеговина,Мрњићи/Требиње,42.6671229,18.2600196
cluster,J2,non_I2,Founder,J-FT413312,Кривокапић,Јовањдан,Зета,Горња Заљут/Цетиње,42.565944,18.7699803
cluster,N,non_I2,Founder,N-FGC28435,Кривокућа,Никољдан,Кордун,Утиња/Карловац,45.403063,15.723215
cluster,E,non_I2,Founder,E-Z1057,Кризманић,Нема,Бачка,Апатин,45.6712544,18.9817862
cluster,J2,non_I2,Founder,J-Y155375,Кричка,Никољдан,Далмација,Братишковци/Скрадин,43.8893887,15.9062068
cluster,J2,non_I2,Relic,J-M205,Кричковић,Никољдан,Босанска Крајина,Саница Горња/Кључ,44.6232627,16.6271573
cluster,R1b,non_I2,Founder,FT49714,Кркељић,Аранђеловдан,Брда,Лутово/Подгорица,42.6279981,19.3856978
cluster,G,non_I2,Relic,G-Z6211,Кркобабић,Јовањдан,Далмација,Кољане/Врлика,43.8733941,16.5015021
cluster,N,non_I2,Founder,N-FT182494,Крнета,Јовањдан,Далмација,Кистање,43.9814264,15.9653321
cluster,PH908_primary,PH908_family,Founder,FT14506,Крнетић,Томиндан,Босанска Крајина,Бањани/Босанска Крупа,45.0253584,16.1389906
cluster,J2,non_I2,Founder,J-Y155375,Крнојелац,Никољдан,Источна Босна,Биротићи/Фоча,43.4420223,18.7925348
cluster,J2,non_I2,Founder,J-Y155375,Крнојелац,Никољдан,Источна Босна,Камен/Чајниче,43.5707265,19.0771924
cluster,I1,non_I2,Founder,FGC22061,Крстајић,Никољдан,Стара Херцеговина,Пашина Вода/Жабљак,43.1024574,19.1224124
cluster,R1b,non_I2,Founder,FT44409,Крстић,Ђурђиц,Метохија,Исток,42.7816777,20.4882544
cluster,Y3120_deep_mid_nonPH908,nonPH908_I2,Relic,BY92056,Крстић,Аранђеловдан,Тимочка Крајина,Књажевац,43.5675155,22.2556547
cluster,N,non_I2,Founder,N-FT213937,Крстић,Лазарева Субота,Североисточна Босна,Велика Обарска/Бијељина,44.8017099,19.1712899
cluster,R1a,non_I2,Founder,Z280,Крстић,Никољдан,Јабланица,Грделица/Лесковац,42.900543,22.0716509
cluster,PH908_primary,PH908_family,Relic,Y153037,Крстић,Никољдан,Понишавље,Грнчар/Бабушница,43.019409,22.343754
cluster,R1a,non_I2,Relic,A19673,Крстић,Св. Врачи,Шумадија,Београд,44.7863236,20.4716856
cluster,I1,non_I2,Founder,BY169301,Крунић,Св. Василије Велики,Колубара,Јасеница/Ваљево,44.3069345,19.9319119
cluster,R1a,non_I2,Founder,L1029,Крушедолац,Јовањдан,Источни Срем,Батајница/Земун,44.9060854,20.2747547
cluster,R1b,non_I2,Founder,BY38894,Крчмар,Ђурђевдан,Босанска Крајина,Хотковци/Гламоч,44.2280553,16.7863432
cluster,PH908_primary,PH908_family,Founder,FT14506,Крчум,Јовањдан,Херцеговина,Дренови До/Куња Главица/Требиње,42.609978,18.4016076
cluster,I1,non_I2,Founder,FGC22061,Крљанац,Ђурђевдан,Стари Влах,Зеоке/Лучани,43.8448345,20.264368
cluster,I1,non_I2,Founder,FGC22061,Крљанчевић,Лучиндан,Стари Влах,Вирово/Ариље,43.7768561,20.1162652
cluster,PH908_primary,PH908_family,Founder,FT16449,Крњевић,Аранђеловдан,Херцеговина,Фатница/Билећа,43.0283069,18.3230171
cluster,PH908_primary,PH908_family,Founder,FT16449,Крџавац,Стевањдан,Стари Влах,Бистрица/Нова Варош,43.4679641,19.6567329
cluster,I1,non_I2,Founder,Y155080,Крџић,Јовањдан,Стари Влах,Радобуђа/Ариље,43.7223903,20.0406665
cluster,R1a,non_I2,Founder,YP4278,Кувекаловић,Св. Врачи,Стари Влах,Пресека/Ивањица,43.5375216,19.9962274
cluster,R1a,non_I2,Founder,L1029,Кузмановић,Ђурђевдан,Североисточна Босна,Горње Кречане/Градачац,44.8713643,18.3618246
cluster,R1a,non_I2,Founder,Y260767,Кузмановић,Јовањдан,Колубара,Жабари/Ваљево,44.2244939,19.9482507
cluster,E,non_I2,Founder,E-Z1057,Кузмановић,Алимпијевдан,Шумадија,Осипаоница/Смедерево,44.543562,21.0520033
cluster,PH908_primary,PH908_family,Relic,Y59595,Кузмановић,Св. Врачи,Североисточна Босна,Лозна/Бановићи,44.4376937,18.3498309
cluster,J2,non_I2,Founder,J-L70,Кукурић,Никољдан,Херцеговина,Требиње,42.7098295,18.3457261
cluster,E,non_I2,Founder,E-Z1057,Кулачин,Св. Врачи,Бачка,Србобран,45.5509101,19.7993393
cluster,E,non_I2,Founder,E-FT178289,Кулаш,Стевањдан,Херцеговина,Биоград/Невесиње,43.1975446,18.1736467
cluster,E,non_I2,Founder,E-FT104106,Кунарац,Ђурђевдан,Источна Босна,Крушчица/Драгочава/Фоча,43.3258322,18.4064011
cluster,PH908_primary,PH908_family,Founder,FT16449,Кундачина,Ђурђевдан,Херцеговина,Хатељи/Берковићи,43.0911638,18.1968708
cluster,J2,non_I2,Founder,J-Y22063,Кунић,Ђурђевдан,Бачка,Сомбор,45.7727397,19.1147036
cluster,Y3120_deep_mid_nonPH908,nonPH908_I2,Founder,Z17855,Купрешанин,Никољдан,Далмација,Рамљане/Книн,43.9723581,16.2050588
cluster,N,non_I2,Founder,N-FT213937,Курбалија,Јовањдан,Далмација,Стрмица/Книн,44.1694179,16.2616872
cluster,E,non_I2,Founder,E-FT178289,Курмазовић,Никољдан,Стари Влах,Расна/Пожега,43.8145564,20.0227976
cluster,R1a,non_I2,Founder,Z280,Куртеш,Ђурђевдан,Херцеговина,Зијемље/Мостар,43.4097358,18.0002323
cluster,I1,non_I2,Founder,FGC22061,Куртић,Стевањдан,Стари Влах,Дебеља/Нова Варош,43.4755264,19.9289773
cluster,R1a,non_I2,Founder,L1029,Куртовић,Св. пророк Јеремија,Херцеговина,Зачула/Требиње,42.7098295,18.3457261
cluster,PH908_primary,PH908_family,Founder,FT16449,Кусић,Ђурђевдан,Североисточна Босна,Језера/Теслић,44.4074168,17.764724
cluster,I1,non_I2,Founder,Y155080,Кусонић,Митровдан,Бачка,Сомбор,45.7727397,19.1147036
cluster,I1,non_I2,Founder,FGC22061,Кустурић,Алимпијевдан,Стари Влах,Лопаш/Пожега,43.8053585,20.1239919
cluster,E,non_I2,Founder,E-BY165837,Куч,Зачеће Св. Јована Крститеља,Брда,Бабино/Беране,42.9053275,19.9020396
cluster,E,non_I2,Founder,E-BY165837,Куч,Никољдан,Брда,Ивање/Бијело Поље,42.9993016,19.875814
cluster,G,non_I2,Founder,G-FTC64765,Кујачић,Аранђеловдан,Херцеговина,Аранђелово/Требиње,42.6971098,18.5405008
cluster,PH908_primary,PH908_family,Relic,FTB32566,Кујовић,Св. Василије Велики,Брда,Миоска/Колашин,42.8154268,19.4133338
cluster,R1a,non_I2,Relic,Y465102,Кујунџић,Јовањдан,Источни Срем,Сремски Карловци,45.1860254,19.9571373
cluster,J2,non_I2,Founder,J-Y14439,Кујунџић,Аранђеловдан,Стара Херцеговина,Превиш/Шавник,42.9707641,19.1035204
cluster,E,non_I2,Founder,E-BY165837,Кљајевић,Аранђеловдан,Брда,Блишково/Бијело Поље,43.1563013,19.5517458
cluster,I1,non_I2,Founder,BY169301,Кљајевић,Никољдан,Зета,Подгорица,42.3592055,19.2499266
cluster,E,non_I2,Founder,E-L241,Кљајић,Никољдан,Босанска Крајина,Гусак/Прњавор,44.8575448,17.5305695
cluster,E,non_I2,Relic,E-Y177539,Лазаревић,Ђурђевдан,Шумадија,Рудовци/Лазаревац,44.3800988,20.4050622
cluster,G,non_I2,Founder,G-Y128480,Лазаревић,Ђурђиц,Стари Влах,Бели Камен/Лучани,43.6848498,20.2184486
cluster,PH908_primary,PH908_family,Relic,BY77359,Лазаревић,Јовањдан,Шумадија,Кусовац/Кнић,43.964743,20.6705617
cluster,R1a,non_I2,Relic,YP3992,Лазаревић,Аврамијевдан,Североисточна Босна,Јасеница/Зворник,44.5317392,19.0768879
cluster,E,non_I2,Founder,E-Z13591,Лазаревић,Петковдан,Топлица,Доња Коњуша/Прокупље,43.2246663,21.4116495
cluster,R1b,non_I2,Relic,BY250,Лазић,Ђурђевдан,Североисточна Босна,Бузекара/Брчко,44.787359,18.8668246
cluster,PH908_map_nonprimary,PH908_family,Founder,Y4882,Лазић,Јовањдан,Бачка,Сомбор,45.7727397,19.1147036
cluster,E,non_I2,Founder,E-Z1057,Лазић,Никољдан,Западни Банат,Бела Црква,44.9001235,21.4230044
cluster,E,non_I2,Founder,E-Z1057,Лазић,Никољдан,Понишавље,Ниш,43.3211301,21.8959232
cluster,R1b,non_I2,Relic,Z209,Лазов,Велика Госпојина,Бачка,Србобран,45.5509101,19.7993393
cluster,PH908_primary,PH908_family,Founder,FT14506,Лазовић,Ђурђевдан,Херцеговина,Раст/Невесиње,43.2036996,18.2009731
cluster,G,non_I2,Founder,G-Y128480,Лазовић,Јовањдан,Стари Влах,Добраче/Ариље,43.6353854,20.084459
cluster,R1a,non_I2,Founder,Z280,Лазовић,Јовањдан,Брда,Лазовићи/Бијело Поље,43.0200788,19.993327
cluster,PH908_primary,PH908_family,Founder,Y134585,Лазовић,Аранђеловдан,Топлица,Велика Плана/Прокупље,43.3282958,21.4361615
cluster,PH908_map_nonprimary,PH908_family,Relic,MF4021,Лазовић,Никољдан,Стари Влах,Лозница/Чачак,43.8669804,20.3318977
cluster,E,non_I2,Relic,E-FTG87914,Лазовић,Никољдан,Топлица,Сибница/Блаце,43.304055,21.220112
cluster,E,non_I2,Relic,E-Y48420,Лакић,Никољдан,Далмација,Горњи Карин/Обровац,44.1358546,15.6335444
cluster,PH908_primary,PH908_family,Relic,FT176119,Лаковић,Јовањдан,Источна Босна,Русањ/Ново Горажде,43.6261868,19.0211127
cluster,R1b,non_I2,Relic,Y104972,Лаловић,Никољдан,Брда,Јаблан/Душке/Подгорица,42.6208472,19.4500194
cluster,PH908_primary,PH908_family,Founder,FT386055,Ламбета,Аранђеловдан,Херцеговина,Горогаше/Равно,42.812157,18.0279717
cluster,PH908_primary,PH908_family,Founder,Y51673,Ламбић,Ђурђевдан,Херцеговина,Борци/Коњиц,43.576834,18.018441
cluster,R1a,non_I2,Founder,L1029,Лангура,Никољдан,Стари Влах,Херцеговачка Голеша/Прибој,43.5036499,19.4036702
cluster,PH908_primary,PH908_family,Founder,FT14506,Ласован,Аранђеловдан,Херцеговина,Љути До/Берковићи,43.1119615,18.1286225
cluster,N,non_I2,Founder,N-FGC28435,Латиновић,Јовањдан,Босанска Крајина,Врело/Цазин,44.9262622,15.8729755
cluster,I1,non_I2,Founder,FGC22061,Лаудановић,Аранђеловдан,Шумадија,Бољковци/Горњи Милановац,44.1434202,20.3448058
cluster,I1,non_I2,Founder,FGC22061,Лачњевац,Никољдан,Расина,Стањево/Александровац,43.4571508,21.0735342
cluster,PH908_primary,PH908_family,Founder,Y58629,Лека,Јовањдан,Лика,Ново Село Кореничко/Плитвичка Језера,44.8718658,15.7179726
cluster,I1,non_I2,Founder,Y155080,Лекић,Ђурђевдан,Босанска Крајина,Шеховци/Мркоњић Град,44.488056,17.1212053
cluster,E,non_I2,Founder,E-PH1395,Лекић,Аранђеловдан,Топлица,Алабана/Блаце,43.2989378,21.3352912
cluster,E,non_I2,Founder,E-PH1395,Лекић,Аранђеловдан,Брда,Краље/Андријевица,42.734307,19.7522991
cluster,E,non_I2,Founder,E-PH1395,Лекић,Аранђеловдан,Топлица,Широке Њиве/Прокупље,43.0976671,21.4680934
cluster,E,non_I2,Founder,E-Z16988,Лекић,Петровдан,Шумадија,Јеловик/Аранђеловац,44.2538372,20.486197399999998
cluster,I1,non_I2,Founder,FGC22061,Лековић,Аранђеловдан,Стара Херцеговина,Расова/Жабљак,44.6619739,18.0104173
cluster,I1,non_I2,Founder,FGC22061,Лековић,Никољдан,Брда,Лековина/Бијело Поље,43.1541429,19.6058041
cluster,E,non_I2,Founder,E-Z1057,Лепојевић,Аранђеловдан,Јабланица,Ново Село/Лесковац,42.874285,22.165413
cluster,R1a,non_I2,Founder,BY99654,Лепојевић,Никољдан,Топлица,Балиновац/Прокупље,43.2859308,21.6073385
cluster,R1b,non_I2,Founder,A274,Лечић,Аранђеловдан,Херцеговина,Брезова Дола/Жрвањ/Љубиње,42.9281971,18.2322883
cluster,R1b,non_I2,Founder,A274,Лечић,Аранђеловдан,Херцеговина,Потоци/Мостар,43.4078203,17.8758297
cluster,PH908_primary,PH908_family,Founder,FT14506,Лечић,Томиндан,Стари Влах,Вранеша/Нова Варош,43.4979749,19.7874068
cluster,PH908_primary,PH908_family,Relic,BY97841,Лешњаковић,Аранђеловдан,Топлица,Дединац/Куршумлија,43.1289975,21.3864541
cluster,G,non_I2,Founder,G-Y128480,Лилић,Аранђеловдан,Понишавље,Пирот,43.1547342,22.5865039
cluster,E,non_I2,Founder,E-Y128213,Лисичић,Јовањдан,Стара Херцеговина,Крушево/Пљевља,43.2815936,19.2713164
cluster,E,non_I2,Founder,E-Z1057,Личанин,Ђурђевдан,Славонија,Нова Градишка,45.2599175,17.3826861
cluster,R1b,non_I2,Founder,FT44409,Лововић,Никољдан,Стари Влах,Косатица/Пријепоље,43.3873486,19.7340695
cluster,I1,non_I2,Founder,FTA86559,Ловранић,Нема,Банија,Петриња,45.4650725,14.8530801
cluster,I1,non_I2,Founder,FGC22061,Лозо,Ђурђевдан,Херцеговина,Мостар,43.3435855,17.8076584
cluster,R1a,non_I2,Founder,Z280,Лончар,Јовањдан,Херцеговина,Чичево/Требиње,42.6348744,18.2918066
cluster,I1,non_I2,Founder,BY169301,Лончаревић,Јовањдан,Стара Херцеговина,Црљенице/Пљевља,43.3583633,19.4067498
cluster,R1b,non_I2,Relic,FT307035,Лопичић,Ђурђевдан,Зета,Метеризи/Цетиње,42.3785294,19.0573074
cluster,G,non_I2,Founder,G-Y128480,Лојовић,Стевањдан,Херцеговина,Липник/Гацко,43.1410785,18.6177569
cluster,E,non_I2,Founder,E-CTS11222,Лубурић,Никољдан,Херцеговина,Риоца/Билећа,43.0759444,18.3503379
cluster,E,non_I2,Founder,E-L241,Лужаић,Ђурђевдан,Лика,Дабар/Оточац,44.9544961,15.3104526
cluster,E,non_I2,Founder,E-Y142744,Лукаја,Михољдан,Босанска Крајина,Брајићи/Хасанбеговци/Гламоч,44.1329887,16.8266108
cluster,PH908_primary,PH908_family,Founder,FT16449,Лукић,Ђурђевдан,Североисточна Босна,Бијело Бучје/Теслић,44.4206941,17.7379859
cluster,G,non_I2,Founder,G-Y128480,Лукић,Ђурђевдан,Стари Влах,Злодол/Бајина Башта,43.9453634,19.6850915
cluster,E,non_I2,Founder,E-L241,Лукић,Ђурђевдан,Североисточна Босна,Скиповац Доњи/Добој,44.7960627,18.229252
cluster,R1a,non_I2,Founder,Y260767,Лукић,Јовањдан,Колубара,Ваљево,44.2708719,19.8863297
cluster,PH908_primary,PH908_family,Relic,FTA65128,Лукић,Јовањдан,Косово,Горње Неродимље/Урошевац,42.3681012,21.0803991
cluster,E,non_I2,Founder,E-Z1057,Лукић,Јовањдан,Мачва,Коцељева,44.4876069,19.7509634
cluster,R1a,non_I2,Founder,Y260767,Лукић,Јовањдан,Колубара,Осечина,44.372776,19.6007285
cluster,N,non_I2,Founder,N-FT213937,Лукић,Јовањдан,Североисточна Босна,Прибој/Лопаре,44.6015596,18.9300839
cluster,G,non_I2,Founder,G-Y128480,Лукић,Алимпијевдан,Косово,Баловац/Подујево,42.8903453,21.2300786
cluster,PH908_primary,PH908_family,Founder,FT16449,Лукић,Никољдан,Стари Влах,Јабука/Пријепоље,43.3488486,19.5145971
cluster,J2,non_I2,Founder,J-Y14439,Лукић,Никољдан,Топлица,Иричићи/Брус,43.2311494,20.9508633
cluster,E,non_I2,Founder,E-Z1057,Лукић,Никољдан,Мачва,Руњани/Лозница,44.5459263,19.2711642
cluster,I1,non_I2,Founder,FGC22061,Лукић,Стевањдан,Средња Босна,Семизовац/Вогошћа,43.9217507,18.317059
cluster,I1,non_I2,Founder,FGC22061,Луковић,Ђурђевдан,Стари Влах,Теочин/Горњи Милановац,44.0688845,20.2368068
cluster,R1a,non_I2,Founder,YP270,Луковић,Лучиндан,Расина,Бзенице/Александровац,43.5033356,20.8785889
cluster,PH908_primary,PH908_family,Relic,Y283553,Луковић,Никољдан,Шумадија,Бања/Аранђеловац,44.2906194,20.6251573
cluster,E,non_I2,Founder,E-Z1057,Лупуловић,Никољдан,Западни Банат,Јарковац/Сечањ,45.2699426,20.7643369
cluster,PH908_primary,PH908_family,Founder,FT16449,Лучић,Ђурђиц,Стари Влах,Крушчица/Ариље,43.6958322,19.9905575
cluster,E,non_I2,Founder,E-Y128213,Лучић,Јовањдан,Стари Влах,Увац/Прибој,43.6121974,19.5884504
cluster,R1a,non_I2,Founder,L1029,Лучић,Аранђеловдан,Источни Срем,Шашинци/Сремска Митровица,44.966599,19.7416158
cluster,PH908_primary,PH908_family,Relic,Y189089,Маврак,Јовањдан,Херцеговина,Зијемљe/Источни Мостар,43.4097358,18.0002323
cluster,E,non_I2,Founder,E-Z1057,Магараш,Стевањдан,Западни Срем,Габош/Маркушица,45.3527742,18.7367692
cluster,PH908_primary,PH908_family,Relic,Y177506,Мазалица,Јовањдан,Централна Хрватска,Црквени Бок/Суња,45.3455404,16.7139689
cluster,I1,non_I2,Founder,FTA86559,Мазалица,Аранђеловдан,Кордун,Војишница/Војнић,45.3406515,15.7402493
cluster,E,non_I2,Founder,E-FT178289,Мазић,Јовањдан,Североисточна Босна,Власеница,44.1821345,18.9411618
cluster,R1a,non_I2,Founder,BY30743,Макањић,Аранђеловдан,Стари Влах,Крчагово/Ужице,43.842907,19.8630592
cluster,R1a,non_I2,Founder,Z280,Мако,Нема,Западни Банат,Кикинда,45.8300065,20.4653054
cluster,R1b,non_I2,Founder,L51,Максимовић,Ђурђиц,Косово,Доње Кормињане/Косовска Каменица,42.5069444,21.6261111
cluster,E,non_I2,Founder,E-FT104106,Максимовић,Непознато,Херцеговина,Требиње,42.7098295,18.3457261
cluster,PH908_primary,PH908_family,Founder,Y56203,Максимовић,Никољдан,Мачва,Шабац,44.7571535,19.6953972
cluster,E,non_I2,Founder,E-Z1057,Максимовић,Св. Мина,Топлица,Трбуње/Блаце,43.281237,21.260703
cluster,E,non_I2,Relic,E-Y173089,Максић,Петковдан,Врањско Поморавље,Широка Планина/Трговиште,42.3077778,22.0336111
cluster,J2,non_I2,Founder,J-Y22063,Малетић,Аранђеловдан,Бачка,Турија/Србобран,45.5376971,19.8549648
cluster,G,non_I2,Founder,G-FTC64765,Малетић,Игњатијевдан,Мачва,Богатић,44.8343025,19.4795213
cluster,R1a,non_I2,Founder,FT288648,Малетић,Стевањдан,Босанска Крајина,Велика Илова/Прњавор,44.9600945,17.6520678
cluster,E,non_I2,Founder,E-Z1057,Малешевић,Ђурђиц,Мачва,Крнуле/Владимирци,44.5833977,19.749725
cluster,R1a,non_I2,Founder,FT288648,Малешевић,Никољдан,Босанска Крајина,Чивчије/Прњавор,44.8166454,17.5261919
cluster,G,non_I2,Founder,G-Y128480,Малиџан,Ђурђевдан,Стара Херцеговина,Шљиванско/Пљевља,43.3274873,19.2237441
cluster,R1a,non_I2,Founder,L1029,Мамић,Михољдан,Босанска Крајина,Ламовита/Приједор,44.9440873,16.9278261
cluster,G,non_I2,Founder,G-Y128480,Мамуза,Петровдан,Босанска Крајина,Градина/Приједор,44.8530155,16.9031164
cluster,J2,non_I2,Founder,J-Y22063,Мандић,Јовањдан,Лика,Јошан/Удбина,44.5765005,15.7486102
cluster,PH908_primary,PH908_family,Founder,FT14506,Мандић,Митровдан,Источна Босна,Калиновик,43.5043116,18.4467193
cluster,I1,non_I2,Founder,FGC22061,Мандић,Никољдан,Средња Босна,Буљетовина/Илијаш,44.0738455,18.4489035
cluster,E,non_I2,Founder,E-Z16988,Мандић,Никољдан,Североисточна Босна,Главичорак/Бијељина,44.7894049,18.9556666
cluster,PH908_primary,PH908_family,Founder,Y51673,Манигода,Никољдан,Херцеговина,Острожац/Јабланица,43.6850325,17.82552
cluster,E,non_I2,Founder,E-Y128213,Манић,Јовањдан,Понишавље,Росомач/Пирот,43.1691696,22.8627733
cluster,R1a,non_I2,Relic,YP337,Манић,Аранђеловдан,Врањско Поморавље,Масурица/Сурдулица,42.6708333,22.1616667
cluster,I1,non_I2,Relic,Y16437,Манић,Лазарева Субота,Тимочка Крајина,Шести Габар/Књажевац,43.4348519,22.3734424
cluster,E,non_I2,Founder,E-Z38456,Манић,Митровдан,Понишавље,Обреновац/Пирот,43.0378033,22.7209344
cluster,E,non_I2,Founder,E-Z1057,Манић,Никољдан,Топлица,Прокупље,43.2343484,21.5884422
cluster,N,non_I2,Founder,N-FGC28435,Манојловић,Јовањдан,Североисточна Босна,Батковић/Бијељина,44.8332129,19.2107897
cluster,J2,non_I2,Founder,J-Y155375,Манојловић,Никољдан,Далмација,Братишковци/Скрадин,43.8893887,15.9062068
cluster,J2,non_I2,Founder,J-Y22059,Манојловић,Никољдан,Лика,Омсица/Грачац,44.3613784,15.9351896
cluster,PH908_primary,PH908_family,Founder,Y51673,Манојловић,Никољдан,Далмација,Развође/Дрниш,43.9273513,16.1082919
cluster,R1b,non_I2,Relic,Z159,Маравић,Никољдан,Лика,Селиште/Дрежница/Огулин,41.6273457,20.2735541
cluster,R1a,non_I2,Founder,BY99654,Маринковић,Ђурђевдан,Мачва,Мишар/Шабац,44.734559,19.754708
cluster,E,non_I2,Founder,E-FGC11450,Маринковић,Ђурђевдан,Шумадија,Рогојевац/Крагујевац,44.0376911,20.7497909
cluster,E,non_I2,Founder,E-Y128213,Маринковић,Јовањдан,Стари Влах,Пилатовићи/Пожега,43.8263227,20.105195
cluster,PH908_primary,PH908_family,Founder,Y51673,Маринковић,Игњатијевдан,Кордун,Коранско Село/Бариловић,45.2781333,15.5338662
cluster,E,non_I2,Founder,E-Z16988,Маринку,Јовањдан,Западни Банат,Маргита/Пландиште,45.2154255,21.1740065
cluster,E,non_I2,Founder,E-Z1057,Мариновић,Стевањдан,Херцеговина,Сливница Површ/Равно,42.6443271,18.2599286
cluster,E,non_I2,Founder,E-Z1057,Маричић,Ђурђевдан,Рашка,Дедевци/Краљево,43.7183739,20.4954596
cluster,I1,non_I2,Founder,FGC22061,Маричић,Ђурђевдан,Стари Влах,Комадине/Ивањица,43.5012816,20.2564071
cluster,E,non_I2,Founder,E-L241,Марић,Ђурђевдан,Босанска Крајина,Јасенови Потоци/Мркоњић Град,44.2895504,16.8605679
cluster,R1b,non_I2,Founder,FT49714,Марић,Аранђеловдан,Рашка,Коритник/Ивањица,43.28039,20.3387543
cluster,I1,non_I2,Founder,FGC22061,Марић,Аранђеловдан,Топлица,Косаничка Рача/Куршумлија,43.0048317,21.3194402
cluster,R1b,non_I2,Founder,FT49714,Марић,Аранђеловдан,Топлица,Кутлово/Куршумлија,42.9626239,21.3152757
cluster,R1b,non_I2,Founder,FT49714,Марић,Петковдан,Рашка,Биниће/Рашка,43.3771575,20.4992321
cluster,PH908_primary,PH908_family,Founder,Y134585,Марић,Св. Симеон Богопримац,Средња Босна,Мудрике/Травник,44.3147471,17.5270707
cluster,E,non_I2,Founder,E-Y128213,Маркићевић,Јовањдан,Стари Влах,Пилатовићи/Пожега,43.8263227,20.105195
cluster,PH908_primary,PH908_family,Founder,Y51673,Марковић (Лазић),Ђурђевдан,Североисточна Босна,Мезграја/Угљевик,44.6359587,19.002575
cluster,E,non_I2,Founder,E-L241,Марковић,Ђурђевдан,Босанска Крајина,Бастаји/Кнежево,44.5214308,17.3996405
cluster,R1a,non_I2,Founder,L1029,Марковић,Ђурђевдан,Североисточна Босна,Горња Пилица/Зворник,44.5994166,19.1234748
cluster,R1a,non_I2,Founder,BY99654,Марковић,Ђурђевдан,Источна Босна,Горње Дубово/Вишеград,43.8317087,19.3510708
cluster,R1a,non_I2,Founder,YP417,Марковић,Ђурђиц,Шумадија,Мала Иванча/Сопот,44.5931773,20.6105874
cluster,N,non_I2,Founder,N-FT182494,Марковић,Ђурђиц,Шумадија,Ресник/Крагујевац,44.109431,20.9204938
cluster,R1a,non_I2,Founder,YP4278,Марковић,Јовањдан,Јабланица,Боринце/Бојник,42.9790325,21.5704536
cluster,E,non_I2,Founder,E-Z1057,Марковић,Јовањдан,Босанска Крајина,Доње Вуковско/Купрес,43.9133079,17.3603804
cluster,R1a,non_I2,Founder,Y260767,Марковић,Јовањдан,Колубара,Совљак/Уб,44.4603113,20.0259883
cluster,E,non_I2,Founder,E-FT104106,Марковић,Јовањдан,Јабланица,Туларе/Медвеђа,42.794168,21.460543
cluster,G,non_I2,Founder,G-FTC64765,Марковић,Аранђеловдан,Североисточна Босна,Патковача/Бијељина,44.7255327,19.227721
cluster,G,non_I2,Founder,G-Y128480,Марковић,Аранђеловдан,Брда,Стожер/Бијело Поље,43.1130609,19.5270629
cluster,J2,non_I2,Founder,J-Z38299,Марковић,Аранђеловдан,Шумадија,Црнче/Јагодина,43.9894353,21.1486668
cluster,PH908_primary,PH908_family,Relic,FTA49542,Марковић,Лучиндан,Шумадија,Дулене/Крагујевац,43.860804,20.9518268
cluster,I1,non_I2,Relic,Z63,Марковић,Нема,Славонија,Нова Градишка,45.2599175,17.3826861
cluster,R1b,non_I2,Founder,BY38894,Марковић,Никољдан,Шумадија,Лозовик/Велика Плана,44.4677494,21.1007233
cluster,E,non_I2,Founder,E-CTS11222,Марковић,Никољдан,Херцеговина,Надинићи/Гацко,43.1952306,18.4685501
cluster,E,non_I2,Founder,E-Z13591,Марковић,Петковдан,Шумадија,Мало Орашје/Смедерево,44.564481,20.7851972
cluster,I1,non_I2,Relic,FTA28824,Марковић,Савиндан,Североисточна Босна,Међе/Сребреница,44.005572,19.3725148
cluster,R1a,non_I2,Founder,L1029,Марковић,Св. Симеон Мироточиви,Расина,Бресно Поље/Трстеник,43.5800118,21.1682853
cluster,E,non_I2,Founder,E-Y126722,Марковић,Часне Вериге апостола Петра,Средња Босна,Доња Мисоча/Илијаш,43.9574779,18.2892459
cluster,E,non_I2,Founder,E-Z1057,Марловић,Непознато,Источни Срем,Велики Радинци/Сремска Митровица,45.0455556,19.6736111
cluster,E,non_I2,Founder,E-PH1395,Марсенић,Аранђеловдан,Брда,Ријека Марсенића/Андријевица,42.7832908,19.8389131
cluster,E,non_I2,Relic,E-FT287248,Мартиновић,Јовањдан,Зета,Бајице/Цетиње,42.4018176,18.898891
cluster,E,non_I2,Relic,E-FT287248,Мартиновић,Јовањдан,Зета,Цетиње,42.389633,18.9246085
cluster,G,non_I2,Relic,G-Y129040,Мартиновић,Мратиндан,Кордун,Војнић,45.31623,15.8049957
cluster,I1,non_I2,Founder,FGC22061,Мартиновић,Никољдан,Стари Влах,Бистрица/Нова Варош,43.4679641,19.6567329
cluster,E,non_I2,Founder,E-Z1057,Мартиновић,Никољдан,Шумадија,Зеоке/Лазаревац,44.4100886,20.3251085
cluster,G,non_I2,Founder,G-Y128480,Мартиновић,Св. Јевстатије,Шумадија,Брусница/Горњи Милановац,44.01504,20.4320383
cluster,N,non_I2,Founder,N-FT213937,Мартић,Јовањдан,Далмација,Миочић/Дрниш,43.8805432,16.2320367
cluster,R1b,non_I2,Founder,FT44409,Мартић,Митровдан,Банија,Бузета/Глина,45.2649053,16.1081881
cluster,R1b,non_I2,Founder,FT44409,Мартић,Митровдан,Банија,Дабрина/Глина,45.2599501,16.1292523
cluster,R1a,non_I2,Founder,FT288648,Мартић,Стевањдан,Североисточна Босна,Лендићи/Грачаница,44.7114636,18.2864085
cluster,PH908_map_nonprimary,PH908_family,Founder,Y4882,Мартић,Томиндан,Шумадија,Липе/Смедерево,44.6409954,20.9992927
cluster,J2,non_I2,Founder,J-Y155375,Маруна,Нема,Далмација,Јасенице,44.2291095,15.5765784
cluster,PH908_primary,PH908_family,Founder,FT14506,Марушић,Никољдан,Херцеговина,Клепци/Чапљина,43.0933385,17.7203542
cluster,E,non_I2,Founder,E-Y142744,Марчетић,Аранђеловдан,Лика,Мала Попина/Отрић/Грачац,44.2322197,16.0557494
cluster,I1,non_I2,Founder,FGC22061,Марјановић,Ђурђевдан,Босанска Крајина,Јаворани/Кнежево,44.6246867,17.2493283
cluster,E,non_I2,Founder,E-Z1057,Марјановић,Ђурђевдан,Далмација,Љубач/Книн,44.04085,16.199433
cluster,E,non_I2,Founder,E-L241,Марјановић,Непознато,Шумадија,Београд,44.7863236,20.4716856
cluster,J2,non_I2,Founder,J-Y22059,Марјановић,Никољдан,Североисточна Босна,Батковић/Бијељина,44.8332129,19.2107897
cluster,R1a,non_I2,Founder,L1029,Марјановић,Никољдан,Шумадија,Зеоке/Лазаревац,44.4100886,20.3251085
cluster,E,non_I2,Founder,E-L241,Марјановић,Никољдан,Косово,Кремената/Косовска Каменица,42.6766374,21.5214949
cluster,R1a,non_I2,Founder,YP270,Марјановић,Стевањдан,Стари Влах,Висибаба/Пожега,43.8311834,20.0048375
cluster,E,non_I2,Founder,E-PH1395,Маслаковић,Ђурђевдан,Топлица,Крушевица/Прокупље,43.1210237,21.4427585
cluster,J2,non_I2,Founder,J-Y230579,Маслаћ,Јовањдан,Стари Влах,Папратиште/Пожега,43.9159801,20.0984573
cluster,J2,non_I2,Founder,J-Y230579,Маслаћ,Јовањдан,Стари Влах,Рошци/Чачак,43.9284991,20.1923132
cluster,PH908_primary,PH908_family,Founder,FT16449,Мастиловић,Мратиндан,Херцеговина,Изгори/Гацко,43.2465901,18.6457461
cluster,E,non_I2,Founder,E-Z38456,Матавуљ,Јовањдан,Босанска Крајина,Грбавци/Градишка,45.0457696,17.1107836
cluster,R1a,non_I2,Founder,BY99654,Матејић,Петковдан,Шумадија,Секурич/Рековац,43.8032434,21.1711721
cluster,I1,non_I2,Founder,FGC22061,Матић,Ђурђевдан,Колубара,Врело/Уб,44.5058023,20.0273153
cluster,R1a,non_I2,Founder,L1029,Матић,Ђурђевдан,Североисточна Босна,Горњи Залуковик/Власеница,44.1453542,18.9959172
cluster,I1,non_I2,Founder,Y155080,Матковић,Јовањдан,Херцеговина,Богодол/Мостар,43.4459032,17.6626033
cluster,PH908_primary,PH908_family,Founder,Y56203,Матрак,Никољдан,Херцеговина,Гнојнице/Мостар,43.2983853,17.8476547
cluster,E,non_I2,Founder,E-Z1057,Мацић,Ђурђевдан,Тимочка Крајина,Рајац/Неготин,44.0941731,22.5564366
cluster,E,non_I2,Founder,E-L241,Маширевић,Никољдан,Бачка,Билић/Сомбор,45.8503772,19.1252814
cluster,I1,non_I2,Founder,Y155080,Машић,Митровдан,Бачка,Сомбор,45.7727397,19.1147036
cluster,E,non_I2,Founder,E-PH1395,Машовић,Аранђеловдан,Брда,Трешњево/Андријевица,42.7729356,19.8029233
cluster,R1a,non_I2,Founder,L1029,Мајић,Никољдан,Стари Влах,Сијерач/Бајина Башта,44.010852,19.6490476
cluster,R1b,non_I2,Founder,FT49714,Мајсторовић,Ђурђиц,Стари Влах,Прилипац/Пожега,43.8183343,20.1148939
cluster,R1a,non_I2,Founder,Y260767,Мајсторовић,Јовањдан,Мачва,Прово/Владимирци,44.669566,19.910427
cluster,PH908_primary,PH908_family,Founder,FT14506,Мајсторовић,Вартоломијевдан,Североисточна Босна,Дворови/Бијељина,44.8076812,19.2622411
cluster,J2,non_I2,Founder,J-Y22063,Маљукан,Никољдан,Источна Босна,Ораховице/Горажде,43.7048325,18.7536253
cluster,PH908_primary,PH908_family,Founder,BY93199,Мањак,Аранђеловдан,Херцеговина,Невесиње,43.258198,18.106113
cluster,R1b,non_I2,Relic,FT330613,Маџовски,Петковдан,Северна Македонија,Габар/Крива Паланка,42.2507102,22.2603549
cluster,PH908_primary,PH908_family,Founder,Y58629,Медан,Јовањдан,Херцеговина,Убоско/Љубиње,43.0086063,18.0852893
cluster,PH908_primary,PH908_family,Founder,Y56203,Медар,Стевањдан,Херцеговина,Дабрица/Берковићи,43.1587708,18.0135932
cluster,R1a,non_I2,Founder,BY99654,Медић,Ђурђевдан,Лика,Дољани/Доњи Лапац,44.4775455,16.1059028
cluster,R1a,non_I2,Founder,BY99654,Медић,Ђурђевдан,Далмација,Косоре/Врлика,43.9320959,16.4127197
cluster,R1a,non_I2,Founder,BY99654,Медић,Ђурђевдан,Далмација,Цетина/Цивљане,43.9739095,16.4271869
cluster,R1a,non_I2,Founder,L1029,Метлић,Никољдан,Босанска Крајина,Роре/Гламоч,44.2220907,16.6660795
cluster,R1a,non_I2,Founder,YP417,Међедовић,Св. Василије Велики,Босанска Крајина,Доња Слатина/Рибник,44.400575,16.8567336
cluster,I1,non_I2,Founder,FGC22061,Међо,Ђурђевдан,Источна Босна,Загор/Трново,43.6663872,18.5924655
cluster,N,non_I2,Founder,N-FGC28435,Мидановић,Јовањдан,Североисточна Босна,Црњелово Доње/Бијељина,44.8562052,19.1480726
cluster,J2,non_I2,Founder,J-Y230579,Микановић,Јовањдан,Североисточна Босна,Модран/Бијељина,44.6768039,19.1770397
cluster,N,non_I2,Founder,N-FT182494,Микашиновић,Никољдан,Лика,Горње Дубраве/Огулин,45.308476,15.3032601
cluster,I1,non_I2,Founder,Y155080,Миковић,Никољдан,Стари Влах,Јежевица/Чачак,43.8247837,20.4195057
cluster,PH908_primary,PH908_family,Founder,FT14506,Миладиновић,Ђурђевдан,Херцеговина,Турменти/Требиње,42.6570803,18.3938393
cluster,J2,non_I2,Founder,J-Y14439,Миладиновић,Јовањдан,Рашка,Видово/Нови Пазар,43.1606536,20.4662146
cluster,R1b,non_I2,Founder,L51,Миладиновић,Непознато,Браничево,Поповњак/Деспотовац,44.0629081,21.5088707
cluster,E,non_I2,Founder,E-Z1057,Милаковић,Ђурђевдан,Босанска Крајина,Мрђе/Дрвар,44.3077639,16.4900893
cluster,E,non_I2,Founder,E-BY165837,Милановић,Митровдан,Стари Влах,Заблаће/Чачак,43.8432239,20.4479607
cluster,PH908_primary,PH908_family,Founder,Y56203,Милановић,Мратиндан,Рашка,Видово/Нови Пазар,43.1606536,20.4662146
cluster,E,non_I2,Founder,E-Z16988,Милановић,Петровдан,Североисточна Босна,Попови/Бијељина,44.7633867,19.2733399
cluster,E,non_I2,Founder,E-FT104106,Милаш,Стевањдан,Далмација,Цетина/Цивљане,43.9739095,16.4271869
cluster,J2,non_I2,Founder,J-Y14439,Милашиновић,Аранђеловдан,Стара Херцеговина,Превиш/Шавник,42.9707641,19.1035204
cluster,J2,non_I2,Founder,J-Y230579,Милашиновић,Игњатијевдан,Кордун,Војнић,45.31623,15.8049957
cluster,J2,non_I2,Relic,J-Y14699,Милеи,Нема,Бачка,Нови Сад,45.2617769,19.8213325
cluster,E,non_I2,Founder,E-Z1057,Миленковић,Јовањдан,Понишавље,Шетка/Ражањ,43.721203,21.5513364
cluster,G,non_I2,Relic,G-P15,Миленковић,Аранђеловдан,Топлица,Клисурица/Прокупље,43.3442032,21.5765565
cluster,PH908_map_nonprimary,PH908_family,Relic,BY4177,Миленковић,Никољдан,Понишавље,Прва Кутина/Нишка Бања,43.2801585,21.9892766
cluster,Y3120_deep_mid_nonPH908,nonPH908_I2,Founder,Z17855,Миленковић,Никољдан,Јабланица,Чукурусци/Златанце/Црна Трава,42.8102936,22.326142
cluster,E,non_I2,Founder,E-Z13591,Миленковић,Петковдан,Шумадија,Прлине/Рудник/Горњи Милановац,44.6841844,19.0207584
cluster,E,non_I2,Founder,E-Z13591,Миленковић,Петковдан,Топлица,Прокупље,43.2343484,21.5884422
cluster,J2,non_I2,Founder,J-Y22059,Милетић,Аранђеловдан,Тимочка Крајина,Причевац/Књажевац,43.4991139,22.3789558
cluster,PH908_primary,PH908_family,Founder,FT14506,Милетић,Аранђеловдан,Херцеговина,Чаваш/Равно,42.8873119,17.9645863
cluster,PH908_primary,PH908_family,Relic,Y134636,Милетић,Лучиндан,Косово,Грабовац/Звечан,42.9331635,20.8391404
cluster,R1a,non_I2,Founder,L1029,Милетић,Св. Јован Златоусти,Браничево,Горње Видово/Параћин,43.7861975,21.408403
cluster,PH908_primary,PH908_family,Founder,Y134585,Милетић,Св. Симеон Богопримац,Североисточна Босна,Доњи Свилај/Оџак,45.1107032,18.2731724
cluster,R1a,non_I2,Founder,YP270,Милеуснић,Никољдан,Лика,Брлошка Дубрава/Оточац,44.9316125,15.1890592
cluster,PH908_primary,PH908_family,Founder,FT16449,Миливојевић,Ђурђевдан,Североисточна Босна,Бијело Бучје/Теслић,44.4206941,17.7379859
cluster,I1,non_I2,Founder,FGC22061,Миливојевић,Ђурђевдан,Топлица,Кутловац/Блаце,43.247778,21.240278
cluster,J2,non_I2,Founder,J-Y230579,Миливојевић,Никољдан,Херцеговина,Кубатовина/Струпићи/Берковићи,43.0724681,18.1800932
cluster,PH908_primary,PH908_family,Founder,FT16449,Милидраговић,Ђурђевдан,Херцеговина,Обло Брдо/Билећа,43.0393139,18.205316
cluster,J2,non_I2,Founder,J-Y155375,Милинковић,Ђурђевдан,Стари Влах,Семегњево/Чајетина,43.7489479,19.5856945
cluster,R1b,non_I2,Relic,FTA42008,Милинковић,Св. Врачи,Стари Влах,Вирово/Ариље,43.7768561,20.1162652
cluster,R1a,non_I2,Founder,Y189493,Милиновић,Ђурђевдан,Босанска Крајина,Доње Вуковско/Купрес,43.9133079,17.3603804
cluster,J2,non_I2,Founder,J-Y22063,Милиновић,Ђурђиц,Колубара,Санковић/Мионица,44.2595289,20.0556449
cluster,G,non_I2,Founder,G-Y128480,Милисављевић,Никољдан,Мачва,Јаловик/Владимирци,44.5985364,19.8287731
cluster,E,non_I2,Relic,E-A9739,Милисављевић,Никољдан,Браничево,Шетоње/Петровац на Млави,44.2729178,21.4743516
cluster,I1,non_I2,Founder,Y155080,Миличић,Ђурђевдан,Босанска Крајина,Подосоје/Шипово,44.1938766,17.1633796
cluster,I1,non_I2,Founder,FT428459,Милишић,Стевањдан,Херцеговина,Главска/Равно,42.6228443,18.2597424
cluster,R1a,non_I2,Founder,Y260767,Милијановић,Св. Јован Златоусти,Шумадија,Дучина/Сопот,44.4851149,20.4977443
cluster,R1b,non_I2,Founder,FT44409,Милијић,Аранђеловдан,Понишавље,Јошаница/Сокобања,43.7282282,21.7731199
cluster,R1a,non_I2,Relic,L1280,Милић,Јовањдан,Јабланица,Богуновац/Медвеђа,42.7815958,21.5075458
cluster,J2,non_I2,Founder,J-Y230579,Милић,Јовањдан,Стари Влах,Папратиште/Пожега,43.9159801,20.0984573
cluster,E,non_I2,Founder,E-FT104106,Милић,Јовањдан,Зета,Ресна/Цетиње,42.4957922,18.8698971
cluster,R1a,non_I2,Founder,YP4278,Милић,Аранђеловдан,Североисточна Босна,Горњи Залуковик/Власеница,44.1453542,18.9959172
cluster,J2,non_I2,Founder,J-Y22059,Милић,Никољдан,Браничево,Брестово/Деспотовац,44.1161886,21.326897
cluster,PH908_primary,PH908_family,Founder,FT16449,Милић,Никољдан,Херцеговина,Ждријеловићи/Требиње,42.8297888,18.2951129
cluster,I1,non_I2,Founder,FGC22061,Милић,Никољдан,Стари Влах,Опаљеник/Ивањица,43.5238149,20.1418447
cluster,J2,non_I2,Founder,J-Y22063,Милићевић,Ђурђевдан,Мачва,Јадранска Лешница/Лозница,44.5991667,19.3536111
cluster,E,non_I2,Founder,E-Z38456,Милићевић,Ђурђиц,Стари Влах,Гостиница/Ужице,43.9184841,19.8338413
cluster,E,non_I2,Founder,E-Z16988,Милићевић,Ђурђиц,Колубара,Обреновац,44.5354444,20.216511
cluster,J2,non_I2,Founder,J-Y22059,Милићевић,Ђурђиц,Јабланица,Стубла/Медвеђа,42.884215,21.490186
cluster,G,non_I2,Founder,G-Y128480,Милићевић,Аранђеловдан,Косово,Грабовац/Звечан,42.9331635,20.8391404
cluster,PH908_primary,PH908_family,Founder,Y51673,Милићевић,Никољдан,Херцеговина,Боденик/Билећа,42.9114514,18.3563503
cluster,E,non_I2,Founder,E-PH1395,Милићевић,Никољдан,Рашка,Доњи Дајићи/Дајићи/Ивањица,43.4032587,20.2980393
cluster,PH908_primary,PH908_family,Founder,Y51673,Милићевић,Никољдан,Херцеговина,Лакат/Невесиње,43.3725804,18.0686131
cluster,E,non_I2,Founder,E-Z16988,Милићевић,Никољдан,Херцеговина,Неновићи/Равно,42.7148242,18.1343408
cluster,I1,non_I2,Founder,Y155080,Милићевић,Никољдан,Стари Влах,Радошево/Ариље,43.670264,19.9444389
cluster,PH908_primary,PH908_family,Founder,Y51673,Милићевић,Никољдан,Херцеговина,Хргуд/Берковићи,43.1013761,18.0433541
cluster,E,non_I2,Founder,E-Z16988,Милићевић,Петковдан,Мачва,Богатић,44.8343025,19.4795213
cluster,R1a,non_I2,Founder,YP270,Милићевић,Томиндан,Стари Влах,Каона/Лучани,43.7113568,20.4068295
cluster,PH908_primary,PH908_family,Founder,FT16449,Милиџан,Јовањдан,Херцеговина,Невада/Равно,42.7441107,18.1283686
cluster,Y3120_shallow_nonPH908,nonPH908_I2,Relic,Y177200,Миловановић,Јовањдан,Североисточна Босна,Кореташи/Лопаре,44.7696152,18.8632593
cluster,R1b,non_I2,Founder,FT44409,Миловановић,Аранђеловдан,Тимочка Крајина,Мосна/Доњи Милановац,44.3372979,23.368993
cluster,E,non_I2,Founder,E-BY165837,Миловановић,Митровдан,Шумадија,Рамаћа/Крагујевац,44.0910586,20.6710661
cluster,E,non_I2,Founder,E-Z1057,Миловановић,Младенци,Топлица,Доње Црнатово/Житорађа,43.152312,21.772713
cluster,PH908_primary,PH908_family,Relic,Y102777,Миловановић,Никољдан,Косово,Гатње/Урошевац,42.3026887,21.1520113
cluster,E,non_I2,Founder,E-Z1057,Миловановић,Никољдан,Шумадија,Стубал/Краљево,43.6910786,20.8734846
cluster,PH908_primary,PH908_family,Founder,BY93199,Миловић,Аранђеловдан,Стара Херцеговина,Граховац/Никшић,42.650059,18.6792712
cluster,E,non_I2,Founder,E-FT178289,Миловић,Никољдан,Стара Херцеговина,Подљут/Велимље/Никшић,42.8261122,18.6085469
cluster,PH908_primary,PH908_family,Founder,Y51673,Миловић,Никољдан,Стари Влах,Трнава/Ужице,43.8492344,19.7565513
cluster,E,non_I2,Relic,E-M34,Милосављевић,Ђурђевдан,Стари Влах,Чачак,43.8914332,20.3491624
cluster,E,non_I2,Founder,E-Y7168,Милосављевић,Ђурђиц,Шумадија,Велика Плана,44.3324574,21.075786
cluster,PH908_map_nonprimary,PH908_family,Founder,Y4882,Милосављевић,Јовањдан,Рашка,Лескова/Бело Брдо/Лепосавић,43.2235805,20.8226512
cluster,E,non_I2,Founder,E-FGC11450,Милосављевић,Аранђеловдан,Расина,Дољане/Крушевац,43.5005935,21.2502513
cluster,E,non_I2,Relic,E-M84,Милосављевић,Аранђеловдан,Понишавље,Студена/Бабушница,42.969594,22.508082
cluster,E,non_I2,Founder,E-Y128213,Милосављевић,Ваведење,Косово,Врбештица/Штрпце,42.2414707,20.9746321
cluster,R1a,non_I2,Founder,Y189493,Милосављевић,Михољдан,Босанска Крајина,Поточани/Прњавор,45.041602,18.3168964
cluster,J2,non_I2,Founder,J-Y22063,Милосављевић,Никољдан,Врањско Поморавље,Врање,42.5573069,21.9021867
cluster,E,non_I2,Founder,E-Z1057,Милошев,Митровдан,Западни Банат,Плочица/Ковин,44.7242392,20.8841521
cluster,R1a,non_I2,Founder,BY99654,Милошевић,Ђурђевдан,Босанска Крајина,Главица/Гламоч,44.0324824,16.8709473
cluster,I1,non_I2,Founder,FGC22061,Милошевић,Ђурђевдан,Шумадија,Пајсијевић/Кнић,43.8816968,20.740881
cluster,PH908_primary,PH908_family,Founder,FT14506,Милошевић,Ђурђиц,Косово,Матица/Звечан,42.9158139,20.8216267
cluster,E,non_I2,Founder,E-Z1057,Милошевић,Јовањдан,Стари Влах,Раскрсница/Ђурашићи/Пријепоље,42.9808434,19.5645203
cluster,PH908_map_nonprimary,PH908_family,Relic,BY4177,Милошевић,Аранђеловдан,Врањско Поморавље,Жбевац/Бујановац,42.446849,21.8355075
cluster,E,non_I2,Founder,E-PH1395,Милошевић,Аранђеловдан,Брда,Лопате/Лијева Ријека,43.8143079,18.3251677
cluster,E,non_I2,Founder,E-PH1395,Милошевић,Аранђеловдан,Брда,Лопате/Подгорица,42.6550548,19.4853512
cluster,E,non_I2,Founder,E-Z1057,Милошевић,Аранђеловдан,Понишавље,Радмировац/Сврљиг,43.5055796,21.9943792
cluster,E,non_I2,Founder,E-Z1057,Милошевић,Никољдан,Рашка,Блажево/Постење/Нови Пазар,43.1982371,20.5241664
cluster,I1,non_I2,Founder,FGC22061,Милошевић,Никољдан,Источна Босна,Грање/Вишеград,43.7293142,19.3789201
cluster,R1a,non_I2,Founder,Y260767,Милошевић,Никољдан,Шумадија,Мислођин/Обреновац,44.627547,20.227381
cluster,I1,non_I2,Founder,FGC22061,Милошевић,Савиндан,Североисточна Босна,Попови/Бијељина,44.7633867,19.2733399
cluster,PH908_primary,PH908_family,Founder,FT16449,Милојевић,Аранђеловдан,Херцеговина,Братљевина/Паројска Њива/Требиње,42.7653558,18.2906414
cluster,PH908_primary,PH908_family,Founder,FT16449,Милојевић,Аранђеловдан,Херцеговина,Трновац/Грбеши/Требиње,42.770853,18.2527101
cluster,R1a,non_I2,Relic,S23592,Милојевић,Никољдан,Тимочка Крајина,Слатина/Књажевац,43.6072978,22.131898
cluster,PH908_primary,PH908_family,Founder,FT14506,Милојко,Ђурђевдан,Зета,Побрђе/Котор,42.3505645,18.7460506
cluster,E,non_I2,Founder,E-Z1057,Милојковић,Аранђеловдан,Шумадија,Враново/Смедерево,44.5998002,20.9950668
cluster,R1a,non_I2,Founder,Y189493,Милојковић,Аћимовдан,Браничево,Војилово/Голубац,44.632938,21.594279
cluster,G,non_I2,Relic,G-Z17887,Милутиновић,Ђурђиц,Метохија,Врбичане/Призрен,42.20634,20.7876798
cluster,I1,non_I2,Founder,FTA86559,Милутиновић,Пантелијевдан,Мачва,Коцељева,44.4876069,19.7509634
cluster,I1,non_I2,Founder,FGC22061,Минић,Ђурђевдан,Стари Влах,Барице/Ђурашићи/Пријепоље,43.4065801,19.5837776
cluster,R1a,non_I2,Founder,L1029,Минић,Аранђеловдан,Стара Херцеговина,Шипачно/Никшић,43.1643561,18.3709171
cluster,PH908_primary,PH908_family,Relic,Y255062,Минић,Лучиндан,Шумадија,Орашац/Аранђеловац,44.330573,20.586662
cluster,PH908_primary,PH908_family,Founder,Y56203,Минић,Мратиндан,Рашка,Видово/Нови Пазар,43.1606536,20.4662146
cluster,R1b,non_I2,Founder,BY38894,Минић,Никољдан,Брда,Јабланово/Бијело Поље,43.0946531,19.8560043
cluster,G,non_I2,Founder,G-Y128480,Мириловић,Јовањдан,Кордун,Острожин/Вргинмост,45.4228116,15.8755313
cluster,Y3120_deep_mid_nonPH908,nonPH908_I2,Founder,Z17855,Мириловић,Никољдан,Источни Срем,Кузмин/Сремска Митровица,45.0218413,19.4082254
cluster,J2,non_I2,Founder,J-Y22059,Мирковић,Ђурђевдан,Средња Босна,Горње Крушево/Олово,44.1269033,18.580233
cluster,E,non_I2,Founder,E-FT178289,Мирковић,Јовањдан,Стара Херцеговина,Мацаваре/Никшић,42.8560662,18.5766311
cluster,N,non_I2,Founder,N-FT213937,Мирковић,Јовањдан,Средња Босна,Опара/Нови Травник,44.0976906,17.64971
cluster,E,non_I2,Founder,E-Z38456,Мирковић,Митровдан,Зета,Подгорица,42.3592055,19.2499266
cluster,PH908_primary,PH908_family,Relic,FT167636,Мирковић,Никољдан,Источни Срем,Ашања/Пећинци,44.7551502,20.0762748
cluster,J2,non_I2,Founder,J-Z38299,Миросављевић,Аранђеловдан,Рашка,Врњачка Бања,43.6221774,20.8929353
cluster,E,non_I2,Founder,E-FT104106,Миросављевић,Лазарева Субота,Славонија,Трњани/Гарчин,45.186356,18.1508084
cluster,E,non_I2,Founder,E-Z1057,Мирчески,Аранђеловдан,Пелагонија,Пашино Рувци/Кривогаштани,41.2682578,21.3678634
cluster,PH908_primary,PH908_family,Founder,FT14506,Мирчетић,Ђурђевдан,Банија,Доњи Класнић/Глина,45.3382654,16.090752
cluster,R1a,non_I2,Founder,Z280,Мирчетић,Јовањдан,Стари Влах,Лопаш/Пожега,43.8053585,20.1239919
cluster,J2,non_I2,Founder,J-L70,Мисајловски,Митровдан,Западна Македонија,Вратница/Јегуновце,42.1427652,21.1161246
cluster,PH908_map_nonprimary,PH908_family,Founder,Y4882,Мисита,Св. Врачи,Херцеговина,Кијев До/Равно,42.8047167,17.9942763
cluster,I1,non_I2,Founder,FT428459,Мискин,Стевањдан,Херцеговина,Орашје Површ/Требиње,42.6745668,18.2675871
cluster,E,non_I2,Founder,E-Y142744,Митић,Аранђеловдан,Јабланица,Лесковац,42.9951304,21.9464271
cluster,E,non_I2,Founder,E-Z1057,Митић,Аранђеловдан,Врањско Поморавље,Трговиште,45.0202767,16.5612331
cluster,R1a,non_I2,Founder,L1029,Митрашевић,Аранђеловдан,Североисточна Босна,Мачковац/Лопаре,44.6552975,18.8106768
cluster,J2,non_I2,Founder,J-Y22063,Митрић,Ђурђевдан,Средња Босна,Блажуј/Илиџа/Сарајево,43.8401451,18.258022
cluster,PH908_primary,PH908_family,Founder,Y58629,Митрић,Јовањдан,Херцеговина,Равни/Мостар,43.4902999,17.8373719
cluster,R1a,non_I2,Founder,YP270,Митровић,Ђурђиц,Колубара,Мали Борак/Лајковац,44.4555515,20.2109902
cluster,E,non_I2,Founder,E-Z16988,Митровић,Јовањдан,Мачва,Горње Кошље/Љубовија,44.1564287,19.5741074
cluster,J2,non_I2,Relic,J-Z7671,Митровић,Аранђеловдан,Шумадија,Баћевац/Барајево,44.5853872,20.3752752
cluster,PH908_primary,PH908_family,Founder,FT14506,Митровић,Зачеће Св. Јована Крститеља,Херцеговина,Лука/Лапја/Требиње,42.6543069,18.3038914
cluster,E,non_I2,Founder,E-BY165837,Митровић,Митровдан,Брда,Дучићи/Подгорица,42.479317,19.3895658
cluster,I1,non_I2,Founder,Y155080,Митровић,Никољдан,Рашка,Дајићи/Ивањица,43.4032587,20.2980393
cluster,I1,non_I2,Founder,FGC22061,Митровић,Никољдан,Стари Влах,Церова/Ариље,43.7571406,20.1099523
cluster,PH908_primary,PH908_family,Founder,FT14506,Митровић,Петковдан,Браничево,Љешница/Кучево,44.536349,21.5919021
cluster,R1b,non_I2,Founder,BY38894,Михаиловић,Митровдан,Шумадија,Кусадак/Смедеревска Паланка,44.3997222,20.8033333
cluster,I1,non_I2,Relic,Y7666,Михајлов,Никољдан,Западни Банат,Панчево,44.8705686,20.6399643
cluster,I1,non_I2,Founder,FGC22061,Михајловић,Ђурђевдан,Косово,Дољане/Звечан,42.9263247,20.8103511
cluster,G,non_I2,Founder,G-Y128480,Михајловић,Јовањдан,Босанска Крајина,Мокроноге/Дрвар,44.3477268,16.4475046
cluster,E,non_I2,Founder,E-Y142744,Михајловић,Јовањдан,Североисточна Босна,Чађавица Доња/Бијељина,44.7848293,19.0901929
cluster,J2,non_I2,Founder,J-Y22063,Михајловић,Мратиндан,Североисточна Босна,Велика Обарска/Бијељина,44.8017099,19.1712899
cluster,N,non_I2,Founder,N-FGC28435,Михајловић,Никољдан,Североисточна Босна,Брезје/Челић,44.6777767,18.6712877
cluster,R1a,non_I2,Founder,Y189493,Михајловић,Никољдан,Шумадија,Маскаре/Варварин,43.6783916,21.3801829
cluster,R1a,non_I2,Founder,Z280,Михајловић,Никољдан,Врањско Поморавље,Мањак/Владичин Хан,42.768522,22.1321
cluster,E,non_I2,Founder,E-Z1057,Михајловић,Никољдан,Метохија,Мушутиште/Сува Река,42.298928600000004,20.8900745
cluster,R1b,non_I2,Relic,FT307035,Михаљевић,Св. Текла,Зета,Горњи Цеклин/Цетиње,42.389633,18.9246085
cluster,PH908_primary,PH908_family,Relic,Y48807,Михић,Јовањдан,Херцеговина,Чаваш/Равно,42.8873119,17.9645863
cluster,PH908_primary,PH908_family,Founder,Y56203,Михић,Никољдан,Херцеговина,Ходбина/Мостар,43.229703,17.8523897
cluster,J2,non_I2,Founder,J-Y14439,Михојевић,Јовањдан,Херцеговина,Грмљани/Требиње,42.8360953,18.0292623
cluster,PH908_primary,PH908_family,Founder,Y58629,Мичета,Јовањдан,Херцеговина,Убоско/Љубиње,43.0086063,18.0852893
cluster,PH908_primary,PH908_family,Founder,FT14506,Мишељић,Ђурђевдан,Херцеговина,Мируше/Билећа,42.8360962,18.4631591
cluster,E,non_I2,Founder,E-Z1057,Мишић,Ђурђиц,Браничево,Голубац,44.7046175,21.5371565
cluster,PH908_primary,PH908_family,Founder,Y58629,Мишић,Јовањдан,Североисточна Босна,Скугрић/Модрича,44.9287003,18.3526975
cluster,N,non_I2,Founder,N-FT182494,Мишић,Никољдан,Североисточна Босна,Шадићи Горњи/Власеница,44.2671041,18.9844078
cluster,R1b,non_I2,Relic,Y221452,Мишковић,Срђевдан,Шумадија,Борач/Кнић,43.9606106,20.6061953
cluster,N,non_I2,Founder,N-FT213937,Мишур,Јовањдан,Средња Босна,Сарајево,43.8570713,18.4126147
cluster,PH908_primary,PH908_family,Founder,FT16449,Мишчевић,Јовањдан,Босанска Крајина,Медено Поље/Босански Петровац,44.565949,16.2756102
cluster,PH908_primary,PH908_family,Founder,FT16449,Мишчевић,Јовањдан,Лика,Почитељ/Госпић,43.1345841,17.7319573
cluster,J2,non_I2,Founder,J-Y155375,Мијаиловић,Ђурђевдан,Стари Влах,Опаљеник/Ивањица,43.5238149,20.1418447
cluster,E,non_I2,Founder,E-Z38456,Мијаиловић,Аранђеловдан,Рашка,Митрова Река/Алуловиће/Нови Пазар,43.2202977,20.4497152
cluster,I1,non_I2,Founder,FGC22061,Мијаиловић,Никољдан,Мачва,Дворска/Крупањ,44.4369444,19.3786111
cluster,PH908_primary,PH908_family,Founder,FT14506,Мијановић,Никољдан,Херцеговина,Биоци/Требиње,42.8641636,18.2256008
cluster,PH908_primary,PH908_family,Founder,FT14506,Мијановић,Никољдан,Херцеговина,Пијавице/Требиње,42.7169334,18.1952705
cluster,PH908_primary,PH908_family,Founder,FT14506,Мијановић,Никољдан,Херцеговина,Столац,43.0830587,17.9580026
cluster,PH908_primary,PH908_family,Founder,FT14506,Мијановић,Никољдан,Херцеговина,Укшићи/Требиње,42.7963217,18.3102728
cluster,N,non_I2,Founder,N-FT213937,Мијатовић,Јовањдан,Стари Влах,Вучковица/Лучани,43.6742041,20.2638959
cluster,G,non_I2,Relic,G-M406,Мијатовић,Никољдан,Расина,Велики Купци/Крушевац,43.45825,21.2371822
cluster,PH908_primary,PH908_family,Founder,FT386055,Мијић,Аранђеловдан,Бачка,Буковац/Сомбор,45.7284366,19.0969598
cluster,R1a,non_I2,Founder,L1029,Мијић,Никољдан,Босанска Крајина,Перна/Босанска Крупа,44.9074111,16.1038665
cluster,E,non_I2,Founder,E-CTS11222,Мијовић,Никољдан,Херцеговина,Коњско/Требиње,42.6442494,18.4598538
cluster,E,non_I2,Founder,E-Y7168,Мијуков,Ђурђевдан,Западни Банат,Ковин,44.7412405,20.9781361
cluster,E,non_I2,Founder,E-Y142744,Миљановић,Јовањдан,Североисточна Босна,Прибој/Лопаре,44.6015596,18.9300839
cluster,E,non_I2,Founder,E-Z16988,Миљановић,Аћимовдан,Херцеговина,Врпоље Љубомир/Требиње,42.7721798,18.3535268
cluster,PH908_primary,PH908_family,Founder,BY93199,Миљешковић,Ивањдан,Зета,Миловићи/Тиват,42.3995835,18.6741249
cluster,E,non_I2,Founder,E-Z1057,Миљковић,Алимпијевдан,Косово,Ловац/Звечан,42.9617891,20.7636038
cluster,I1,non_I2,Founder,BY169301,Миљковић,Алимпијевдан,Расина,Штитаре/Крушевац,43.4448272,21.2217082
cluster,E,non_I2,Founder,E-FGC11450,Миљковић,Никољдан,Шумадија,Бресје/Јагодина,43.939113999999996,21.2623635
cluster,R1a,non_I2,Founder,YP270,Миљковић,Никољдан,Топлица,Доња Расовача/Мерошина,43.2368009,21.6852629
cluster,N,non_I2,Founder,N-FT213937,Мићић,Јовањдан,Североисточна Босна,Пељаве/Лопаре,44.6333515,18.9495018
cluster,N,non_I2,Founder,N-FT182494,Мићовић,Аранђеловдан,Стара Херцеговина,Приградина/Никшић,42.820055,18.6506358
cluster,PH908_primary,PH908_family,Founder,BY93199,Мићуновић,Аранђеловдан,Стара Херцеговина,Смрдуша/Никшић,43.2447187,17.7916402
cluster,G,non_I2,Relic,G-M3124,Младеновић,Аранђеловдан,Понишавље,Камбелевац/Бабушница,43.015551,22.422141
cluster,E,non_I2,Founder,E-Z13591,Младеновић,Митровдан,Тимочка Крајина,Клокочевац/Мајданпек,44.3460115,22.1798355
cluster,E,non_I2,Founder,E-L241,Младеновић,Никољдан,Метохија,Ретимље/Ораховац,42.32514,20.696608
cluster,R1a,non_I2,Founder,Z280,Младеновић,Никољдан,Топлица,Речица/Житорађа,43.187301,21.689948
cluster,E,non_I2,Founder,E-Z1057,Младеновић,Стевањдан,Шумадија,Церовац/Смедеревска Паланка,44.3280615,20.8646795
cluster,R1a,non_I2,Founder,L1029,Младић,Ђурђевдан,Источна Босна,Калиновик,43.5043116,18.4467193
cluster,R1a,non_I2,Relic,L260,Млађеновић,Аранђеловдан,Стари Влах,Гостиница/Ужице,43.9184841,19.8338413
cluster,E,non_I2,Founder,E-Z1057,Млађеновић,Никољдан,Североисточна Босна,Модран/Бијељина,44.6768039,19.1770397
cluster,R1a,non_I2,Founder,L1029,Млинар,Ђурђевдан,Далмација,Горњи Карин/Обровац,44.1358546,15.6335444
cluster,I1,non_I2,Founder,FGC22061,Мосуровић,Никољдан,Стари Влах,Булићи/Бучје/Прибој,43.4330873,19.3716641
cluster,E,non_I2,Founder,E-Z1057,Мраковић,Лазарева Субота,Банија,Влаховић/Глина,45.3182956,16.2072148
cluster,E,non_I2,Founder,E-Z38456,Мраовић,Никољдан,Кордун,Бовић/Вргинмост,45.40231,15.9294779
cluster,E,non_I2,Founder,E-FT104106,Мрваљевић,Јовањдан,Стара Херцеговина,Кочани/Никшић,42.7932159,18.9077636
cluster,G,non_I2,Founder,G-Y128480,Мрдак,Никољдан,Брда,Томашево/Бијело Поље,43.0690125,19.6386619
cluster,G,non_I2,Founder,G-Y128480,Мрдак,Никољдан,Стара Херцеговина,Трновице/Пљевља,43.3534852,19.1889054
cluster,R1a,non_I2,Founder,Z280,Мрдић,Митровдан,Херцеговина,Шумата Главица/Горњи Ораховац/Требиње,42.6826235,18.4858981
cluster,J2,non_I2,Founder,J-Y22059,Мркић,Ђурђевдан,Херцеговина,Домановићи/Чапљина,43.137454,17.7801831
cluster,J2,non_I2,Founder,J-Y22063,Мркобрада,Аранђеловдан,Лика,Доњи Мекињар/Удбина,45.4376544,15.7349762
cluster,PH908_primary,PH908_family,Founder,FT16449,Мркоња,Ђурђевдан,Херцеговина,Ковачина/Требиње,42.7823303,18.1982297
cluster,E,non_I2,Relic,E-A11802,Мрша,Непознато,Далмација,Затон/Шибеник,43.7870205,15.823553
cluster,R1b,non_I2,Relic,L21,Мрђа,Никољдан,Лика,Днопоље/Доњи Лапац,44.579756,15.9207905
cluster,R1a,non_I2,Founder,FT288648,Мрђеновачки,Никољдан,Мачва,Шабац,44.7571535,19.6953972
cluster,R1a,non_I2,Founder,Z280,Мудровчић,Нема,Лика,Човићи/Оточац,44.2727195,19.2296184
cluster,G,non_I2,Founder,G-Y128480,Музикравић,Аранђеловдан,Шумадија,Бечањ/Чачак,43.8694976,20.5621576
cluster,R1a,non_I2,Founder,L1029,Мулалић,Нема,Средња Босна,Вареш,44.1633731,18.3285369
cluster,PH908_primary,PH908_family,Relic,Y59595,Муникравић,Св. Врачи,Банија,Средња Меминска/Мајур,45.2780471,16.6006657
cluster,E,non_I2,Founder,E-FT104106,Муратовић,Јовањдан,Херцеговина,Хргуд/Берковићи,43.1013761,18.0433541
cluster,PH908_primary,PH908_family,Founder,BY93199,Мусић,Аранђеловдан,Херцеговина,Сопот/Залом/Невесиње,43.2405799,18.250587
cluster,R1b,non_I2,Founder,BY38894,Мусић,Нема,Стари Влах,Нова Варош,43.4597045,19.8154494
cluster,E,non_I2,Founder,E-FGC11450,Мутавчић,Св. Врачи,Североисточна Босна,Адари/Кожухе/Добој,44.8605627,18.1114586
cluster,I1,non_I2,Founder,FGC22061,Мутаповић,Никољдан,Шумадија,Прислоница/Чачак,43.9522222,20.4352778
cluster,E,non_I2,Founder,E-L241,Мутић,Никољдан,Босанска Крајина,Мајкић Јапра Доња/Сански Мост,44.7970137,16.353156
cluster,J2,non_I2,Relic,J-Z387,Мујо,Нема,Метохија,Грнчаре/Призрен,42.2194355,20.7707125
cluster,J2,non_I2,Founder,J-Y22063,Муњић,Св. Симеон Столпник,Североисточна Босна,Грабовица/Власеница,44.205131,18.8616676
cluster,J2,non_I2,Founder,J-Y155375,Мједењак,Никољдан,Далмација,Сиверић/Дрниш,43.8743874,16.1956857
cluster,PH908_primary,PH908_family,Founder,FT14506,Надаждин,Јовањдан,Херцеговина,Пребиловци/Чапљина,43.0942133,17.7530067
cluster,E,non_I2,Founder,E-Y126722,Накић,Никољдан,Врањско Поморавље,Бујановац,42.4598455,21.7671276
cluster,R1a,non_I2,Founder,L1029,Накић,Никољдан,Врањско Поморавље,Лопардинце/Бујановац,42.4985124,21.7737998
cluster,R1a,non_I2,Founder,L1029,Нанић,Никољдан,Тимочка Крајина,Зајечар,43.9030925,22.2785536
cluster,J2,non_I2,Founder,J-Y22063,Наранчић,Јовањдан,Лика,Вребац/Госпић,44.5265285,15.5014191
cluster,N,non_I2,Relic,N-PH1612,Насковић,Никољдан,Косово,Рајановце/Косовска Каменица,42.540835,21.550102
cluster,R1a,non_I2,Founder,BY99654,Настасић,Стевањдан,Бачка,Бечеј,45.6153745,20.0490085
cluster,E,non_I2,Founder,E-Z16988,Настасић,Стевањдан,Бачка,Буковачки салаши/Сомбор,45.7405531,19.0735172
cluster,E,non_I2,Founder,E-Z16988,Настасић,Стевањдан,Бачка,Равно Село/Врбас,45.4491119,19.6223232
cluster,E,non_I2,Founder,E-Z16988,Настасић,Стевањдан,Источни Срем,Свилош/Беочин,45.1758823,19.5857562
cluster,R1b,non_I2,Relic,FGC24408,Натић,Никољдан,Косово,Ранилуг/Косовска Каменица,42.4921192,21.5987265
cluster,PH908_primary,PH908_family,Founder,FT190799,Недељковић,Лучиндан,Шумадија,Жупањац/Лазаревац,44.3376614,20.2136285
cluster,PH908_primary,PH908_family,Founder,Y51673,Недељковић,Никољдан,Стари Влах,Вирово/Ариље,43.7768561,20.1162652
cluster,R1a,non_I2,Founder,BY30743,Недељковић,Никољдан,Шумадија,Моравци/Љиг,44.2418967,20.2762635
cluster,E,non_I2,Relic,E-BY154448,Недељковић,Петковдан,Косово,Јунаке/Зубин Поток,43.007178,20.6759518
cluster,J2,non_I2,Relic,J-CTS8786,Недимовић (Гојковић),Нема,Метохија,Пећ,46.0765092,18.2280317
cluster,R1b,non_I2,Founder,BY38894,Недимовић,Ђурђевдан,Босанска Крајина,Јасеница/Босанска Крупа,44.8038535,16.258137
cluster,E,non_I2,Founder,E-Z1057,Недић,Ђурђевдан,Североисточна Босна,Горња Слатина/Шамац,44.9654626,18.4724038
cluster,I1,non_I2,Founder,FGC22061,Недић,Никољдан,Стара Херцеговина,Косорићи/Шавник,42.9561634,19.135653
cluster,G,non_I2,Founder,G-FTC64765,Недовић,Аранђеловдан,Стари Влах,Ртари/Лучани,43.8594407,20.2413214
cluster,R1b,non_I2,Founder,FT49714,Ненадић,Аранђеловдан,Брда,Стијена/Подгорица,42.4621485,19.2021235
cluster,PH908_primary,PH908_family,Founder,FT16449,Ненадић,Никољдан,Стара Херцеговина,Црљенице/Пљевља,43.3583633,19.4067498
cluster,E,non_I2,Founder,E-Y128213,Ненадовић,Јовањдан,Североисточна Босна,Батковић/Бијељина,44.8332129,19.2107897
cluster,R1b,non_I2,Founder,FT44409,Ненадовић,Алимпијевдан,Колубара,Бранковина/Ваљево,44.3529767,19.8993916
cluster,I1,non_I2,Founder,FGC22061,Ненезић,Никољдан,Стара Херцеговина,Доња Бијела/Шавник,42.9136934,19.129948
cluster,E,non_I2,Founder,E-Z1057,Нерић,Томиндан,Стара Херцеговина,Брезовик/Никшић,44.0541836,18.0080241
cluster,PH908_primary,PH908_family,Founder,FT14506,Несторовић,Ђурђиц,Колубара,Кључ/Мионица,44.2297199,20.0509975
cluster,N,non_I2,Founder,N-FT182494,Несторовић,Ђурђиц,Шумадија,Ресник/Крагујевац,44.109431,20.9204938
cluster,E,non_I2,Founder,E-BY165837,Нешић,Митровдан,Топлица,Данковиће/Куршумлија,43.1633071,21.2342709
cluster,E,non_I2,Relic,E-Y328959,Нешић,Никољдан,Понишавље,Подгорац/Ражањ,43.7342818,21.5982681
cluster,I1,non_I2,Founder,FGC22061,Нешић,Никољдан,Мачва,Текериш/Лозница,44.552778000000004,19.524444
cluster,PH908_primary,PH908_family,Relic,Y151087,Нешић,Св. Врачи,Косово,Шљивовица/Вучитрн,42.8895257,20.9955869
cluster,R1a,non_I2,Founder,FT288648,Нешковић,Стевањдан,Североисточна Босна,Велика Обарска/Бијељина,44.8017099,19.1712899
cluster,R1b,non_I2,Relic,Y84624,Никетић,Аранђеловдан,Шумадија,Београд,44.7863236,20.4716856
cluster,I1,non_I2,Founder,Y155080,Николић,Ђурђевдан,Шумадија,Рашевица/Параћин,43.8391727,21.3225223
cluster,R1a,non_I2,Founder,BY99654,Николић,Ђурђиц,Колубара,Сирдија/Осечина,44.3795071,19.6480507
cluster,E,non_I2,Founder,E-FT178289,Николић,Јовањдан,Мачва,Глоговац/Богатић,44.8589747,19.4154372
cluster,N,non_I2,Founder,N-FT213937,Николић,Јовањдан,Стари Влах,Горобиље/Пожега,43.8215855,20.081892
cluster,N,non_I2,Founder,N-FT213937,Николић,Јовањдан,Мачва,Грачаница/Љубовија,44.2461828,19.394989
cluster,E,non_I2,Founder,E-FGC11450,Николић,Јовањдан,Шумадија,Кавадар/Рековац,43.8374553,21.132143
cluster,R1a,non_I2,Founder,Y260767,Николић,Јовањдан,Стари Влах,Руда Буква/Косјерић,44.0337399,19.7807121
cluster,R1a,non_I2,Founder,Y260767,Николић,Јовањдан,Колубара,Совљак/Уб,44.4603113,20.0259883
cluster,E,non_I2,Founder,E-Y128213,Николић,Јовањдан,Источна Босна,Хреша/Источно Сарајево,43.875821,18.5036451
cluster,I1,non_I2,Relic,Y16437,Николић,Аранђеловдан,Јабланица,Вујаново/Бојник,43.008026,21.622415
cluster,R1b,non_I2,Relic,PF7563,Николић,Аранђеловдан,Западни Банат,Делиблато/Ковин,44.8404632,21.0417114
cluster,R1a,non_I2,Founder,L1029,Николић,Аранђеловдан,Стари Влах,Зеоке/Лучани,43.8448345,20.264368
cluster,J2,non_I2,Founder,J-Y22059,Николић,Аранђеловдан,Североисточна Босна,Лозница/Братунац,44.1418662,19.4082391
cluster,PH908_primary,PH908_family,Founder,BY93199,Николић,Аранђеловдан,Североисточна Босна,Попови/Бијељина,44.7633867,19.2733399
cluster,E,non_I2,Founder,E-L241,Николић,Аранђеловдан,Брда,Стијена/Подгорица,42.4621485,19.2021235
cluster,J2,non_I2,Founder,J-Y22059,Николић,Лучиндан,Шумадија,Луњевица/Горњи Милановац,43.9969955,20.4801032
cluster,PH908_primary,PH908_family,Founder,FT190799,Николић,Лучиндан,Колубара,Струганик/Мионица,44.1874997,20.1084313
cluster,PH908_primary,PH908_family,Founder,BY93199,Николић,Мала Госпојина,Стара Херцеговина,Озринићи/Никшић,42.7442422,19.0003193
cluster,PH908_primary,PH908_family,Founder,FT16449,Николић,Митровдан,Колубара,Калиновац/Уб,44.5017928,19.9541005
cluster,E,non_I2,Founder,E-FT104106,Николић,Никољдан,Североисточна Босна,Јаковић/Доња Трнова/Угљевик,44.6634033,19.1181051
cluster,J2,non_I2,Founder,J-Y22059,Николић,Никољдан,Североисточна Босна,Батковић/Бијељина,44.8332129,19.2107897
cluster,J2,non_I2,Founder,J-Y22063,Николић,Никољдан,Понишавље,Бела Паланка,43.2179542,22.3112654
cluster,J2,non_I2,Founder,J-L70,Николић,Никољдан,Шумадија,Београд,44.7863236,20.4716856
cluster,E,non_I2,Founder,E-FT178289,Николић,Никољдан,Североисточна Босна,Брњица/Живинице,44.383889,18.64
cluster,R1b,non_I2,Founder,FT44409,Николић,Никољдан,Топлица,Висока/Куршумлија,43.0977289,21.3072994
cluster,E,non_I2,Founder,E-Y7168,Николић,Никољдан,Мачва,Горња Бадања/Лозница,44.5288889,19.4877778
cluster,G,non_I2,Relic,G-Z17887,Николић,Никољдан,Тимочка Крајина,Корбово/Кладово,44.5266153,22.709503
cluster,R1a,non_I2,Founder,L1029,Николић,Никољдан,Североисточна Босна,Лозна/Бановићи,44.4376937,18.3498309
cluster,G,non_I2,Founder,G-Y128480,Николић,Никољдан,Топлица,Мала Драгуша/Блаце,43.2701119,21.3567636
cluster,I1,non_I2,Founder,FGC22061,Николић,Никољдан,Стари Влах,Миросаљци/Ариље,43.7087269,20.12871
cluster,R1b,non_I2,Founder,BY38894,Николић,Никољдан,Понишавље,Радињинци/Бабушница,43.011356,22.3796648
cluster,R1b,non_I2,Founder,L51,Николић,Никољдан,Тимочка Крајина,Салаш/Зајечар,44.1139575,22.3200155
cluster,R1a,non_I2,Founder,BY99654,Николић,Никољдан,Понишавље,Сићево/Нишка Бања,43.3411244,22.0843369
cluster,R1b,non_I2,Relic,BY199059,Николић,Никољдан,Јабланица,Турјане/Бојник,42.994309,21.657
cluster,E,non_I2,Founder,E-Z1057,Николић,Св. Врачи,Стари Влах,Дрежник/Ужице,43.7781721,19.9130094
cluster,E,non_I2,Founder,E-BY165837,Никочевић,Нема,Брда,Гусиње,42.5637693,19.833253
cluster,PH908_primary,PH908_family,Founder,FT16449,Никша,Никољдан,Босанска Крајина,Копић/Гламоч,43.9361395,16.9721647
cluster,J2,non_I2,Founder,J-Y22059,Никшић (Ђурић),Ђурђевдан,Средња Босна,Травник,44.2259454,17.6661738
cluster,R1b,non_I2,Founder,BY38894,Никшић,Никољдан,Шумадија,Сремчица/Чукарица,44.6719378,20.3954404
cluster,I1,non_I2,Founder,BY169301,Нинковић (Хубић),Нема,Источна Босна,Дринско/Вишеград,43.7398887,19.2944804
cluster,G,non_I2,Relic,G-PF3147,Нинковић,Лазарева Субота,Шумадија,Винча/Гроцка/Београд,44.7607748,20.6183498
cluster,E,non_I2,Founder,E-Z13591,Нишавић,Петковдан,Брда,Бијело Поље,43.060107,19.5188414
cluster,E,non_I2,Founder,E-Y128213,Нишић,Јовањдан,Босанска Крајина,Горица/Шипово,44.2790623,17.1765117
cluster,E,non_I2,Founder,E-Z13591,Новаковић,Никољдан,Стари Влах,Биоска/Ужице,43.8648387,19.6528798
cluster,R1b,non_I2,Founder,FT49714,Новаковић,Никољдан,Шумадија,Даросава/Аранђеловац,44.338573,20.4576021
cluster,I1,non_I2,Founder,Y155080,Новаковић,Никољдан,Мачва,Клење/Богатић,44.807222,19.434444
cluster,J2,non_I2,Founder,J-Y22063,Новаковић,Никољдан,Босанска Крајина,Кршље/Нови Град,44.9378459,16.4168891
cluster,G,non_I2,Relic,G-PF3345,Новаковић,Стевањдан,Колубара,Табановић/Мионица,44.2902877,20.0678871
cluster,I1,non_I2,Relic,Z63,Новичић,Илиндан,Браничево,Кушиљево/Свилајнац,44.2867939,21.2097198
cluster,PH908_primary,PH908_family,Founder,FT190799,Новичић,Лучиндан,Стари Влах,Горачићи/Лучани,43.7934332,20.3276681
cluster,E,non_I2,Founder,E-PH1395,Нововић,Св. Александар Невски,Рашка,Доњи Дајићи/Дајићи/Ивањица,43.4032587,20.2980393
cluster,PH908_primary,PH908_family,Founder,Y58629,Новокмет,Јовањдан,Херцеговина,Дубочица/Љубиње,42.9467238,18.1213467
cluster,I1,non_I2,Founder,FGC22061,Новосел,Аранђеловдан,Стара Херцеговина,Босача/Питомине/Жабљак,43.1637907,19.0876115
cluster,PH908_primary,PH908_family,Founder,FT16449,Новчић,Ђурђевдан,Херцеговина,Врањска/Билећа,43.0255962,18.2117436
cluster,PH908_primary,PH908_family,Relic,Y135654,Новчић,Никољдан,Стари Влах,Буђево/Сјеница,43.1450766,20.0519113
cluster,E,non_I2,Founder,E-Z38456,Нојић,Никољдан,Североисточна Босна,Церовица/Станари,44.7087663,17.8703372
cluster,J2,non_I2,Founder,J-L70,Нуркић,Нема,Североисточна Босна,Зелина Средња/Градачац,44.8212383,18.3625598
cluster,Y3120_shallow_nonPH908,nonPH908_I2,Relic,Y93273,Нухановић,Нема,Североисточна Босна,Хускићи/Лукавац,44.5631556,18.5303281
cluster,R1b,non_I2,Founder,BY38894,Обрадовић,Ђурђиц,Стари Влах,Катићи/Ивањица,43.5703446,20.0542015
cluster,R1a,non_I2,Founder,Z280,Обрадовић,Јовањдан,Шумадија,Границе/Младеновац,44.4313249,20.7135036
cluster,I1,non_I2,Founder,BY169301,Обрадовић,Аранђеловдан,Источни Срем,Беочин,45.2099153,19.7209347
cluster,R1a,non_I2,Founder,Y260767,Обрадовић,Аранђеловдан,Колубара,Дучић/Мионица,44.2513012,20.1672506
cluster,J2,non_I2,Founder,J-Y155375,Обрадовић,Никољдан,Босанска Крајина,Љубачево/Бања Лука,44.6623843,17.2060019
cluster,I1,non_I2,Founder,FGC22061,Обреновић,Ђурђевдан,Источна Босна,Округло/Рогатица,43.8374059,19.0550406
cluster,R1b,non_I2,Relic,FTA42008,Обреновић,Св. Врачи,Стари Влах,Марковица/Лучани,43.8543049,20.2151012
cluster,R1b,non_I2,Founder,BY38894,Овцин,Митровдан,Бачка,Салаши Радојевићи/Сомбор,45.7727397,19.1147036
cluster,R1a,non_I2,Founder,L1029,Огњановић,Аранђеловдан,Шумадија,Београд,44.7863236,20.4716856
cluster,R1a,non_I2,Founder,L1029,Огњеновић,Јовањдан,Далмација,Какањ/Кистање,43.9286182,15.890286
cluster,R1a,non_I2,Founder,BY30743,Огњеновић,Никољдан,Стара Херцеговина,Церовица/Тупан/Никшић,44.7172787,17.8870955
cluster,G,non_I2,Founder,G-Y128480,Окиљевић,Стевањдан,Херцеговина,Гацко,43.1664068,18.5357977
cluster,I1,non_I2,Relic,Z58,Олуић,Аранђеловдан,Далмација,Билишане/Обровац,44.1742442,15.7453929
cluster,PH908_primary,PH908_family,Founder,FT16449,Опачић,Лучиндан,Далмација,Биовичино Село/Кистање,44.054074,15.9177436
cluster,PH908_primary,PH908_family,Founder,FT16449,Орбовић,Јовањдан,Стара Херцеговина,Сомина/Никшић,42.9576612,18.5982654
cluster,I1,non_I2,Relic,FTA28840,Орељ,Ђурђевдан,Лика,Штикада/Ловинац,44.3160877,15.7958176
cluster,I1,non_I2,Relic,Y237563,Орловић,Ђурђевдан,Косово,Горњи Стрмац/Зубин Поток,42.8742234,20.7199357
cluster,E,non_I2,Founder,E-Z38456,Орловић,Јовањдан,Лика,Горња Плоча/Ловинац,44.390882,15.6864368
cluster,PH908_primary,PH908_family,Founder,BY93199,Ороз,Аранђеловдан,Херцеговина,Жиљево/Невесиње,43.2412265,18.1563411
cluster,I1,non_I2,Founder,FGC22061,Остојић,Ђурђиц,Стари Влах,Обајгора/Бајина Башта,43.9556677,19.5777843
cluster,E,non_I2,Founder,E-FT104106,Остојић,Ђурђиц,Бачка,Сента,45.927917,20.0954031
cluster,I1,non_I2,Founder,FGC22061,Остојић,Аранђеловдан,Стара Херцеговина,Врела/Жабљак,43.1566344,19.2199267
cluster,I1,non_I2,Founder,FGC22061,Остојић,Аранђеловдан,Стара Херцеговина,Придворица/Шавник,43.3278578,18.4796303
cluster,R1a,non_I2,Founder,L1029,Остојић,Никољдан,Банија,Брубно/Глина,45.1861204,16.0990234
cluster,R1a,non_I2,Relic,FTB42580,Остојић,Никољдан,Шумадија,Врбета/Кнић,43.8636352,20.8069334
cluster,R1a,non_I2,Founder,L1029,Остојић,Никољдан,Лика,Грачац,43.6444539,20.8215588
cluster,R1a,non_I2,Founder,BY99654,Остојић,Стевањдан,Североисточна Босна,Цвиљевина/Тузла,44.5599349,18.8079558
cluster,I1,non_I2,Founder,FGC22061,Отић,Ђурђевдан,Бачка,Ђурђево/Жабаљ,45.3241804,20.0653482
cluster,E,non_I2,Founder,E-Z1057,Ојдровић,Ђурђиц,Егејска Македонија,Гуменџе/Кукуш,42.1321728,24.7410291
cluster,Y3120_shallow_nonPH908,nonPH908_I2,Relic,Y267977,Оџић/O Jack,Јовањдан,Западни Банат,Кумане/Нови Бечеј,45.5400113,20.2274206
cluster,R1b,non_I2,Relic,BY250,Павасовић,Никољдан,Далмација,Скрадин,43.8178464,15.923319
cluster,J2,non_I2,Founder,J-Y14439,Павић,Јовањдан,Шумадија,Рогача/Сопот,44.4500202,20.534095400000002
cluster,G,non_I2,Founder,G-Y128480,Павићевић,Мала Госпојина,Зета,До Пјешивачки/Даниловград,42.5920703,19.0246555
cluster,R1b,non_I2,Founder,FT49714,Павићевић,Митровдан,Брда,Стијена/Подгорица,42.4621485,19.2021235
cluster,E,non_I2,Founder,E-Z13591,Павићевић,Петковдан,Брда,Горњи Рсојевићи/Даниловград,42.5524049,19.1052289
cluster,R1a,non_I2,Founder,L1029,Павков,Аранђеловдан,Западни Банат,Велики Гај/Пландиште,45.2902802,21.1759999
cluster,PH908_primary,PH908_family,Founder,Y56203,Павковић,Никољдан,Кордун,Тушиловић/Карловац,45.3938831,15.615526
cluster,R1a,non_I2,Founder,YP417,Павковић,Св. Василије Велики,Босанска Крајина,Церовица/Нови Град,45.1025255,16.4379424
cluster,R1a,non_I2,Founder,Z280,Павловић,Ђурђевдан,Стара Херцеговина,Крушевице/Херцег Нови,42.5349986,18.4947279
cluster,R1a,non_I2,Founder,BY30743,Павловић,Ђурђевдан,Североисточна Босна,Црњелово Горње/Бијељина,44.8417893,19.124625
cluster,R1a,non_I2,Founder,Y260767,Павловић,Ђурђиц,Колубара,Драгодол/Осечина,44.2461888,19.5892464
cluster,I1,non_I2,Relic,Y47022,Павловић,Јовањдан,Колубара,Бајевац/Лајковац,44.3741048,20.0626821
cluster,R1a,non_I2,Founder,L1029,Павловић,Марковдан,Североисточна Босна,Обудовац/Шамац,44.9686791,18.6010407
cluster,R1b,non_I2,Founder,FT44409,Павловић,Никољдан,Рашка,Бекова/Нови Пазар,43.2788305,20.4689446
cluster,G,non_I2,Founder,G-Y128480,Павловић,Никољдан,Топлица,Бело Поље/Куршумлија,43.1638626,21.3034281
cluster,R1b,non_I2,Founder,BY38894,Павловић,Никољдан,Источна Босна,Бунови/Фоча,43.4768253,18.7620109
cluster,E,non_I2,Founder,E-Z1057,Павловић,Никољдан,Врањско Поморавље,Врање,42.5573069,21.9021867
cluster,E,non_I2,Founder,E-Z1057,Павловић,Никољдан,Понишавље,Дучевац/Бабушница,43.021034,22.46817
cluster,I1,non_I2,Founder,FGC22061,Павловић,Никољдан,Шумадија,Камендол/Гроцка,44.611825,20.750586
cluster,I1,non_I2,Founder,Y155080,Павловић,Никољдан,Стари Влах,Крушчица/Ариље,43.6958322,19.9905575
cluster,PH908_primary,PH908_family,Founder,Y56203,Павловић,Никољдан,Шумадија,Пударци/Гроцка,44.610241,20.722287
cluster,E,non_I2,Founder,E-Z38456,Павловић,Никољдан,Северна Македонија,Скопска Црна Гора,42.4444927,19.2800818
cluster,G,non_I2,Relic,G-Y128646,Павловић,Савиндан,Јабланица,Ново Село/Лесковац,42.874285,22.165413
cluster,E,non_I2,Founder,E-Y126722,Павловић,Часне Вериге апостола Петра,Босанска Крајина,Ћорковићи/Котор Варош,44.4261241,17.5331931
cluster,PH908_primary,PH908_family,Founder,FT14506,Пажин,Ђурђевдан,Херцеговина,Поткрај/Крај/Требиње,42.6290355,18.3957996
cluster,R1a,non_I2,Founder,BY30743,Палић,Никољдан,Стари Влах,Буковик/Нова Варош,43.414766,19.9800147
cluster,I1,non_I2,Founder,FGC22061,Пандуревић,Никољдан,Источна Босна,Павловац/Пале,43.7729969,18.491387
cluster,J2,non_I2,Relic,J-Z6065,Пандуров,Никољдан,Западни Банат,Меленци/Зрењанин,45.5166819,20.316299
cluster,I1,non_I2,Relic,Y220153,Панић,Јовањдан,Североисточна Босна,Врањак/Модрича,44.9252085,18.2151834
cluster,E,non_I2,Founder,E-Z16988,Пантелић,Ђурђевдан,Колубара,Јабучје/Лајковац,44.3785168,20.2059818
cluster,R1b,non_I2,Founder,FT44409,Пантић,Ђурђиц,Мачва,Поцерски Метковић/Шабац,44.6584914,19.6210147
cluster,R1a,non_I2,Founder,Z280,Пантић,Алимпијевдан,Шумадија,Бачина/Варварин,43.726417,21.2972513
cluster,PH908_primary,PH908_family,Founder,FT16449,Пантић,Игњатијевдан,Херцеговина,Приграђани/Мостар,43.4548284,17.8536254
cluster,J2,non_I2,Founder,J-L70,Пантић,Митровдан,Браничево,Рашанац/Петровац на Млави,44.4623211,21.3651147
cluster,R1a,non_I2,Founder,L1029,Пантић,Никољдан,Мачва,Руњани/Лозница,44.5459263,19.2711642
cluster,PH908_primary,PH908_family,Founder,FT14506,Пантовић,Ђурђевдан,Херцеговина,Турменти/Требиње,42.6570803,18.3938393
cluster,J2,non_I2,Founder,J-Y14439,Пантовић,Јовањдан,Стари Влах,Гривска/Ариље,43.7091636,20.0256577
cluster,N,non_I2,Founder,N-FT213937,Пантовић,Јовањдан,Стари Влах,Милићевци/Чачак,43.9604585,20.3460895
cluster,E,non_I2,Founder,E-L241,Пантовић,Аранђеловдан,Стара Херцеговина,Барни До/Плужине,43.2577776,18.876081
cluster,E,non_I2,Founder,E-PH1395,Пантовић,Аранђеловдан,Брда,Горажде/Беране,42.8845361,19.9227157
cluster,R1a,non_I2,Founder,Y189493,Пантовић,Аћимовдан,Стари Влах,Градац/Сјеница,43.2390584,20.1048734
cluster,Y3120_deep_mid_nonPH908,nonPH908_I2,Relic,A8741,Панчевачки,Никољдан,Западни Банат,Црепаја/Ковачица,45.0092297,20.6372859
cluster,E,non_I2,Relic,E-BY15406,Панџић,Непознато,Херцеговина,Дриновци/Груде,43.359454,17.3246873
cluster,PH908_primary,PH908_family,Founder,FT190799,Папић,Лучиндан,Херцеговина,Влахиња/Билећа,42.8462101,18.4534268
cluster,E,non_I2,Founder,E-Z1057,Папић,Лучиндан,Бачка,Жабаљ,45.3728199,20.0637917
cluster,R1a,non_I2,Founder,L1029,Папић,Никољдан,Лика,Горње Дубраве/Огулин,45.308476,15.3032601
cluster,E,non_I2,Founder,E-Z1057,Паранос,Ђурђевдан,Херцеговина,Старо Слано/Требиње,42.7651336,18.2344958
cluster,PH908_primary,PH908_family,Founder,Y58629,Парежанин,Лазарева Субота,Херцеговина,Паник/Билећа,42.8036809,18.4417389
cluster,E,non_I2,Founder,E-Z1057,Парлић,Никољдан,Косово,Доње Неродимље/Урошевац,42.3647398,21.097724500000002
cluster,N,non_I2,Founder,N-FT182494,Паровић,Аранђеловдан,Херцеговина,Невесиње,43.258198,18.106113
cluster,E,non_I2,Founder,E-Z1057,Парчетић,Нема,Бачка,Градина/Сомбор,45.7541501,19.1796361
cluster,E,non_I2,Founder,E-Y7168,Парчетић,Нема,Бачка,Сомбор,45.7727397,19.1147036
cluster,PH908_primary,PH908_family,Founder,FT14506,Паскаш,Јовањдан,Лика,Ораовац/Доњи Лапац,44.5283621,15.9382326
cluster,Y3120_deep_mid_nonPH908,nonPH908_I2,Founder,Z17855,Паунковић,Ђурђиц,Источни Срем,Бингула/Шид,45.1008682,19.4487791
cluster,J2,non_I2,Founder,J-Y155375,Пауновић,Никољдан,Стари Влах,Буковик/Нова Варош,43.414766,19.9800147
cluster,J2,non_I2,Founder,J-Z38299,Пауновић,Никољдан,Шумадија,Мала Плана/Смедеревска Паланка,44.3699164,21.016793
cluster,R1b,non_I2,Founder,BY38894,Пауновић,Никољдан,Јабланица,Пусто Шилово/Медвеђа,42.8738168,21.5577694
cluster,I1,non_I2,Founder,FGC22061,Пашановић,Нема,Стари Влах,Пријепоље,43.389209,19.6493525
cluster,PH908_primary,PH908_family,Founder,FT16449,Пашајлија,Ђурђевдан,Босанска Крајина,Дабар/Сански Мост,44.7330478,16.6322435
cluster,J2,non_I2,Founder,J-Y155375,Пашић,Ђурђевдан,Стари Влах,Крива Река/Чајетина,43.7844179,19.8111819
cluster,PH908_primary,PH908_family,Relic,FT176119,Пајкановић,Јовањдан,Североисточна Босна,Милино Село/Лопаре,44.679853,18.8565502
cluster,E,non_I2,Founder,E-Z1057,Пајкић,Јовањдан,Браничево,Кусиће/Велико Градиште,44.7182741,21.5297831
cluster,I1,non_I2,Founder,FGC22061,Пајовић,Ђурђевдан,Стари Влах,Љутице/Пожега,44.0358379,20.031445
cluster,E,non_I2,Founder,E-Y142744,Пезић,Ђурђевдан,Босанска Крајина,Бранешци Горњи/Челинац,44.7928465,17.527736
cluster,PH908_primary,PH908_family,Relic,Y131175,Пек,Нема,Источни Срем,Нови Бановци/Стара Пазова,44.9532153,20.2824281
cluster,R1a,non_I2,Founder,YP4278,Пекић,Јовањдан,Херцеговина,Бијељани/Билећа,43.0609503,18.2549467
cluster,R1b,non_I2,Founder,L51,Пекић,Аранђеловдан,Зета,Крњице/Бар,42.2117654,19.180242
cluster,E,non_I2,Founder,E-CTS11222,Пековић,Никољдан,Стара Херцеговина,Риђани/Никшић,42.7668913,18.8940367
cluster,N,non_I2,Relic,N-Y13852,Перичин,Ђурђевдан,Источни Срем,Гргуревци/Сремска Митровица,45.1058235,19.6465224
cluster,R1a,non_I2,Founder,L1029,Перишић,Ђурђевдан,Средња Босна,Сарајево,43.8570713,18.4126147
cluster,E,non_I2,Founder,E-CTS11222,Перишић,Никољдан,Херцеговина,Невесиње,43.258198,18.106113
cluster,I1,non_I2,Founder,FGC22061,Перић,Ђурђевдан,Шумадија,Баничина/Смедеревска Паланка,44.2874781,20.9373352
cluster,R1a,non_I2,Founder,YP270,Перић,Ђурђевдан,Североисточна Босна,Загони/Бијељина,44.7150494,19.1101887
cluster,J2,non_I2,Founder,J-Y22063,Перић,Мратиндан,Североисточна Босна,Остојићево/Бијељина,44.8588983,19.2335324
cluster,E,non_I2,Founder,E-Y7168,Перић,Нема,Херцеговина,Ротимља/Столац,43.1780098,17.9015565
cluster,J2,non_I2,Founder,J-Y22059,Перић,Никољдан,Североисточна Босна,Батковић/Бијељина,44.8332129,19.2107897
cluster,E,non_I2,Founder,E-Z38456,Перић,Никољдан,Косово,Коретиште/Гњилане,42.4847406,21.4412425
cluster,Y3120_shallow_nonPH908,nonPH908_I2,Relic,Y339476,Перкучин,Никољдан,Западни Банат,Нови Кнежевац,46.0427093,20.0933532
cluster,PH908_primary,PH908_family,Founder,Y134585,Перлић,Стевањдан,Средња Босна,Шишава/Травник,44.3141765,17.5620452
cluster,E,non_I2,Founder,E-PH1395,Перовић (Лабовић),Аранђеловдан,Брда,Баре Краљске/Колашин,42.7486196,19.6151357
cluster,I1,non_I2,Founder,FGC22061,Перовић,Мратиндан,Стара Херцеговина,Тушина/Шавник,43.9517541,17.9165425
cluster,R1b,non_I2,Founder,BY38894,Перовић,Никољдан,Брда,Стројтаница/Бијело Поље,43.0341595,19.7473559
cluster,PH908_primary,PH908_family,Founder,FT16449,Перотић,Лучиндан,Херцеговина,Чваљина/Равно,42.8667928,17.9733988
cluster,E,non_I2,Founder,E-PH1395,Перуничић,Никољдан,Рашка,Горњи Дајићи/Дајићи/Ивањица,43.4032587,20.2980393
cluster,PH908_primary,PH908_family,Relic,FT69508,Петерсон (Косић),Ђурђевдан,Херцеговина,Требиње,42.7098295,18.3457261
cluster,I1,non_I2,Founder,FGC22061,Петковић,Ђурђевдан,Североисточна Босна,Придјел Доњи/Добој,44.7081961,18.0905968
cluster,R1b,non_I2,Founder,BY38894,Петковић,Аранђеловдан,Стари Влах,Богданица/Горњи Милановац,44.0208102,20.0964936
cluster,E,non_I2,Founder,E-Z16988,Петковић,Аћимовдан,Стари Влах,Рача/Бајина Башта,43.9514592,19.5332622
cluster,J2,non_I2,Founder,J-Y22059,Петковић,Лучиндан,Јабланица,Сијарина/Медвеђа,42.784464,21.625812
cluster,I1,non_I2,Founder,FGC22061,Петковић,Мала Госпојина,Зета,Мажина/Тиват,42.4349651,18.7015452
cluster,R1a,non_I2,Founder,BY99654,Петковић,Никољдан,Стари Влах,Пониковица/Ужице,43.8741575,19.9257519
cluster,I1,non_I2,Founder,FGC22061,Петојевић,Никољдан,Бачка,Жабаљ,45.3728199,20.0637917
cluster,N,non_I2,Relic,N-Y13852,Петревски,Мратиндан,Западна Македонија,Арбиново/Дебарца,41.3702969,20.8287978
cluster,E,non_I2,Founder,E-Z1057,Петрићевић,Ваведење,Браничево,Ћуприја,43.9335612,21.3712355
cluster,R1b,non_I2,Founder,FT44409,Петровић,Ђурђевдан,Славонија,Велико Набрђе/Сатница Ђаковачка,45.3537171,18.3754739
cluster,J2,non_I2,Founder,J-Y22059,Петровић,Ђурђевдан,Источна Босна,Доње Жешће/Фоча,43.6044873,18.742483
cluster,J2,non_I2,Relic,J-L283,Петровић,Ђурђевдан,Јабланица,Доњи Дејан/Власотинце,42.9792562,22.2133323
cluster,PH908_primary,PH908_family,Founder,FT14506,Петровић,Ђурђевдан,Стара Херцеговина,Косаница/Пљевља,43.1961149,19.3217827
cluster,J2,non_I2,Founder,J-Y155375,Петровић,Ђурђевдан,Лика,Омсица/Грачац,44.3613784,15.9351896
cluster,PH908_primary,PH908_family,Founder,FT14506,Петровић,Ђурђевдан,Североисточна Босна,Петровићи/Шековићи,44.3328784,18.8639091
cluster,E,non_I2,Founder,E-Y128213,Петровић,Ђурђевдан,Североисточна Босна,Црњелово Доње/Бијељина,44.8562052,19.1480726
cluster,N,non_I2,Founder,N-FT213937,Петровић,Јовањдан,Херцеговина,Загора/Требиње,42.8063794,18.2001257
cluster,R1b,non_I2,Relic,A12332,Петровић,Јовањдан,Источни Срем,Земун,44.8444,20.4123996
cluster,E,non_I2,Founder,E-FGC11450,Петровић,Јовањдан,Шумадија,Кавадар/Рековац,43.8374553,21.132143
cluster,E,non_I2,Founder,E-FT178289,Петровић,Јовањдан,Мачва,Лоњин/Љубовија,44.2225382,19.3520244
cluster,N,non_I2,Founder,N-FT213937,Петровић,Јовањдан,Североисточна Босна,Прибој/Лопаре,44.6015596,18.9300839
cluster,R1a,non_I2,Relic,FTB36486,Петровић,Аранђеловдан,Понишавље,Држина/Пирот,43.0976554,22.6015239
cluster,E,non_I2,Founder,E-PH1395,Петровић,Аранђеловдан,Рашка,Кулизино Село/Дајићи/Ивањица,43.4039852,20.2853921
cluster,G,non_I2,Founder,G-FTC64765,Петровић,Аранђеловдан,Мачва,Мала Врањска/Шабац,44.695063,19.733799
cluster,I1,non_I2,Founder,BY169301,Петровић,Аранђеловдан,Стари Влах,Прањани/Горњи Милановац,44.0102717,20.2082248
cluster,PH908_primary,PH908_family,Founder,FT386055,Петровић,Аранђеловдан,Лика,Прљево/Грачац,44.1558717,16.0918232
cluster,R1a,non_I2,Founder,Y260767,Петровић,Арлијевдан,Зета,Добрско Село/Цетиње,42.3782323,18.9613067
cluster,R1b,non_I2,Relic,Y175368,Петровић,Велика Госпојина,Колубара,Планиница/Мионица,44.1460378,20.1204715
cluster,J2,non_I2,Founder,J-Y22059,Петровић,Лучиндан,Зета,Шкаљари/Котор,42.4177352,18.7658634
cluster,E,non_I2,Founder,E-Z1057,Петровић,Митровдан,Понишавље,Горњи Матејевац/Ниш,43.3650197,21.9682163
cluster,PH908_primary,PH908_family,Founder,FT16449,Петровић,Митровдан,Мачва,Радаљ/Мали Зворник,44.4038889,19.1833333
cluster,I1,non_I2,Relic,FTA28840,Петровић,Митровдан,Понишавље,Стол/Бабушница,43.037575,22.468326
cluster,G,non_I2,Relic,G-L140,Петровић,Мратиндан,Понишавље,Сићево/Ниш,43.3411244,22.0843369
cluster,R1b,non_I2,Relic,BY199059,Петровић,Никољдан,Косово,Грачаница/Приштина,42.6174282,21.1489188
cluster,E,non_I2,Relic,E-FT8242,Петровић,Никољдан,Тимочка Крајина,Грљан/Зајечар,43.8581033,22.2930614
cluster,R1a,non_I2,Founder,L1029,Петровић,Никољдан,Браничево,Каона/Кучево,44.4895001,21.6219058
cluster,E,non_I2,Founder,E-BY165837,Петровић,Никољдан,Брда,Косор/Подгорица,42.4954379,19.3714714
cluster,I1,non_I2,Founder,Y155080,Петровић,Никољдан,Шумадија,Липовац/Горњи Милановац,44.052779,20.6337538
cluster,J2,non_I2,Founder,J-L70,Петровић,Никољдан,Метохија,Мовљане/Сува Река,42.3731264,20.9030401
cluster,R1b,non_I2,Founder,FT44409,Петровић,Никољдан,Топлица,Рударе/Куршумлија,43.0655664,21.3165558
cluster,E,non_I2,Relic,E-Z5006,Петровић,Петковдан,Шумадија,Рипањ/Вождовац/Београд,44.6390298,20.5204337
cluster,I1,non_I2,Founder,FT428459,Петровић,Стевањдан,Топлица,Богујевац/Прокупље,43.0436697,21.5015772
cluster,E,non_I2,Founder,E-L241,Петровић,Стевањдан,Колубара,Доња Грабовица/Ваљево,43.0165896,19.0814012
cluster,J2,non_I2,Founder,J-Y22063,Петронијевић,Савиндан,Шумадија,Даросава/Аранђеловац,44.338573,20.4576021
cluster,Y3120_deep_mid_nonPH908,nonPH908_I2,Founder,Z17855,Петрунов,Аранђеловдан,Врањско Поморавље,Божица/Сурдулица,42.6156383,22.3999794
cluster,PH908_primary,PH908_family,Founder,FT14506,Пецељ,Ђурђевдан,Херцеговина,Дубочица/Љубиње,42.9467238,18.1213467
cluster,J2,non_I2,Founder,J-Y22059,Печеница,Аранђеловдан,Североисточна Босна,Топлица/Сребреница,43.9959791,19.443655
cluster,E,non_I2,Founder,E-Z1057,Пешаковић,Никољдан,Рашка,Горње Исево/Гувниште/Лепосавић,43.215757,20.7728289
cluster,R1a,non_I2,Founder,Z280,Пешић,Аранђеловдан,Врањско Поморавље,Јовац/Владичин Хан,42.637125,21.985899
cluster,R1a,non_I2,Founder,Y189493,Пешут,Јовањдан,Херцеговина,Градац/Љубиње,42.9417549,18.1492109
cluster,PH908_primary,PH908_family,Founder,FT190799,Пејак,Лучиндан,Херцеговина,Хумилишани/Мостар,43.4315166,17.8923547
cluster,E,non_I2,Founder,E-FT104106,Пејановић,Петковдан,Херцеговина,Мостар,43.3435855,17.8076584
cluster,R1a,non_I2,Relic,Y155362,Пејић,Тривуњдан,Средња Босна,Причани/Нови Травник,44.0715397,17.6514355
cluster,J2,non_I2,Founder,J-Y22063,Пејовић,Ђурђевдан,Стара Херцеговина,Добри Нуго/Жабљак,43.1000405,19.2127663
cluster,J2,non_I2,Founder,J-Y22063,Пејовић,Ђурђевдан,Брда,Доња Поља/Поља/Мојковац,42.9770554,19.5238677
cluster,I1,non_I2,Relic,Y264438,Пејовић,Ђурђевдан,Источна Босна,Старонићи/Чајниче,43.5593609,19.1343556
cluster,E,non_I2,Founder,E-FT104106,Пејовић,Јовањдан,Херцеговина,Кубатовина/Струпићи/Берковићи,43.0724681,18.1800932
cluster,PH908_primary,PH908_family,Founder,BY93199,Пејовић,Аранђеловдан,Зета,Подгорица,42.3592055,19.2499266
cluster,R1b,non_I2,Relic,Y104972,Пејушковић,Никољдан,Брда,Вилац/Подгорица,42.5766207,19.3945837
cluster,E,non_I2,Founder,E-L241,Пејчиновић,Лучиндан,Топлица,Грабовац/Прокупље,43.1768941,21.4069923
cluster,E,non_I2,Founder,E-L241,Пејчиновић,Лучиндан,Стари Влах,Кокошиће/Сјеница,43.2675657,20.1373172
cluster,G,non_I2,Relic,G-L140,Пејчић,Никољдан,Понишавље,Рагодеш/Пирот,43.271839,22.501542
cluster,E,non_I2,Founder,E-L241,Пивљанин,Аранђеловдан,Стара Херцеговина,Велике Крће/Пљевља,43.4202905,19.258848
cluster,R1a,non_I2,Founder,YP417,Пикула,Никољдан,Херцеговина,Сливља/Гацко,43.2901952,18.3529637
cluster,R1a,non_I2,Founder,BY99654,Пилиповић,Алимпијевдан,Босанска Крајина,Велики Цвјетнић/Бихаћ,44.4287387,16.1868095
cluster,PH908_primary,PH908_family,Founder,BY93199,Пипер,Аранђеловдан,Брда,Беран Село/Беране,42.8461056,19.8741099
cluster,PH908_primary,PH908_family,Relic,Y232617,Пирић,Нема,Херцеговина,Црнићи-Кула/Столац,43.1383968,17.8605227
cluster,E,non_I2,Founder,E-FT104106,Пишталовић,Јовањдан,Североисточна Босна,Буковац/Брчко,44.8524814,18.7008674
cluster,J2,non_I2,Founder,J-FT413312,Пиштињат,Јовањдан,Херцеговина,Граб/Требиње,42.6045249,18.4258756
cluster,PH908_primary,PH908_family,Founder,BY93199,Пијовић,Аранђеловдан,Јабланица,Туларе/Медвеђа,42.794168,21.460543
cluster,N,non_I2,Founder,N-FT213937,Пиља,Јовањдан,Лика,Бротња/Грачац,44.443412,16.1220739
cluster,E,non_I2,Founder,E-BY165837,Плазинић,Никољдан,Стари Влах,Губеревци/Лучани,43.7632414,20.3447699
cluster,E,non_I2,Founder,E-Z1057,Планиничић,Ђурђевдан,Расина,Лепенац/Брус,43.348585,21.084035
cluster,E,non_I2,Founder,E-Y126722,Племић,Никољдан,Босанска Крајина,Босанско Грахово,44.1794878,16.3639977
cluster,R1a,non_I2,Founder,FT288648,Плескоњић,Ђурђевдан,Стари Влах,Доње Бабине/Пријепоље,43.4156163,19.5323809
cluster,R1b,non_I2,Founder,BY38894,Плешинац,Јовањдан,Рашка,Адрани/Краљево,43.7573076,20.6556342
cluster,Y3120_shallow_nonPH908,nonPH908_I2,Relic,Y319762,Побулић,Ђурђевдан,Северна Барања,Мохач,45.9933836,18.6821079
cluster,E,non_I2,Founder,E-BY165837,Подбићанин,Нема,Стари Влах,Брвине/Пријепоље,43.2141217,19.6781164
cluster,J2,non_I2,Founder,J-Y14439,Подунавац,Ђурђевдан,Банија,Горњи Класнић/Глина,45.3382654,16.090752
cluster,PH908_primary,PH908_family,Founder,Y51673,Покрајац,Никољдан,Босанска Крајина,Прово/Ливно,43.9380465,16.6708549
cluster,R1b,non_I2,Founder,FT44409,Полимац,Митровдан,Западни Срем,Винковци,45.2883771,18.8045248
cluster,R1b,non_I2,Founder,FT44409,Полимац,Митровдан,Банија,Швракарица/Двор,45.1774121,16.3372045
cluster,E,non_I2,Founder,E-Z16988,Попадић,Никољдан,Херцеговина,Ходбина/Мостар,43.229703,17.8523897
cluster,PH908_primary,PH908_family,Founder,Y58629,Попара,Никољдан,Херцеговина,Љубиње,42.9515429,18.08992
cluster,E,non_I2,Founder,E-FT104106,Попивода,Јовањдан,Зета,Љешев Стуб/Цетиње,42.5137879,18.9135825
cluster,R1a,non_I2,Founder,L1029,Попић,Јовањдан,Бачка,Сомбор,45.7727397,19.1147036
cluster,PH908_primary,PH908_family,Founder,Y58629,Поплашен,Јовањдан,Далмација,Мирловић Поље/Ружић,42.7517779,22.1094616
cluster,R1a,non_I2,Relic,FT255070,Попмихајлов,Аранђеловдан,Бачка,Србобран,45.5509101,19.7993393
cluster,N,non_I2,Founder,N-FGC28435,Попов,Лазарева Субота,Западни Банат,Башаид/Кикинда,45.6391562,20.4136646
cluster,I1,non_I2,Founder,BY169301,Попов Жикелић,Аранђеловдан,Бачка,Госпођинци/Жабаљ,45.4022051,19.9860024
cluster,E,non_I2,Founder,E-Z16988,Поповац,Никољдан,Херцеговина,Турани/Требиње,42.8059433,18.2795775
cluster,I1,non_I2,Founder,FGC22061,Поповић,Ђурђевдан,Стари Влах,Горња Бела Река/Нова Варош,43.5870848,19.8706592
cluster,E,non_I2,Founder,E-Y142744,Поповић,Ђурђевдан,Североисточна Босна,Горњи Церани/Церани/Дервента,44.8808504,17.8690682
cluster,E,non_I2,Founder,E-Y7168,Поповић,Ђурђиц,Мачва,Југовићи/Лозница,44.5450039,19.4755196
cluster,PH908_primary,PH908_family,Founder,FT14506,Поповић,Ђурђиц,Браничево,Шавац/Параћин,43.8425978,21.3596289
cluster,J2,non_I2,Founder,J-Y155375,Поповић,Јовањдан,Понишавље,Велики Крчимир/Гаџин Хан,43.0987132,22.2089808
cluster,R1a,non_I2,Founder,Z280,Поповић,Јовањдан,Стари Влах,Заблаће/Чачак,43.8432239,20.4479607
cluster,PH908_map_nonprimary,PH908_family,Founder,Y4882,Поповић,Јовањдан,Херцеговина,Поповићи/Жаково/Требиње,42.8120652,18.1400825
cluster,E,non_I2,Founder,E-L241,Поповић,Јовањдан,Славонија,Човац/Окучани,45.2372552,17.1701162
cluster,R1a,non_I2,Relic,Y526047,Поповић,Аранђеловдан,Колубара,Ба/Љиг,44.1536678,20.1900143
cluster,PH908_primary,PH908_family,Founder,FT386055,Поповић,Аранђеловдан,Босанска Крајина,Бранешци Доњи/Челинац,44.7845621,17.5489684
cluster,J2,non_I2,Founder,J-Z38299,Поповић,Аранђеловдан,Врањско Поморавље,Градња/Врање,42.7025,21.8888889
cluster,PH908_primary,PH908_family,Founder,Y56203,Поповић,Аранђеловдан,Североисточна Босна,Коренита/Угљевик,44.7516289,18.961579
cluster,PH908_primary,PH908_family,Founder,FT16449,Поповић,Илиндан,Зета,Загора/Котор,42.302515,18.7496065
cluster,Y3120_shallow_nonPH908,nonPH908_I2,Relic,Y313595,Поповић,Лазарева Субота,Босанска Крајина,Церовљани/Градишка,45.0535948,17.2061523
cluster,PH908_primary,PH908_family,Founder,FT190799,Поповић,Лучиндан,Стари Влах,Косатица/Пријепоље,43.3873486,19.7340695
cluster,PH908_primary,PH908_family,Founder,FT16449,Поповић,Лучиндан,Далмација,Мокро Поље/Ервеник,44.0823219,16.0457544
cluster,E,non_I2,Founder,E-Z1057,Поповић,Митровдан,Врањско Поморавље,Врање,42.5573069,21.9021867
cluster,R1a,non_I2,Founder,L1029,Поповић,Непознато,Шумадија,Београд,44.7863236,20.4716856
cluster,J2,non_I2,Founder,J-Y22063,Поповић,Никољдан,Стари Влах,Божетићи/Нова Варош,43.4490086,19.9676202
cluster,G,non_I2,Relic,G-L1266,Поповић,Никољдан,Косово,Грачаница/Приштина,42.6174282,21.1489188
cluster,E,non_I2,Founder,E-Z38456,Поповић,Никољдан,Банија,Грмушани/Двор,45.0884535,16.3087939
cluster,J2,non_I2,Founder,J-Y22063,Поповић,Никољдан,Јабланица,Добро Поље/Црна Трава,42.893133,22.280724
cluster,E,non_I2,Relic,E-BY167606,Поповић,Никољдан,Брда,Дољани/Подгорица,43.0456259,17.6798693
cluster,J2,non_I2,Founder,J-Z38299,Поповић,Никољдан,Лика,Доњи Штрбци/Доњи Лапац,44.5521346,15.9609632
cluster,J2,non_I2,Founder,J-Y155375,Поповић,Никољдан,Шумадија,Дучина/Сопот,44.4851149,20.4977443
cluster,J2,non_I2,Founder,J-Y22063,Поповић,Никољдан,Стари Влах,Кушићан/Ивањица,43.5816675,20.2304548
cluster,J2,non_I2,Founder,J-Y155375,Поповић,Никољдан,Стари Влах,Лопаш/Пожега,43.8053585,20.1239919
cluster,PH908_primary,PH908_family,Founder,Y51673,Поповић,Никољдан,Херцеговина,Мала Грачаница/Грачаница/Гацко,43.1784292,18.5216392
cluster,R1b,non_I2,Relic,FGC24408,Поповић,Никољдан,Врањско Поморавље,Сејаце/Бујановац,42.3750281,21.9314773
cluster,E,non_I2,Founder,E-Z1057,Поповић,Никољдан,Источни Срем,Сремски Карловци,45.1860254,19.9571373
cluster,E,non_I2,Founder,E-Z13591,Поповић,Петковдан,Понишавље,Ниш,43.3211301,21.8959232
cluster,PH908_primary,PH908_family,Founder,FT16449,Поповић,Стевањдан,Стари Влах,Бучје/Прибој,43.4684973,19.4227134
cluster,G,non_I2,Founder,G-Y128480,Поповић,Стевањдан,Мачва,Липолист/Шабац,44.697828,19.501014
cluster,R1a,non_I2,Founder,L1029,Поповић,Стевањдан,Североисточна Босна,Чађавица Горња/Бијељина,44.7174967,19.0163704
cluster,R1b,non_I2,Founder,L51,Пот,Нема,Северна Барања,Печуј,46.0765092,18.2280317
cluster,PH908_map_nonprimary,PH908_family,Relic,Z16983,Поњевић,Никољдан,Босанска Крајина,Натпоље/Шипово,44.2425187,17.2024326
cluster,J2,non_I2,Founder,J-Z38299,Правица,Зачеће Св. Јована Крститеља,Херцеговина,Дражин До/Требиње,42.7129306,18.2993683
cluster,R1b,non_I2,Founder,FT49714,Прашчевић,Никољдан,Брда,Брезојевица/Плав,43.2272523,19.428269
cluster,I1,non_I2,Founder,FGC22061,Предовић,Ђурђиц,Рашка,Самаила/Краљево,43.7632756,20.5479556
cluster,R1a,non_I2,Founder,BY99654,Предојевић,Алимпијевдан,Босанска Крајина,Брдари/Сански Мост,44.7945484,16.6244742
cluster,R1a,non_I2,Founder,BY99654,Предојевић,Алимпијевдан,Босанска Крајина,Лушци Паланка/Сански Мост,44.7461652,16.4310366
cluster,I1,non_I2,Founder,FGC22061,Предојевић,Стевањдан,Шумадија,Чумић/Крагујевац,44.1377164,20.7880504
cluster,E,non_I2,Founder,E-BY165837,Прелевић,Никољдан,Брда,Доње Стравче/Подгорица,42.5798698,19.4662974
cluster,E,non_I2,Founder,E-BY165837,Прелевић,Никољдан,Брда,Убли/Подгорица,42.4922183,19.3933311
cluster,R1a,non_I2,Founder,Y144943,Преловац,Лазарева Субота,Североисточна Босна,Батковић/Бијељина,44.8332129,19.2107897
cluster,E,non_I2,Founder,E-BY165837,Премовић,Митровдан,Рашка,Лешак/Лепосавић,43.1671463,20.7425833
cluster,PH908_primary,PH908_family,Founder,FT386055,Преочанин,Аранђеловдан,Далмација,Цетина/Цивљане,43.9739095,16.4271869
cluster,E,non_I2,Founder,E-Z1057,Прерадов,Томиндан,Бачка,Параге/Бачка Паланка,45.413835,19.4043598
cluster,E,non_I2,Relic,E-Y178858,Прерадовић,Илиндан,Босанска Крајина,Доњи Вијачани/Прњавор,44.808409,17.6027102
cluster,R1a,non_I2,Founder,Y189493,Приметица,Никољдан,Далмација,Маовице/Врлика,43.8959074,16.3849929
cluster,R1a,non_I2,Founder,L1029,Принчевац,Аранђеловдан,Стари Влах,Рокци/Ивањица,43.5320704,20.206666
cluster,E,non_I2,Founder,E-Y128213,Пријовић,Јовањдан,Стари Влах,Херцеговачка Голеша/Прибој,43.5036499,19.4036702
cluster,R1a,non_I2,Founder,Z280,Проданов,Михољдан,Бачка,Ковиљ,41.5096583,25.6625717
cluster,G,non_I2,Founder,G-Y128480,Продановић,Ђурђевдан,Шумадија,Опланић/Кнић,43.9812818,20.6842088
cluster,G,non_I2,Founder,G-Y128480,Продановић,Аранђеловдан,Херцеговина,Врањска/Билећа,43.0255962,18.2117436
cluster,R1a,non_I2,Founder,L1029,Продановић,Лучиндан,Североисточна Босна,Вуковићи/Милићи,44.1807548,19.1174753
cluster,R1a,non_I2,Founder,Y260767,Прокић,Јовањдан,Колубара,Осечина Село/Осечина,44.3860423,19.6161538
cluster,R1a,non_I2,Founder,BY99654,Проле,Ђурђевдан,Босанска Крајина,Мајевац/Шипово,44.2455931,17.0377664
cluster,PH908_primary,PH908_family,Relic,FT109387,Пролић,Михољдан,Босанска Крајина,Тријебово/Мркоњић Град,44.4845847,17.0808656
cluster,PH908_primary,PH908_family,Founder,FT14506,Прошић,Вартоломијевдан,Босанска Крајина,Дољани/Бихаћ,44.6856684,15.9786445
cluster,PH908_primary,PH908_family,Founder,FT14506,Прошић,Вартоломијевдан,Босанска Крајина,Лушци Паланка/Сански Мост,44.7461652,16.4310366
cluster,I2_unmapped_nonPH908,nonPH908_I2,Relic,P95,Пртењак,Ђурђевдан,Стари Влах,Котража/Лучани,43.7042885,20.2323381
cluster,I1,non_I2,Founder,FTA86559,Прцовић,Лучиндан,Херцеговина,Тодорићи/Требиње,42.6920471,18.3330098
cluster,R1a,non_I2,Founder,BY99654,Пупавац,Ђурђевдан,Лика,Дебело Брдо/Кореница,44.658711,15.6877394
cluster,PH908_primary,PH908_family,Founder,FT14506,Пуровић,Петковдан,Стара Херцеговина,Крстац/Горње Чарађе/Никшић,43.5339655,18.958303
cluster,R1a,non_I2,Founder,L1029,Путица,Ђурђевдан,Херцеговина,Орах/Требиње,42.8155828,18.4145798
cluster,E,non_I2,Founder,E-Z38456,Путић,Ђурђевдан,Западни Банат,Врањево/Нови Бечеј,45.6044948,20.1233157
cluster,PH908_primary,PH908_family,Founder,FT16449,Пухало,Никољдан,Херцеговина,Опличићи/Чапљина,43.1171721,17.8104965
cluster,I1,non_I2,Founder,FGC22061,Пушкић,Никољдан,Стари Влах,Доње Бабине/Пријепоље,43.4156163,19.5323809
cluster,PH908_primary,PH908_family,Founder,FT14506,Пујић,Ђурђевдан,Херцеговина,Тодорићи/Требиње,42.6920471,18.3330098
cluster,G,non_I2,Relic,G-Z45690,Пуљезевић,Алимпијевдан,Мачва,Зајача/Лозница,44.456944,19.244444
cluster,N,non_I2,Founder,N-FT182494,Пјано,Никољдан,Источна Босна,Потпећe/Фоча,43.4913678,18.889166
cluster,I1,non_I2,Founder,FGC22061,Пјановић,Ђурђевдан,Стари Влах,Душманићи/Пријепоље,43.3934161,19.6249457
cluster,E,non_I2,Founder,E-Y126722,Пјевић,Петровдан,Стари Влах,Биоска/Ужице,43.8648387,19.6528798
cluster,R1a,non_I2,Founder,Y189493,Пјешчић,Стевањдан,Стара Херцеговина,Криводо/Равно/Плужине,43.2618254,18.3855462
cluster,PH908_primary,PH908_family,Founder,Y134585,Рабреновић,Аранђеловдан,Брда,Бистрица/Мојковац,43.0009475,19.4406378
cluster,E,non_I2,Founder,E-Y126722,Радаковић,Никољдан,Лика,Брувно/Грачац,44.4014245,15.8946906
cluster,E,non_I2,Founder,E-CTS11222,Радан,Никољдан,Херцеговина,Трусина/Берковићи,43.1393167,18.1066429
cluster,PH908_primary,PH908_family,Founder,FT14506,Радановић,Ђурђевдан,Стара Херцеговина,Мокрине/Херцег Нови,42.5032117,18.4951416
cluster,PH908_primary,PH908_family,Founder,FT14506,Радановић,Лазарева Субота,Банија,Брубно/Глина,45.1861204,16.0990234
cluster,R1a,non_I2,Founder,FT288648,Радановић,Никољдан,Босанска Крајина,Поточани/Прњавор,45.041602,18.3168964
cluster,E,non_I2,Founder,E-BY165837,Радевић,Аранђеловдан,Брда,Мезгаљи/Беране,42.8435792,19.8728701
cluster,Y3120_deep_mid_nonPH908,nonPH908_I2,Founder,Z17855,Раденковић,Ђурђевдан,Косово,Горње Вараге/Зубин Поток,42.9822393,20.5802612
cluster,E,non_I2,Relic,E-A783,Раденковић,Ђурђиц,Косово,Србовац/Звечан,42.9522725,20.8383449
cluster,J2,non_I2,Relic,J-L25,Раденковић,Мратиндан,Врањско Поморавље,Топли Дол/Сурдулица,42.6063889,22.3580556
cluster,J2,non_I2,Relic,J-Y22069,Раденковић,Стевањдан,Расина,Почековина/Трстеник,43.594761,21.0885026
cluster,R1a,non_I2,Founder,BY99654,Радетић,Ђурђевдан,Босанска Крајина,Лакташи,44.9074664,17.3022887
cluster,E,non_I2,Founder,E-Z38456,Радеч,Аранђеловдан,Брда,Ново Село/Даниловград,42.4923888,19.1767047
cluster,PH908_primary,PH908_family,Founder,Y134585,Радешић,Св. Симеон Богопримац,Североисточна Босна,Теслић,44.6065761,17.8595061
cluster,J2,non_I2,Relic,J-Y430906,Радивојевић,Никољдан,Јабланица,Млачиште/Црна Трава,42.786998,22.224848
cluster,E,non_I2,Founder,E-Z1057,Радивојевић,Св. Врачи,Стари Влах,Дрежник/Ужице,43.7781721,19.9130094
cluster,R1a,non_I2,Founder,FT288648,Радивојевић,Стевањдан,Босанска Крајина,Грабовица/Котор Варош,44.4985509,17.5104759
cluster,PH908_primary,PH908_family,Founder,FT14506,Радишић,Ђурђевдан,Херцеговина,Дабрица/Берковићи,43.1587708,18.0135932
cluster,R1b,non_I2,Relic,PF7563,Радишић,Јовањдан,Североисточна Босна,Сухо Поље/Бијељина,44.6928537,19.0961397
cluster,R1a,non_I2,Founder,Z280,Радић,Ђурђевдан,Херцеговина,Жрвањ/Љубиње,42.9371052,18.1881995
cluster,R1a,non_I2,Founder,Z280,Радић,Ђурђевдан,Херцеговина,Мелијев До/Жрвањ/Љубиње,42.9371052,18.1881995
cluster,I1,non_I2,Founder,FGC22061,Радић,Ђурђиц,Шумадија,Доња Рача/Рача,44.2195479,21.0174445
cluster,I1,non_I2,Founder,FGC22061,Радић,Јовањдан,Североисточна Босна,Пељаве/Угљевик,44.6333515,18.9495018
cluster,R1a,non_I2,Relic,YP1337,Радић,Јовањдан,Херцеговина,Придворци/Невесиње,43.3497198,18.1092547
cluster,R1a,non_I2,Founder,Z280,Радић,Аранђеловдан,Шумадија,Буковче/Јагодина,44.0049527,21.2315544
cluster,Y3120_deep_mid_nonPH908,nonPH908_I2,Founder,Z17855,Радић,Никољдан,Босанска Крајина,Бућовача/Купрес,43.8890658,17.403712
cluster,E,non_I2,Founder,E-Z1057,Радић,Петковдан,Косово,Готовуша/Штрпце,42.2489507,21.0698052
cluster,R1a,non_I2,Founder,BY30743,Радић,Стевањдан,Херцеговина,До/Требиње,42.9000719,18.0298066
cluster,E,non_I2,Founder,E-FT104106,Радић,Томиндан,Босанска Крајина,Губин/Ливно,43.9468783,16.6562697
cluster,I1,non_I2,Founder,FGC22061,Радовановић,Ђурђевдан,Топлица,Велика Плана/Прокупље,43.3282958,21.4361615
cluster,J2,non_I2,Founder,J-Y155375,Радовановић,Ђурђевдан,Стари Влах,Пилица/Бајина Башта,43.9396867,19.6375894
cluster,N,non_I2,Founder,N-FT182494,Радовановић,Ђурђевдан,Херцеговина,Фатница/Билећа,43.0283069,18.3230171
cluster,R1a,non_I2,Relic,YP5882,Радовановић,Јовањдан,Североисточна Босна,Прибој/Лопаре,44.6015596,18.9300839
cluster,R1b,non_I2,Founder,FT49714,Радовановић,Аранђеловдан,Брда,Ријека Пиперска/Подгорица,42.4415238,19.2621081
cluster,E,non_I2,Founder,E-Y142744,Радовановић,Лазарева Субота,Шумадија,Лесковац/Кнић,43.8463619,20.7457892
cluster,PH908_primary,PH908_family,Founder,FT190799,Радовановић,Лучиндан,Рашка,Нови Пазар,43.1406913,20.518057
cluster,R1a,non_I2,Relic,YP343,Радовановић,Митровдан,Браничево,Ћуприја,43.9335612,21.3712355
cluster,R1a,non_I2,Founder,Z280,Радовановић,Никољдан,Колубара,Доњи Лајковац/Лајковац,44.3066246,20.2038536
cluster,R1a,non_I2,Founder,Y260767,Радовановић,Никољдан,Топлица,Широке Њиве/Прокупље,43.0976671,21.4680934
cluster,R1a,non_I2,Founder,Y189493,Радовановић,Стевањдан,Косово,Кориље/Звечан,42.9088412,20.8089548
cluster,E,non_I2,Founder,E-Y126722,Радовановић,Часне Вериге апостола Петра,Стари Влах,Засеље/Пожега,43.9183914,19.9874782
cluster,I1,non_I2,Founder,FGC22061,Радовић,Ђурђевдан,Источна Босна,Јечмишта/Фоча,43.4130326,18.9667917
cluster,J2,non_I2,Founder,J-Y155375,Радовић,Ђурђевдан,Стари Влах,Џурово/Пријепоље,43.4596534,19.6252327
cluster,I1,non_I2,Founder,FGC22061,Радовић,Ђурђевдан,Источна Босна,Иловице/Трново,43.6995871,18.4502065
cluster,E,non_I2,Founder,E-BY165837,Радовић,Ђурђевдан,Стара Херцеговина,Метаљка/Пљевља,43.5290166,19.1411237
cluster,J2,non_I2,Founder,J-Y155375,Радовић,Ђурђевдан,Брда,Ораховица/Бијело Поље,43.1138896,19.7334445
cluster,I1,non_I2,Founder,BY169301,Радовић,Ђурђевдан,Колубара,Славковица/Љиг,44.1694159,20.2473301
cluster,R1a,non_I2,Founder,Z280,Радовић,Јовањдан,Рашка,Каменица/Требиће/Лепосавић,43.2006661,20.6601376
cluster,I1,non_I2,Founder,FGC22061,Радовић,Аранђеловдан,Брда,Крушево/Бијело Поље,43.0015989,19.73946
cluster,PH908_primary,PH908_family,Founder,BY93199,Радовић,Аранђеловдан,Стара Херцеговина,Луково/Никшић,42.8048674,19.0215375
cluster,PH908_primary,PH908_family,Founder,BY93199,Радовић,Аранђеловдан,Зета,Сотонићи/Бар,42.2334056,19.0519166
cluster,I2_unmapped_nonPH908,nonPH908_I2,Relic,CTS12249,Радовић,Лучиндан,Топлица,Љуша/Куршумлија,43.0786235,21.2996578
cluster,E,non_I2,Founder,E-BY165837,Радовић,Никољдан,Херцеговина,Братач/Невесиње,43.268725,18.2245113
cluster,Y3120_deep_mid_nonPH908,nonPH908_I2,Relic,Y263173,Радовић,Никољдан,Косово,Кориље/Звечан,42.9088412,20.8089548
cluster,J2,non_I2,Founder,J-Y22063,Радовић,Никољдан,Мачва,Крнуле/Владимирци,44.5833977,19.749725
cluster,PH908_primary,PH908_family,Relic,Y135654,Радовић,Никољдан,Источна Босна,Крушевци/Соколац,44.0420697,18.7198448
cluster,Y3120_deep_mid_nonPH908,nonPH908_I2,Relic,BY92056,Радосављевић,Ђурђевдан,Понишавље,Ћићевац,43.7202753,21.441026
cluster,E,non_I2,Founder,E-Z1057,Радосављевић,Јовањдан,Источни Срем,Стари Сланкамен/Инђија,45.1414778,20.2585993
cluster,E,non_I2,Founder,E-Z1057,Радосављевић,Никољдан,Шумадија,Зеоке/Лазаревац,44.4100886,20.3251085
cluster,N,non_I2,Founder,N-FT182494,Радојевић,Јовањдан,Шумадија,Доња Рача/Рача,44.2195479,21.0174445
cluster,PH908_primary,PH908_family,Relic,A29945,Радојевић,Лучиндан,Рашка,Доњи Крњин/Лепосавић,43.1406216,20.7454677
cluster,I1,non_I2,Founder,FGC22061,Радојичић,Ђурђевдан,Шумадија,Клатичево/Горњи Милановац,44.0545104,20.4200762
cluster,R1a,non_I2,Founder,Y260767,Радојичић,Јовањдан,Мачва,Савковић/Љубовија,44.1849727,19.5623009
cluster,Y3120_deep_mid_nonPH908,nonPH908_I2,Founder,Z17855,Радојичић,Алимпијевдан,Стари Влах,Каран/Ужице,43.918941,19.9069981
cluster,G,non_I2,Founder,G-Y128480,Радојковић,Никољдан,Шумадија,Лозовик/Велика Плана,44.4677494,21.1007233
cluster,J2,non_I2,Founder,J-Y22063,Радојчић,Јовањдан,Банија,Љубина/Двор,45.0704459,16.2602417
cluster,PH908_primary,PH908_family,Relic,Y499136,Радојчић,Лучиндан,Колубара,Горњи Лајковац/Мионица,44.164242,20.072164
cluster,R1a,non_I2,Founder,L1029,Радојчић,Никољдан,Крањска,Бојанци/Чрномељ,45.5030746,15.2506432
cluster,PH908_primary,PH908_family,Founder,Y51673,Радоњић,Ђурђевдан,Зета,Његуши/Цетиње,42.4312967,18.8247712
cluster,E,non_I2,Founder,E-BY165837,Радоњић,Никољдан,Брда,Медун/Подгорица,42.471582,19.3614332
cluster,E,non_I2,Founder,E-BY165837,Радоњић,Никољдан,Брда,Убли/Подгорица,42.4922183,19.3933311
cluster,I1,non_I2,Founder,FGC22061,Радуловић,Ђурђевдан,Стари Влах,Милићевци/Чачак,43.9604585,20.3460895
cluster,J2,non_I2,Founder,J-FT413312,Радуловић,Јовањдан,Источна Босна,Кусаче/Хан Пијесак,44.0601159,18.9813131
cluster,J2,non_I2,Founder,J-FT413312,Радуловић,Јовањдан,Источна Босна,Мало Поље/Хан Пијесак,44.0968627,18.8890171
cluster,J2,non_I2,Founder,J-FT413312,Радуловић,Јовањдан,Источна Босна,Подкозловача/Хан Пијесак,44.0812895,18.9530643
cluster,E,non_I2,Founder,E-L241,Радуловић,Лучиндан,Стари Влах,Штаваљ/Сјеница,43.2740496,20.1227045
cluster,J2,non_I2,Founder,J-FT413312,Радуловић,Мала Госпојина,Стара Херцеговина,Доња Трепча/Никшић,42.818574,18.7784033
cluster,R1a,non_I2,Founder,L1029,Радусин,Михољдан,Босанска Крајина,Доњи Петровићи/Крупа на Уни,44.8923889,16.2761455
cluster,E,non_I2,Founder,E-Y126722,Радујковић,Часне Вериге апостола Петра,Босанска Крајина,Челинац,44.7241731,17.319359
cluster,E,non_I2,Founder,E-Z1057,Раичевић,Андријевдан,Брда,Ораховица/Бијело Поље,43.1138896,19.7334445
cluster,E,non_I2,Founder,E-PH1395,Раичевић,Томиндан,Рашка,Брусник/Ивањица,43.3652737,20.3485801
cluster,E,non_I2,Relic,E-L1250,Ракић,Ђурђиц,Браничево,Шетоње/Петровац на Млави,44.2729178,21.4743516
cluster,G,non_I2,Founder,G-Y128480,Ракић,Мратиндан,Североисточна Босна,Рухотина/Бијељина,44.6351058,19.1869828
cluster,R1a,non_I2,Founder,L1029,Ракић,Никољдан,Централна Хрватска,Кутина,45.483097,16.7755908
cluster,R1a,non_I2,Relic,FTB42580,Раковац,Аранђеловдан,Понишавље,Ниш,43.3211301,21.8959232
cluster,PH908_primary,PH908_family,Relic,FTA49542,Раковац,Лучиндан,Расина,Камењача/Трстеник,43.5725132,21.0681773
cluster,I1,non_I2,Founder,Y155080,Раковић,Никољдан,Стари Влах,Горачићи/Лучани,43.7934332,20.3276681
cluster,I1,non_I2,Founder,FT428459,Ранковић,Стевањдан,Шумадија,Рабровац/Младеновац,44.3594444,20.7525
cluster,J2,non_I2,Relic,J-Y153290,Ранђеловић,Јовањдан,Топлица,Житорађа,43.1889653,21.7111439
cluster,PH908_primary,PH908_family,Founder,FT14506,Ранђеловић,Никољдан,Јабланица,Шишава/Власотинце,42.990208,22.115749
cluster,R1b,non_I2,Founder,A274,Растовић,Јовањдан,Лика,Срб/Грачац,44.3618722,16.1237712
cluster,G,non_I2,Relic,G-Z3353,Ратковић,Ђурђевдан,Лика,Госпић,44.5245459,15.4229345
cluster,PH908_primary,PH908_family,Founder,FT14506,Ратковић,Ђурђевдан,Херцеговина,Носати До/Жељево/Требиње,42.680871,18.4204464
cluster,PH908_primary,PH908_family,Founder,FT14506,Ратковић,Никољдан,Топлица,Доња Бејашница/Прокупље,43.1956923,21.4531335
cluster,I1,non_I2,Founder,FGC22061,Ратковић,Никољдан,Стари Влах,Кучин/Пријепоље,43.4792831,19.6330634
cluster,E,non_I2,Founder,E-Z13591,Ратковић,Петковдан,Метохија,Суви Лукавац/Исток,42.7348718,20.5091945
cluster,R1b,non_I2,Founder,L51,Рафаел,Нема,Централна Хрватска,Копривница,46.1623335,16.8307909
cluster,PH908_primary,PH908_family,Founder,FT14506,Раца,Никољдан,Босанска Крајина,Гомјеница/Кмећани/Бања Лука,44.5750257,17.8561262
cluster,I1,non_I2,Founder,Y155080,Рацков,Ђурђиц,Западни Банат,Баранда/Опово,45.0827888,20.4462371
cluster,I1,non_I2,Founder,FGC22061,Рацковић,Ђурђевдан,Источна Босна,Борике/Рогатица,43.7997371,19.002206
cluster,PH908_primary,PH908_family,Founder,FT14506,Рачић,Ђурђевдан,Херцеговина,Днопоље/Доње Зијемље/Источни Мостар,43.3968473,18.0130306
cluster,PH908_primary,PH908_family,Founder,FT14506,Рачић,Ђурђевдан,Херцеговина,Ранчићи/Доње Зијемље/Источни Мостар,43.4015205,18.0106611
cluster,PH908_primary,PH908_family,Founder,FT14506,Рачић,Ђурђиц,Шумадија,Медвеђа/Трстеник,43.6280323,21.0564562
cluster,E,non_I2,Founder,E-PH1395,Рачић,Аранђеловдан,Брда,Андријевица,42.7339619,19.7917886
cluster,E,non_I2,Founder,E-Y142744,Рашевић,Лазарева Субота,Источна Босна,Закмур/Фоча,43.4614071,18.6949606
cluster,PH908_primary,PH908_family,Relic,BY169115,Рашић,Аранђеловдан,Врањско Поморавље,Пољаница/Врање,43.9103181,20.12359
cluster,I1,non_I2,Founder,BY169301,Рашић,Никољдан,Источни Срем,Белегиш/Стара Пазова,45.0188292,20.3313275
cluster,R1a,non_I2,Founder,Y260767,Рашковић,Јовањдан,Мачва,Прово/Владимирци,44.669566,19.910427
cluster,I1,non_I2,Founder,FGC22061,Рашковић-Дробњак,Непознато,Херцеговина,Церница/Гацко,43.0770424,18.5163356
cluster,R1b,non_I2,Relic,Y217583,Рашовић,Петровдан,Зета,Љајковићи/Зета,42.3672776,19.2176667
cluster,R1b,non_I2,Founder,BY38894,Рађен,Лазарева Субота,Источна Босна,Хунковићи/Чајниче,43.6141976,19.2229414
cluster,Y3120_deep_mid_nonPH908,nonPH908_I2,Founder,Z17855,Рајаковић,Алимпијевдан,Стари Влах,Лопаш/Пожега,43.8053585,20.1239919
cluster,R1a,non_I2,Founder,Y189493,Рајилић,Марковдан,Босанска Крајина,Јошавка Горња/Челинац,44.7342666,17.4495925
cluster,I1,non_I2,Founder,FGC22061,Рајић,Ђурђевдан,Далмација,Велушић/Дрниш,43.9072974,16.1306049
cluster,E,non_I2,Founder,E-BY165837,Рајић,Ђурђиц,Шумадија,Страгари/Крагујевац,44.1508915,20.6624834
cluster,R1a,non_I2,Founder,L1029,Рајић,Алимпијевдан,Топлица,Доња Бресница/Прокупље,43.3186282,21.413906
cluster,E,non_I2,Founder,E-FGC11450,Рајић,Никољдан,Источна Босна,Врховина/Соколац,43.5469307,18.3543348
cluster,E,non_I2,Founder,E-FGC11450,Рајић,Никољдан,Источна Босна,Калаузовићи/Соколац,43.9601994,18.6013683
cluster,E,non_I2,Founder,E-Y128213,Рајкић,Јовањдан,Североисточна Босна,Батковић/Бијељина,44.8332129,19.2107897
cluster,E,non_I2,Founder,E-Z13591,Рајковић,Ђурђиц,Тимочка Крајина,Чубра/Неготин,44.1908783,22.4673454
cluster,PH908_primary,PH908_family,Founder,BY93199,Рајковић,Никољдан,Стара Херцеговина,Доња Бијела/Шавник,42.9136934,19.129948
cluster,R1b,non_I2,Founder,BY38894,Рајковић,Петковдан,Тимочка Крајина,Ново Корито/Књажевац,43.6390663,22.4451115
cluster,E,non_I2,Founder,E-Z1057,Рајовић,Аранђеловдан,Шумадија,Прељина/Чачак,43.9013757,20.4178774
cluster,E,non_I2,Founder,E-Y7168,Релић,Ђурђевдан,Банија,Горњи Класнић/Глина,45.3382654,16.090752
cluster,PH908_primary,PH908_family,Relic,BY55537,Рендулић,Никољдан,Стари Влах,Лучани,43.8602275,20.1365353
cluster,I1,non_I2,Founder,BY169301,Репац,Никољдан,Лика,Небљуси/Доњи Лапац,44.6631006,15.9442275
cluster,R1a,non_I2,Founder,BY99654,Ресановић,Никољдан,Банија,Закопа/Двор,45.0613492,16.3515562
cluster,J2,non_I2,Founder,J-Z38299,Решетар,Петковдан,Брда,Ново Село/Даниловград,42.4923888,19.1767047
cluster,E,non_I2,Founder,E-Z1057,Рељић,Никољдан,Босанска Крајина,Исјек/Босанско Грахово,44.1390686,16.4784841
cluster,E,non_I2,Founder,E-Z38456,Рибић,Никољдан,Босанска Крајина,Рибићи/Пећи/Кључ,43.687444,17.8558163
cluster,I1,non_I2,Relic,Y220153,Рикановић,Јовањдан,Североисточна Босна,Кореташи/Лопаре,44.7696152,18.8632593
cluster,E,non_I2,Founder,E-Z1057,Рикић,Мратиндан,Североисточна Босна,Угљевик Село/Угљевик,44.6728349,19.0272712
cluster,E,non_I2,Founder,E-Z38456,Рисимић,Ђурђиц,Шумадија,Медвеђа/Трстеник,43.6280323,21.0564562
cluster,N,non_I2,Founder,N-FT182494,Ристановић,Ђурђевдан,Шумадија,Кнежевац/Београд,44.7383816,20.4309098
cluster,R1b,non_I2,Relic,BY250,Ристановић,Ђурђевдан,Стари Влах,Равни/Ужице,43.7409801,19.8878666
cluster,R1b,non_I2,Founder,FT44409,Ристановић,Алимпијевдан,Мачва,Толисавац/Крупањ,44.3527778,19.435
cluster,E,non_I2,Founder,E-Z1057,Ристивојевић,Св. Јован Златоусти,Стари Влах,Дљин/Лучани,43.8688788,20.1433467
cluster,R1a,non_I2,Founder,Z280,Ристић,Аранђеловдан,Расина,Гревци/Крушевац,43.4772604,21.5389785
cluster,J2,non_I2,Relic,J-BY225800,Ристић,Аранђеловдан,Врањско Поморавље,Спанчевац/Бујановац,42.3683757,21.8453555
cluster,E,non_I2,Founder,E-Z1057,Ристић,Никољдан,Шумадија,Бањица/Вождовац/Београд,44.7562005,20.47756
cluster,E,non_I2,Founder,E-Z1057,Ристић,Никољдан,Врањско Поморавље,Врање,42.5573069,21.9021867
cluster,E,non_I2,Founder,E-FT104106,Ристић,Никољдан,Североисточна Босна,Попови/Бијељина,44.7633867,19.2733399
cluster,R1a,non_I2,Founder,L1029,Ристић,Никољдан,Североисточна Босна,Рјечица Горња/Добој,44.6041026,18.099697
cluster,PH908_primary,PH908_family,Founder,Y134585,Ристић,Св. Симеон Богопримац,Североисточна Босна,Ражљево/Брчко,44.7925327,18.9078822
cluster,J2,non_I2,Relic,J-FT157333,Ристовић,Ђурђевдан,Шумадија,Опланић/Кнић,43.9812818,20.6842088
cluster,E,non_I2,Founder,E-Z1057,Ристовић,Илиндан,Шумадија,Витановац/Краљево,43.7272614,20.7995794
cluster,R1b,non_I2,Founder,A274,Риђешић,Аранђеловдан,Херцеговина,Тули/Зубци,42.6487584,18.37743
cluster,PH908_primary,PH908_family,Relic,Y189076,Рнић,Пантелијевдан,Далмација,Отишић/Врлика,43.8488797,16.4510202
cluster,E,non_I2,Founder,E-Z1057,Робовјановић,Петковдан,Тимочка Крајина,Александровац/Неготин,44.0826319,22.5798339
cluster,E,non_I2,Founder,E-FT178289,Роган,Јовањдан,Херцеговина,Његановићи/Билећа,42.9673898,18.3584746
cluster,E,non_I2,Founder,E-FT178289,Роган,Јовањдан,Херцеговина,Струпићи/Берковићи,43.0724681,18.1800932
cluster,PH908_primary,PH908_family,Founder,BY93199,Рогач,Аранђеловдан,Херцеговина,Битељица/Корита/Билећа,42.8941397,18.3250134
cluster,E,non_I2,Founder,E-FT104106,Рогошић,Петковдан,Зета,Дахна/Дајбабе/Подгорица,42.4224623,19.226191
cluster,PH908_primary,PH908_family,Founder,FT386055,Родић,Аранђеловдан,Шумадија,Рипањ/Вождовац/Београд,44.6390298,20.5204337
cluster,PH908_primary,PH908_family,Founder,FT386055,Родић,Аранђеловдан,Босанска Крајина,Трубар/Дрвар,44.3489545,16.2628623
cluster,E,non_I2,Founder,E-Y7168,Ромић,Никољдан,Босанска Крајина,Црна Долина/Приједор,45.0258623,16.7190536
cluster,N,non_I2,Founder,N-FT213937,Ромчевић,Јовањдан,Кордун,Стипан/Вргинмост,45.4620539,15.8695715
cluster,I1,non_I2,Founder,FGC22061,Росић,Јовањдан,Стари Влах,Рти/Лучани,43.7400977,20.2521899
cluster,R1a,non_I2,Founder,L1029,Рошко,Никољдан,Босанска Крајина,Илова/Прњавор,44.8817167,17.6999456
cluster,R1b,non_I2,Relic,M12135,Рошул,Лучиндан,Бачка,Тител,45.2043941,20.3060414
cluster,J2,non_I2,Founder,J-Y22063,Ројевић,Мала Госпојина,Стара Херцеговина,Озринићи/Никшић,42.7442422,19.0003193
cluster,R1a,non_I2,Founder,YP4278,Рудаковић,Св. Врачи,Стари Влах,Сивчина/Ивањица,43.5579931,20.1443154
cluster,PH908_primary,PH908_family,Founder,FT14506,Рудан,Ђурђевдан,Херцеговина,Горња Дубока/Бурмази/Столац,43.0161486,17.9621864
cluster,PH908_primary,PH908_family,Founder,FT14506,Рудан,Ђурђевдан,Херцеговина,Мишљен/Љубиње,42.9494201,17.9930017
cluster,E,non_I2,Founder,E-PH1395,Рудинац,Аранђеловдан,Стари Влах,Горњи Дубац/Лучани,43.6634963,20.3615876
cluster,R1a,non_I2,Relic,YP3982,Рудински,Нема,Бачка,Суботица,46.0929654,19.6539185
cluster,I1,non_I2,Founder,FGC22061,Рудић,Аранђеловдан,Брда,Бијело Поље,43.060107,19.5188414
cluster,I1,non_I2,Founder,FGC22061,Рудић,Аранђеловдан,Брда,Медановићи/Бијело Поље,43.0285518,19.7308888
cluster,J2,non_I2,Founder,J-Y22059,Ружичић,Ђурђевдан,Стари Влах,Горачићи/Лучани,43.7934332,20.3276681
cluster,R1b,non_I2,Founder,A274,Ружић,Јовањдан,Херцеговина,Доњи Тврдош/Тврдош/Требиње,42.7242067,18.2825677
cluster,PH908_primary,PH908_family,Relic,A22770,Рукавина,Нема,Лика,Смољанац/Кореница,44.9410727,15.6527346
cluster,PH908_primary,PH908_family,Founder,FT14506,Рунић,Никољдан,Босанска Крајина,Ведро Поље/Босански Петровац,44.5057546,16.3882685
cluster,G,non_I2,Founder,G-FTC64765,Рутешић,Аранђеловдан,Стара Херцеговина,Грахово/Никшић,45.1456066,15.8422848
cluster,E,non_I2,Founder,E-Z1057,Руљ,Лучиндан,Херцеговина,Невесиње,43.258198,18.106113
cluster,J2,non_I2,Founder,J-Y22063,Рњавић,Јовањдан,Браничево,Осаница/Жагубица,44.2803153,21.6690321
cluster,E,non_I2,Founder,E-L241,Савичић,Никољдан,Босанска Крајина,Црни Врх/Челинац,44.7756748,17.3972787
cluster,PH908_primary,PH908_family,Founder,Y134585,Савић,Ђурђевдан,Североисточна Босна,Горњи Церани/Дервента,44.9767094,17.906959
cluster,J2,non_I2,Founder,J-Y14439,Савић,Ђурђевдан,Мачва,Козјак/Лозница,44.5867673,19.2833921
cluster,I1,non_I2,Founder,FGC22061,Савић,Ђурђевдан,Колубара,Робаје/Мионица,44.2155848,19.9790323
cluster,I1,non_I2,Founder,Y155080,Савић,Ђурђевдан,Североисточна Босна,Чечава/Теслић,44.6922483,17.7150943
cluster,J2,non_I2,Relic,J-Y29678,Савић,Аранђеловдан,Стари Влах,Злакуса/Ужице,43.8022341,19.952395
cluster,R1a,non_I2,Founder,Z280,Савић,Аћимовдан,Источна Босна,Градац/Фоча,43.5052753,18.7632044
cluster,R1a,non_I2,Founder,L1029,Савић,Лазарева Субота,Североисточна Босна,Лозна/Бановићи,44.4376937,18.3498309
cluster,I1,non_I2,Founder,Y155080,Савић,Лучиндан,Колубара,Лукавац/Ваљево,44.2970451,19.9999414
cluster,R1b,non_I2,Founder,BY38894,Савић,Мратиндан,Североисточна Босна,Даздарево/Бијељина,44.8339624,19.2787509
cluster,PH908_primary,PH908_family,Relic,FTC69351,Савић,Никољдан,Босанска Крајина,Ћукали/Србац,44.9824202,17.5384854
cluster,R1a,non_I2,Founder,BY30743,Савић,Никољдан,Источни Срем,Крушедол Село/Ириг,45.1129059,19.9473526
cluster,E,non_I2,Founder,E-Y142744,Савић,Никољдан,Тимочка Крајина,Неготин,44.2271199,22.5308921
cluster,J2,non_I2,Founder,J-Y155375,Савић,Пантелијевдан,Стари Влах,Подосоје/Ритошићи/Прибој,43.4856499,19.2461193
cluster,E,non_I2,Founder,E-Z13591,Савић,Петковдан,Топлица,Мачковац/Куршумлија,43.1581576,21.2796539
cluster,E,non_I2,Founder,E-L241,Савић,Савиндан,Расина,Радманово/Брус,43.3132438,20.9172713
cluster,PH908_primary,PH908_family,Founder,BY93199,Савићевић,Аранђеловдан,Топлица,Растелица/Куршумлија,43.1411125,21.1105677
cluster,N,non_I2,Founder,N-FT213937,Савовић,Јовањдан,Херцеговина,Загора/Требиње,42.8063794,18.2001257
cluster,E,non_I2,Founder,E-FT104106,Савчић,Никољдан,Источна Босна,Соколац,44.7865695,15.8973452
cluster,I1,non_I2,Founder,FGC22061,Сакић,Ђурђевдан,Стари Влах,Бесеровина/Бајина Башта,43.9506923,19.4693524
cluster,R1a,non_I2,Founder,YP417,Салата,Митровдан,Херцеговина,Равно,42.8873119,17.9645863
cluster,J2,non_I2,Founder,J-Y22063,Самарџић,Ђурђевдан,Херцеговина,Батковићи/Невесиње,43.2684239,18.1537177
cluster,J2,non_I2,Founder,J-Y155375,Самоуковић,Ђурђевдан,Средња Босна,Урдук/Хаџићи,43.7993694,18.1342966
cluster,E,non_I2,Founder,E-CTS11222,Сандаљ,Никољдан,Босанска Крајина,Радосавска/Бања Лука,44.849613,16.9479301
cluster,PH908_primary,PH908_family,Founder,FT190799,Сарачевић,Лучиндан,Шумадија,Љутовница/Горњи Милановац,44.0769609,20.4387635
cluster,J2,non_I2,Founder,J-Y155375,Сарић,Никољдан,Источна Босна,Мештревац/Фоча,43.2900651,18.9952065
cluster,J2,non_I2,Founder,J-Y14439,Сатарић,Јовањдан,Стари Влах,Милатовићи/Лучани,43.7276927,20.3696394
cluster,R1b,non_I2,Relic,Z9,Сајдл,Нема,Бачка,Бачки Маглић/Бачки Петровац,45.3600646,19.5914331
cluster,I1,non_I2,Founder,FGC22061,Свилокос,Ђурђевдан,Источни Срем,Лаћарак/Сремска Митровица,44.9975082,19.5649928
cluster,I1,non_I2,Founder,BY169301,Свирчевић,Аранђеловдан,Источни Срем,Беочин,45.2099153,19.7209347
cluster,J2,non_I2,Founder,J-FT413312,Сворцан,Јовањдан,Херцеговина,Корита/Билећа,42.8941397,18.3250134
cluster,PH908_primary,PH908_family,Founder,FT14506,Сеизовић,Никољдан,Босанска Крајина,Горња Козица/Сански Мост,44.6690571,16.8284501
cluster,R1a,non_I2,Founder,L1029,Сеизовић,Св. Врачи,Рашка,Вранеши/Врњачка Бања,43.676962,20.8078058
cluster,R1a,non_I2,Founder,L1029,Секулић,Јовањдан,Североисточна Босна,Велика Обарска/Бијељина,44.8017099,19.1712899
cluster,PH908_primary,PH908_family,Founder,FT16449,Секулић,Митровдан,Мачва,Рибарица/Лозница,44.5309221,19.2237478
cluster,I1,non_I2,Founder,Y155080,Секулић,Никољдан,Западна Македонија,Тресонче/Маврово и Ростуша,41.562568,20.7220194
cluster,I1,non_I2,Founder,FGC22061,Секулић,Св. Врачи,Шумадија,Гунцати/Кнић,43.8944092,20.647532000000002
cluster,PH908_primary,PH908_family,Founder,FT14506,Секуловић,Михољдан,Херцеговина,Орах/Равно,42.7009066,18.1804983
cluster,PH908_primary,PH908_family,Founder,FT14506,Селак,Вартоломијевдан,Босанска Крајина,Требовљани/Градишка,45.0977605,17.1266967
cluster,R1b,non_I2,Relic,Y164618,Симијановић,Аранђеловдан,Косово,Јажинце/Штрпце,42.2158079,20.9873528
cluster,R1a,non_I2,Founder,L1029,Симић,Ђурђевдан,Североисточна Босна,Буковица Горња/Бијељина,44.7706708,18.9776715
cluster,J2,non_I2,Founder,J-L70,Симић,Аранђеловдан,Косово,Гризиме/Косовска Каменица,42.6056787,21.576878
cluster,R1a,non_I2,Founder,L1029,Симић,Аранђеловдан,Браничево,Чубура/Ражањ,43.6669071,21.5353302
cluster,PH908_primary,PH908_family,Founder,FT16449,Симић,Игњатијевдан,Босанска Крајина,Грабовац/Челинац,44.7527078,17.3747428
cluster,R1a,non_I2,Founder,Y189493,Симић,Марковдан,Босанска Крајина,Јошавка Горња/Челинац,44.7342666,17.4495925
cluster,PH908_primary,PH908_family,Founder,Y51673,Симић,Никољдан,Стари Влах,Вране/Ариље,43.7571083,20.0817975
cluster,I1,non_I2,Founder,BY169301,Симић,Никољдан,Шумадија,Забрежје/Бања/Аранђеловац,44.2906194,20.6251573
cluster,E,non_I2,Founder,E-L241,Симић,Никољдан,Североисточна Босна,Обади/Сребреница,44.143866,19.3628854
cluster,PH908_primary,PH908_family,Relic,Y151087,Симић,Св. Врачи,Косово,Врница/Вучитрн,42.7881005,20.9664322
cluster,N,non_I2,Founder,N-FT213937,Симовић,Јовањдан,Стари Влах,Добриловићи/Прибој,43.5324266,19.5434799
cluster,I2_unmapped_nonPH908,nonPH908_I2,Relic,P95,Симовић,Аранђеловдан,Стари Влах,Доброселица/Чајетина,43.6168559,19.7042761
cluster,J2,non_I2,Founder,J-L70,Симовић,Мратиндан,Шумадија,Трешњевак/Крагујевац,43.9097407,20.9159334
cluster,PH908_primary,PH908_family,Founder,FT14506,Симоничић,Стевањдан,Шумадија,Медвеђа/Трстеник,43.6280323,21.0564562
cluster,E,non_I2,Founder,E-Y128213,Симонић,Никољдан,Рашка,Руђинци/Врњачка Бања,43.6186139,20.9120197
cluster,R1b,non_I2,Founder,FT44409,Симоновић,Мратиндан,Западни Банат,Идвор/Ковачица,45.1903495,20.5131341
cluster,R1a,non_I2,Founder,L1029,Сировица,Јовањдан,Далмација,Житнић/Дрниш,43.8363424,16.1346332
cluster,R1a,non_I2,Relic,Y208600,Сијамија,Нема,Средња Босна,Прусац/Доњи Вакуф,44.0984545,17.3727432
cluster,PH908_primary,PH908_family,Founder,Y51673,Скоко,Ђурђевдан,Херцеговина,Југовићи/Гацко,43.2751705,18.4429668
cluster,PH908_primary,PH908_family,Founder,Y51673,Скоко,Ђурђевдан,Херцеговина,Крушчица/Калиновик,43.3258322,18.4064011
cluster,PH908_primary,PH908_family,Founder,BY93199,Скоруп,Аранђеловдан,Херцеговина,Биоград/Невесиње,43.1975446,18.1736467
cluster,R1a,non_I2,Founder,L1029,Скочибушић,Нема,Херцеговина,Месиховина/Дувно,43.576556,17.2856106
cluster,E,non_I2,Founder,E-Z13591,Славковић,Петковдан,Рашка,Леча/Нови Пазар,43.073085,20.5577213
cluster,J2,non_I2,Founder,J-L70,Славнић,Мратиндан,Банија,Љесковац/Двор,45.1727032,16.2442421
cluster,E,non_I2,Founder,E-Z1057,Сладоје,Ђурђевдан,Источна Босна,Обаљ/Калиновик,43.461587,18.3516776
cluster,E,non_I2,Founder,E-Z1057,Слијепчевић,Ђурђевдан,Херцеговина,Доња Ивица/Ивица/Љубиње,42.9125468,18.1830497
cluster,PH908_primary,PH908_family,Founder,Y56203,Сломић,Аранђеловдан,Мачва,Мајур/Шабац,44.7708247,19.6547859
cluster,E,non_I2,Founder,E-Z1057,Смилић,Св. Мина,Топлица,Штава/Куршумлија,43.1704962,20.9726989
cluster,E,non_I2,Founder,E-FGC11450,Смиљанић,Јовањдан,Лика,Прокике/Бриње,44.9859473,15.0685638
cluster,E,non_I2,Founder,E-Y126722,Смиљић,Никољдан,Североисточна Босна,Жарковина/Теслић,44.6335453,17.8519672
cluster,I1,non_I2,Founder,FGC22061,Смиљковић,Никољдан,Топлица,Љутова/Куршумлија,43.1851995,21.0929454
cluster,E,non_I2,Founder,E-FT104106,Совиљ,Никољдан,Босанска Крајина,Врточе/Босански Петровац,44.6351728,16.1764005
cluster,E,non_I2,Founder,E-FT104106,Совиљ,Никољдан,Босанска Крајина,Саница Горња/Кључ,44.6232627,16.6271573
cluster,Y3120_deep_mid_nonPH908,nonPH908_I2,Founder,Z17855,Соколовић,Аранђеловдан,Јабланица,Ивање/Бојник,43.0009751,21.5868902
cluster,PH908_primary,PH908_family,Founder,FT14506,Сорајић,Ђурђевдан,Херцеговина,Дубочица/Љубиње,42.9467238,18.1213467
cluster,N,non_I2,Founder,N-FT182494,Софренић,Стевањдан,Североисточна Босна,Бољанић/Добој,44.6890105,18.2211923
cluster,G,non_I2,Founder,G-Y128480,Софронић,Никољдан,Колубара,Гола Глава/Ваљево,44.4068575,19.8637439
cluster,J2,non_I2,Founder,J-FT413312,Спаић,Јовањдан,Херцеговина,Граб/Требиње,42.6045249,18.4258756
cluster,E,non_I2,Founder,E-Y128213,Спарић,Јовањдан,Стари Влах,Херцеговачка Голеша/Прибој,43.5036499,19.4036702
cluster,E,non_I2,Founder,E-Y128213,Спарић,Јовањдан,Стари Влах,Црнетићи/Херцеговачка Голеша/Прибој,43.5036499,19.4036702
cluster,E,non_I2,Founder,E-Z1057,Спасеновић,Никољдан,Шумадија,Жарково/Београд,44.7546064,20.4103465
cluster,E,non_I2,Relic,E-Y177539,Спасић,Ђурђевдан,Шумадија,Барич/Обреновац,44.6515602,20.2583617
cluster,J2,non_I2,Founder,J-Y22063,Спасић,Јовањдан,Врањско Поморавље,Загужање/Сурдулица,42.7067418,22.1499474
cluster,PH908_map_nonprimary,PH908_family,Relic,Z16983,Спасовић,Јовањдан,Стари Влах,Ерчеге/Ивањица,43.3658871,20.1659704
cluster,E,non_I2,Founder,E-Y128213,Спасовски,Никољдан,Северна Македонија,Дренак/Старо Нагоричане,42.133988,22.3406594
cluster,J2,non_I2,Founder,J-Y22063,Спасојевић,Ђурђиц,Колубара,Рађево Село/Ваљево,44.2912122,19.8638094
cluster,PH908_primary,PH908_family,Founder,Y56203,Спасојевић,Аранђеловдан,Североисточна Босна,Батковић/Бијељина,44.8332129,19.2107897
cluster,PH908_primary,PH908_family,Founder,FT190799,Спасојевић,Лучиндан,Североисточна Босна,Патковача/Бијељина,44.7255327,19.227721
cluster,R1a,non_I2,Founder,Y189493,Спасојевић,Марковдан,Босанска Крајина,Шњеготина Велика/Челинац,44.7147009,17.5427528
cluster,PH908_primary,PH908_family,Founder,FT14506,Спасојевић,Св. Врачи,Шумадија,Врановац/Јагодина,44.0224111,21.1509841
cluster,R1b,non_I2,Relic,BY55016,Спахић,Јовањдан,Херцеговина,Тасовчићи/Чапљина,43.1144899,17.7151826
cluster,Y3120_shallow_nonPH908,nonPH908_I2,Relic,Y336366,Спајић,Лучиндан,Источна Босна,Мишћевина/Пљеско/Рогатица,43.7366992,19.0549349
cluster,R1a,non_I2,Relic,Y289137,Спајић,Никољдан,Источна Босна,Камен/Рогатица,43.7325285,19.0800618
cluster,Y3120_deep_mid_nonPH908,nonPH908_I2,Founder,Z17855,Срдановић,Ђурђевдан,Стари Влах,Пожега,45.3310723,17.6765332
cluster,I1,non_I2,Founder,FGC22061,Срдановић,Никољдан,Стара Херцеговина,Косорићи/Добра Села/Шавник,44.0528966,18.9849007
cluster,PH908_primary,PH908_family,Founder,FT16449,Срдановић,Петровдан,Шумадија,Зеоке/Лазаревац,44.4100886,20.3251085
cluster,E,non_I2,Founder,E-FGC11450,Средојевић,Савиндан,Стари Влах,Виницка/Пријепоље,43.3175174,19.6345473
cluster,R1a,non_I2,Relic,Y208600,Сремац,Стевањдан,Источни Срем,Вашица/Шид,45.0956204,19.1866039
cluster,PH908_primary,PH908_family,Founder,FT14506,Сретеновић,Никољдан,Шумадија,Барич/Обреновац,44.6515602,20.2583617
cluster,E,non_I2,Founder,E-FT104106,Срећковић,Никољдан,Шумадија,Велико Крчмаре/Рача,44.1547148,20.8954382
cluster,PH908_primary,PH908_family,Founder,FT14506,Срндовић,Лазарева Субота,Источна Босна,Фоча,44.8489627,18.0062959
cluster,N,non_I2,Founder,N-FGC28435,Срнић,Никољдан,Банија,Горња Ораовица/Двор,45.1636272,16.409377
cluster,J2,non_I2,Founder,J-Y22063,Стамболија,Ђурђевдан,Банија,Сочаница/Двор,45.065984,16.2901237
cluster,R1a,non_I2,Founder,BY99654,Стаменковић,Алимпијевдан,Јабланица,Тулово/Лесковац,42.883953,21.987379
cluster,PH908_primary,PH908_family,Founder,BY93199,Станаревић,Аранђеловдан,Североисточна Босна,Батковић/Бијељина,44.8332129,19.2107897
cluster,J2,non_I2,Relic,J-Y523332,Станаћев,Ђурђевдан,Западни Банат,Ново Милошево/Нови Бечеј,45.7213056,20.3017485
cluster,PH908_primary,PH908_family,Founder,FT14506,Станимировић,Лазарева Субота,Стара Херцеговина,Мале Крће/Пљевља,43.4276152,19.2895324
cluster,R1a,non_I2,Founder,L1029,Станимировић,Никољдан,Шумадија,Гроцка,44.763475,20.5546567
cluster,I1,non_I2,Founder,Y155080,Станимировић,Никољдан,Мачва,Шеварице/Шабац,44.8672047,19.6597085
cluster,R1a,non_I2,Founder,FT288648,Станисављев (Ђорђевић),Ђурђевдан,Стари Влах,Скржути/Ужице,43.7607114,19.8734521
cluster,R1b,non_I2,Founder,L51,Станисављевић,Ђурђевдан,Мачва,Липолист/Шабац,44.697828,19.501014
cluster,R1a,non_I2,Founder,Z280,Станисављевић,Јовањдан,Источни Срем,Добановци/Сурчин,44.8275822,20.2228552
cluster,R1a,non_I2,Founder,L1029,Станишић,Нема,Западни Банат,Панчево,44.8705686,20.6399643
cluster,E,non_I2,Founder,E-Z13591,Станишић,Петковдан,Брда,Винићи/Даниловград,42.6174623,19.0871714
cluster,PH908_primary,PH908_family,Founder,FT14506,Станишић,Тројчиндан,Стара Херцеговина,Топла/Херцег Нови,42.4592746,18.5268749
cluster,E,non_I2,Founder,E-Z1057,Станић,Видовдан,Лика,Ивакуша/Водотеч/Бриње,45.0726416,15.0746292
cluster,E,non_I2,Founder,E-Z1057,Станић,Видовдан,Источни Срем,Нови Сланкамен/Инђија,45.1257668,20.2390854
cluster,J2,non_I2,Founder,J-Y14439,Станић,Никољдан,Расина,Вражогрнци/Александровац,43.4327044,21.1325508
cluster,I1,non_I2,Founder,FGC22061,Станковић,Ђурђевдан,Стари Влах,Доброселица/Чајетина,43.6168559,19.7042761
cluster,I1,non_I2,Founder,BY169301,Станковић,Ђурђевдан,Колубара,Осеченица/Мионица,44.1900361,20.0299964
cluster,J2,non_I2,Founder,J-Y155375,Станковић,Јовањдан,Понишавље,Велики Крчимир/Гаџин Хан,43.0987132,22.2089808
cluster,R1a,non_I2,Founder,L1029,Станковић,Јовањдан,Лика,Острвица/Госпић,44.5628718,15.4532645
cluster,E,non_I2,Founder,E-Z1057,Станковић,Алимпијевдан,Косово,Коњух/Липљан,42.5394477,21.1400963
cluster,R1a,non_I2,Founder,Z280,Станковић,Аранђеловдан,Врањско Поморавље,Радовница/Трговиште,42.4142996,22.2246525
cluster,Y3120_deep_mid_nonPH908,nonPH908_I2,Relic,BY200456,Станковић,Аранђеловдан,Стари Влах,Шиљци/Забрњица/Прибој,44.5077168,18.7247453
cluster,E,non_I2,Relic,E-Y328959,Станковић,Лучиндан,Јабланица,Губеревац/Лесковац,42.947969,22.028541
cluster,PH908_primary,PH908_family,Relic,Y598756,Станковић,Никољдан,Браничево,Божевац/Мало Црниће,44.54213,21.3948737
cluster,R1a,non_I2,Founder,L1029,Станковић,Никољдан,Понишавље,Горње Крњино/Бабушница,43.1065316,22.4317125
cluster,PH908_primary,PH908_family,Relic,Y11229,Станковић,Никољдан,Расина,Каменица/Алексинац,43.4482965,21.6039815
cluster,J2,non_I2,Relic,J-M205,Станковић,Никољдан,Шумадија,Липе/Смедерево,44.6409954,20.9992927
cluster,E,non_I2,Founder,E-Y128213,Станковић,Никољдан,Шумадија,Придворице/Смедеревска Паланка,44.3415448,20.9022412
cluster,E,non_I2,Founder,E-BY165837,Станковић,Св. Врачи,Стари Влах,Соколићи/Чачак,43.9414481,20.3918266
cluster,I1,non_I2,Founder,Y155080,Станојевић,Ђурђевдан,Босанска Крајина,Доњи Штрпци/Прњавор,44.866758,17.7473086
cluster,E,non_I2,Founder,E-L241,Станојевић,Ђурђевдан,Колубара,Причевић/Ваљево,44.2799588,19.7729201
cluster,I1,non_I2,Founder,FGC22061,Станојевић,Ђурђевдан,Стари Влах,Чачак,43.8914332,20.3491624
cluster,I1,non_I2,Founder,Y155080,Станојевић,Ђурђевдан,Североисточна Босна,Чечава/Теслић,44.6922483,17.7150943
cluster,E,non_I2,Founder,E-FGC11450,Станојевић,Аранђеловдан,Јабланица,Предејане (село)/Лесковац,42.8324918,22.1403994
cluster,E,non_I2,Founder,E-Y142744,Станојевић,Лазарева Субота,Шумадија,Лесковац/Кнић,43.8463619,20.7457892
cluster,J2,non_I2,Founder,J-Y22059,Старчевић,Стевањдан,Североисточна Босна,Прњавор Мали/Добој,44.8111934,18.0098321
cluster,R1a,non_I2,Founder,Y144943,Стајић,Лазарева Субота,Херцеговина,Грабовица/Невесиње,43.1997736,18.2547567
cluster,R1a,non_I2,Founder,Y144943,Стајић,Лазарева Субота,Херцеговина,Сливља/Гацко,43.2901952,18.3529637
cluster,PH908_primary,PH908_family,Founder,FT14506,Стајчић,Ђурђевдан,Херцеговина,Банчићи/Љубиње,42.9716006,17.9952073
cluster,E,non_I2,Founder,E-Y142744,Стевановић,Јовањдан,Североисточна Босна,Прибој/Лопаре,44.6015596,18.9300839
cluster,PH908_primary,PH908_family,Relic,FT271768,Стевановић,Аранђеловдан,Врањско Поморавље,Битврђа/Сурдулица,42.6958333,22.2691667
cluster,J2,non_I2,Founder,J-Z38299,Стевановић,Аранђеловдан,Јабланица,Бувце/Лебане,42.8374617,21.6910427
cluster,R1a,non_I2,Founder,Y144943,Стевановић,Лазарева Субота,Североисточна Босна,Јаблани/Стари Угљевик/Угљевик,44.6596333,19.007710199999998
cluster,E,non_I2,Founder,E-BY165837,Стевановић,Никољдан,Брда,Андријевица,42.7339619,19.7917886
cluster,J2,non_I2,Founder,J-Y22059,Стевановић,Никољдан,Североисточна Босна,Батковић/Бијељина,44.8332129,19.2107897
cluster,E,non_I2,Founder,E-CTS11222,Стевановић,Никољдан,Херцеговина,Зови До/Невесиње,43.1574316,18.2122491
cluster,J2,non_I2,Founder,J-Y22063,Стевановић,Никољдан,Рашка,Липова/Врњачка Бања,43.6162816,20.871667
cluster,PH908_primary,PH908_family,Founder,FT16449,Стевановић,Никољдан,Херцеговина,Милавићи/Билећа,43.0685339,18.2180127
cluster,E,non_I2,Founder,E-Z1057,Стевановић,Никољдан,Топлица,Прокупље,43.2343484,21.5884422
cluster,PH908_primary,PH908_family,Relic,FT109387,Стевановић,Св. апостол Филип,Шумадија,Мала Плана/Смедеревска Паланка,44.3699164,21.016793
cluster,J2,non_I2,Founder,J-Y155375,Стевић,Ђурђиц,Колубара,Вировац/Мионица,44.3098976,20.1033487
cluster,R1a,non_I2,Founder,Y189493,Степановић,Аранђеловдан,Расина,Рибник/Трстеник,43.6106119,21.0621145
cluster,E,non_I2,Founder,E-Z1057,Степановић,Никољдан,Западна Македонија,Радожда/Струга,41.1045491,20.6331544
cluster,E,non_I2,Founder,E-Z1057,Степић,Св. Мина,Топлица,Претрешња/Блаце,43.3443801,21.3508387
cluster,R1a,non_I2,Founder,L1029,Стефановић,Ђурђиц,Расина,Лознац/Алексинац,43.4642398,21.6035527
cluster,Y3120_deep_mid_nonPH908,nonPH908_I2,Relic,Z16971,Стефановић,Јовањдан,Браничево,Јошаница/Жагубица,44.2791418,21.7111387
cluster,E,non_I2,Founder,E-Z1057,Стефановић,Алимпијевдан,Топлица,Блаце,43.2955155,21.2865967
cluster,N,non_I2,Founder,N-FT182494,Стефановић,Никољдан,Источна Босна,Јошаница/Фоча,43.5592049,18.8079953
cluster,E,non_I2,Founder,E-PH1395,Стефановић,Св. Александар Невски,Шумадија,Комаране/Рековац,43.8309357,21.0781824
cluster,E,non_I2,Founder,E-PH1395,Стијовић,Аранђеловдан,Брда,Маште/Беране,42.8435792,19.8728701
cluster,I1,non_I2,Founder,FGC22061,Стоилковић,Аранђеловдан,Врањско Поморавље,Делиновица/Старац/Бујановац,42.3172856,21.9092268
cluster,PH908_primary,PH908_family,Founder,Y51673,Столица,Никољдан,Херцеговина,Граница/Билећа,42.9283592,18.3519676
cluster,E,non_I2,Founder,E-Y126722,Стојадиновић,Петровдан,Стари Влах,Виницка/Пријепоље,43.3175174,19.6345473
cluster,J2,non_I2,Relic,J-L26,Стојаков,Андријевдан,Западни Банат,Црепаја/Ковачица,45.0092297,20.6372859
cluster,J2,non_I2,Founder,J-Y22063,Стојанац,Св. Симеон Столпник,Далмација,Дабар/Хрваце,43.8319597,16.5546677
cluster,E,non_I2,Relic,E-BY5610,Стојановић,Ђурђиц,Шумадија,Београд,44.7863236,20.4716856
cluster,R1b,non_I2,Relic,BY184991,Стојановић,Ђурђиц,Врањско Поморавље,Давидовац/Врање,42.4777778,21.8319444
cluster,R1b,non_I2,Founder,L51,Стојановић,Ђурђиц,Јабланица,Рафуна/Лебане,42.8570317,21.7020833
cluster,E,non_I2,Founder,E-FGC11450,Стојановић,Јовањдан,Јабланица,Липовица/Власотинце,43.025175,22.104992
cluster,J2,non_I2,Founder,J-Y22059,Стојановић,Јовањдан,Средња Босна,Осојница/Зеница,44.2187646,17.815246900000002
cluster,J2,non_I2,Founder,J-Y22063,Стојановић,Јовањдан,Лика,Шкаре/Оточац,44.8917641,15.3098142
cluster,R1b,non_I2,Relic,L23,Стојановић,Аранђеловдан,Топлица,Дубово/Житорађа,43.111387,21.695183
cluster,R1a,non_I2,Founder,L1029,Стојановић,Аранђеловдан,Јабланица,Самарница/Власотинце,42.9364502,22.1802749
cluster,R1b,non_I2,Founder,FT44409,Стојановић,Никољдан,Косово,Љештар/Косовска Каменица,42.6464296,21.4873649
cluster,R1a,non_I2,Founder,Y189493,Стојановић,Никољдан,Стари Влах,Лочевци/Горњи Милановац,44.0522841,20.3516323
cluster,E,non_I2,Relic,E-A9739,Стојановић,Никољдан,Браничево,Шетоње/Петровац на Млави,44.2729178,21.4743516
cluster,E,non_I2,Founder,E-Z13591,Стојановић,Петковдан,Косово,Чешановиће/Зубин Поток,42.9686117,20.6450363
cluster,J2,non_I2,Founder,J-Z38299,Стојановић,Савиндан,Топлица,Пашинац/Прокупље,43.2781437,21.5070025
cluster,J2,non_I2,Founder,J-Y155375,Стојичић,Ђурђевдан,Босанска Крајина,Убовића Брдо/Мркоњић Град,44.3363229,16.8956213
cluster,J2,non_I2,Founder,J-L70,Стојиљковић,Никољдан,Понишавље,Велико Боњинце/Бабушница,43.013269,22.261229
cluster,J2,non_I2,Founder,J-Y14439,Стојиљковић,Никољдан,Јабланица,Дадинце/Власотинце,42.9313337,22.125003
cluster,R1b,non_I2,Relic,Y104972,Стојић,Аранђеловдан,Стари Влах,Гуча/Лучани,43.7772932,20.2269416
cluster,Y3120_shallow_nonPH908,nonPH908_I2,Relic,Y313595,Стојић,Лазарева Субота,Шумадија,Ћелије/Лајковац,44.3647918,20.2015775
cluster,R1a,non_I2,Relic,BY212473,Стојковић,Ђурђевдан,Јужна Барања,Дарда,45.6278597,18.6932831
cluster,R1a,non_I2,Founder,Z280,Стојковић,Ђурђевдан,Браничево,Средњево/Велико Градиште,44.6456705,21.4891071
cluster,PH908_primary,PH908_family,Founder,FT16449,Стојковић,Лазарева Субота,Метохија,Љубенић/Пећ,42.5967691,20.2921484
cluster,J2,non_I2,Founder,J-Z38299,Стојковић,Никољдан,Јабланица,Богуновац/Медвеђа,42.7815958,21.5075458
cluster,E,non_I2,Founder,E-Z38456,Стојковић,Никољдан,Шумадија,Тулеж/Аранђеловац,44.4157702,20.4422253
cluster,J2,non_I2,Founder,J-Y155375,Стојчевић,Ђурђевдан,Босанска Крајина,Ламинци/Градишка,45.0792332,17.3226077
cluster,I1,non_I2,Relic,Z58,Стојчевић,Нема,Североисточна Босна,Комушина Горња/Теслић,44.531381,17.8406769
cluster,J2,non_I2,Founder,J-L70,Стојчић,Мратиндан,Стари Влах,Доња Добриња/Пожега,43.929859,20.040822
cluster,R1b,non_I2,Founder,BY38894,Страхињић,Аранђеловдан,Јабланица,Оране/Бојник,42.9840198,21.6281279
cluster,E,non_I2,Founder,E-FGC11450,Страјнић,Никољдан,Јужна Барања,Поповац,45.3780484,17.041799
cluster,R1b,non_I2,Founder,L51,Строс,Непознато,Крањска,Блед,46.3681066,13.9806073
cluster,PH908_primary,PH908_family,Founder,FT14506,Ступар,Лазарева Субота,Босанска Крајина,Мала Крупска Рујишка/Нови Град,44.9216557,16.3432266
cluster,PH908_primary,PH908_family,Founder,FT14506,Ступар,Лазарева Субота,Босанска Крајина,Расавци/Приједор,44.900746,16.709777
cluster,PH908_primary,PH908_family,Founder,FT14506,Ступар,Лазарева Субота,Босанска Крајина,Скакавац/Босански Петровац,44.6462212,16.3138425
cluster,I1,non_I2,Founder,FTA86559,Суботин,Видовдан,Западни Банат,Санад/Чока,45.975572,20.1045666
cluster,I1,non_I2,Founder,FGC22061,Суботички,Никољдан,Бачка,Бачко Петрово Село/Бечеј,45.7069444,20.0791667
cluster,Y3120_shallow_nonPH908,nonPH908_I2,Relic,Y189170,Суботић,Арлијевдан,Источна Босна,Подлозник/Пале,43.8283092,18.7430908
cluster,E,non_I2,Founder,E-Y126722,Суботић,Часне Вериге апостола Петра,Босанска Крајина,Греда/Градишка,45.1408227,17.3240079
cluster,E,non_I2,Founder,E-Z16988,Судар,Ђурђевдан,Херцеговина,Бачевићи/Мостар,43.2650406,17.8217135
cluster,E,non_I2,Founder,E-Z38456,Сузић,Јовањдан,Банија,Горњи Жировац/Двор,45.0696005,16.3785028
cluster,R1b,non_I2,Founder,A274,Сузић,Мратиндан,Славонија,Окучани,45.2931478,17.2051758
cluster,J2,non_I2,Founder,J-Y155375,Сурла,Никољдан,Лика,Глогово/Грачац,44.3137388,15.9512955
cluster,R1b,non_I2,Founder,A274,Сушић,Аранђеловдан,Херцеговина,Шћеница Љубомир/Требиње,42.8363878,18.3190328
cluster,R1a,non_I2,Founder,Y189493,Сјеран,Јовањдан,Херцеговина,Житомислићи/Мостар,43.2079754,17.7927274
cluster,PH908_primary,PH908_family,Founder,Y51673,Табаковић,Никољдан,Херцеговина,Мрежица/Билећа,42.8663725,18.4411507
cluster,E,non_I2,Founder,E-Z16988,Тадић,Јовањдан,Мачва,Дрлаче/Љубовија,44.1478174,19.4821501
cluster,E,non_I2,Founder,E-Z16988,Тадић,Јовањдан,Мачва,Савковић/Љубовија,44.1849727,19.5623009
cluster,J2,non_I2,Founder,J-Y155375,Тадић,Никољдан,Лика,Доњи Лапац,44.5521346,15.9609632
cluster,R1a,non_I2,Founder,L1029,Тамбурић,Аранђеловдан,Источна Босна,Ново Село/Соколац,43.9505516,18.7937477
cluster,PH908_primary,PH908_family,Founder,FT16449,Таминџија,Ђурђевдан,Херцеговина,Бежђеђе/Невесиње,43.111571,18.2161542
cluster,R1b,non_I2,Founder,BY38894,Танасијевић,Непознато,Западни Банат,Старчево/Панчево,44.8100472,20.6998149
cluster,R1a,non_I2,Founder,Y189493,Танасијевић,Стевањдан,Херцеговина,Врпоље Загора/Требиње,42.8083071,18.1886546
cluster,I1,non_I2,Founder,Y155080,Танкосић,Никољдан,Стари Влах,Засеље/Пожега,43.9183914,19.9874782
cluster,I1,non_I2,Founder,FGC22061,Тановић,Ђурђевдан,Источна Босна,Кусуци/Рогатица,43.7184512,19.090371
cluster,PH908_map_nonprimary,PH908_family,Relic,BY190177,Тараниш,Нема,Брда,Горња Врбица/Петњица,42.8904302,20.0079027
cluster,E,non_I2,Founder,E-Y142744,Тасић,Аранђеловдан,Врањско Поморавље,Горње Јабуково/Владичин Хан,42.7333969,22.0327319
cluster,PH908_primary,PH908_family,Founder,FT14506,Тасић,Никољдан,Косово,Штрпце,42.2401249,21.0253337
cluster,E,non_I2,Founder,E-Z1057,Тасовац,Аранђеловдан,Херцеговина,Требијови/Требиње,42.7523566,18.3183293
cluster,J2,non_I2,Founder,J-Y14439,Таталовић,Јовањдан,Лика,Дрежница/Огулин,45.1378632,15.0921505
cluster,R1b,non_I2,Founder,L51,Татарин,Непознато,Шумадија,Смедерево,44.6651048,20.9271115
cluster,PH908_primary,PH908_family,Founder,Y58629,Татић,Јовањдан,Босанска Крајина,Бањани/Босанска Крупа,45.0253584,16.1389906
cluster,E,non_I2,Founder,E-Z1057,Тајсић,Аранђеловдан,Стари Влах,Пухово/Лучани,43.8196348,20.1868629
cluster,PH908_primary,PH908_family,Founder,FT16449,Тегарић,Игњатијевдан,Херцеговина,Горица/Требиње,42.7189599,18.3707433
cluster,PH908_primary,PH908_family,Founder,FT16449,Телебак,Никољдан,Херцеговина,Жабица/Љубиње,42.8764849,18.1710548
cluster,R1b,non_I2,Relic,PH4902,Теодоровић,Аранђеловдан,Источни Банат,Варјаш/Темишвар,46.0117982,20.9613727
cluster,PH908_primary,PH908_family,Founder,Y56203,Терзић,Аранђеловдан,Херцеговина,Братач/Невесиње,43.268725,18.2245113
cluster,I1,non_I2,Founder,FGC22061,Терзић,Стевањдан,Стари Влах,Рти/Лучани,43.7400977,20.2521899
cluster,I1,non_I2,Relic,Y220153,Тешановић,Ђурђевдан,Североисточна Босна,Кореташи/Лопаре,44.7696152,18.8632593
cluster,R1a,non_I2,Founder,BY99654,Тешановић,Мала Госпојина,Североисточна Босна,Горња Бочиња/Маглај,44.5239606,18.2106692
cluster,R1a,non_I2,Founder,L1029,Тимотијевић,Аранђеловдан,Шумадија,Борци/Рача,44.2054966,20.8807182
cluster,R1a,non_I2,Founder,BY99654,Тимченко,Непознато,Колубара,Руклада/Уб,44.4052974,20.1129772
cluster,J2,non_I2,Founder,J-Y22063,Тинтор,Св. Врачи,Банија,Доњи Жировац/Двор,45.0696005,16.3785028
cluster,J2,non_I2,Founder,J-Y22063,Тинтор,Св. Врачи,Банија,Чавловица/Двор,45.161172,16.158292
cluster,E,non_I2,Founder,E-Z1057,Тодић,Јовањдан,Топлица,Доња Јошаница/Блаце,43.3008169,21.3710012
cluster,J2,non_I2,Founder,J-Y155375,Тодовић,Никољдан,Источна Босна,Челебићи/Фоча,43.3913313,18.9682323
cluster,E,non_I2,Founder,E-L241,Тодоровић,Ђурђевдан,Босанска Крајина,Јасенови Потоци/Мркоњић Град,44.2895504,16.8605679
cluster,N,non_I2,Founder,N-FT182494,Тодоровић,Јовањдан,Североисточна Босна,Коренита/Угљевик,44.7516289,18.961579
cluster,PH908_primary,PH908_family,Founder,BY93199,Тодоровић,Аранђеловдан,Зета,Марковина/Цетиње,42.5423512,19.0074242
cluster,I1,non_I2,Founder,FGC22061,Тодоровић,Аранђеловдан,Стари Влах,Чачак,43.8914332,20.3491624
cluster,Y3120_deep_mid_nonPH908,nonPH908_I2,Relic,BY116090,Тодоровић,Никољдан,Шумадија,Орашје/Варварин,43.7435082,21.2698995
cluster,E,non_I2,Founder,E-L241,Тодоровић,Никољдан,Североисточна Босна,Попови/Бијељина,44.7633867,19.2733399
cluster,I1,non_I2,Founder,BY169301,Тодоровић,Никољдан,Мачва,Шабац,44.7571535,19.6953972
cluster,E,non_I2,Founder,E-Z1057,Тодоровић,Петковдан,Метохија,Призрен,42.2130151,20.7363339
cluster,G,non_I2,Founder,G-Y128480,Тодоровић,Св. Јевстатије,Шумадија,Коњуша/Кнић,44.0120308,20.6048155
cluster,R1b,non_I2,Founder,A274,Тодоровић,Стевањдан,Стари Влах,Заовине/Бајина Башта,43.8681234,19.3539846
cluster,PH908_map_nonprimary,PH908_family,Founder,Y4882,Томасовић,Никољдан,Далмација,Смрдеље/Кистање,43.9374021,15.8961545
cluster,PH908_primary,PH908_family,Relic,Y499136,Томашевић,Лучиндан,Стари Влах,Волујац/Ужице,43.8940577,19.7735023
cluster,R1a,non_I2,Founder,Z280,Томашевић,Никољдан,Стари Влах,Бабине/Пријепоље,43.4233901,19.4880339
cluster,E,non_I2,Founder,E-Z13591,Томашевић,Петковдан,Брда,Лубово/Даниловград,44.3083701,17.0584936
cluster,E,non_I2,Relic,E-BY154448,Томашевић,Петковдан,Западни Банат,Луговет/Соколовац,45.7021072,18.7957333
cluster,R1a,non_I2,Founder,L1029,Томић,Ђурђевдан,Североисточна Босна,Супач/Милићи,44.1573104,19.0615847
cluster,I1,non_I2,Founder,FGC22061,Томић,Ђурђевдан,Стара Херцеговина,Тимар/Шавник,42.9775589,19.19491
cluster,R1a,non_I2,Relic,FT255070,Томић,Ђурђиц,Понишавље,Бреница/Ниш,43.3820148,21.9279517
cluster,J2,non_I2,Founder,J-Y22059,Томић,Јовањдан,Западни Банат,Вршац,45.1200117,21.298788
cluster,PH908_primary,PH908_family,Founder,Y58629,Томић,Јовањдан,Бачка,Пачир/Бачка Топола,45.9004769,19.4462159
cluster,E,non_I2,Founder,E-Y128213,Томић,Јовањдан,Стари Влах,Солотуша/Бајина Башта,43.9019365,19.5673531
cluster,PH908_primary,PH908_family,Founder,FT16449,Томић,Игњатијевдан,Североисточна Босна,Средњи Загони/Бијељина,44.7568464,19.2156628
cluster,E,non_I2,Founder,E-Y126722,Томић,Петровдан,Брда,Старче/Колашин,42.8549212,19.3080011
cluster,E,non_I2,Founder,E-FT104106,Томовић,Ђурђевдан,Брда,Ровца/Беране,42.7745463,19.9083479
cluster,R1a,non_I2,Founder,Z280,Тонковић,Нема,Лика,Синац/Оточац,44.8291939,15.3314938
cluster,PH908_primary,PH908_family,Founder,FT14506,Топаловић,Ђурђевдан,Херцеговина,Крајпоље/Љубиње,42.9209583,18.1214927
cluster,PH908_primary,PH908_family,Founder,FT16449,Топаловић,Никољдан,Североисточна Босна,Горњи Скиповац/Добој,44.7877223,18.2612727
cluster,E,non_I2,Founder,E-Z1057,Топаловић,Св. Врачи,Колубара,Бранговић/Ваљево,44.2162154,19.8772751
cluster,R1a,non_I2,Founder,L1029,Топалски,Матијевдан,Бачка,Бачко Петрово Село/Бечеј,45.7069444,20.0791667
cluster,R1a,non_I2,Founder,BY99654,Топић,Јовањдан,Босанска Крајина,Лушци Паланка/Сански Мост,44.7461652,16.4310366
cluster,E,non_I2,Founder,E-L241,Топић,Никољдан,Босанска Крајина,Опсјечко/Челинац,44.7048323,17.3393108
cluster,I1,non_I2,Founder,FTA86559,Тошин,Ђурђевдан,Западни Банат,Радојево/Нова Црња,45.7447038,20.7894695
cluster,R1a,non_I2,Founder,FT288648,Тошић,Ђурђевдан,Стари Влах,Сељашница/Пријепоље,43.3716225,19.5922106
cluster,E,non_I2,Founder,E-L241,Тошић,Јовањдан,Мачва,Крајишници/Лозница,44.5221008,19.2116518
cluster,E,non_I2,Founder,E-Y128213,Тошић,Јовањдан,Стари Влах,Пилатовићи/Пожега,43.8263227,20.105195
cluster,E,non_I2,Founder,E-Z1057,Тошић,Јовањдан,Расина,Тоболац/Трстеник,43.552569,21.1157933
cluster,I1,non_I2,Relic,FTA28840,Тошић,Никољдан,Понишавље,Бела Паланка,43.2179542,22.3112654
cluster,E,non_I2,Founder,E-Z1057,Тошић,Никољдан,Јабланица,Бошњаце/Лебане,42.9491756,21.8287047
cluster,R1a,non_I2,Founder,BY99654,Тошић,Никољдан,Понишавље,Петровац/Пирот,43.0791755,22.6179807
cluster,PH908_primary,PH908_family,Founder,FT14506,Тошић,Томиндан,Источна Босна,Жљебови/Соколац,43.996984,18.8820151
cluster,R1a,non_I2,Founder,YP4278,Тошковић,Аранђеловдан,Мачва,Завлака/Крупањ,44.4554446,19.4834196
cluster,PH908_primary,PH908_family,Relic,Y135653,Тошковић,Срђевдан,Брда,Јасенова/Колашин,42.7886286,19.2931192
cluster,J2,non_I2,Founder,J-Y22059,Травар,Јовањдан,Босанска Крајина,Кијевци/Градишка,45.0443206,17.1629297
cluster,E,non_I2,Founder,E-Z1057,Трапарић,Јовањдан,Херцеговина,Цибријан/Врпоље Љубомир/Требиње,42.7645262,18.3643403
cluster,J2,non_I2,Relic,J-S11842,Трајковић,Аранђеловдан,Врањско Поморавље,Доњи Вртогош/Врање,42.5573069,21.9021867
cluster,E,non_I2,Founder,E-L241,Трајковић,Аранђеловдан,Јабланица,Стубла/Бојник,43.067732,21.798971
cluster,J2,non_I2,Relic,J-M319,Трајковић,Никољдан,Врањско Поморавље,Спанчевац/Бујановац,42.3683757,21.8453555
cluster,E,non_I2,Founder,E-Z38456,Трајковић,Петковдан,Косово,Приштина,42.6638771,21.1640849
cluster,I1,non_I2,Founder,BY169301,Трајковић,Тривуњдан,Косово,Крушевац/Обилић,42.6605565,21.0826418
cluster,PH908_primary,PH908_family,Founder,FT16449,Тривић,Ђурђевдан,Босанска Крајина,Јошавка Доња/Челинац,44.7483667,17.4162565
cluster,R1a,non_I2,Founder,L1029,Тривић,Никољдан,Далмација,Подосоје/Врлика,43.9039319,16.4167782
cluster,E,non_I2,Founder,E-BY165837,Трипковић,Алимпијевдан,Расина,Стопања/Трстеник,43.5803951,21.1464623
cluster,N,non_I2,Founder,N-FGC28435,Трифковић,Јовањдан,Североисточна Босна,Бијељина,44.7568464,19.2156628
cluster,R1a,non_I2,Founder,BY99654,Трифковић,Аранђеловдан,Источна Босна,Јабука/Фоча,43.6247453,18.6738828
cluster,PH908_primary,PH908_family,Founder,FT14506,Трифковић,Митровдан,Источна Босна,Пале,43.8141813,18.5696052
cluster,I1,non_I2,Founder,FGC22061,Трифковић,Никољдан,Херцеговина,Раштани/Мостар,43.3706518,17.8335781
cluster,R1a,non_I2,Founder,L1029,Трифу,Нема,Западни Банат,Алибунар,45.0800389,20.966524
cluster,I1,non_I2,Relic,Y237563,Трифуновић,Ђурђевдан,Стари Влах,Речице/Пожега,43.7818153,20.0288057
cluster,R1a,non_I2,Founder,Y144943,Трифуновић,Лазарева Субота,Североисточна Босна,Попови/Бијељина,44.7633867,19.2733399
cluster,E,non_I2,Founder,E-FT104106,Тришић,Никољдан,Херцеговина,Потоци/Мостар,43.4078203,17.8758297
cluster,G,non_I2,Founder,G-FTC64765,Тркља,Аранђеловдан,Херцеговина,Подосоје/Билећа,42.8954979,18.4023234
cluster,J2,non_I2,Founder,J-L70,Трујкић,Мали Никољдан,Тимочка Крајина,Мали Кривељ/Бор,44.1492178,22.0454914
cluster,E,non_I2,Founder,E-FGC11450,Тубић,Савиндан,Стари Влах,Доње Лопиже/Сјеница,43.3157174,19.9506998
cluster,E,non_I2,Founder,E-FGC11450,Тубић,Савиндан,Стари Влах,Крстац/Сјеница,43.3296107,20.0115537
cluster,E,non_I2,Founder,E-FT178289,Тунгуз,Јовањдан,Херцеговина,Сливља/Гацко,43.2901952,18.3529637
cluster,R1a,non_I2,Founder,Y189493,Турањанин,Стевањдан,Херцеговина,Љубиње,42.9515429,18.08992
cluster,I1,non_I2,Founder,FGC22061,Туфегџић,Јовањдан,Босанска Крајина,Магаљдол/Мркоњић Град,44.3941626,17.1568811
cluster,N,non_I2,Founder,N-FT182494,Туцаков,Никољдан,Бачка,Госпођинци/Жабаљ,45.4022051,19.9860024
cluster,J2,non_I2,Founder,J-Z38299,Тучевић,Велика Госпојина,Зета,Вишњева/Котор,43.1521621,19.8915742
cluster,J2,non_I2,Relic,J-Y13341,Угарковић,Ђурђевдан,Лика,Комић/Удбина,44.4509084,15.7403448
cluster,E,non_I2,Founder,E-Y7168,Угриновић,Никољдан,Западна Македонија,Лабуништа/Струга,41.2688788,20.5979506
cluster,G,non_I2,Founder,G-Y128480,Узелац,Никољдан,Банија,Драготина/Глина,45.2644417,16.1733885
cluster,N,non_I2,Relic,N-FGC28483,Узелац,Никољдан,Далмација,Кожловац/Бенковац,43.9977712,15.677424
cluster,PH908_primary,PH908_family,Founder,FT14506,Унковић,Ђурђевдан,Херцеговина,Загора/Требиње,42.8063794,18.2001257
cluster,E,non_I2,Founder,E-Z1057,Урошевић,Лучиндан,Мачва,Двориште/Шабац,44.6029886,19.578875
cluster,R1a,non_I2,Founder,BY99654,Устић,Ђурђевдан,Далмација,Отишић/Врлика,43.8488797,16.4510202
cluster,R1a,non_I2,Founder,L1029,Уљар,Никољдан,Источна Босна,Брезје/Горажде,43.6460575,18.9470332
cluster,R1a,non_I2,Founder,L1029,Уљаревић,Никољдан,Херцеговина,Горња Врбица/Врбица/Билећа,42.9406679,18.4760198
cluster,E,non_I2,Founder,E-Z1057,Фаркаш,Нема,Бачка,Суботица,46.0929654,19.6539185
cluster,R1b,non_I2,Relic,FT357646,Фемић,Аранђеловдан,Брда,Брзава/Бијело Поље,42.9633265,19.8110589
cluster,R1b,non_I2,Relic,FT357646,Фемић,Аранђеловдан,Брда,Фемића Крш/Бјело Поље,42.969773000000004,19.7986255
cluster,I1,non_I2,Founder,FGC22061,Филимоновић,Ђурђевдан,Рашка,Раст/Нови Пазар,43.2450348,20.3490691
cluster,J2,non_I2,Founder,J-Y22063,Филиповић,Ђурђевдан,Брда,Прошћење/Мојковац,43.0131403,19.4810001
cluster,E,non_I2,Founder,E-FGC11450,Филиповић,Ђурђевдан,Стари Влах,Тијање/Лучани,43.8362524,20.2198954
cluster,R1a,non_I2,Relic,YP4141,Филиповић,Јовањдан,Брда,Горња Рженица/Плав,42.5968969,19.9441846
cluster,R1b,non_I2,Founder,FT44409,Филиповић,Алимпијевдан,Мачва,Баново Поље/Богатић,44.9102876,19.4478575
cluster,PH908_primary,PH908_family,Founder,Y134585,Филиповић,Аранђеловдан,Рашка,Нови Пазар,43.1406913,20.518057
cluster,R1b,non_I2,Founder,FT49714,Филиповић,Аранђеловдан,Брда,Радећа/Подгорица,42.5191538,19.2836784
cluster,PH908_primary,PH908_family,Founder,FT190799,Филиповић,Лучиндан,Стари Влах,Душковци/Пожега,44.0063776,20.050415
cluster,E,non_I2,Founder,E-Z1057,Филиповић,Никољдан,Понишавље,Ниш,43.3211301,21.8959232
cluster,E,non_I2,Relic,E-A11802,Филиповић,Св. Арсеније Сремац,Стари Влах,Бачевци/Бајина Башта,44.0911615,19.5119976
cluster,Y3120_deep_mid_nonPH908,nonPH908_I2,Founder,Z17855,Филиповић,Св. Врачи,Косово,Племетина/Обилић,42.7069227,21.0440069
cluster,E,non_I2,Founder,E-L241,Филић,Никољдан,Косово,Ораовица/Косовска Каменица,43.0057853,20.7332862
cluster,R1a,non_I2,Founder,YP4278,Француски,Јовањдан,Западни Банат,Кикинда,45.8300065,20.4653054
cluster,PH908_primary,PH908_family,Founder,Y51673,Фржовић,Никољдан,Херцеговина,Милошев До/Биоград/Невесиње,43.1904352,18.1315842
cluster,PH908_primary,PH908_family,Founder,Y51673,Фржовић,Никољдан,Херцеговина,Невесиње,43.258198,18.106113
cluster,I1,non_I2,Founder,FGC22061,Фуртула,Аранђеловдан,Брда,Павино Поље/Бијело Поље,43.0341595,19.7473559
cluster,PH908_primary,PH908_family,Founder,FT16449,Хамовић,Никољдан,Херцеговина,До/Требиње,42.9000719,18.0298066
cluster,R1b,non_I2,Relic,BY55016,Хасанагић,Нема,Херцеговина,Тасовчићи/Чапљина,43.1144899,17.7151826
cluster,G,non_I2,Relic,G-L13,Хајдарпашић,Нема,Брда,Припчићи/Бијело Поље,43.0105347,19.7401731
cluster,PH908_primary,PH908_family,Founder,FT16449,Хајровић,Ђурђевдан,Херцеговина,Хатељи/Берковићи,43.0911638,18.1968708
cluster,E,non_I2,Founder,E-Z1057,Хаџић,Никољдан,Шумадија,Раља/Сопот,44.5717706,20.5612432
cluster,J2,non_I2,Relic,J-Y523332,Хербез,Аранђеловдан,Херцеговина,Дабрица/Берковићи,43.1587708,18.0135932
cluster,E,non_I2,Founder,E-Z1057,Хорњак,Мала Госпојина,Бачка,Врбас,45.5668829,19.6465079
cluster,R1a,non_I2,Relic,L260,Хорњак,Нема,Бачка,Градина/Сомбор,45.7541501,19.1796361
cluster,R1a,non_I2,Founder,Z280,Хоџић,Нема,Североисточна Босна,Џеликани/Сребреник,44.7104074,18.5144034
cluster,R1a,non_I2,Founder,Z280,Храбовски,Нема,Источни Срем,Петроварадин/Нови Сад,45.2426175,19.8820073
cluster,G,non_I2,Founder,G-Y128480,Хршум,Стевањдан,Источна Босна,Буђ/Пале,43.823273,18.7617285
cluster,E,non_I2,Founder,E-Z1057,Хрњак,Јовањдан,Лика,Крбавица/Кореница,44.7093316,15.6268504
cluster,E,non_I2,Relic,E-COR1,Хуњади,Нема,Централна Хрватска,Лепоглава/Вараждин,46.2075318,16.0441744
cluster,J2,non_I2,Founder,J-Y22063,Цветковић,Ђурђиц,Стари Влах,Горичани/Чачак,43.7952299,20.5319023
cluster,E,non_I2,Founder,E-Z1057,Цветковић,Јовањдан,Шумадија,Вучак/Смедерево,44.6243223,20.9234368
cluster,E,non_I2,Relic,E-Y173089,Цветковић,Јовањдан,Јабланица,Средњи Бучумет/Медвеђа,42.911131,21.5959622
cluster,G,non_I2,Founder,G-Y128480,Цветковић,Аранђеловдан,Врањско Поморавље,Јовац/Владичин Хан,42.637125,21.985899
cluster,E,non_I2,Relic,E-Y173089,Цветковић,Никољдан,Јабланица,Бувце/Лебане,42.8374617,21.6910427
cluster,E,non_I2,Founder,E-Z1057,Цветковић,Никољдан,Јабланица,Гегља/Лебане,42.9165296,21.6797462
cluster,J2,non_I2,Founder,J-Y22063,Цветковић,Никољдан,Стари Влах,Маскова/Ивањица,43.5121604,20.0547766
cluster,E,non_I2,Founder,E-Z1057,Цветковић,Никољдан,Западни Банат,Панчево,44.8705686,20.6399643
cluster,R1b,non_I2,Relic,Y572491,Цвејић,Јовањдан,Косово,Крајиште/Липљан,42.4938543,21.0468671
cluster,R1b,non_I2,Relic,FT77046,Цвитковац,Ђурђевдан,Далмација,Маовице/Врлика,43.8959074,16.3849929
cluster,E,non_I2,Founder,E-Y128213,Цвијан,Јовањдан,Босанска Крајина,Босанско Грахово,44.1794878,16.3639977
cluster,R1a,non_I2,Founder,FT288648,Цвијановић,Стевањдан,Североисточна Босна,Лукавац Горњи/Лукавац,44.5784343,18.5362383
cluster,PH908_primary,PH908_family,Founder,FT16449,Цвјетковић,Ђурђевдан,Североисточна Босна,Бистрица/Жепче,44.4212262,18.0816107
cluster,E,non_I2,Founder,E-Y7168,Ценић,Аранђеловдан,Јабланица,Црковница/Лесковац,43.122721,22.018498
cluster,R1a,non_I2,Founder,L1029,Цетина,Никољдан,Лика,Вребац/Госпић,44.5265285,15.5014191
cluster,PH908_primary,PH908_family,Founder,FT16449,Цицмил,Ђурђевдан,Стара Херцеговина,Столац/Плужине,43.0830587,17.9580026
cluster,J2,non_I2,Founder,J-Y155375,Цмиљанић,Ђурђевдан,Стара Херцеговина,Поткрајци/Пљевља,43.2284734,19.4368092
cluster,I1,non_I2,Relic,Y264438,Црнадак,Никољдан,Босанска Крајина,Друговићи/Лакташи,44.8853559,17.4118216
cluster,PH908_primary,PH908_family,Founder,BY93199,Црногорац,Аранђеловдан,Херцеговина,Заграђе/Казанци/Гацко,43.0593419,18.6387096
cluster,E,non_I2,Founder,E-CTS11222,Црногорац,Никољдан,Средња Босна,Горња Биоча/Илијаш,43.9162871,18.2563251
cluster,E,non_I2,Founder,E-FT104106,Црномарковић,Јовањдан,Далмација,Цивљане,43.9556008,16.4050607
cluster,I1,non_I2,Founder,FGC22061,Црнчевић,Јовањдан,Босанска Крајина,Брдо/Мркоњић Град,45.4492898,13.7596335
cluster,I1,non_I2,Founder,FGC22061,Црнчевић,Јовањдан,Босанска Крајина,Рељино Село/Гламоч,44.169202,16.788806
cluster,R1a,non_I2,Relic,S23592,Цуцуљ,Петковдан,Источни Банат,Воитег/Тимиш,45.4688908,21.2391696
cluster,PH908_primary,PH908_family,Founder,FT16449,Чабрило,Ђурђевдан,Херцеговина,Јасена/Невесиње,43.1959661,18.0244338
cluster,PH908_primary,PH908_family,Founder,FT16449,Чабрило,Ђурђевдан,Херцеговина,Берковићи,43.0945271,18.1691429
cluster,PH908_primary,PH908_family,Founder,FT16449,Чабрило,Ђурђевдан,Херцеговина,Жуберин/Невесиње,43.211467,17.9892999
cluster,PH908_primary,PH908_family,Founder,FT16449,Чабрило,Ђурђевдан,Херцеговина,Невесиње,43.258198,18.106113
cluster,PH908_primary,PH908_family,Founder,Y51673,Чавор,Ђурђевдан,Зета,Чавори/Котор,42.3639324,18.8049965
cluster,PH908_primary,PH908_family,Founder,FT16449,Чакаревић,Игњатијевдан,Североисточна Босна,Бушлетић/Добој,44.8056888,18.0916266
cluster,PH908_primary,PH908_family,Founder,FT16449,Чакаревић,Игњатијевдан,Стари Влах,Котража/Лучани,43.7042885,20.2323381
cluster,PH908_primary,PH908_family,Founder,Y56203,Чалакић,Тривуњдан,Босанска Крајина,Радманићи/Бања Лука,44.6803826,16.95583
cluster,J2,non_I2,Founder,J-FT413312,Чалија,Јовањдан,Херцеговина,Трусина/Невесиње,43.1340293,18.1658954
cluster,E,non_I2,Founder,E-Z16988,Чампара,Аћимовдан,Херцеговина,Солаковићи/Биоград/Невесиње,43.1769445,18.1750073
cluster,J2,non_I2,Founder,J-Y155375,Чаркић,Ђурђевдан,Источна Босна,Рогатица,43.7997371,19.002206
cluster,PH908_primary,PH908_family,Founder,FT386055,Чањак,Аранђеловдан,Босанска Крајина,Приједор,44.9801369,16.7123704
cluster,R1b,non_I2,Founder,BY38894,Чворовић,Лучиндан,Стари Влах,Заглавак/Бајина Башта,43.9178947,19.7267791
cluster,R1b,non_I2,Founder,L51,Чворовић,Никољдан,Стари Влах,Драксин/Бајина Башта,43.9729654,19.700045
cluster,PH908_primary,PH908_family,Relic,BY55537,Чвркић,Никољдан,Стари Влах,Рошци/Чачак,43.9284991,20.1923132
cluster,I1,non_I2,Founder,Y155080,Чедић,Ђурђевдан,Шумадија,Жарково/Београд,44.7546064,20.4103465
cluster,PH908_map_nonprimary,PH908_family,Founder,Y4882,Челиковић,Ђурђевдан,Стари Влах,Волујац/Ужице,43.8940577,19.7735023
cluster,R1a,non_I2,Founder,YP270,Челиковић,Стевањдан,Стари Влах,Качер/Ужице,43.8230609,19.7810958
cluster,J2,non_I2,Founder,J-Y22063,Чеперковић,Алимпијевдан,Расина,Станишинци/Врњачка Бања,43.5486681,20.9001336
cluster,G,non_I2,Relic,G-CTS11562,Чепкеновић,Илиндан,Косово,Липљан,42.5213395,21.122598
cluster,E,non_I2,Founder,E-FGC11450,Чепрнић,Мратиндан,Стара Херцеговина,Топла/Херцег Нови,42.4592746,18.5268749
cluster,E,non_I2,Founder,E-Z16988,Чечур,Аћимовдан,Херцеговина,Врпоље Љубомир/Требиње,42.7721798,18.3535268
cluster,E,non_I2,Founder,E-Y142744,Чикара,Михољдан,Банија,Петковац/Петриња,45.3725635,16.3538385
cluster,E,non_I2,Founder,E-CTS11222,Чолаковић,Никољдан,Стара Херцеговина,Каменско/Никшић,42.7872649,18.733532
cluster,E,non_I2,Founder,E-L241,Чолић,Ђурђиц,Стари Влах,Кремна/Ужице,43.8502197,19.5800524
cluster,R1a,non_I2,Founder,L1029,Чолић,Никољдан,Шумадија,Поповић/Сопот,44.5706168,20.6095762
cluster,PH908_primary,PH908_family,Founder,FT14506,Чоловић,Ђурђевдан,Далмација,Тепљух/Дрниш,43.8933717,16.2085222
cluster,PH908_primary,PH908_family,Founder,FT14506,Чоловић,Ђурђевдан,Херцеговина,Турменти/Требиње,42.6570803,18.3938393
cluster,N,non_I2,Founder,N-FT213937,Чоловић,Јовањдан,Херцеговина,Мало Поље/Мостар,43.241874,17.8843939
cluster,J2,non_I2,Founder,J-Y230579,Чоловић,Аранђеловдан,Шумадија,Бања/Аранђеловац,44.2906194,20.6251573
cluster,PH908_map_nonprimary,PH908_family,Founder,Y4882,Чорак,Никољдан,Лика,Крбава/Удбина,44.6112132,15.6612829
cluster,R1a,non_I2,Founder,L1029,Чотрић,Никољдан,Мачва,Јадранска Лешница/Лозница,44.5991667,19.3536111
cluster,E,non_I2,Founder,E-Z16988,Чубриловић,Никољдан,Херцеговина,Фатница/Билећа,43.0283069,18.3230171
cluster,I1,non_I2,Founder,Y155080,Чукановић,Никољдан,Стари Влах,Распоганче/Сјеница,43.2779147,20.1666932
cluster,E,non_I2,Founder,E-PH1395,Чукић,Аранђеловдан,Брда,Трешњево/Андријевица,42.7729356,19.8029233
cluster,I1,non_I2,Founder,FGC22061,Чупић,Ђурђевдан,Стара Херцеговина,Доња Буковица/Шавник,43.0097244,19.1703002
cluster,R1a,non_I2,Relic,YP3992,Чупић,Аврамијевдан,Мачва,Мачванска Митровица/Сремска Митровица,44.9666021,19.5946213
cluster,I1,non_I2,Founder,FGC22061,Чуровић,Никољдан,Стара Херцеговина,Боан/Шавник,42.9415643,19.2111289
cluster,E,non_I2,Founder,E-FT178289,Чутурић,Јовањдан,Североисточна Босна,Угљевичка Обријеж/Угљевик,44.6918984,19.0394205
cluster,J2,non_I2,Founder,J-FT413312,Шаговиновић,Јовањдан,Херцеговина,Жељуша/Мостар,43.4303949,17.8710116
cluster,PH908_primary,PH908_family,Relic,Y232617,Шакота,Јовањдан,Херцеговина,Козице/Столац,43.1400884,17.9140101
cluster,R1a,non_I2,Founder,Y144943,Шакотић,Аранђеловдан,Херцеговина,Билећа,42.8748513,18.4279766
cluster,R1a,non_I2,Founder,Y144943,Шакотић,Лазарева Субота,Херцеговина,Давидовићи/Билећа,43.0581577,18.3035538
cluster,R1a,non_I2,Founder,Y144943,Шакотић,Лазарева Субота,Североисточна Босна,Малешић/Зворник,44.4923689,19.0660931
cluster,E,non_I2,Founder,E-Z1057,Шандоров,Никољдан,Славонија,Осијек,45.5489982,18.6919117
cluster,I1,non_I2,Founder,FT428459,Шапоњић,Стевањдан,Стари Влах,Комарани/Нова Варош,43.4371935,19.8785747
cluster,I1,non_I2,Founder,FT428459,Шапоњић,Стевањдан,Стари Влах,Радијевићи/Нова Варош,43.3972408,19.8742708
cluster,E,non_I2,Founder,E-Z13591,Шарановић,Петковдан,Брда,Поткрај/Поткула/Даниловград,43.754943,17.0691817
cluster,I1,non_I2,Founder,FGC22061,Шаранчић,Никољдан,Стара Херцеговина,Вијенац/Пљевља,43.3282015,19.4453025
cluster,J2,non_I2,Founder,J-Y22063,Шарац,Никољдан,Кордун,Доњи Полој/Слуњ,45.2400781,15.5205504
cluster,J2,non_I2,Founder,J-Y22059,Шарац,Никољдан,Далмација,Цивљане,43.9556008,16.4050607
cluster,R1a,non_I2,Founder,Y144943,Шаренац,Аранђеловдан,Херцеговина,Доњи Давидовићи/Билећа,43.0581577,18.3035538
cluster,R1a,non_I2,Founder,Y144943,Шаренац,Лазарева Субота,Херцеговина,Давидовићи/Билећа,43.0581577,18.3035538
cluster,R1a,non_I2,Founder,Y144943,Шаренац,Лазарева Субота,Херцеговина,Степен/Гацко,43.0789563,18.5402045
cluster,R1b,non_I2,Founder,A274,Шарчевић,Стевањдан,Шумадија,Београд,44.7863236,20.4716856
cluster,E,non_I2,Founder,E-Z1057,Шашић,Мратиндан,Далмација,Ервеник,44.108204,15.9412748
cluster,E,non_I2,Founder,E-Y126722,Шврака,Часне Вериге апостола Петра,Босанска Крајина,Јелићка/Приједор,44.828388,16.929157
cluster,E,non_I2,Founder,E-Z1057,Шебек,Ђурђевдан,Брда,Јабланово/Бијело Поље,43.0946531,19.8560043
cluster,R1a,non_I2,Founder,L1029,Шеварика,Ђурђевдан,Босанска Крајина,Бокани/Кнежево,44.5096452,17.3590499
cluster,E,non_I2,Founder,E-Z16988,Шегрт,Никољдан,Херцеговина,Аранђелово/Требиње,42.6971098,18.5405008
cluster,J2,non_I2,Relic,J-M205,Шестић,Петковдан,Шумадија,Старо Село/Велика Плана,44.2925574,21.102563
cluster,E,non_I2,Founder,E-Z1057,Шећеров,Михољдан,Западни Банат,Српски Крстур/Нови Кнежевац,46.1269965,20.0957423
cluster,G,non_I2,Founder,G-Y128480,Шикања,Стевањдан,Банија,Доњи Класнић/Глина,45.3382654,16.090752
cluster,E,non_I2,Founder,E-Z1057,Шилобад,Стевањдан,Херцеговина,Сливница Површ/Равно,42.6443271,18.2599286
cluster,E,non_I2,Founder,E-L241,Шимрак,Никољдан,Стара Херцеговина,Сасовићи/Херцег Нови,42.4662752,18.5671689
cluster,PH908_primary,PH908_family,Relic,FTA26387,Шипетић,Аранђеловдан,Стари Влах,Граб/Лучани,43.8248985,20.2849245
cluster,R1b,non_I2,Founder,BY38894,Шиљак,Аранђеловдан,Стари Влах,Бучје/Прибој,43.4684973,19.4227134
cluster,N,non_I2,Founder,N-FT182494,Шкарић,Никољдан,Лика,Липово Поље/Перушић,44.7508933,15.2164316
cluster,E,non_I2,Founder,E-Z1057,Шкеро,Ђурђевдан,Херцеговина,Придворци/Требиње,42.6998922,18.3377938
cluster,N,non_I2,Founder,N-FT213937,Шкипина,Јовањдан,Источна Босна,Гојевићи/Сорлаци/Фоча,43.9133265,17.9459956
cluster,N,non_I2,Founder,N-FT213937,Шкипина,Јовањдан,Источна Босна,Прача/Пале,43.7717368,18.7760975
cluster,E,non_I2,Founder,E-Y7168,Шкипина,Никољдан,Херцеговина,Удрежње/Невесиње,43.2058792,18.0894621
cluster,E,non_I2,Founder,E-Y126722,Шкиљић,Петровдан,Североисточна Босна,Прибинић/Теслић,44.6103989,17.6906754
cluster,PH908_primary,PH908_family,Founder,FT16449,Шкоро,Никољдан,Херцеговина,Слипчићи/Мостар,43.2359471,17.8054596
cluster,I1,non_I2,Founder,FGC22061,Шкрбић,Никољдан,Далмација,Кољане/Врлика,43.8733941,16.5015021
cluster,N,non_I2,Founder,N-FT213937,Шкундрић,Јовањдан,Лика,Прибудић/Грачац,44.1437994,16.0974329
cluster,R1a,non_I2,Founder,BY99654,Шмигић,Аранђеловдан,Метохија,Пољане/Исток,42.7194497,20.6082337
cluster,R1a,non_I2,Founder,L1029,Шола,Нема,Метохија,Драгаш/Гора,43.2221484,27.8838712
cluster,R1a,non_I2,Founder,YP417,Шолаја,Томиндан,Херцеговина,Надинићи/Гацко,43.1952306,18.4685501
cluster,R1a,non_I2,Founder,L1029,Шорак,Стевањдан,Лика,Михаљевац/Кореница,45.8395848,15.9750439
cluster,R1a,non_I2,Founder,L1029,Шотра,Никољдан,Херцеговина,Козице/Столац,43.1400884,17.9140101
cluster,E,non_I2,Founder,E-Z16988,Шошо,Никољдан,Херцеговина,Мали Баљивац/Баљивац/Равно,42.7935009,18.047114
cluster,PH908_primary,PH908_family,Founder,FT16449,Шојић,Ђурђевдан,Херцеговина,Јасеник/Гацко,43.1677097,18.6118944
cluster,R1b,non_I2,Founder,A274,Шпијуновић,Стевањдан,Стари Влах,Мокра Гора/Ужице,43.7897531,19.5031247
cluster,G,non_I2,Founder,G-FTC64765,Шуберић,Аранђеловдан,Стара Херцеговина,Мокрине/Херцег Нови,42.5032117,18.4951416
cluster,E,non_I2,Founder,E-FT104106,Шукиловић,Ђурђевдан,Стари Влах,Шљивовица/Чајетина,43.8169413,19.6659619
cluster,J2,non_I2,Founder,J-Y230579,Шукић,Никољдан,Херцеговина,Долови/Струпићи/Берковићи,43.0574984,18.204689
cluster,I1,non_I2,Founder,FGC22061,Шукић,Стевањдан,Стари Влах,Радоиња/Нова Варош,43.5154829,19.7542834
cluster,E,non_I2,Founder,E-BY165837,Шулубурић,Никољдан,Стари Влах,Лиса/Ивањица,43.6514103,20.2292886
cluster,PH908_primary,PH908_family,Founder,Y51673,Шумоња,Игњатијевдан,Лика,Вера/Плашки,45.0633038,15.3721512
cluster,PH908_primary,PH908_family,Founder,FT16449,Шупић,Игњатијевдан,Стара Херцеговина,Подврш/Никшић,42.8192464,18.5172459
cluster,R1a,non_I2,Founder,Z280,Шурбаноски,Св. Врачи,Западна Македонија,Вевчани,41.2444658,20.5735643
cluster,E,non_I2,Founder,E-FT104106,Шутић,Петковдан,Херцеговина,Меча/Берковићи,43.1002817,18.1219308
cluster,R1a,non_I2,Founder,L1029,Шуша,Никољдан,Источна Босна,Плочник/Калиновик,43.3351672,18.3695385
cluster,R1b,non_I2,Founder,A274,Шуша,Стевањдан,Далмација,Доњи Карин/Бенковац,44.1296509,15.6145838
cluster,I1,non_I2,Founder,FGC22061,Шушић,Мала Госпојина,Стара Херцеговина,Доња Буковица/Шавник,43.0097244,19.1703002
cluster,G,non_I2,Founder,G-Y128480,Шушић,Св. Јован Милостиви,Стари Влах,Гуча/Лучани,43.7772932,20.2269416
cluster,R1a,non_I2,Founder,YP4278,Шушић,Св. Симеон Богопримац,Босанска Крајина,Рекавице/Бања Лука,44.7019591,17.1399686
cluster,R1a,non_I2,Founder,FT288648,Шушљик,Стевањдан,Средња Босна,Опара/Нови Травник,44.0976906,17.64971
cluster,I1,non_I2,Founder,FGC22061,Шљиванчанин,Ђурђевдан,Стара Херцеговина,Шљиванско/Жабљак,43.1180746,19.3081483
cluster,R1a,non_I2,Founder,Z280,Шљукић,Никољдан,Бачка,Буковачки Салаши/Сомбор,45.7405531,19.0735172
cluster,R1a,non_I2,Founder,Z280,Шљукић,Никољдан,Бачка,Сомбор,45.7727397,19.1147036
cluster,R1b,non_I2,Founder,FT49714,Шћекић,Петковдан,Брда,Горње Заостро/Беране,42.8802565,19.8480699
cluster,R1b,non_I2,Founder,FT49714,Шћекић,Петковдан,Брда,Курикуће/Беране,42.8776904,19.7466909
cluster,E,non_I2,Founder,E-Z1057,Шћепановић,Аранђеловдан,Брда,Црнци/Подгорица,46.0386172,13.765327600000001
surname_region_terminal,N,non_I2,Founder,N-FT182494,"""Церница-гроб 2, скелет 1""",Непознато,Херцеговина,Церница/Гацко,43.0770424,18.5163356
surname_region_terminal,N,non_I2,Founder,N-FT182494,"""Церница-гроб 2, скелет 2""",Непознато,Херцеговина,Церница/Гацко,43.0770424,18.5163356
surname_region_terminal,E,non_I2,Founder,E-Z1057,Pouray (Пурић),Аранђеловдан,Стари Влах,Дрмановићи/Нова Варош,43.4151093,19.8426174
surname_region_terminal,E,non_I2,Founder,E-Y128213,Ђачанин,Јовањдан,Источни Срем,Вашица/Шид,45.0956204,19.1866039
surname_region_terminal,E,non_I2,Founder,E-FGC11450,Ђајић,Стевањдан,Источна Босна,Закмур/Фоча,43.4614071,18.6949606
surname_region_terminal,R1a,non_I2,Founder,BY30743,Ђедовић,Јовањдан,Банија,Блиња/Петриња,45.3560014,16.367175
surname_region_terminal,E,non_I2,Founder,E-L241,Ђекић,Никољдан,Босанска Крајина,Јошавка Доња/Челинац,44.7483667,17.4162565
surname_region_terminal,G,non_I2,Founder,G-Y128480,Ђекић,Стевањдан,Босанска Крајина,Крњеуша/Босански Петровац,44.6900976,16.2267131
surname_region_terminal,E,non_I2,Founder,E-Z38456,Ђекић,Никољдан,Косово,Коретиште/Гњилане,42.4847406,21.4412425
surname_region_terminal,R1a,non_I2,Founder,L1029,Ђекић,Никољдан,Североисточна Босна,Ритешић/Добој,44.8764609,18.06813
surname_region_terminal,G,non_I2,Founder,G-Y128480,Ђелекар,Никољдан,Расина,Бресно Поље/Трстеник,43.5800118,21.1682853
surname_region_terminal,N,non_I2,Founder,N-FT182494,Ђенадић,Никољдан,Мачва,Клење/Богатић,44.807222,19.434444
surname_region_terminal,R1a,non_I2,Founder,L1029,Ђерисило,Михољдан,Херцеговина,Требијови/Требиње,42.7523566,18.3183293
surname_region_terminal,N,non_I2,Founder,N-FGC28435,Ђерић,Јовањдан,Лика,Михаљевац/Кореница,45.8395848,15.9750439
surname_region_terminal,E,non_I2,Founder,E-Z1057,Ђерић,Ђурђиц,Стари Влах,Буар/Ужице,43.8790259,19.814465
surname_region_terminal,Y3120_deep_mid_nonPH908,nonPH908_I2,Relic,Y476914,Ђилас,Лучиндан,Стара Херцеговина,Заград/Никшић,45.1814787,15.7881042
surname_region_terminal,E,non_I2,Relic,E-BY4553,Ђинисић,Ђурђевдан,Североисточна Босна,Кореташи/Лопаре,44.7696152,18.8632593
surname_region_terminal,R1a,non_I2,Founder,BY99654,Ђинић,Никољдан,Далмација,Земуник Доњи,44.1050024,15.3794791
surname_region_terminal,PH908_primary,PH908_family,Founder,Y58629,Ђогић,Јовањдан,Херцеговина,Оџаци/Коњиц,43.5189109,18.2271197
surname_region_terminal,PH908_primary,PH908_family,Founder,Y58629,Ђого,Јовањдан,Херцеговина,Вукићевићи/Горњи Поплат/Жегуља/Столац,43.0830587,17.9580026
surname_region_terminal,R1b,non_I2,Relic,FGC14376,Ђоговић,Никољдан,Пелагонија,Крушево,43.3702578,18.6994171
surname_region_terminal,R1a,non_I2,Founder,Y144943,Ђоговић,Лазарева Субота,Херцеговина,Ријека Ђоговића/Цргово/Риља/Невесиње,43.258198,18.106113
surname_region_terminal,R1a,non_I2,Founder,BY99654,Ђокић,Срђевдан,Североисточна Босна,Гајићи/Батковић/Бијељина,44.8453304,19.2151791
surname_region_terminal,E,non_I2,Founder,E-FT178289,Ђокић,Јовањдан,Североисточна Босна,Крћина/Угљевик,44.5959094,19.0624968
surname_region_terminal,I1,non_I2,Founder,FGC22061,Ђокић,Јовањдан,Североисточна Босна,Буковац/Доња Трнова/Угљевик,44.6459835,19.1019942
surname_region_terminal,E,non_I2,Founder,E-Z1057,Ђокић,Св. Мина,Топлица,Витоше/Брус,43.1788832,20.9321376
surname_region_terminal,PH908_primary,PH908_family,Relic,Y263686,Ђоковић,Лучиндан,Стара Херцеговина,Југовићи/Никшић,43.124442,18.2731889
surname_region_terminal,J2,non_I2,Relic,J-L24,Ђоковић,Аранђеловдан,Стари Влах,Граб/Лучани,43.8248985,20.2849245
surname_region_terminal,J2,non_I2,Founder,J-L70,Ђорђевић,Аранђеловдан,Јабланица,Бошњаце/Лебане,42.9491756,21.8287047
surname_region_terminal,PH908_primary,PH908_family,Founder,Y56203,Ђорђевић,Аранђеловдан,Јабланица,Губеревац/Лесковац,42.947969,22.028541
surname_region_terminal,E,non_I2,Founder,E-Z1057,Ђорђевић,Ђурђевдан,Косово,Севце/Штрпце,42.2122926,20.9404369
surname_region_terminal,R1b,non_I2,Relic,Y207622,Ђорђевић,Митровдан,Косово,Доња Битиња/Штрпце,42.2533615,21.041862
surname_region_terminal,G,non_I2,Relic,G-BY195513,Ђорђевић,Митровдан,Понишавље,Горња Студена/Нишка Бања,43.2545121,22.097766
surname_region_terminal,G,non_I2,Relic,G-L140,Ђорђевић,Никољдан,Понишавље,Пирот,43.1547342,22.5865039
surname_region_terminal,G,non_I2,Founder,G-Y128480,Ђорђевић,Ђурђиц,Понишавље,Сићево/Нишка Бања,43.3411244,22.0843369
surname_region_terminal,J2,non_I2,Relic,J-Y153290,Ђорђевић,Св. Врачи,Понишавље,Сврљиг,43.4140419,22.1230473
surname_region_terminal,R1b,non_I2,Founder,L51,Ђорђевић,Петковдан,Понишавље,Доњи Комрен/Ниш,43.348724,21.8791899
surname_region_terminal,R1a,non_I2,Relic,P278.2,Ђорђевић,Алимпијевдан,Северна Македонија,Матејче/Липково,42.1255581,21.5977767
surname_region_terminal,PH908_primary,PH908_family,Relic,Y283553,Ђорђевић,Никољдан,Стари Влах,Бањица/Чачак,43.820794,20.3826595
surname_region_terminal,R1a,non_I2,Founder,L1029,Ђорђевић,Св. Врачи,Топлица,Коњува/Куршумлија,43.2086049,21.2186819
surname_region_terminal,E,non_I2,Founder,E-Z1057,Ђорђевић,Никољдан,Шумадија,Ритопек/Гроцка,44.7385336,20.6550572
surname_region_terminal,E,non_I2,Founder,E-Z13591,Ђорђевић,Никољдан,Шумадија,Београд,44.7863236,20.4716856
surname_region_terminal,PH908_primary,PH908_family,Founder,FT190799,Ђорђевић,Лучиндан,Шумадија,Рипањ/Београд,44.6390298,20.5204337
surname_region_terminal,R1b,non_I2,Founder,L51,Ђорђевић,Митровдан,Шумадија,Рељинци/Горњи Милановац,44.1617346,20.4177045
surname_region_terminal,R1a,non_I2,Founder,Y189493,Ђузеловић,Стевањдан,Херцеговина,Доњи Турани/Турани/Требиње,42.8059433,18.2795775
surname_region_terminal,E,non_I2,Founder,E-Y126722,Ђукарић,Часне Вериге апостола Петра,Североисточна Босна,Горњи Очауш/Теслић,44.5248153,17.657046
surname_region_terminal,PH908_map_nonprimary,PH908_family,Relic,MF4021,Ђукетић,Никољдан,Шумадија,Шушњар/Лазаревац,44.3640136,20.2511165
surname_region_terminal,I1,non_I2,Founder,Y155080,Ђукић,Ђурђевдан,Босанска Крајина,Ђукићи/Шипово,44.1966072,17.1378105
surname_region_terminal,R1a,non_I2,Founder,L1029,Ђукић,Јовањдан,Далмација,Цетина/Цивљане,43.9739095,16.4271869
surname_region_terminal,R1a,non_I2,Founder,BY99654,Ђукић,Ђурђиц,Западни Банат,Црепаја/Ковачица,45.0092297,20.6372859
surname_region_terminal,E,non_I2,Founder,E-Y126722,Ђукић,Петровдан,Источни Срем,Голубинци/Стара Пазова,44.9840388,20.0659105
surname_region_terminal,R1a,non_I2,Founder,FT288648,Ђукић,Стевањдан,Североисточна Босна,Црнча/Дервента,44.8435466,17.9089735
surname_region_terminal,G,non_I2,Founder,G-Y128480,Ђукић,Алимпијевдан,Топлица,Блаце,43.2955155,21.2865967
surname_region_terminal,I1,non_I2,Founder,FGC22061,Ђумић,Аранђеловдан,Далмација,Книн,44.04085,16.199433
surname_region_terminal,E,non_I2,Founder,E-Z1057,Ђунисијевић,Никољдан,Стари Влах,Ртари/Лучани,43.8594407,20.2413214
surname_region_terminal,R1b,non_I2,Relic,BY18860,Ђурашевић,Никољдан,Зета,Богути/Цетиње,42.3199034,18.9805169
surname_region_terminal,R1b,non_I2,Relic,FT48939,Ђурашевић,Митровдан,Зета,Тудоровићи/Будва,42.2456727,18.9118979
surname_region_terminal,E,non_I2,Founder,E-Z1057,Ђурашиновић,Мратиндан,Босанска Крајина,Ћуковац/Кнежево,44.5640533,17.278884
surname_region_terminal,R1b,non_I2,Relic,Y112728,Ђуринац,Петковдан,Косово,Беревце/Штрпце,42.2458349,21.0250942
surname_region_terminal,I1,non_I2,Founder,BY169301,Ђуричић,Никољдан,Колубара,Тубравић/Ваљево,44.2138565,19.7387331
surname_region_terminal,N,non_I2,Founder,N-FT182494,Ђуричић,Никољдан,Североисточна Босна,Укриница/Теслић,44.6563071,17.7809626
surname_region_terminal,R1a,non_I2,Founder,L1029,Ђуришић,Никољдан,Зета,Бољевићи/Бар,42.2246369,19.0843874
surname_region_terminal,R1b,non_I2,Founder,FT44409,Ђурић,Ђурђиц,Метохија,Исток,42.7816777,20.4882544
surname_region_terminal,E,non_I2,Founder,E-FGC11450,Ђурић,Ђурђевдан,Североисточна Босна,Горњи Залуковик/Врли Крај/Власеница,44.1600407,18.967306
surname_region_terminal,R1b,non_I2,Relic,PF7563,Ђурић,Никољдан,Топлица,Мала Косаница/Куршумлија,42.976845,21.2952074
surname_region_terminal,E,non_I2,Founder,E-CTS11222,Ђурковић,Никољдан,Стара Херцеговина,Штедим/Никшић,42.9084694,21.2153623
surname_region_terminal,E,non_I2,Founder,E-Z1057,Ђурковић,Св. Врачи,Топлица,Суви До/Блаце,43.2578383,21.3159073
surname_region_terminal,PH908_primary,PH908_family,Founder,FT16449,Ђурковић,Петровдан,Топлица,Белољин/Прокупље,43.2316209,21.4029069
surname_region_terminal,E,non_I2,Founder,E-Z13591,Ђуровић,Петковдан,Брда,Беговина/Даниловград,42.8394698,19.1072949
surname_region_terminal,J2,non_I2,Founder,J-Y14439,Ђуровић,Савиндан,Источна Босна,Колијевке/Горажде,43.6547924,18.9843328
surname_region_terminal,R1a,non_I2,Founder,Z280,Ђуровић,Јовањдан,Стара Херцеговина,Зеленика/Херцег Нови,42.4516792,18.5774346
surname_region_terminal,PH908_primary,PH908_family,Founder,FT16449,Ђуровић,Игњатијевдан,Стари Влах,Дреновци/Косјерић,44.0785809,19.8782781
surname_region_terminal,PH908_primary,PH908_family,Founder,FT386055,Ђурђевић,Тривуњдан,Босанска Крајина,Печенег Илова/Прњавор,44.978077,17.6979678
surname_region_terminal,PH908_primary,PH908_family,Founder,FT14506,Ђурђевић,Јовањдан,Косово,Сочаница/Лепосавић,43.0561114,20.8072601
surname_region_terminal,I2_unmapped_nonPH908,nonPH908_I2,Relic,L801,Ђурђевић,Никољдан,Мачва,Метковић/Богатић,44.8550803,19.5469405
surname_region_terminal,E,non_I2,Founder,E-Z1057,Ђурђевић,Ваведење,Метохија,Призрен,42.2130151,20.7363339
surname_region_terminal,R1a,non_I2,Founder,L1029,Ђурђевић,Ђурђевдан,Североисточна Босна,Скугрић Доњи/Модрича,44.903747,18.3673595
surname_region_terminal,PH908_primary,PH908_family,Founder,Y56203,Ђурђевић,Стевањдан,Шумадија,Риљац/Трстеник,43.7321361,21.0499865
surname_region_terminal,I1,non_I2,Relic,FT243910,Ђурђић,Никољдан,Стара Херцеговина,Вирак/Жабљак,43.1173534,19.1112996
surname_region_terminal,PH908_primary,PH908_family,Founder,FT14506,Јагетић,Ђурђевдан,Бачка,Бачко Петрово Село/Бечеј,45.7069444,20.0791667
surname_region_terminal,J2,non_I2,Founder,J-Y22059,Јагодић,Ђурђевдан,Источна Босна,Јагодићи/Горажде,44.0664275,17.5858341
surname_region_terminal,E,non_I2,Founder,E-Y142744,Јагуз,Михољдан,Босанска Крајина,Шипово,44.2809431,17.0853048
surname_region_terminal,PH908_primary,PH908_family,Founder,Y56203,Јакишић,Стевањдан,Босанска Крајина,Зајаруга/Гламоч,44.0196674,16.9104798
surname_region_terminal,I1,non_I2,Founder,FGC22061,Јакић,Ђурђевдан,Стара Херцеговина,Добра Села/Шавник,43.9517541,17.9165425
surname_region_terminal,I1,non_I2,Founder,FGC22061,Јаковљевић,Никољдан,Мачва,Узовница/Љубовија,44.2459418,19.3416603
surname_region_terminal,E,non_I2,Founder,E-PH1395,Јаковљевић,Никољдан,Рашка,Горњи Дајићи/Дајићи/Ивањица,43.4032587,20.2980393
surname_region_terminal,E,non_I2,Founder,E-Y142744,Јаковљевић,Никољдан,Североисточна Босна,Горња Трнова/Угљевик,44.6286813,19.078778
surname_region_terminal,I1,non_I2,Founder,BY169301,Јаковљевић,Никољдан,Стари Влах,Прилипац/Пожега,43.8183343,20.1148939
surname_region_terminal,R1a,non_I2,Founder,Y144943,Јакшић,Лазарева Субота,Банија,Слабиња/Костајница,45.1819188,16.5875481
surname_region_terminal,PH908_primary,PH908_family,Founder,FT190799,Јакшић,Лучиндан,Рашка,Краљево,43.7234519,20.6870792
surname_region_terminal,E,non_I2,Founder,E-CTS11222,Јакшић,Никољдан,Херцеговина,Степен/Гацко,43.0789563,18.5402045
surname_region_terminal,PH908_map_nonprimary,PH908_family,Founder,Y4882,Јакшић,Јовањдан,Херцеговина,Јакшићи/Жаково/Требиње,43.7549982,19.4691297
surname_region_terminal,G,non_I2,Founder,G-FTC64765,Јаничић,Аранђеловдан,Стара Херцеговина,Броћанац Вилушки/Никшић,42.7581428,18.5648938
surname_region_terminal,E,non_I2,Founder,E-Z1057,Јанићијевић,Мратиндан,Косово,Приштина,42.6638771,21.1640849
surname_region_terminal,R1a,non_I2,Founder,L1029,Јанићијевић,Ваведење,Метохија,Призрен,42.2130151,20.7363339
surname_region_terminal,PH908_primary,PH908_family,Relic,Y135653,Јанкетић,Срђевдан,Брда,Морачко Требаљево/Колашин,42.864431,19.5214221
surname_region_terminal,E,non_I2,Relic,E-M81,Јанковић,Петровдан,Западни Банат,Неузина/Сечањ,45.3447229,20.7122272
surname_region_terminal,I1,non_I2,Founder,FTA86559,Јанковић,Аранђеловдан,Колубара,Белотић/Осечина,44.3813465,19.5238289
surname_region_terminal,J2,non_I2,Founder,J-Y155375,Јанковић,Ђурђиц,Колубара,Вировац/Мионица,44.3098976,20.1033487
surname_region_terminal,J2,non_I2,Founder,J-Y230579,Јанковић,Никољдан,Колубара,Слатина/Уб,44.3995707,19.9129619
surname_region_terminal,PH908_primary,PH908_family,Founder,FT14506,Јанковић,Никољдан,Косово,Извор/Ново Брдо,42.5969551,21.386058
surname_region_terminal,J2,non_I2,Relic,J-Z36800,Јанковић,Никољдан,Метохија,Пећ,46.0765092,18.2280317
surname_region_terminal,J2,non_I2,Founder,J-L70,Јанковић,Алимпијевдан,Рашка,Косуриће/Нови Пазар,43.1798597,20.4642062
surname_region_terminal,PH908_primary,PH908_family,Founder,BY93199,Јанковић,Мала Госпојина,Североисточна Босна,Попови/Бијељина,44.7633867,19.2733399
surname_region_terminal,R1a,non_I2,Founder,L1029,Јанковић,Јовањдан,Средња Босна,Голеш/Травник,44.1921556,17.5317926
surname_region_terminal,I1,non_I2,Founder,FGC22061,Јанковић,Никољдан,Стара Херцеговина,Грабовица/Шавник,43.0165896,19.0814012
surname_region_terminal,E,non_I2,Founder,E-Z38456,Јанковић,Ђурђиц,Стари Влах,Пепељ/Бајина Башта,43.9158488,19.6424693
surname_region_terminal,I1,non_I2,Founder,FGC22061,Јанковић,Ђурђевдан,Стари Влах,Речице/Пожега,43.9197757,19.92981995
surname_region_terminal,I1,non_I2,Founder,FTA86559,Јанковић,Никољдан,Стари Влах,Лопаш/Пожега,43.8053585,20.1239919
surname_region_terminal,G,non_I2,Founder,G-FTC64765,Јанковић,Игњатијевдан,Херцеговина,Дубочани/Требиње,42.7529341,18.4577567
surname_region_terminal,Y3120_deep_mid_nonPH908,nonPH908_I2,Relic,BY92056,Јанковић,Никољдан,Шумадија,Бошњане/Рача,44.2532829,20.9706437
surname_region_terminal,E,non_I2,Founder,E-Z1057,Јаношевић,Аранђеловдан,Источни Срем,Беркасово/Шид,45.1488963,19.2599231
surname_region_terminal,R1a,non_I2,Founder,BY99654,Јанус,Никољдан,Банија,Брубно/Глина,45.1861204,16.0990234
surname_region_terminal,I1,non_I2,Founder,FGC22061,Јараковић,Никољдан,Стари Влах,Биоска/Ужице,43.8648387,19.6528798
surname_region_terminal,I1,non_I2,Founder,FGC22061,Јасика,Никољдан,Стари Влах,Горња Дренова/Пријепоље,45.9420102,16.18223
surname_region_terminal,I1,non_I2,Founder,FGC22061,Јауковић,Аранђеловдан,Стара Херцеговина,Придворица/Шавник,43.3278578,18.4796303
surname_region_terminal,PH908_primary,PH908_family,Founder,FT14506,Јачић,Лучиндан,Шумадија,Медвеђа/Трстеник,43.6280323,21.0564562
surname_region_terminal,J2,non_I2,Founder,J-Y22063,Јањатовић,Јовањдан,Лика,Бјељевине/Српско Поље/Оточац,44.776135499999995,17.93102475
surname_region_terminal,PH908_primary,PH908_family,Founder,FT386055,Јањић,Аранђеловдан,Босанска Крајина,Чивчије/Прњавор,44.8166454,17.5261919
surname_region_terminal,PH908_primary,PH908_family,Founder,FT14506,Јањић,Ђурђевдан,Херцеговина,Банчићи/Љубиње,42.97508515,18.046451750000003
surname_region_terminal,G,non_I2,Founder,G-Y128480,Јањош,Св. Василије Велики,Херцеговина,Потком/Берковићи,43.1248694,18.0906735
surname_region_terminal,PH908_primary,PH908_family,Founder,Y56203,Јањуз (Думичић),Нема,Далмација,Сплит,43.5099367,16.4896122
surname_region_terminal,E,non_I2,Founder,E-FT178289,Јањушевић,Никољдан,Стара Херцеговина,Лаз/Никшић,46.052257,23.417935
surname_region_terminal,R1a,non_I2,Founder,L1029,Јаћимовић,Стевањдан,Босанска Крајина,Јаружани/Лакташи,44.8271792,17.3463632
surname_region_terminal,R1a,non_I2,Founder,BY30743,Јевремовић,Аранђеловдан,Стари Влах,Бранешци/Чајетина,43.7414582,19.6841993
surname_region_terminal,I1,non_I2,Founder,BY169301,Јевтић,Никољдан,Колубара,Бујачић/Ваљево,44.2463626,19.9097877
surname_region_terminal,J2,non_I2,Relic,J-Z631,Јевтић,Јовањдан,Колубара,Стубленица/Уб,44.4587155,20.1239607
surname_region_terminal,R1a,non_I2,Founder,Y260767,Јевтић,Јовањдан,Колубара,Осечина,44.372776,19.6007285
surname_region_terminal,I1,non_I2,Founder,FGC22061,Јевтић,Ђурђевдан,Мачва,Коренита/Лозница,44.504199,19.3018587
surname_region_terminal,J2,non_I2,Founder,J-L70,Јевтић,Никољдан,Понишавље,Периш/Сврљиг,43.3731718,22.3164833
surname_region_terminal,I1,non_I2,Founder,FGC22061,Јевтић,Ђурђевдан,Североисточна Босна,Доња Трнова/Угљевик,44.6542937,19.0952808
surname_region_terminal,R1a,non_I2,Founder,Z280,Јевтић,Михољдан,Североисточна Босна,Магнојевић Доњи/Бијељина,44.8061995,19.0135165
surname_region_terminal,J2,non_I2,Founder,J-Y22059,Јевтић,Митровдан,Топлица,Данковиће/Куршумлија,43.1633071,21.2342709
surname_region_terminal,PH908_primary,PH908_family,Founder,Y56203,Јевтић,Стевањдан,Шумадија,Риљац/Трстеник,43.7321361,21.0499865
surname_region_terminal,I2_unmapped_nonPH908,nonPH908_I2,Relic,Z78,Јевтић,Митровдан,Шумадија,Цикот/Рековац,43.8958205,21.0890293
surname_region_terminal,I1,non_I2,Founder,FGC22061,Јевђевић,Ђурђевдан,Шумадија,Крагујевац,44.0142628,20.9162394
surname_region_terminal,PH908_primary,PH908_family,Relic,FT407280,Јеж,Стевањдан,Босанска Крајина,Горњи Петровићи/Босанска Крупа,44.8673801,16.248461
surname_region_terminal,E,non_I2,Founder,E-L241,Јездимировић,Аранђеловдан,Мачва,Шабац,44.7571535,19.6953972
surname_region_terminal,E,non_I2,Founder,E-Z1057,Јекић,Стевањдан,Банија,Грабовац Бански/Петриња,45.3299747,16.2376174
surname_region_terminal,PH908_primary,PH908_family,Founder,FT14506,Јекић,Никољдан,Стари Влах,Медовине/Ивањица,43.3410712,20.2004153
surname_region_terminal,J2,non_I2,Relic,J-Z7671,Јелачић,Св. Василије Велики,Источни Срем,Нови Карловци/Инђија,45.0787738,20.1788232
surname_region_terminal,PH908_primary,PH908_family,Founder,FT14506,Јеличић,Никољдан,Босанска Крајина,Борковићи/Бања Лука,44.8211451,16.9992854
surname_region_terminal,R1a,non_I2,Founder,Y189493,Јелић,Марковдан,Босанска Крајина,Кремна/Прњавор,44.8216214,17.6961577
surname_region_terminal,J2,non_I2,Founder,J-Y155375,Јелић,Ђурђевдан,Североисточна Босна,Ченгић/Бијељина,44.6474906,19.1547291
surname_region_terminal,PH908_primary,PH908_family,Founder,FT14506,Јелић,Јовањдан,Стари Влах,Ерчеге/Ивањица,43.3658871,20.1659704
surname_region_terminal,PH908_primary,PH908_family,Founder,FT14506,Јелић,Ђурђевдан,Херцеговина,Орашје Зубци/Требиње,42.6603538,18.4080116
surname_region_terminal,PH908_primary,PH908_family,Founder,FT14506,Јеловац,Лазарева Субота,Стара Херцеговина,Захум/Вишњица/Пљевља,43.8313209,17.4494404
surname_region_terminal,J2,non_I2,Founder,J-Y230579,Јеринић,Никољдан,Мачва,Клупци/Лозница,44.539006,19.2422026
surname_region_terminal,PH908_primary,PH908_family,Founder,FT14506,Јеринкић,Јовањдан,Западни Банат,Кикинда,45.8300065,20.4653054
surname_region_terminal,PH908_primary,PH908_family,Relic,BY77359,Јерковић,Петровдан,Босанска Крајина,Горња Суваја/Босанска Крупа,44.8011011,16.1780291
surname_region_terminal,PH908_primary,PH908_family,Founder,Y58629,Јерковић,Јовањдан,Лика,Дивосело/Госпић,44.5085231,15.3536733
surname_region_terminal,I1,non_I2,Founder,FT428459,Јефтић,Стевањдан,Североисточна Босна,Чакловићи Горњи/Тузла,44.5204035,18.7570357
surname_region_terminal,R1a,non_I2,Founder,Y189493,Јефтић,Јовањдан,Херцеговина,Опличићи/Чапљина,43.1171721,17.8104965
surname_region_terminal,PH908_primary,PH908_family,Founder,FT16449,Јечменица,Никољдан,Стара Херцеговина,Црни Врх/Пљевља,43.3876934,19.4001538
surname_region_terminal,PH908_primary,PH908_family,Founder,FT16449,Јечменица,Никољдан,Стари Влах,Доброселица/Чајетина,43.52108905,19.55137015
surname_region_terminal,PH908_primary,PH908_family,Founder,FT16449,Јоановић,Стевањдан,Славонија,Доњи Град/Осијек,45.5556845,18.7195614
surname_region_terminal,R1b,non_I2,Founder,FT49714,Јовановић,Аранђеловдан,Брда,Лутово/Подгорица,42.6279981,19.3856978
surname_region_terminal,J2,non_I2,Relic,J-FT159176,Јовановић,Аранђеловдан,Западна Македонија,Ореовец/Македонски Брод,41.4918964,21.1316653
surname_region_terminal,E,non_I2,Founder,E-FT104106,Јовановић,Ђурђевдан,Западни Банат,Вршац,45.1200117,21.298788
surname_region_terminal,I1,non_I2,Founder,BY169301,Јовановић,Никољдан,Источни Срем,Белегиш/Стара Пазова,45.0188292,20.3313275
surname_region_terminal,PH908_primary,PH908_family,Relic,BY97841,Јовановић,Аранђеловдан,Колубара,Ушће/Обреновац,44.629333,20.006634
surname_region_terminal,PH908_primary,PH908_family,Founder,FT14506,Јовановић,Ђурђевдан,Колубара,Маркова Црква/Лајковац,44.328494,20.085404
surname_region_terminal,E,non_I2,Founder,E-PH1395,Јовановић,Аранђеловдан,Косово,Приштина,42.6638771,21.1640849
surname_region_terminal,E,non_I2,Founder,E-Z13591,Јовановић,Петковдан,Косово,Врбница/Косовска Митровица,42.8341906,20.83857
surname_region_terminal,J2,non_I2,Founder,J-L70,Јовановић,Ђурђиц,Косово,Беревце/Штрпце,42.2458349,21.0250942
surname_region_terminal,N,non_I2,Relic,N-PH1612,Јовановић,Никољдан,Косово,Пасјане/Гњилане,42.4059348,21.4962974
surname_region_terminal,Y3120_deep_mid_nonPH908,nonPH908_I2,Founder,Z17855,Јовановић,Ђурђевдан,Косово,Горње Вараге/Зубин Поток,42.9822393,20.5802612
surname_region_terminal,E,non_I2,Founder,E-Z1057,Јовановић,Никољдан,Мачва,Јеленча/Шабац,44.7343671,19.7351869
surname_region_terminal,PH908_primary,PH908_family,Founder,FT16449,Јовановић,Митровдан,Мачва,Радаљ/Мали Зворник,44.4038889,19.1833333
surname_region_terminal,J2,non_I2,Founder,J-Y155375,Јовановић,Ђурђевдан,Мачва,Шабац,44.7571535,19.6953972
surname_region_terminal,J2,non_I2,Founder,J-Y22059,Јовановић,Ђурђиц,Мачва,Меховине/Владимирци,44.6379674,19.7811087
surname_region_terminal,N,non_I2,Founder,N-FT182494,Јовановић,Никољдан,Мачва,Доње Црниљево/Коцељева,44.4677778,19.6255556
surname_region_terminal,I1,non_I2,Founder,BY169301,Јовановић,Андријевдан,Метохија,Раштане/Сува Река,42.3621996,20.8315238
surname_region_terminal,E,non_I2,Founder,E-PH1395,Јовановић,Св. Александар Невски,Метохија,Орашје/Брежаник/Пећ,45.0342753,18.6943254
surname_region_terminal,E,non_I2,Founder,E-Y126722,Јовановић,Никољдан,Метохија,Пећ,46.0765092,18.2280317
surname_region_terminal,R1a,non_I2,Founder,L1029,Јовановић,Аранђеловдан,Понишавље,Пирот,43.1547342,22.5865039
surname_region_terminal,R1a,non_I2,Founder,Z280,Јовановић,Јовањдан,Понишавље,Велики Вртоп/Гаџин Хан,43.1347735,22.1725958
surname_region_terminal,PH908_primary,PH908_family,Founder,FT14506,Јовановић,Никољдан,Расина,Вучак/Крушевац,43.5644324,21.2810154
surname_region_terminal,G,non_I2,Relic,G-L13,Јовановић,Лучиндан,Рашка,Видово/Нови Пазар,43.1606536,20.4662146
surname_region_terminal,PH908_primary,PH908_family,Founder,Y56203,Јовановић,Мратиндан,Рашка,Видово/Нови Пазар,43.1606536,20.4662146
surname_region_terminal,E,non_I2,Founder,E-FT178289,Јовановић,Јовањдан,Североисточна Босна,Бобетино Брдо/Лопаре,44.7455256,18.9259586
surname_region_terminal,E,non_I2,Founder,E-Y128213,Јовановић,Ђурђевдан,Североисточна Босна,Сухо Поље/Бијељина,44.6928537,19.0961397
surname_region_terminal,I1,non_I2,Founder,FGC22061,Јовановић,Ђурђевдан,Североисточна Босна,Доња Трнова/Угљевик,44.6542937,19.0952808
surname_region_terminal,I1,non_I2,Founder,FT428459,Јовановић,Стевањдан,Североисточна Босна,Бијељина,44.7568464,19.2156628
surname_region_terminal,R1a,non_I2,Founder,Y260767,Јовановић,Никољдан,Североисточна Босна,Тиња/Сребреник,44.6905106,18.5051362
surname_region_terminal,PH908_primary,PH908_family,Founder,Y58629,Јовановић,Јовањдан,Североисточна Босна,Буквари/Буковица Доња/Бијељина,44.8233309,18.9823472
surname_region_terminal,J2,non_I2,Founder,J-Z38299,Јовановић,Зачеће Св. Јована Крститеља,Стара Херцеговина,Рисан/Котор,42.5149792,18.6955649
surname_region_terminal,R1a,non_I2,Founder,BY30743,Јовановић,Никољдан,Стари Влах,Велес/Гуча/Лучани,41.718869,21.7705695
surname_region_terminal,R1b,non_I2,Founder,BY38894,Јовановић,Никољдан,Стари Влах,Дујке/Сјеница,43.2109699,19.9949295
surname_region_terminal,E,non_I2,Founder,E-FT178289,Јовановић,Св. Јован Златоусти,Стари Влах,Дљин/Лучани,43.8688788,20.1433467
surname_region_terminal,PH908_primary,PH908_family,Founder,FT14506,Јовановић,Ђурђевдан,Стари Влах,Милатовићи/Лучани,43.7276927,20.3696394
surname_region_terminal,R1a,non_I2,Founder,Z280,Јовановић,Петковдан,Тимочка Крајина,Мокрање/Неготин,44.1565767,22.5457659
surname_region_terminal,N,non_I2,Founder,N-FT213937,Јовановић,Јовањдан,Топлица,Вукојевац/Куршумлија,43.021094,21.1871445
surname_region_terminal,PH908_primary,PH908_family,Relic,Y189089,Јовановић,Јовањдан,Херцеговина,Хум/Требиње,42.7284887,18.1946559
surname_region_terminal,R1a,non_I2,Founder,BY30743,Јовановић,Никољдан,Шумадија,Кавадар/Рековац,43.8374553,21.132143
surname_region_terminal,R1b,non_I2,Founder,BY38894,Јовановић,Ђурђевдан,Шумадија,Забојница/Кнић,43.9973838,20.7499552
surname_region_terminal,PH908_primary,PH908_family,Founder,BY93199,Јовановић,Аранђеловдан,Шумадија,Парцани/Сопот,44.5673578,20.5266613
surname_region_terminal,E,non_I2,Founder,E-Z1057,Јовановић,Никољдан,Шумадија,Београд,44.7863236,20.4716856
surname_region_terminal,E,non_I2,Founder,E-Z13591,Јовановић,Петковдан,Шумадија,Велика Плана,44.3324574,21.075786
surname_region_terminal,I1,non_I2,Founder,FGC22061,Јовановић,Ђурђевдан,Шумадија,Венчане/Аранђеловац,44.4069897,20.4672668
surname_region_terminal,G,non_I2,Relic,G-M342,Јовановић,Никољдан,Шумадија,Бождаревац/Барајево,44.564496,20.40044
surname_region_terminal,G,non_I2,Founder,G-Y128480,Јовановић,Пантелијевдан,Шумадија,Велико Орашје/Велика Плана,44.371241499999996,21.0887509
surname_region_terminal,J2,non_I2,Founder,J-L70,Јовановић,Аранђеловдан,Шумадија,Лоћика/Рековац,43.8578945,21.1867475
surname_region_terminal,N,non_I2,Founder,N-FT213937,Јовановић,Јовањдан,Шумадија,Велика Иванча/Младеновац,44.4259017,20.5796709
surname_region_terminal,E,non_I2,Founder,E-Z1057,Јовановски,Св. Варвара,Западна Македонија,Теарце,42.0962641,21.0499952
surname_region_terminal,R1a,non_I2,Founder,YP270,Јованчић,Ђурђиц,Стари Влах,Лиса/Ивањица,43.6514103,20.2292886
surname_region_terminal,Y3120_shallow_nonPH908,nonPH908_I2,Relic,Y330253,Јовашевић,Ђурђевдан,Шумадија,Прељина/Чачак,43.9013757,20.4178774
surname_region_terminal,E,non_I2,Founder,E-Z1057,Јовичинац,Ђурђевдан,Стари Влах,Глеђица/Ивањица,43.4347214,20.2290065
surname_region_terminal,R1a,non_I2,Founder,Y189493,Јовичић,Марковдан,Босанска Крајина,Јошавка Горња/Челинац,44.7342666,17.4495925
surname_region_terminal,E,non_I2,Founder,E-FT104106,Јовичић,Ђурђевдан,Источна Босна,Гучево/Рогатица,43.8237583,18.931102
surname_region_terminal,R1a,non_I2,Founder,Y260767,Јовичић,Јовањдан,Мачва,Миокус/Шабац,44.704107,19.826961
surname_region_terminal,G,non_I2,Relic,G-L91,Јовичић,Ђурђиц,Стари Влах,Лис/Лучани,43.8056527,20.1770139
surname_region_terminal,R1a,non_I2,Founder,L1029,Јовишић,Ђурђевдан,Босанска Крајина,Медна/Мркоњић Град,44.3595975,16.9224624
surname_region_terminal,R1a,non_I2,Founder,L1029,Јовић (Јовановић),Томиндан,Метохија,Новаке/Призрен,42.3015963,20.7553664
surname_region_terminal,J2,non_I2,Founder,J-Y22063,Јовић,Ђурђевдан,Североисточна Босна,Дервента/Милићи,44.1305899,19.1340045
surname_region_terminal,PH908_primary,PH908_family,Founder,Y56203,Јовић,Ђурђевдан,Североисточна Босна,Добој,44.7324559,18.0850157
surname_region_terminal,R1a,non_I2,Founder,L1029,Јовић,Алимпијевдан,Шумадија,Ново Ланиште/Јагодина,44.0403555,21.2348023
surname_region_terminal,N,non_I2,Relic,N-FT193452,Јовићевић,Никољдан,Стари Влах,Гугаљ/Пожега,43.867765,20.1002597
surname_region_terminal,I1,non_I2,Founder,Y155080,Јокановић,Јовањдан,Североисточна Босна,Ново Село/Зворник,44.3287652,19.1192376
surname_region_terminal,R1a,non_I2,Founder,Y189493,Јокановић,Стевањдан,Херцеговина,Требијови/Требиње,42.7523566,18.3183293
surname_region_terminal,R1b,non_I2,Founder,BY38894,Јоковић,Ђурђевдан,Стари Влах,Северово/Ариље,43.7355288,19.9577524
surname_region_terminal,E,non_I2,Founder,E-Y142744,Јоковић,Аранђеловдан,Шумадија,Горњи Милановац,44.0230872,20.4593296
surname_region_terminal,I1,non_I2,Founder,FGC22061,Јоксимовић,Ђурђевдан,Стари Влах,Вирово/Ариље,43.7768561,20.1162652
surname_region_terminal,Y3120_shallow_nonPH908,nonPH908_I2,Relic,Y474927,Јоксимовић,Лучиндан,Стари Влах,Добраче/Ариље,43.6353854,20.084459
surname_region_terminal,E,non_I2,Founder,E-Y7168,Јорданов,Нема,Повардарје,Уланци/Градско,41.5879085,21.9440671
surname_region_terminal,I1,non_I2,Founder,FGC22061,Јордовић,Никољдан,Стари Влах,Радовци/Пожега,43.8384427,19.9719643
surname_region_terminal,E,non_I2,Founder,E-Z1057,Јосиповић,Лазарева Субота,Североисточна Босна,Рајетковићи/Црвица/Сребреница,44.0073932,19.5884728
surname_region_terminal,I1,non_I2,Founder,Y155080,Јосић,Митровдан,Бачка,Сомбор,45.7727397,19.1147036
surname_region_terminal,J2,non_I2,Founder,J-Y14439,Јоцић,Петковдан,Врањско Поморавље,Горња Љубата/Босилеград,42.5010114,22.2945137
surname_region_terminal,J2,non_I2,Founder,J-Y230579,Јоцић,Ђурђиц,Метохија,Гребник/Клина,42.5833077,20.5895152
surname_region_terminal,R1a,non_I2,Founder,L1029,Јојевић,Јовањдан,Источна Босна,Вардиште/Вишеград,43.7592967,19.4552731
surname_region_terminal,PH908_primary,PH908_family,Relic,Y188841,Југовић,Пантелијевдан,Босанска Крајина,Шаринци/Прњавор,44.801421,17.5674552
surname_region_terminal,R1a,non_I2,Founder,BY99654,Југовић,Никољдан,Источна Босна,Мокро/Пале,43.8929855,18.6359305
surname_region_terminal,J2,non_I2,Relic,J-L26,Јуришић,Никољдан,Западни Банат,Ново Милошево/Нови Бечеј,45.7213056,20.3017485
surname_region_terminal,Y3120_shallow_nonPH908,nonPH908_I2,Relic,Y84307,Љамић,Ђурђиц,Метохија,Паличојћи/Средска/Призрен,42.1722462,20.8573222
surname_region_terminal,I1,non_I2,Founder,BY169301,Љубинковић,Аранђеловдан,Мачва,Брњац/Лозница,44.5477778,19.3675
surname_region_terminal,I1,non_I2,Founder,FTA86559,Љубичић,Видовдан,Банија,Мала Врановина/Топуско,45.2846486,16.0085184
surname_region_terminal,E,non_I2,Founder,E-Z1057,Љубојевић,Јовањдан,Стари Влах,Збојштица/Ужице,43.801092,19.8692072
surname_region_terminal,I1,non_I2,Founder,FGC22061,Љубојевић,Никољдан,Стари Влах,Врбово/Пријепоље,43.4455142,19.4778173
surname_region_terminal,R1b,non_I2,Founder,FT49714,Љумовић,Аранђеловдан,Брда,Брдо/Црнци/Подгорица,45.4492898,13.7596335
surname_region_terminal,J2,non_I2,Founder,J-FT413312,Његуш,Никољдан,Источна Босна,Калиновик,43.5043116,18.4467193
surname_region_terminal,E,non_I2,Founder,E-Z1057,Ћакић,Нема,Бачка,Суботица,46.0929654,19.6539185
surname_region_terminal,PH908_primary,PH908_family,Founder,FT14506,Ћалић,Јовањдан,Банија,Горичка/Двор,45.157582,16.3355577
surname_region_terminal,I1,non_I2,Founder,FGC22061,Ћаловић,Ђурђевдан,Стари Влах,Зеоке/Лучани,43.8448345,20.264368
surname_region_terminal,R1a,non_I2,Relic,Y38780,Ћеловић,Стевањдан,Херцеговина,Дужи/Требиње,42.7040184,18.2629268
surname_region_terminal,I1,non_I2,Founder,FGC22061,Ћеран,Ђурђевдан,Босанска Крајина,Чаглица/Велика Кладуша,45.120781,15.9840396
surname_region_terminal,R1a,non_I2,Founder,YP417,Ћеранић,Јовањдан,Херцеговина,Автовац/Гацко,43.1387193,18.5757009
surname_region_terminal,PH908_primary,PH908_family,Relic,Y199158,Ћетковић,Пантелијевдан,Североисточна Босна,Пељаве/Лопаре,44.6333515,18.9495018
surname_region_terminal,E,non_I2,Founder,E-Z16988,Ћећез,Ђурђевдан,Херцеговина,Доње Село/Коњиц,43.6682984,17.9361044
surname_region_terminal,E,non_I2,Founder,E-Z13591,Ћиповић,Петковдан,Брда,Даниловград,42.5524049,19.1052289
surname_region_terminal,PH908_primary,PH908_family,Founder,FT190799,Ћипранић,Лучиндан,Стара Херцеговина,Ливеровићи/Никшић,42.7417709,19.073395
surname_region_terminal,J2,non_I2,Founder,J-Y22063,Ћирић,Стевањдан,Стари Влах,Горња Горевница/Чачак,43.958081,20.2849718
surname_region_terminal,J2,non_I2,Founder,J-L70,Ћирић,Мратиндан,Шумадија,Влакча/Крагујевац,44.1608635,20.712197
surname_region_terminal,E,non_I2,Founder,E-Y142744,Ћировић,Јовањдан,Брда,Подбишће/Мојковац,42.9624908,19.5799899
surname_region_terminal,R1b,non_I2,Founder,BY38894,Ћировић,Ђурђевдан,Стари Влах,Негбина/Нова Варош,43.5421575,19.7887808
surname_region_terminal,E,non_I2,Relic,E-Y19508,Ћировић,Томиндан,Стари Влах,Пријановићи/Пожега,43.8574613,20.0794029
surname_region_terminal,J2,non_I2,Founder,J-Y22063,Ћировић,Аранђеловдан,Шумадија,Брезовац/Аранђеловац,44.2477475,20.6008977
surname_region_terminal,E,non_I2,Founder,E-Z1057,Ћирјанић,Никољдан,Стари Влах,Расна/Пожега,43.8145564,20.0227976
surname_region_terminal,E,non_I2,Founder,E-Y142744,Ћопић,Михољдан,Лика,Горња Суваја/Грачац,44.4049975,16.0831234
surname_region_terminal,PH908_map_nonprimary,PH908_family,Founder,Y4882,Ћорлука,Јовањдан,Херцеговина,Козице/Столац,43.1400884,17.9140101
surname_region_terminal,I1,non_I2,Relic,FT263327,Ћоровић,Савиндан,Стара Херцеговина,Пошћење/Шавник,43.9517541,17.9165425
surname_region_terminal,E,non_I2,Founder,E-Z16988,Ћоровић,Аћимовдан,Херцеговина,Крушевица/Љубиње,42.9106923,18.1233759
surname_region_terminal,I1,non_I2,Founder,FGC22061,Ћосић,Ђурђевдан,Западни Банат,Јаша Томић/Сечањ,45.4465892,20.8564493
surname_region_terminal,I1,non_I2,Founder,FGC22061,Ћосић,Јовањдан,Источна Босна,Радоњићи/Пале,43.8024839,18.5397213
surname_region_terminal,N,non_I2,Founder,N-FT213937,Ћосић,Јовањдан,Источна Босна,Булози/Источно Сарајево,43.8513557,18.5029053
surname_region_terminal,PH908_primary,PH908_family,Founder,Y134585,Ћосић,Аранђеловдан,Стари Влах,Паковраће/Чачак,43.899284,20.2606344
surname_region_terminal,N,non_I2,Founder,N-FT213937,Ћосовић,Јовањдан,Источна Босна,Мјешаји/Фоча,43.4378956,18.7579307
surname_region_terminal,E,non_I2,Founder,E-FT104106,Ћузовић,Ђурђевдан,Стара Херцеговина,Отиловићи/Пљевља,43.3322924,19.4141889
surname_region_terminal,E,non_I2,Founder,E-Y142744,Ћук,Никољдан,Босанска Крајина,Доњи Врбљани/Рибник,44.3523007,16.8155703
surname_region_terminal,R1b,non_I2,Founder,A274,Ћук,Аранђеловдан,Херцеговина,Крајпоље/Љубиње,42.9209583,18.1214927
surname_region_terminal,PH908_primary,PH908_family,Founder,Y58629,Ћук,Јовањдан,Херцеговина,Убоско/Љубиње,43.0086063,18.0852893
surname_region_terminal,PH908_primary,PH908_family,Founder,FT14506,Ћурић,Ђурђевдан,Херцеговина,Коњско/Требиње,42.6442494,18.4598538
surname_region_terminal,I1,non_I2,Founder,FGC22061,Ћурлић,Никољдан,Босанска Крајина,Понир/Бањалука,44.7282914,17.2254977
surname_region_terminal,G,non_I2,Founder,G-Y128480,Ћурчић,Никољдан,Лика,Вребац/Госпић,44.7063505,15.39888705
surname_region_terminal,I1,non_I2,Founder,FGC22061,Ћурчић,Ђурђевдан,Рашка,Градац/Ивањица,43.3757722,20.3154913
surname_region_terminal,R1a,non_I2,Founder,YP4278,Џагић,Аранђеловдан,Мачва,Завлака/Крупањ,44.4554446,19.4834196
surname_region_terminal,I1,non_I2,Founder,FGC22061,Џекулић,Стевањдан,Стари Влах,Трудово/Нова Варош,43.5118646,19.9380612
surname_region_terminal,PH908_primary,PH908_family,Founder,Y58629,Џелетовић,Јовањдан,Херцеговина,Чепелица/Билећа,42.8445222,18.4067779
surname_region_terminal,J2,non_I2,Founder,J-Y230579,Џонлез,Јовањдан,Херцеговина,Ходбина/Мостар,43.229703,17.8523897
surname_region_terminal,PH908_primary,PH908_family,Founder,FT16449,Џунић,Аранђеловдан,Понишавље,Велико Село/Пирот,43.1057212,22.6771473
surname_region_terminal,R1b,non_I2,Founder,L51,Џухо,Нема,Источна Босна,Џуха/Ново Горажде,43.6691134,19.1413244
surname_region_terminal,R1b,non_I2,Founder,L51,Аврамовић,Св. Атанасије,Метохија,Пећ,46.0765092,18.2280317
surname_region_terminal,J2,non_I2,Founder,J-Y14439,Аврамовић,Лучиндан,Топлица,Жуч/Куршумлија,43.202075,21.1562884
surname_region_terminal,PH908_primary,PH908_family,Founder,FT16449,Аврамовић,Никољдан,Херцеговина,Челебићи/Коњиц,43.3913313,18.9682323
surname_region_terminal,PH908_primary,PH908_family,Founder,FT190799,Аврамовић,Лучиндан,Шумадија,Доња Сабанта/Крагујевац,43.9557691,20.9623432
surname_region_terminal,G,non_I2,Founder,G-Y128480,Адамовић,Јовањдан,Босанска Крајина,Босанска Крупа,44.6282655,16.27112515
surname_region_terminal,PH908_primary,PH908_family,Founder,Y134585,Адамовић,Св. Симеон Богопримац,Североисточна Босна,Горњи Свилај/Оџак,45.1073154,18.2483226
surname_region_terminal,I1,non_I2,Founder,FGC22061,Адамовић,Ђурђевдан,Стари Влах,Забрдњи Тоци/Пријепоље,43.4740073,19.5102387
surname_region_terminal,J2,non_I2,Founder,J-Y22059,Адамовић,Ђурђевдан,Шумадија,Вишевац/Рача,44.2488573,20.9331607
surname_region_terminal,R1a,non_I2,Founder,Y189493,Аздејковић,Аранђеловдан,Расина,Кобиље/Брус,43.4065645,21.0318929
surname_region_terminal,PH908_primary,PH908_family,Founder,Y134585,Аксентијевић,Аранђеловдан,Стара Херцеговина,Пљевља,43.3565611,19.3584715
surname_region_terminal,G,non_I2,Founder,G-Y128480,Аксентијевић,Јовањдан,Топлица,Здравиње/Прокупље,43.3097172,21.3926351
surname_region_terminal,J2,non_I2,Founder,J-Y155375,Аларгић,Никољдан,Бачка,Врбас,45.5668829,19.6465079
surname_region_terminal,Y3120_deep_mid_nonPH908,nonPH908_I2,Founder,Z17855,Албијанић,Стевањдан,Херцеговина,Баљци/Билећа,42.8919352,18.4528742
surname_region_terminal,PH908_primary,PH908_family,Founder,FT386055,Алексић,Св. Симеон Богопримац,Босанска Крајина,Бранешци Горњи/Челинац,44.7928465,17.527736
surname_region_terminal,E,non_I2,Founder,E-L241,Алексић,Јовањдан,Колубара,Остружањ/Осечина,44.3481096,19.5671699
surname_region_terminal,R1a,non_I2,Founder,BY99654,Алексић,Ђурђевдан,Мачва,Брадић/Лозница,44.5497222,19.3391667
surname_region_terminal,I1,non_I2,Founder,FGC22061,Алексић,Ђурђевдан,Шумадија,Крагујевац,44.0142628,20.9162394
surname_region_terminal,I1,non_I2,Founder,FGC22061,Алемпијевић,Ђурђевдан,Шумадија,Бранчић/Љиг,44.2254617,20.2603445
surname_region_terminal,I1,non_I2,Founder,FT428459,Андрејић,Стевањдан,Браничево,Дубница/Свилајнац,44.2752832,21.3192649
surname_region_terminal,E,non_I2,Founder,E-Z1057,Андрић,Петковдан,Косово,Племетина/Обилић,42.7069227,21.0440069
surname_region_terminal,I1,non_I2,Founder,FTA86559,Андрић,Јовањдан,Стари Влах,Дрежник/Ужице,43.7781721,19.9130094
surname_region_terminal,PH908_primary,PH908_family,Relic,BY184790,Андрић,Тривуњдан,Топлица,Свињиште/Куршумлија,42.946502,21.4415365
surname_region_terminal,I1,non_I2,Founder,FTA86559,Андрић,Митровдан,Херцеговина,Прењ/Столац,43.110656,17.8362306
surname_region_terminal,E,non_I2,Founder,E-Y126722,Аничић,Часне Вериге апостола Петра,Босанска Крајина,Сурјан/Мркоњић Град,44.5308033,17.1317519
surname_region_terminal,PH908_primary,PH908_family,Relic,Y283553,Аничић,Никољдан,Стари Влах,Дебеља/Нова Варош,43.4755264,19.9289773
surname_region_terminal,R1a,non_I2,Founder,L1029,Аничић,Никољдан,Херцеговина,Расовац/Требиње,42.6712765,18.3330527
surname_region_terminal,N,non_I2,Founder,N-FT213937,Антић,Јовањдан,Босанска Крајина,Радманићи/Бања Лука,44.6803826,16.95583
surname_region_terminal,R1a,non_I2,Founder,YP4278,Антић,Никољдан,Шумадија,Београд,44.7863236,20.4716856
surname_region_terminal,R1b,non_I2,Founder,FT49714,Антовић,Ђурђиц,Стари Влах,Прилипац/Пожега,43.8183343,20.1148939
surname_region_terminal,I1,non_I2,Founder,FGC22061,Антонијевић,Ђурђевдан,Шумадија,Вреоци/Лазаревац,44.4433333,20.2819444
surname_region_terminal,PH908_primary,PH908_family,Founder,FT16449,Антонић,Марковдан,Босанска Крајина,Јошавка Горња/Челинац,44.7342666,17.4495925
surname_region_terminal,E,non_I2,Founder,E-L241,Антонић,Аранђеловдан,Североисточна Босна,Батковић/Бијељина,44.8332129,19.2107897
surname_region_terminal,R1a,non_I2,Founder,L1029,Анђелић,Никољдан,Браничево,Раденка/Кучево,44.5851228,21.765049
surname_region_terminal,E,non_I2,Founder,E-Y126722,Анђелић,Часне Вериге апостола Петра,Североисточна Босна,Церовица/Станари,44.7087663,17.8703372
surname_region_terminal,E,non_I2,Founder,E-PH1395,Анђелковић,Аранђеловдан,Рашка,Мланча/Краљево,43.5258023,20.400969
surname_region_terminal,E,non_I2,Founder,E-Z1057,Анђелковић,Никољдан,Шумадија,Пољна/Трстеник,43.705253,21.1026969
surname_region_terminal,E,non_I2,Founder,E-Z1057,Анђеловић,Јовањдан,Врањско Поморавље,Доњи Козји Дол/Трговиште,42.3379525,22.0992839
surname_region_terminal,E,non_I2,Founder,E-Z16988,Анђеловски,Никољдан,Северна Македонија,Дејловце/Старо Нагоричане,42.2526053,22.0003997
surname_region_terminal,PH908_primary,PH908_family,Founder,BY93199,Анђић,Аранђеловдан,Херцеговина,Фојница/Гацко,43.2335786,18.3999075
surname_region_terminal,J2,non_I2,Founder,J-Y155375,Анџић,Ђурђевдан,Источна Босна,Штрпци/Рудо,43.6371002,19.4860732
surname_region_terminal,R1a,non_I2,Relic,P278.2,Аранђеловић,Никољдан,Браничево,Кудреш/Голубац,44.6147118,21.5839341
surname_region_terminal,R1a,non_I2,Relic,BY170000,Арнаутовић,Стевањдан,Херцеговина,Челебићи/Коњиц,43.3913313,18.9682323
surname_region_terminal,I1,non_I2,Founder,FGC22061,Арсенијевић,Ђурђевдан,Шумадија,Баљковац/Крагујевац,43.964331,20.9272468
surname_region_terminal,E,non_I2,Founder,E-Y128213,Арсеновић,Јовањдан,Североисточна Босна,Мала Обарска/Бијељина,44.7929623,19.2011643
surname_region_terminal,J2,non_I2,Founder,J-Y22059,Арсеновић,Никољдан,Североисточна Босна,Батковић/Бијељина,44.8332129,19.2107897
surname_region_terminal,E,non_I2,Founder,E-Z1057,Арсић,Ђурђиц,Јабланица,Реткоцер/Медвеђа,42.8479667,21.5028084
surname_region_terminal,J2,non_I2,Founder,J-Y22063,Арсић,Никољдан,Јабланица,Рујковац/Лебане,42.8918524,21.6417717
surname_region_terminal,E,non_I2,Founder,E-Z1057,Арсић,Ђурђевдан,Косово,Приштина,42.6638771,21.1640849
surname_region_terminal,Y3120_deep_mid_nonPH908,nonPH908_I2,Founder,Z17855,Арсић,Никољдан,Косово,Манастир/Божевце/Косовска Каменица,41.85969,25.58212
surname_region_terminal,J2,non_I2,Founder,J-FT413312,Асановић,Јовањдан,Херцеговина,Граб/Требиње,42.6045249,18.4258756
surname_region_terminal,E,non_I2,Founder,E-FT104106,Атанацковић,Ђурђиц,Западни Банат,Црепаја/Ковачица,45.0092297,20.6372859
surname_region_terminal,G,non_I2,Founder,G-FTC64765,Атељевић,Аранђеловдан,Херцеговина,Изгори/Гацко,43.2465901,18.6457461
surname_region_terminal,G,non_I2,Founder,G-Y128480,Ацковић,Никољдан,Расина,Пепељевац/Крушевац,43.5647826,21.2543821
surname_region_terminal,I1,non_I2,Founder,FGC22061,Ашкрабић,Ђурђевдан,Херцеговина,Драмешина/Гацко,43.2110955,18.602922
surname_region_terminal,PH908_primary,PH908_family,Founder,FT14506,Ашћерић,Ђурђевдан,Североисточна Босна,Ашћерићи/Шековићи,44.3538497,18.9847405
surname_region_terminal,R1a,non_I2,Founder,L1029,Ајдачић,Аранђеловдан,Стари Влах,Лиса/Ивањица,43.6514103,20.2292886
surname_region_terminal,J2,non_I2,Founder,J-Z38299,Ајдиновић,Нема,Јабланица,Тупале/Медвеђа,42.8225019,21.6059296
surname_region_terminal,PH908_primary,PH908_family,Founder,FT190799,Аћимовић,Лучиндан,Херцеговина,Потоци/Мостар,43.4078203,17.8758297
surname_region_terminal,E,non_I2,Founder,E-FT178289,Аџић,Јовањдан,Херцеговина,Горња Бодежишта/Гацко,43.2567789,18.5079915
surname_region_terminal,PH908_primary,PH908_family,Founder,FT14506,Бабаљ,Ђурђевдан,Херцеговина,Банчићи/Љубиње,42.9716006,17.9952073
surname_region_terminal,N,non_I2,Founder,N-FGC28435,Бабић,Јовањдан,Босанска Крајина,Ахметовци/Нови Град,45.0576491,16.5964838
surname_region_terminal,N,non_I2,Founder,N-FGC28435,Бабић,Јовањдан,Далмација,Мокро Поље/Ервеник,44.0823219,16.0457544
surname_region_terminal,N,non_I2,Founder,N-FGC28435,Бабић,Јовањдан,Лика,Мазин/Грачац,44.4528213,15.9668142
surname_region_terminal,PH908_primary,PH908_family,Founder,Y56203,Бабић,Јовањдан,Североисточна Босна,Прибој/Лопаре,44.6015596,18.9300839
surname_region_terminal,R1a,non_I2,Founder,L1029,Бабић,Јовањдан,Херцеговина,Локве/Чапљина,43.1528752,17.8242673
surname_region_terminal,E,non_I2,Founder,E-L241,Бабић,Тривуњдан,Шумадија,Вранић/Барајево,44.5941837,20.3086441
surname_region_terminal,E,non_I2,Founder,E-PH1395,Бабовић,Аранђеловдан,Брда,Доње Луге/Беране,42.8359367,19.883217899999998
surname_region_terminal,G,non_I2,Relic,G-Z6692,Баги,Нема,Бачка,Тотово Село/Кањижа,45.9635873,19.9194944
surname_region_terminal,R1b,non_I2,Founder,FT49714,Бажалац,Аранђеловдан,Рашка,Орља Глава/Краљево,43.5435467,20.4152529
surname_region_terminal,I1,non_I2,Founder,FGC22061,Бакмаз,Ђурђевдан,Источна Босна,Доњи Калиманићи/Соколац,43.9069524,18.9854049
surname_region_terminal,J2,non_I2,Founder,J-Y155375,Баковић,Никољдан,Стари Влах,Брајковац/Пријепоље,43.2616438,19.5979651
surname_region_terminal,G,non_I2,Founder,G-FTC64765,Бакоч,Аранђеловдан,Херцеговина,Клобук/Требиње,42.7115465,18.5315292
surname_region_terminal,E,non_I2,Relic,E-FT183738,Балтић,Никољдан,Босанска Крајина,Масловаре/Нови Град,45.0121598,16.4326781
surname_region_terminal,E,non_I2,Founder,E-Z1057,Бамбураћ,Игњатијевдан,Централна Хрватска,Вукошевац/Суња,45.364105,16.472335
surname_region_terminal,R1a,non_I2,Founder,L1029,Банац,Ђурђевдан,Јужна Барања,Дарда,45.6278597,18.6932831
surname_region_terminal,I1,non_I2,Founder,FGC22061,Бандука,Ђурђевдан,Средња Босна,Црепљани/Хаџићи,43.7899078,18.2048651
surname_region_terminal,R1a,non_I2,Relic,YP337,Банзић,Митровдан,Метохија,Оптеруша/Ораховац,42.3712928,20.7165407
surname_region_terminal,J2,non_I2,Founder,J-FT413312,Банићевић,Јовањдан,Зета,Горња Заљут/Цетиње,42.565944,18.7699803
surname_region_terminal,PH908_primary,PH908_family,Founder,Y56203,Бановачки,Стевањдан,Источни Срем,Попинци/Пећинци,44.9280466,20.0072723
surname_region_terminal,R1b,non_I2,Relic,BY18860,Бановић,Никољдан,Зета,Доња Села/Цетиње,45.6826949,15.7512453
surname_region_terminal,E,non_I2,Founder,E-Z1057,Банђур,Никољдан,Херцеговина,Љубиње,42.9515429,18.08992
surname_region_terminal,I1,non_I2,Relic,Y54671,Бараћ,Никољдан,Лика,Сврачково Село/Удбина,44.6215063,15.6236524
surname_region_terminal,PH908_primary,PH908_family,Founder,Y58629,Баришић,Јовањдан,Далмација,Цетина/Цивљане,43.9739095,16.4271869
surname_region_terminal,J2,non_I2,Founder,J-Y22059,Барош,Никољдан,Босанска Крајина,Црни Луг/Босанско Грахово,44.0780129,16.5800104
surname_region_terminal,R1b,non_I2,Relic,FGC71677,Бартон,Непознато,Тимочка Крајина,Аврамица/Грљан/Зајечар,43.8408036,22.3171844
surname_region_terminal,PH908_primary,PH908_family,Founder,FT14506,Басарић,Ђурђиц,Стари Влах,Губеревци/Лучани,43.7632414,20.3447699
surname_region_terminal,R1b,non_I2,Founder,FT49714,Бастаћ,Аранђеловдан,Зета,Ријека Црнојевића/Цетиње,42.3563513,19.0226515
surname_region_terminal,I1,non_I2,Founder,FTA86559,Батало,Св. Василије Велики,Кордун,Горње Примишље/Слуњ,45.1648529,15.547801
surname_region_terminal,J2,non_I2,Founder,J-Y22063,Батанчев,Св. Василије Велики,Западни Банат,Нови Кнежевац,46.0427093,20.0933532
surname_region_terminal,R1a,non_I2,Founder,Y144943,Батинић,Лазарева Субота,Херцеговина,Љубиње,42.9515429,18.08992
surname_region_terminal,PH908_primary,PH908_family,Founder,Y58629,Батица,Јовањдан,Далмација,Цетина/Цивљане,43.9739095,16.4271869
surname_region_terminal,J2,non_I2,Relic,J-Y22069,Батоћанин,Стевањдан,Расина,Лопаш/Трстеник,43.58875295,21.05642855
surname_region_terminal,E,non_I2,Founder,E-L241,Бачановић,Јовањдан,Стара Херцеговина,Ратишевина/Херцег Нови,42.4780599,18.5021008
surname_region_terminal,E,non_I2,Founder,E-FT178289,Бачаревић,Јовањдан,Шумадија,Радмиловић/Кнић,43.9423969,20.6383437
surname_region_terminal,R1a,non_I2,Founder,Y189493,Бачић,Нема,Бачка,Суботица,46.0929654,19.6539185
surname_region_terminal,I1,non_I2,Founder,FGC22061,Башевић,Ђурђевдан,Источна Босна,Кусаче/Соколац,43.9286803,18.8682872
surname_region_terminal,R1a,non_I2,Founder,Y189493,Башић,Нема,Бачка,Суботица,46.0929654,19.6539185
surname_region_terminal,G,non_I2,Founder,G-Y128480,Башић,Јовањдан,Босанска Крајина,Шиповљани/Дрвар,44.3521919,16.4122818
surname_region_terminal,E,non_I2,Founder,E-Z1057,Башић,Јовањдан,Североисточна Босна,Башићи/Шековићи,44.3164946,18.9408086
surname_region_terminal,E,non_I2,Founder,E-Z1057,Башић,Јовањдан,Херцеговина,Церовац/Требиње,42.7135098,18.2003988
surname_region_terminal,E,non_I2,Founder,E-Z16988,Башић,Никољдан,Херцеговина,Башићи/Чопице/Равно,43.1446321,18.435687
surname_region_terminal,J2,non_I2,Founder,J-Y22063,Бајаловић (Трифковић),Мратиндан,Североисточна Босна,Попови/Бијељина,44.7633867,19.2733399
surname_region_terminal,R1a,non_I2,Founder,YP417,Бајић,Јовањдан,Средња Босна,Бугојно,44.0558542,17.4509043
surname_region_terminal,J2,non_I2,Founder,J-Y14439,Бајић,Ђурђевдан,Стари Влах,Брајићи/Горњи Милановац,44.1010774,20.2074963
surname_region_terminal,R1a,non_I2,Founder,L1029,Бајић,Стевањдан,Централна Хрватска,Четвртковац/Суња,45.3505168,16.5404707
surname_region_terminal,N,non_I2,Founder,N-FT213937,Бајчетић,Јовањдан,Херцеговина,Церница/Гацко,43.0770424,18.5163356
surname_region_terminal,J2,non_I2,Founder,J-Y22059,Бањац,Јовањдан,Босанска Крајина,Средице/Горњи Рибник/Рибник,44.4035951,16.8269342
surname_region_terminal,E,non_I2,Relic,E-BY167606,Беговић,Никољдан,Јабланица,Маћедонце/Медвеђа,42.808552,21.568621
surname_region_terminal,E,non_I2,Founder,E-L241,Беговић,Петровдан,Банија,Беговићи/Петриња,45.3013906,16.3262919
surname_region_terminal,R1b,non_I2,Relic,Y100058,Бектешевић,Нема,Брда,Вишњево/Гусиње,42.5650694,19.8868506
surname_region_terminal,J2,non_I2,Founder,J-Y22059,Белајев,Гавриловдан,Источни Срем,Војка/Стара Пазова,44.935625,20.1516279
surname_region_terminal,E,non_I2,Founder,E-CTS11222,Белензаде (Белензада),Јовањдан,Босанска Крајина,Рудине/Гламоч,44.0118442,16.8967264
surname_region_terminal,G,non_I2,Relic,G-Z45690,Белић,Алимпијевдан,Колубара,Гуњаци/Осечина,44.2970259,19.5153447
surname_region_terminal,G,non_I2,Relic,G-L830,Белоица,Никољдан,Брда,Буковица/Рожаје,42.9524274,20.1929815
surname_region_terminal,E,non_I2,Founder,E-Z1057,Белчевић,Ђурђевдан,Топлица,Трнови Лаз/Прокупље,43.1363325,21.4278084
surname_region_terminal,PH908_primary,PH908_family,Founder,Y134585,Бенцун,Св. Симеон Богопримац,Средња Босна,Горњи Лучани/Какањ,44.1375313,17.9901649
surname_region_terminal,R1a,non_I2,Founder,Z280,Берисавац,Јовањдан,Шумадија,Гараши/Аранђеловац,44.2899129,20.4472732
surname_region_terminal,E,non_I2,Founder,E-Y7168,Бечејски,Никољдан,Западни Банат,Сакуле/Опово,45.1452359,20.4818833
surname_region_terminal,E,non_I2,Founder,E-Z1057,Бешењи,Никољдан,Јужна Барања,Мирковац/Кнежеви Виногради,45.7374429,18.7983997
surname_region_terminal,J2,non_I2,Founder,J-Y22059,Бештић,Никољдан,Херцеговина,Залом/Невесиње,43.2352217,18.2779684
surname_region_terminal,J2,non_I2,Relic,J-Y29678,Бељански,Аранђеловдан,Бачка,Салаши Радојевићи/Сомбор,45.7727397,19.1147036
surname_region_terminal,R1a,non_I2,Relic,YP1337,Бењак,Нема,Бачка,Станишић/Сомбор,45.9385555,19.1645788
surname_region_terminal,I1,non_I2,Founder,FGC22061,Била,Ђурђевдан,Банија,Мартиновићи/Глина,45.2968019,16.2616946
surname_region_terminal,E,non_I2,Founder,E-Z13591,Билаловић,Нема,Рашка,Нови Пазар,43.1406913,20.518057
surname_region_terminal,I1,non_I2,Founder,FTA86559,Билбија,Лучиндан,Босанска Крајина,Угарци/Босанско Грахово,44.1658384,16.3733417
surname_region_terminal,N,non_I2,Founder,N-FT213937,Билинац,Јовањдан,Источна Босна,Доње Жешће/Фоча-Устиколина,43.6044873,18.742483
surname_region_terminal,R1a,non_I2,Founder,YP417,Билић,Јовањдан,Далмација,Цивљане,43.9556008,16.4050607
surname_region_terminal,R1a,non_I2,Founder,BY99654,Бирач,Никољдан,Банија,Брубно/Глина,45.1861204,16.0990234
surname_region_terminal,PH908_primary,PH908_family,Founder,Y56203,Бисенић,Аранђеловдан,Шумадија,Голобок/Смедеревска Паланка,44.4516501,21.0059783
surname_region_terminal,E,non_I2,Relic,E-FT89644,Бишевац,Петковдан,Косово,Јабука/Зубин Поток,42.90254,20.660741
surname_region_terminal,PH908_primary,PH908_family,Founder,Y58629,Бијелић,Јовањдан,Босанска Крајина,Костајница,45.2187079,16.5463194
surname_region_terminal,PH908_map_nonprimary,PH908_family,Founder,Y4882,Бијелић,Никољдан,Далмација,Брибир/Скрадин,43.9217665,15.8422069
surname_region_terminal,R1a,non_I2,Founder,BY99654,Биџић,Св. Ђорђе посни,Јабланица,Власотинце,42.9652346,22.1281077
surname_region_terminal,E,non_I2,Founder,E-Y142744,Благојевић,Лазарева Субота,Источна Босна,Острмци/Јошаница/Фоча,43.5535415,18.832184
surname_region_terminal,I1,non_I2,Founder,FT428459,Благојевић,Стевањдан,Рашка,Гувниште/Лепосавић,43.2319981,20.7877793
surname_region_terminal,PH908_primary,PH908_family,Founder,Y134585,Благојевић,Св. Симеон Богопримац,Североисточна Босна,Палежница Горња/Добој,44.833829,18.2436026
surname_region_terminal,I1,non_I2,Founder,FTA86559,Благојевић,Никољдан,Славонија,Плетерница/Славонска Пожега,45.2862978,17.8015103
surname_region_terminal,E,non_I2,Relic,E-Y178858,Блаженовић,Илиндан,Босанска Крајина,Ребровац/Бања Лука,44.7592904,17.227585
surname_region_terminal,R1a,non_I2,Relic,FT62520,Блажић,Стевањдан,Шумадија,Међулужје/Младеновац,44.409469,20.6863009
surname_region_terminal,J2,non_I2,Founder,J-Y22063,Бобић,Јовањдан,Кордун,Поповић Брдо/Карловац,45.4647123,15.6410545
surname_region_terminal,N,non_I2,Founder,N-FGC28435,Бобић,Лучиндан,Североисточна Босна,Батковић/Бијељина,44.8332129,19.2107897
surname_region_terminal,J2,non_I2,Founder,J-Y22063,Богдановић,Јовањдан,Источна Босна,Мокронози/Рудо,43.5925875,19.4845248
surname_region_terminal,R1a,non_I2,Founder,YP270,Богдановић,Томиндан,Расина,Бзенице/Александровац,43.5033356,20.8785889
surname_region_terminal,E,non_I2,Founder,E-Y142744,Богдановић,Јовањдан,Североисточна Босна,Магнојевић Средњи/Бијељина,44.7830695,18.9928742
surname_region_terminal,N,non_I2,Founder,N-FT213937,Богдановић,Јовањдан,Североисточна Босна,Прибој/Лопаре,44.6015596,18.9300839
surname_region_terminal,I1,non_I2,Founder,FTA86559,Богдановић,Пантелијевдан,Стари Влах,Бакионица/Пожега,43.8630475,20.0462656
surname_region_terminal,PH908_primary,PH908_family,Founder,FT14506,Богдановић,Ђурђевдан,Херцеговина,Убоско/Љубиње,43.0086063,18.0852893
surname_region_terminal,E,non_I2,Relic,E-Y5435,Богдановић,Аранђеловдан,Шумадија,Трновче/Велика Плана,44.4124832,21.1126168
surname_region_terminal,J2,non_I2,Relic,J-PF7412,Богић,Петковдан,Тимочка Крајина,Луково/Бољевац,43.8007681,21.8387674
surname_region_terminal,I1,non_I2,Founder,FGC22061,Богићевић,Никољдан,Рашка,Адрани/Краљево,43.7573076,20.6556342
surname_region_terminal,E,non_I2,Founder,E-Z13591,Богићевић,Петковдан,Шумадија,Аранђеловац,44.3095004,20.5528842
surname_region_terminal,I1,non_I2,Founder,FT428459,Богосављевић,Стевањдан,Стари Влах,Кремна/Ужице,43.8502197,19.5800524
surname_region_terminal,I1,non_I2,Founder,BY169301,Богојевић,Аранђеловдан,Расина,Ботурићи/Александровац,43.458246,20.9651756
surname_region_terminal,I1,non_I2,Founder,FGC22061,Богојевић,Никољдан,Стари Влах,Поникве/Стапари/Ужице,43.8908077,19.7186607
surname_region_terminal,R1a,non_I2,Founder,Z280,Божин,Јовањдан,Северни Банат,Деска/Сегедин,46.2179342,20.2388863
surname_region_terminal,R1b,non_I2,Founder,FT49714,Божовић,Митровдан,Брда,Стијена/Подгорица,42.4621485,19.2021235
surname_region_terminal,PH908_map_nonprimary,PH908_family,Founder,Y4882,Божовић,Никољдан,Источна Босна,Борје/Фоча,43.3848521,18.9572078
surname_region_terminal,E,non_I2,Founder,E-FT104106,Божовић,Ђурђевдан,Стари Влах,Драгојевац/Ариље,43.7240834,20.1272817
surname_region_terminal,I1,non_I2,Founder,FTA86559,Божовић,Никољдан,Стари Влах,Лопаш/Пожега,43.8053585,20.1239919
surname_region_terminal,R1a,non_I2,Founder,L1029,Боздоков,Аранђеловдан,Бачка,Сивац/Кула,45.7032662,19.3822068
surname_region_terminal,N,non_I2,Founder,N-FT182494,Бокарић,Јовањдан,Североисточна Босна,Попови/Бијељина,44.7633867,19.2733399
surname_region_terminal,R1b,non_I2,Founder,A274,Бокић,Јовањдан,Херцеговина,Кртиње/Љубиње,42.8998866,18.2345695
surname_region_terminal,PH908_primary,PH908_family,Founder,Y134585,Борић,Св. Симеон Богопримац,Североисточна Босна,Бања Врућица/Теслић,44.5880031,17.8976377
surname_region_terminal,I1,non_I2,Founder,FGC22061,Борковић,Никољдан,Далмација,Лактац/Хрваце,43.8521199,16.5362621
surname_region_terminal,PH908_primary,PH908_family,Founder,FT16449,Боро,Никољдан,Херцеговина,Струјићи/Требиње,42.8987165,18.0154035
surname_region_terminal,J2,non_I2,Founder,J-Y22063,Боројевић,Јовањдан,Банија,Љубина/Двор,45.0704459,16.2602417
surname_region_terminal,E,non_I2,Founder,E-Z1057,Борђошки,Аранђеловдан,Бачка,Сента,45.927917,20.0954031
surname_region_terminal,R1a,non_I2,Founder,BY99654,Босић,Јовањдан,Североисточна Босна,Црнча/Дервента,44.9045046,18.19068865
surname_region_terminal,E,non_I2,Founder,E-Z1057,Босић,Аранђеловдан,Стари Влах,Лис/Лучани,43.8056527,20.1770139
surname_region_terminal,E,non_I2,Founder,E-Z16988,Бошковић,Никољдан,Херцеговина,Мркоњићи/Требиње,42.8416883,18.1002849
surname_region_terminal,J2,non_I2,Founder,J-Y155375,Бошковић,Стевањдан,Шумадија,Бресница/Чачак,43.8739802,20.5958184
surname_region_terminal,PH908_primary,PH908_family,Founder,Y56203,Бошњак,Нема,Бачка,Ленија/Сомбор,45.7761548,19.1846712
surname_region_terminal,E,non_I2,Founder,E-L241,Бошњак,Ђурђевдан,Западни Банат,Меленци/Зрењанин,45.5166819,20.316299
surname_region_terminal,R1b,non_I2,Founder,FT44409,Бошњак,Алимпијевдан,Северна Барања,Шарок/Мохач,45.9933836,18.6821079
surname_region_terminal,E,non_I2,Founder,E-FGC11450,Бошњак,Аранђеловдан,Херцеговина,Подосоје/Билећа,42.8954979,18.4023234
surname_region_terminal,E,non_I2,Founder,E-Z1057,Бошњаковић,Томиндан,Североисточна Босна,Колимер/Тузла,44.5444883,18.8224738
surname_region_terminal,I1,non_I2,Founder,FGC22061,Бојанић,Ђурђевдан,Далмација,Жагровић/Книн,44.0499621,16.1857787
surname_region_terminal,G,non_I2,Relic,G-BY195513,Бојанић,Никољдан,Источна Босна,Трнавци код Рудог/Рудо,43.6161317,19.4558
surname_region_terminal,J2,non_I2,Founder,J-FT413312,Бојанић,Јовањдан,Стара Херцеговина,Бојанићи/Малов До/Котор,44.4732821,17.1290696
surname_region_terminal,PH908_primary,PH908_family,Relic,FT190854,Бојановић,Лучиндан,Стари Влах,Брезова/Ивањица,43.6025295,20.060838
surname_region_terminal,E,non_I2,Founder,E-Y126722,Бојић,Часне Вериге апостола Петра,Босанска Крајина,Бојићи/Јаворани/Кнежево,43.5090089,18.3504068
surname_region_terminal,E,non_I2,Founder,E-Z13591,Бојић,Јовањдан,Источни Срем,Бешка/Инђија,45.1300269,20.0673713
surname_region_terminal,R1a,non_I2,Founder,Y260767,Бојић,Јовањдан,Источни Срем,Земун,44.8444,20.4123996
surname_region_terminal,E,non_I2,Founder,E-Z1057,Бојковић,Ђурђиц,Косово,Урошевац,42.3682168,21.1532848
surname_region_terminal,E,non_I2,Founder,E-Z1057,Бојковић,Аранђеловдан,Шумадија,Београд,44.7863236,20.4716856
surname_region_terminal,PH908_primary,PH908_family,Founder,FT16449,Бојовић,Томиндан,Рашка,Требиће/Лепосавић,43.1931202,20.6441323
surname_region_terminal,E,non_I2,Relic,E-FT193934,Бојовић,Никољдан,Стари Влах,Радошево/Ариље,43.670264,19.9444389
surname_region_terminal,PH908_primary,PH908_family,Founder,Y58629,Бољановић,Јовањдан,Херцеговина,Данићи/Гацко,43.0671162,18.5759773
surname_region_terminal,E,non_I2,Founder,E-Z38456,Бољевић,Петковдан,Зета,Матагужи/Зета,42.3231624,19.2740185
surname_region_terminal,PH908_primary,PH908_family,Founder,FT386055,Бранковић,Аранђеловдан,Босанска Крајина,Крња Јела/Босански Петровац,44.6187758,16.4062319
surname_region_terminal,R1a,non_I2,Founder,Y260767,Бранковић,Јовањдан,Колубара,Жабари/Ваљево,44.2244939,19.9482507
surname_region_terminal,J2,non_I2,Founder,J-Z38299,Брауновић,Аранђеловдан,Брда,Улица/Колашин,42.7528188,19.8851246
surname_region_terminal,I1,non_I2,Relic,P109,Брашанац,Никољдан,Стари Влах,Доње Бабине/Пријепоље,43.4156163,19.5323809
surname_region_terminal,E,non_I2,Founder,E-Z13591,Брајушковић,Лучиндан,Брда,Мартинићи/Даниловград,42.5399016,19.2033317
surname_region_terminal,E,non_I2,Founder,E-Z1057,Брестовац,Никољдан,Североисточна Босна,Горња Лупљаница/Дервента,44.9051779,17.9043342
surname_region_terminal,I1,non_I2,Founder,FTA86559,Бркић,Ђурђевдан,Бачка,Сомбор,45.7727397,19.1147036
surname_region_terminal,E,non_I2,Founder,E-Z1057,Бркић,Андријевдан,Стари Влах,Северово/Ариље,43.7355288,19.9577524
surname_region_terminal,PH908_primary,PH908_family,Founder,FT16449,Бркић,Ђурђиц,Стари Влах,Доња Краварица/Лучани,43.7814745,20.1603841
surname_region_terminal,R1b,non_I2,Founder,FT49714,Брковић,Аранђеловдан,Брда,Сеоца/Подгорица,42.553333,19.281667
surname_region_terminal,J2,non_I2,Relic,J-L24,Бркљачић,Нема,Далмација,Коњско/Клис,43.5933037,16.5009741
surname_region_terminal,PH908_primary,PH908_family,Founder,FT14506,Брновић,Петковдан,Брда,Спуж/Даниловград,42.5107033,19.1969185
surname_region_terminal,E,non_I2,Founder,E-FT178289,Брусин,Јовањдан,Западни Банат,Кумане/Нови Бечеј,45.5400113,20.2274206
surname_region_terminal,PH908_primary,PH908_family,Founder,FT16449,Брујић,Ђурђевдан,Кордун,Голиња/Вргинмост,45.4213864,15.9408066
surname_region_terminal,I2_unmapped_nonPH908,nonPH908_I2,Relic,S2361,Брчић,Нема,Далматинска острва,Мали Иж/Задар,44.0334525,15.130577
surname_region_terminal,E,non_I2,Founder,E-Z1057,Бубало,Ђурђевдан,Херцеговина,Мионићи/Требиње,42.730559,18.2377027
surname_region_terminal,R1a,non_I2,Founder,BY99654,Бубуљ,Јовањдан,Лика,Мелиновац/Доњи Лапац,44.7405425,15.895207
surname_region_terminal,G,non_I2,Founder,G-Y128480,Бувач,Никољдан,Босанска Крајина,Горња Слатина/Рибник,44.3890298,16.8769414
surname_region_terminal,PH908_primary,PH908_family,Founder,BY93199,Будалић,Мала Госпојина,Херцеговина,Југовићи/Невесиње,43.124442,18.2731889
surname_region_terminal,R1b,non_I2,Founder,FT44409,Будимац,Мратиндан,Бачка,Стапар/Сомбор,45.6640973,19.2018979
surname_region_terminal,PH908_primary,PH908_family,Founder,FT386055,Будимир,Аранђеловдан,Лика,Надврело/Грачац,44.2217557,16.0798836
surname_region_terminal,PH908_primary,PH908_family,Founder,FT14506,Будинчић,Аранђеловдан,Херцеговина,Банчићи/Љубиње,42.9716006,17.9952073
surname_region_terminal,J2,non_I2,Founder,J-Y14439,Буздум,Аранђеловдан,Славонија,Велики Будићи/Пакрац,45.4807872,17.414996
surname_region_terminal,E,non_I2,Founder,E-Z1057,Букарица,Аранђеловдан,Далмација,Лишане Тињске/Бенковац,44.07077965,15.77706305
surname_region_terminal,G,non_I2,Relic,G-Y13112,Буката,Ђурђевдан,Славонија,Зденци/Вировитица,45.5836206,17.9528638
surname_region_terminal,R1a,non_I2,Founder,L1029,Буквић,Стевањдан,Лика,Водотеч/Бриње,45.0439134,15.0844101
surname_region_terminal,R1b,non_I2,Founder,A274,Буквић,Стевањдан,Стари Влах,Стапари/Ужице,43.8703576,19.7552033
surname_region_terminal,E,non_I2,Founder,E-Y128213,Буквић,Јовањдан,Стари Влах,Радовановићи/Херцеговачка Голеша/Прибој,44.5125005,19.1970916
surname_region_terminal,PH908_primary,PH908_family,Founder,Y58629,Буквић,Јовањдан,Херцеговина,Јасена/Невесиње,43.102286199999995,18.05486155
surname_region_terminal,I1,non_I2,Founder,FTA86559,Букинац,Аранђеловдан,Бачка,Надаљ/Србобран,45.5076291,19.9237515
surname_region_terminal,R1b,non_I2,Founder,FT44409,Буковшак,Нема,Централна Хрватска,Костел/Преграда,46.1839785,15.7256223
surname_region_terminal,E,non_I2,Founder,E-PH1395,Букумира,Никољдан,Брда,Беране,42.7745463,19.9083479
surname_region_terminal,E,non_I2,Founder,E-Z1057,Булат,Митровдан,Банија,Бузета/Глина,45.2649053,16.1081881
surname_region_terminal,E,non_I2,Founder,E-Z1057,Булатовић,Лучиндан,Брда,Лијешње/Колашин,42.7726174,19.3177209
surname_region_terminal,PH908_primary,PH908_family,Relic,Y255062,Булатовић,Лучиндан,Брда,Колашин,42.8238387,19.5218005
surname_region_terminal,PH908_primary,PH908_family,Relic,Y255062,Булатовић,Лучиндан,Стара Херцеговина,Тимар/Шавник,42.9775589,19.19491
surname_region_terminal,E,non_I2,Founder,E-CTS11222,Булајић,Никољдан,Стара Херцеговина,Вилуси/Никшић,45.0061289,17.2852188
surname_region_terminal,N,non_I2,Founder,N-FT213937,Бундало,Јовањдан,Босанска Крајина,Хашани/Крупа на Уни,44.8270772,16.3719322
surname_region_terminal,E,non_I2,Founder,E-L241,Бунчић,Лазарева Субота,Банија,Велики Шушњар/Петриња,45.4650725,14.8530801
surname_region_terminal,E,non_I2,Founder,E-FT104106,Бурић,Никољдан,Североисточна Босна,Попови/Бијељина,44.7633867,19.2733399
surname_region_terminal,G,non_I2,Founder,G-FTC64765,Бурлица,Аранђеловдан,Источна Босна,Вучетићи/Горажде,43.6829147,18.9321591
surname_region_terminal,PH908_primary,PH908_family,Founder,FT14506,Бутулија,Јовањдан,Херцеговина,Требиње,42.7098295,18.3457261
surname_region_terminal,I1,non_I2,Founder,FTA86559,Буха,Митровдан,Херцеговина,Балабани/Риља/Невесиње,43.254126050000004,18.35501345
surname_region_terminal,PH908_primary,PH908_family,Founder,FT16449,Бучевац,Стевањдан,Стари Влах,Бистрица/Нова Варош,43.6288586,19.5799288
surname_region_terminal,J2,non_I2,Founder,J-Y22063,Бујаковић,Ђурђевдан,Стара Херцеговина,Вијенац/Пљевља,43.3282015,19.4453025
surname_region_terminal,J2,non_I2,Founder,J-Y155375,Бујишић,Ђурђевдан,Стара Херцеговина,Вруља/Пљевља,43.220138,19.470712
surname_region_terminal,I1,non_I2,Founder,FGC22061,Бједов,Ђурђевдан,Далмација,Мокро Поље/Ервеник,44.0682643,16.0883635
surname_region_terminal,Y3120_deep_mid_nonPH908,nonPH908_I2,Relic,A8741,Бјелајац,Никољдан,Банија,Доња Велешња/Доњи Кукурузари,45.2650561,16.4836444
surname_region_terminal,I2_unmapped_nonPH908,nonPH908_I2,Relic,Y336905,Бјелетић,Лучиндан,Стара Херцеговина,Ковачи/Никшић,43.6650815,19.2232474
surname_region_terminal,R1a,non_I2,Founder,Y260767,Бјелетић,Непознато,Шумадија,Крагујевац,44.0142628,20.9162394
surname_region_terminal,E,non_I2,Founder,E-FT104106,Бјелица,Петковдан,Херцеговина,Меча/Берковићи,43.1002817,18.1219308
surname_region_terminal,J2,non_I2,Founder,J-FT413312,Бјелица,Петковдан,Херцеговина,Подкубаш/Сузина/Берковићи,43.0814955,18.1520564
surname_region_terminal,N,non_I2,Founder,N-FT213937,Бјелић,Јовањдан,Босанска Крајина,Главица/Босанска Крупа,44.9715305,16.1074306
surname_region_terminal,R1b,non_I2,Relic,Y217583,Бјелобрковић,Петровдан,Зета,Љајковићи/Зета,42.3672776,19.2176667
surname_region_terminal,E,non_I2,Founder,E-Z1057,Бјелогрлић,Стевањдан,Херцеговина,Липник/Гацко,43.1410785,18.6177569
surname_region_terminal,R1b,non_I2,Founder,FT44409,Вагић,Никољдан,Шумадија,Врчин/Гроцка,44.6639616,20.5910154
surname_region_terminal,R1a,non_I2,Founder,L1029,Вакичић,Мратиндан,Североисточна Босна,Мала Обарска/Бијељина,44.7929623,19.2011643
surname_region_terminal,R1b,non_I2,Founder,BY38894,Ванка,Аранђеловдан,Источни Срем,Прогар/Сурчин,44.7182286,20.1589682
surname_region_terminal,I1,non_I2,Founder,FT428459,Василијевић,Стевањдан,Стари Влах,Ртари/Лучани,43.8594407,20.2413214
surname_region_terminal,R1a,non_I2,Founder,Z280,Василић,Јовањдан,Стари Влах,Бањица/Чачак,43.820794,20.3826595
surname_region_terminal,E,non_I2,Founder,E-Z1057,Васиљевић,Нема,Западни Банат,Опово,45.0487194,20.4331827
surname_region_terminal,R1a,non_I2,Founder,L1029,Васиљевић,Никољдан,Мачва,Рибари/Шабац,44.7100043,19.4238096
surname_region_terminal,PH908_primary,PH908_family,Founder,FT16449,Васиљевић,Илиндан,Расина,Доњи Степош/Крушевац,43.5207548,21.3098397
surname_region_terminal,R1a,non_I2,Founder,Y189493,Васиљевић,Стевањдан,Североисточна Босна,Челопек/Зворник,44.440092,19.122167
surname_region_terminal,PH908_primary,PH908_family,Relic,A28710,Васиљевић,Никољдан,Стари Влах,Житин/Миљевићи/Пријепоље,43.3092562,19.6594105
surname_region_terminal,PH908_primary,PH908_family,Founder,FT16449,Васић,Ђурђевдан,Босанска Крајина,Чорле/Прњавор,44.904721,17.5893212
surname_region_terminal,PH908_primary,PH908_family,Founder,FT386055,Васић,Аранђеловдан,Босанска Крајина,Бранешци Горњи/Челинац,44.808409,17.6027102
surname_region_terminal,PH908_primary,PH908_family,Relic,FTB12377,Васић,Аранђеловдан,Босанска Крајина,Бранешци Доњи/Челинац,44.7845621,17.5489684
surname_region_terminal,R1a,non_I2,Founder,Y260767,Васић,Јовањдан,Источни Срем,Земун,44.8444,20.4123996
surname_region_terminal,I1,non_I2,Founder,FGC22061,Васић,Ђурђевдан,Мачва,Липница/Лозница,44.5605556,19.28
surname_region_terminal,J2,non_I2,Founder,J-Y230579,Васић,Јовањдан,Североисточна Босна,Амајлије/Бијељина,44.7410484,19.2755552
surname_region_terminal,PH908_primary,PH908_family,Founder,Y58629,Васовић,Јовањдан,Славонија,Дијелка/Вировитица,45.8331404,17.3853376
surname_region_terminal,E,non_I2,Founder,E-PH1395,Васојевић,Св. Александар Невски,Стари Влах,Доње Лопиже/Сјеница,43.3157174,19.9506998
surname_region_terminal,PH908_primary,PH908_family,Founder,FT16449,Ватрићевић,Игњатијевдан,Рашка,Роћевићи/Краљево,43.710339,20.5303234
surname_region_terminal,E,non_I2,Founder,E-Z1057,Вацић,Никољдан,Понишавље,Расница/Пирот,43.1155347,22.5352415
surname_region_terminal,Y3120_shallow_nonPH908,nonPH908_I2,Relic,Y81557,Векић,Ђурђевдан,Далмација,Ервеник,44.108204,15.9412748
surname_region_terminal,E,non_I2,Founder,E-Z1057,Велединовић,Ђурђевдан,Славонија,Човац/Окучани,45.2372552,17.1701162
surname_region_terminal,R1a,non_I2,Relic,YP343,Велимановић,Митровдан,Браничево,Шавац/Параћин,43.8425978,21.3596289
surname_region_terminal,E,non_I2,Founder,E-PH1395,Велимировић,Св. Александар Невски,Топлица,Бучинце/Прокупље,43.1651969,21.5915487
surname_region_terminal,I1,non_I2,Founder,FGC22061,Величковић,Ђурђиц,Расина,Александровац,43.4586105,21.0465876
surname_region_terminal,E,non_I2,Founder,E-L241,Величковић,Стевањдан,Северна Македонија,Куманово,42.135913,21.7185474
surname_region_terminal,E,non_I2,Founder,E-Z13591,Величковић,Петковдан,Топлица,Мачковац/Куршумлија,43.1581576,21.2796539
surname_region_terminal,J2,non_I2,Founder,J-Y22063,Величковић,Ђурђевдан,Шумадија,Доња Горевница/Чачак,43.8752056,20.5007592
surname_region_terminal,Y3120_shallow_nonPH908,nonPH908_I2,Relic,Y474927,Веруовић,Лучиндан,Стари Влах,Ковачевац/Пријепоље,43.3405624,19.640762
surname_region_terminal,I1,non_I2,Founder,FGC22061,Веселић,Ђурђевдан,Источни Срем,Сремски Карловци,45.1860254,19.9571373
surname_region_terminal,E,non_I2,Founder,E-Z1057,Весковић,Аранђеловдан,Стари Влах,Теочин/Горњи Милановац,44.0688845,20.2368068
surname_region_terminal,R1a,non_I2,Founder,BY30743,Весовић,Аранђеловдан,Стари Влах,Котража/Лучани,43.7042885,20.2323381
surname_region_terminal,N,non_I2,Founder,N-FT213937,Ветмић,Јовањдан,Далмација,Миочић/Дрниш,43.8805432,16.2320367
surname_region_terminal,PH908_primary,PH908_family,Founder,FT16449,Вечериновић,Ђурђевдан,Лика,Плашки,46.3294368,13.7223075
surname_region_terminal,J2,non_I2,Founder,J-Y22063,Вејновић,Св. Василије Велики,Лика,Толић/Удбина,44.5916521,15.6646178
surname_region_terminal,E,non_I2,Founder,E-Y7168,Вељковић,Никољдан,Врањско Поморавље,Сурдулица,42.6919329,22.1701473
surname_region_terminal,PH908_primary,PH908_family,Founder,FT14506,Вељковић,Никољдан,Косово,Стража/Гњилане,42.463515,21.4693599
surname_region_terminal,E,non_I2,Founder,E-Y7168,Вељковић,Никољдан,Топлица,Житорађа,43.1889653,21.7111439
surname_region_terminal,N,non_I2,Founder,N-FT182494,Вељковић,Аранђеловдан,Шумадија,Доња Рача/Рача,44.2195479,21.0174445
surname_region_terminal,R1b,non_I2,Founder,BY38894,Вељовић,Ђурђевдан,Источна Босна,Јеловци/Хан Пијесак,44.0303175,19.0225547
surname_region_terminal,I1,non_I2,Founder,FGC22061,Вељовић,Ђурђевдан,Шумадија,Катрга/Чачак,43.8301911,20.5551159
surname_region_terminal,PH908_primary,PH908_family,Founder,Y56203,Видаковић,Нема,Бачка,Суботица,46.0929654,19.6539185
surname_region_terminal,R1a,non_I2,Founder,FT288648,Видаковић,Никољдан,Мачва,Лозница,44.5309221,19.2237478
surname_region_terminal,R1a,non_I2,Founder,Y144943,Видаковић,Лазарева Субота,Североисточна Босна,Горњи Грбавци/Зворник,44.4316616,19.0608952
surname_region_terminal,Y3120_shallow_nonPH908,nonPH908_I2,Relic,Y218167,Видаковић,Св. Василије Велики,Североисточна Босна,Горњи Клакар/Брод,45.0537487,18.1154722
surname_region_terminal,R1a,non_I2,Founder,Z280,Видановић,Аранђеловдан,Понишавље,Покревеник/Пирот,43.2526058,22.6150667
surname_region_terminal,R1a,non_I2,Founder,FT288648,Видић,Стевањдан,Босанска Крајина,Горњи Палачковци/Прњавор,44.9442663,17.7386307
surname_region_terminal,E,non_I2,Founder,E-Z1057,Видић,Ђурђевдан,Славонија,Окучани,45.2931478,17.2051758
surname_region_terminal,R1b,non_I2,Founder,BY38894,Видић,Никољдан,Топлица,Механе/Куршумлија,43.0217039,21.3719166
surname_region_terminal,E,non_I2,Founder,E-Y126722,Видовић,Часне Вериге апостола Петра,Босанска Крајина,Тријебово/Мркоњић Град,44.4845847,17.0808656
surname_region_terminal,PH908_primary,PH908_family,Relic,FT176119,Видовић,Јовањдан,Североисточна Босна,Коренита/Угљевик,44.7516289,18.961579
surname_region_terminal,R1b,non_I2,Relic,Y5587,Видовић,Ђурђевдан,Североисточна Босна,Ошве/Маглај,44.553838,18.0528083
surname_region_terminal,N,non_I2,Founder,N-FT182494,Видовић,Никољдан,Средња Босна,Кутања/Доњи Вакуф,44.1374347,17.373552
surname_region_terminal,E,non_I2,Founder,E-FGC11450,Видојевић,Ћириловдан,Рашка,Пуста Тушимља/Нови Пазар,43.2248464,20.5054489
surname_region_terminal,I1,non_I2,Founder,FGC22061,Видојевић,Аранђеловдан,Херцеговина,Рудо Поље/Гацко,43.1799222,18.4949758
surname_region_terminal,J2,non_I2,Founder,J-L70,Видојковић,Ђурђиц,Тимочка Крајина,Старо Корито/Књажевац,43.541708,22.3582209
surname_region_terminal,E,non_I2,Founder,E-Z1057,Визин,Нема,Бачка,Келебија/Суботица,46.1280667,19.5940406
surname_region_terminal,R1a,non_I2,Founder,L1029,Вилић,Никољдан,Херцеговина,Брајићевићи/Гацко,43.2325565,18.4869187
surname_region_terminal,Y3120_deep_mid_nonPH908,nonPH908_I2,Founder,Z17855,Винчић,Ђурђевдан,Далмација,Лактац/Хрваце,43.8521199,16.5362621
surname_region_terminal,E,non_I2,Founder,E-Y128213,Витас,Јовањдан,Источни Срем,Белегиш/Стара Пазова,45.0188292,20.3313275
surname_region_terminal,E,non_I2,Founder,E-Z1057,Витић,Никољдан,Метохија,Пећ,46.0765092,18.2280317
surname_region_terminal,PH908_primary,PH908_family,Founder,FT16449,Витомир,Игњатијевдан,Источна Босна,Соколовићи/Соколац,43.9418403,18.9410114
surname_region_terminal,G,non_I2,Founder,G-FTC64765,Виторовић,Игњатијевдан,Мачва,Глушци/Богатић,44.890556,19.548333
surname_region_terminal,J2,non_I2,Founder,J-Y22063,Вишекруна,Јовањдан,Босанска Крајина,Велико Тичево/Босанско Грахово,44.216303,16.5227622
surname_region_terminal,I1,non_I2,Founder,FGC22061,Вишнић,Никољдан,Лика,Петрово Село (Гојак)/Огулин,45.2378213,15.1272363
surname_region_terminal,PH908_primary,PH908_family,Founder,Y51673,Вишњевац,Никољдан,Херцеговина,Вишњево/Гацко,43.2223351,18.5083858
surname_region_terminal,I1,non_I2,Founder,FGC22061,Вишњић,Никољдан,Кордун,Маљевац/Цетинград,45.2004859,15.7874822
surname_region_terminal,G,non_I2,Founder,G-Y128480,Вишњић,Никољдан,Мачва,Руњани/Лозница,44.5459263,19.2711642
surname_region_terminal,E,non_I2,Founder,E-Z16988,Вићентић,Лучиндан,Колубара,Врело/Уб,44.5058023,20.0273153
surname_region_terminal,J2,non_I2,Founder,J-Y155375,Вићентић,Ђурђевдан,Мачва,Костајник/Крупањ,44.4325,19.2994444
surname_region_terminal,E,non_I2,Founder,E-Y126722,Влаисављевић,Часне Вериге апостола Петра,Лика,Крбавица/Кореница,44.7093316,15.6268504
surname_region_terminal,PH908_primary,PH908_family,Relic,Y571460,Влаховић,Лучиндан,Брда,Бабљак/Колашин,42.759723050000005,19.431958
surname_region_terminal,R1a,non_I2,Founder,BY99654,Влашковић,Петковдан,Западни Банат,Гај/Ковин,44.7959786,21.0666655
surname_region_terminal,R1a,non_I2,Founder,L1029,Воротовић,Ђурђевдан,Стара Херцеговина,Глибавац/Никшић,43.0562357,19.655165
surname_region_terminal,J2,non_I2,Founder,J-Y22059,Војаковић,Никољдан,Североисточна Босна,Међаши/Бијељина,44.8235509,19.312055
surname_region_terminal,PH908_primary,PH908_family,Relic,Y151087,Војиновић,Св. Врачи,Косово,Главотина/Вучитрн,42.7241366,21.005412
surname_region_terminal,E,non_I2,Founder,E-FT178289,Војиновић,Јовањдан,Стара Херцеговина,Војиновићи/Плужине,43.1688686,18.8994361
surname_region_terminal,J2,non_I2,Founder,J-Y230579,Војиновић,Ђурђевдан,Стари Влах,Чачак,43.8914332,20.3491624
surname_region_terminal,I1,non_I2,Founder,FGC22061,Војновић,Ђурђевдан,Лика,Брувно/Грачац,44.4014245,15.8946906
surname_region_terminal,E,non_I2,Founder,E-Z1057,Вранешевић,Ђурђевдан,Банија,Доњи Јаворањ/Двор,45.1134316,16.3594392
surname_region_terminal,E,non_I2,Founder,E-FGC11450,Вранић,Томиндан,Непознато,Баја/Мађарска,46.1785471,18.9517255
surname_region_terminal,I1,non_I2,Founder,FGC22061,Вратоњић,Никољдан,Стари Влах,Лиса/Ивањица,43.6514103,20.2292886
surname_region_terminal,J2,non_I2,Founder,J-Y22063,Врачар,Никољдан,Централна Хрватска,Бјеловар,45.8986869,16.8421977
surname_region_terminal,R1a,non_I2,Founder,L1029,Врањеш,Никољдан,Далмација,Цетина/Цивљане,43.9739095,16.4271869
surname_region_terminal,PH908_primary,PH908_family,Founder,Y51673,Врбица,Петковдан,Зета,Врба/Цетиње,42.4343761,18.8101425
surname_region_terminal,I1,non_I2,Founder,FTA86559,Вртунић,Михољдан,Босанска Крајина,Горњи Рибник/Рибник,43.6106119,21.0621145
surname_region_terminal,E,non_I2,Founder,E-Z16988,Врцељ,Ђурђевдан,Лика,Блата/Саборско,45.0319921,15.4007787
surname_region_terminal,PH908_primary,PH908_family,Founder,FT14506,Вукадиновић,Јовањдан,Врањско Поморавље,Горњи Козји Дол/Трговиште,42.3236416,22.1084879
surname_region_terminal,R1b,non_I2,Relic,Y168201,Вукадиновић,Св. Врачи,Косово,Свињаре/Косовска Митровица,42.8506067,20.8908089
surname_region_terminal,E,non_I2,Founder,E-PH1395,Вукашиновић,Аранђеловдан,Брда,Анџелати/Андријевица,42.7339619,19.7917886
surname_region_terminal,E,non_I2,Founder,E-CTS11222,Вукашиновић,Никољдан,Колубара,Доњи Мушић/Мионица,44.2955657,20.1195561
surname_region_terminal,E,non_I2,Founder,E-Z1057,Вукашиновић,Лучиндан,Стари Влах,Сјеница,43.2729348,19.9991727
surname_region_terminal,E,non_I2,Founder,E-L241,Вукајловић,Стевањдан,Босанска Крајина,Криваја/Приједор,44.9696455,17.160297800000002
surname_region_terminal,PH908_primary,PH908_family,Founder,FT16449,Вукељић,Ђурђевдан,Североисточна Босна,Осојница/Добој,44.6418051,18.1189736
surname_region_terminal,PH908_primary,PH908_family,Founder,FT190799,Вукин,Лучиндан,Источни Срем,Сибач/Пећинци,44.9058129,19.9333144
surname_region_terminal,E,non_I2,Founder,E-L241,Вукић,Тривуњдан,Босанска Крајина,Отпочиваљка/Прњавор,44.9334961,17.5231765
surname_region_terminal,E,non_I2,Founder,E-PH1395,Вукић,Аранђеловдан,Брда,Слатина/Андријевица,42.7537974,19.7833575
surname_region_terminal,E,non_I2,Relic,E-Y176957,Вукићевић,Аранђеловдан,Брда,Трешњево/Андријевица,42.7729356,19.8029233
surname_region_terminal,E,non_I2,Founder,E-Z13591,Вукићевић,Петковдан,Косово,Кајково/Лепосавић,43.1374608,20.7999019
surname_region_terminal,E,non_I2,Founder,E-Y7168,Вуковић,Нема,Бачка,Суботица,46.0929654,19.6539185
surname_region_terminal,PH908_primary,PH908_family,Relic,BY97841,Вуковић,Аранђеловдан,Брда,Веље Дубоко/Колашин,42.7796198,19.2642329
surname_region_terminal,E,non_I2,Founder,E-FGC11450,Вуковић,Савиндан,Брда,Јелића Долина/Соколац/Бијело Поље,43.0963754,19.5754692
surname_region_terminal,R1b,non_I2,Founder,FT49714,Вуковић,Аранђеловдан,Брда,Свиба/Близна/Подгорица,42.545942,19.3268806
surname_region_terminal,J2,non_I2,Founder,J-Y22063,Вуковић,Ђурђевдан,Брда,Мојковац,42.94144845,19.55485885
surname_region_terminal,I1,non_I2,Founder,FGC22061,Вуковић,Никољдан,Колубара,Комирић/Осечина,44.4274479,19.5459541
surname_region_terminal,I1,non_I2,Founder,Y155080,Вуковић,Никољдан,Колубара,Уб,44.456203,20.0737772
surname_region_terminal,R1a,non_I2,Founder,L1029,Вуковић,Ђурђевдан,Североисточна Босна,Горње Врсиње/Милићи,44.1189269,19.0813247
surname_region_terminal,N,non_I2,Founder,N-FT213937,Вуковић,Јовањдан,Североисточна Босна,Кованлук/Бијељина,44.7503932,19.2627524
surname_region_terminal,E,non_I2,Founder,E-CTS11222,Вуковић,Јовањдан,Стара Херцеговина,Риђани/Никшић,42.7668913,18.8940367
surname_region_terminal,E,non_I2,Founder,E-L241,Вуковић,Аранђеловдан,Стара Херцеговина,Бабино Брдо/Бријег/Плужине,43.3531752,18.8777536
surname_region_terminal,I1,non_I2,Founder,FGC22061,Вуковић,Аранђеловдан,Стара Херцеговина,Меруља/Новаковићи/Жабљак,43.0511307,19.1695811
surname_region_terminal,J2,non_I2,Founder,J-FT413312,Вуковић,Јовањдан,Стара Херцеговина,Каменско/Никшић,42.7872649,18.733532
surname_region_terminal,R1a,non_I2,Relic,CTS1211,Вуковић,Св. Врачи,Стари Влах,Доња Краварица/Лучани,43.7814745,20.1603841
surname_region_terminal,G,non_I2,Founder,G-Y128480,Вуковић,Ђурђевдан,Херцеговина,Месари/Требиње,42.7889133,18.1841986
surname_region_terminal,J2,non_I2,Founder,J-Y22063,Вуковојац,Јовањдан,Лика,Залужница/Врховине,44.8555404,15.3565872
surname_region_terminal,I1,non_I2,Founder,Y155080,Вукомановић,Ђурђиц,Шумадија,Дулене/Крагујевац,43.860804,20.9518268
surname_region_terminal,PH908_primary,PH908_family,Founder,FT16449,Вукосав,Никољдан,Херцеговина,Дабрица/Берковићи,43.12091475,17.9857979
surname_region_terminal,J2,non_I2,Founder,J-Y230579,Вукосављевић,Јовањдан,Колубара,Грабовац/Обреновац,44.600491,20.085394
surname_region_terminal,R1b,non_I2,Founder,FT49714,Вукосављевић,Аранђеловдан,Топлица,Љуша/Куршумлија,43.0786235,21.2996578
surname_region_terminal,R1a,non_I2,Founder,Z280,Вукотић,Јовањдан,Шумадија,Мрчајевци/Чачак,43.8670549,20.5296713
surname_region_terminal,E,non_I2,Founder,E-Z16988,Вукоје,Никољдан,Херцеговина,Пађени/Билећа,42.9862757,18.3459219
surname_region_terminal,PH908_primary,PH908_family,Relic,Y189076,Вукојевић,Пантелијевдан,Босанска Крајина,Будимлић Јапра/Оштра Лука,44.99553645,16.420701649999998
surname_region_terminal,G,non_I2,Founder,G-Y128480,Вукојевић,Ђурђевдан,Расина,Гркљане/Крушевац,43.4356883,21.2319374
surname_region_terminal,E,non_I2,Founder,E-Z13591,Вукојевић,Никољдан,Североисточна Босна,Љескове Воде/Добој,44.7719799,17.9358241
surname_region_terminal,I1,non_I2,Founder,FT428459,Вукојевић,Стевањдан,Херцеговина,Седлари/Требиње,42.8258977,18.0568312
surname_region_terminal,N,non_I2,Relic,N-TAT,Вуксановић,Томиндан,Браничево,Бистрица/Петровац на Млави,44.3358334,21.5005291
surname_region_terminal,PH908_map_nonprimary,PH908_family,Founder,Y4882,Вукшић,Никољдан,Банија,Љесковац/Двор,45.1727032,16.2442421
surname_region_terminal,Y3120_deep_mid_nonPH908,nonPH908_I2,Founder,Z17855,Вукшић,Никољдан,Далмација,Кричке/Дрниш,43.8323676,16.2069017
surname_region_terminal,E,non_I2,Founder,E-Z1057,Вуликић,Аранђеловдан,Брда,Радуновићи/Ријека Пиперска/Подгорица,42.8505752,19.8923855
surname_region_terminal,E,non_I2,Founder,E-Y142744,Вулин,Михољдан,Босанска Крајина,Рашиновац/Босански Петровац,44.584305349999994,16.6679617
surname_region_terminal,E,non_I2,Founder,E-FT104106,Вуловић,Никољдан,Североисточна Босна,Кућишта/Попови/Бијељина,44.7633867,19.2733399
surname_region_terminal,E,non_I2,Founder,E-Z1057,Вуловић,Јовањдан,Стари Влах,Роге/Пожега,43.7756416,19.9818139
surname_region_terminal,E,non_I2,Founder,E-Z13591,Вуловић,Петковдан,Стари Влах,Доње Лопиже/Сјеница,43.3157174,19.9506998
surname_region_terminal,I1,non_I2,Founder,FGC22061,Вуловић,Аранђеловдан,Стари Влах,Сопотница/Пријепоље,43.3056699,19.7376441
surname_region_terminal,J2,non_I2,Founder,J-Y155375,Вуловић,Никољдан,Шумадија,Мотрић/Рековац,43.8188142,21.0748458
surname_region_terminal,E,non_I2,Founder,E-Z38456,Вурдеља,Лазарева Субота,Источни Срем,Адашевци/Шид,45.0818899,19.221895
surname_region_terminal,E,non_I2,Founder,E-FGC11450,Вуцеља,Аранђеловдан,Босанска Крајина,Прекаја/Дрвар,44.3184425,16.5393432
surname_region_terminal,R1a,non_I2,Founder,YP417,Вученовић,Св. Василије Велики,Далмација,Кољане/Врлика,43.8733941,16.5015021
surname_region_terminal,J2,non_I2,Founder,J-Y155375,Вучета,Ђурђевдан,Босанска Крајина,Омарска/Приједор,44.888637,16.8976638
surname_region_terminal,G,non_I2,Relic,G-M406,Вучетић,Никољдан,Расина,Жабаре/Крушевац,43.5203607,21.2327957
surname_region_terminal,E,non_I2,Founder,E-CTS11222,Вучетић,Никољдан,Стара Херцеговина,Вилуси/Никшић,43.82809395,17.982245
surname_region_terminal,E,non_I2,Founder,E-CTS11222,Вучетић,Никољдан,Херцеговина,Невесиње,43.258198,18.106113
surname_region_terminal,G,non_I2,Founder,G-Y128480,Вучинић,Никољдан,Кордун,Вргинмост,45.3556367,15.8649944
surname_region_terminal,PH908_primary,PH908_family,Founder,FT16449,Вучинић,Ђурђевдан,Херцеговина,Орах/Билећа,42.8155828,18.4145798
surname_region_terminal,J2,non_I2,Founder,J-Y22063,Вучић,Јовањдан,Босанска Крајина,Јагаре/Бања Лука,44.7064234,17.1946975
surname_region_terminal,R1b,non_I2,Founder,L51,Вучић,Нема,Лика,Бошт/Огулин,45.2471208,15.2261234
surname_region_terminal,E,non_I2,Founder,E-Z13591,Вучић,Петковдан,Метохија,Црколез/Исток,42.814265,20.6292434
surname_region_terminal,E,non_I2,Founder,E-Z1057,Вучић,Никољдан,Понишавље,Бабин Кал/Бела Паланка,43.293913,22.378658
surname_region_terminal,J2,non_I2,Founder,J-Y22063,Вучић,Алимпијевдан,Понишавље,Давидовац/Сврљиг,43.5105599,21.986409600000002
surname_region_terminal,PH908_primary,PH908_family,Founder,FT16449,Вучић,Аранђеловдан,Херцеговина,Дврсница/Равно,42.9163665,17.9710084
surname_region_terminal,R1a,non_I2,Founder,FT288648,Вучићевић,Ђурђевдан,Стари Влах,Добраче/Ариље,43.6353854,20.084459
surname_region_terminal,R1a,non_I2,Founder,YP4278,Вучковић,Ђурђевдан,Браничево,Глоговац/Јагодина,44.0417453,21.3126819
surname_region_terminal,R1a,non_I2,Founder,Z280,Вучковић,Аранђеловдан,Понишавље,Вртиште/Ниш,43.3717191,21.8052008
surname_region_terminal,G,non_I2,Founder,G-FTC64765,Вучковић,Аранђеловдан,Североисточна Босна,Црњелово Горње/Бијељина,44.8417893,19.124625
surname_region_terminal,PH908_primary,PH908_family,Founder,FT16449,Вучковић,Петровдан,Стари Влах,Заблаће/Чачак,43.8432239,20.4479607
surname_region_terminal,R1b,non_I2,Relic,Z15952,Вучковић,Никољдан,Стари Влах,Збојштица/Ужице,43.801092,19.8692072
surname_region_terminal,E,non_I2,Founder,E-BY165837,Вујадиновић,Никољдан,Топлица,Куршумлија,43.1380502,21.2717791
surname_region_terminal,J2,non_I2,Relic,J-Y523332,Вујадиновић,Аранђеловдан,Херцеговина,Удрежње/Невесиње,43.2058792,18.0894621
surname_region_terminal,N,non_I2,Founder,N-FT182494,Вујанић,Св. Василије Велики,Славонија,Крагуј/Пакрац,45.4361891,17.233197
surname_region_terminal,E,non_I2,Founder,E-Z1057,Вујановић,Стевањдан,Шумадија,Брезовац/Аранђеловац,44.2477475,20.6008977
surname_region_terminal,R1a,non_I2,Founder,L1029,Вујасин,Ђурђевдан,Босанска Крајина,Љубачево/Бања Лука,44.6623843,17.2060019
surname_region_terminal,PH908_primary,PH908_family,Founder,FT14506,Вујин,Гавриловдан,Источни Срем,Војка/Стара Пазова,44.935625,20.1516279
surname_region_terminal,I1,non_I2,Relic,BY3386,Вујиновић,Никољдан,Херцеговина,Ошањићи/Столац,43.0941614,17.9419112
surname_region_terminal,R1a,non_I2,Founder,Z280,Вујић,Стевањдан,Расина,Веља Глава/Александровац,43.4950059,21.0299322
surname_region_terminal,E,non_I2,Founder,E-Z16988,Вујновић,Никољдан,Стара Херцеговина,Кумбор/Херцег Нови,42.4403576,18.587667
surname_region_terminal,E,non_I2,Founder,E-Z16988,Вујновић,Никољдан,Херцеговина,Паник/Билећа,42.8036809,18.4417389
surname_region_terminal,PH908_primary,PH908_family,Founder,BY93199,Вујовић,Аранђеловдан,Зета,Чево/Цетиње,42.5455378,18.9191085
surname_region_terminal,J2,non_I2,Relic,J-Y449926,Вујовић,Петковдан,Зета,Грбавци/Подгорица,42.3656787,19.1867637
surname_region_terminal,E,non_I2,Founder,E-Z16988,Вујовић,Аранђеловдан,Стара Херцеговина,Враћеновићи/Никшић,44.1104964,21.0010709
surname_region_terminal,Y3120_shallow_nonPH908,nonPH908_I2,Relic,Y267977,Вујовић,Лучиндан,Стари Влах,Лисице/Лучани,43.8474485,20.1582242
surname_region_terminal,E,non_I2,Founder,E-CTS11222,Вујовић,Никољдан,Херцеговина,Горњи Давидовићи/Билећа,43.02340085,18.3688548
surname_region_terminal,E,non_I2,Founder,E-Z16988,Вујовић,Никољдан,Херцеговина,Длакоше/Билећа,43.04062565,18.211443600000003
surname_region_terminal,PH908_primary,PH908_family,Founder,FT16449,Вујовић,Никољдан,Херцеговина,Кути/Билећа,43.00537445,18.2837613
surname_region_terminal,E,non_I2,Founder,E-BY165837,Вујошевић,Никољдан,Брда,Заград/Беране,42.921945,19.782832
surname_region_terminal,R1b,non_I2,Founder,FT49714,Вјетровић,Никољдан,Стари Влах,Штитково/Нова Варош,43.4812205,19.9883145
surname_region_terminal,R1a,non_I2,Founder,BY99654,Вјештица,Ђурђевдан,Босанска Крајина,Хашани/Крупа на Уни,44.8270772,16.3719322
surname_region_terminal,E,non_I2,Founder,E-Z1057,Габоровић,Ђурђиц,Стари Влах,Негришори/Лучани,43.8493223,20.1896095
surname_region_terminal,PH908_primary,PH908_family,Relic,A815,Габрић,Нема,Бачка,Палић/Суботица,46.1022848,19.7634537
surname_region_terminal,PH908_primary,PH908_family,Founder,FT16449,Гавриловић,Никољдан,Расина,Шавране/Крушевац,43.4914301,21.2783129
surname_region_terminal,R1a,non_I2,Founder,Y189493,Гаврић,Марковдан,Босанска Крајина,Јошавка Горња/Челинац,44.7342666,17.4495925
surname_region_terminal,PH908_primary,PH908_family,Relic,Y135654,Газдић,Ђурђевдан,Стара Херцеговина,Зорловићи/Пљевља,43.3565611,19.3584715
surname_region_terminal,J2,non_I2,Founder,J-Y155375,Галетин,Ђурђевдан,Бачка,Сомбор,45.7727397,19.1147036
surname_region_terminal,I1,non_I2,Relic,L22,Галетин,Јовањдан,Бачка,Буковачки салаши/Сомбор,45.7405531,19.0735172
surname_region_terminal,I1,non_I2,Relic,Z58,Галијаш,Никољдан,Централна Хрватска,Мала Градуса/Суња,45.3385545,16.4635965
surname_region_terminal,E,non_I2,Founder,E-Z1057,Галић,Ђурђевдан,Босанска Крајина,Пећиград/Цазин,45.0542953,15.896392
surname_region_terminal,R1a,non_I2,Founder,L1029,Галовић,Ђурђевдан,Лика,Широка Кула/Госпић,44.6154137,15.4559555
surname_region_terminal,R1b,non_I2,Founder,BY38894,Гаргента,Ђурђевдан,Далмација,Цетина/Цивљане,43.9739095,16.4271869
surname_region_terminal,R1a,non_I2,Relic,Y137854,Гардаш,Лазарева Субота,Североисточна Босна,Тузла,44.539298,18.6749337
surname_region_terminal,E,non_I2,Founder,E-PH1395,Гарчевић,Аранђеловдан,Брда,Мурино/Плав,42.6620235,19.8850352
surname_region_terminal,E,non_I2,Founder,E-Z16988,Гачић,Ђурђевдан,Херцеговина,Домановићи/Чапљина,43.137454,17.7801831
surname_region_terminal,E,non_I2,Founder,E-BY165837,Гашић,Аранђеловдан,Метохија,Лабљане/Пећ,42.572352,21.3530252
surname_region_terminal,R1a,non_I2,Relic,L260,Гашпар,Нема,Бачка,Челарево/Бачка Паланка,45.2696714,19.5278917
surname_region_terminal,J2,non_I2,Founder,J-Y155375,Гајевић,Ђурђевдан,Стара Херцеговина,Козица/Пљевља,43.2435507,19.520246
surname_region_terminal,E,non_I2,Founder,E-FT104106,Гајић,Никољдан,Босанска Крајина,Чуклић/Шипово,44.2310095,17.1318429
surname_region_terminal,G,non_I2,Relic,G-Z6211,Гајић,Никољдан,Босанска Крајина,Доњи Рибник/Рибник,43.5913135,21.0691582
surname_region_terminal,J2,non_I2,Founder,J-Y155375,Гајић,Јовањдан,Босанска Крајина,Сиволинац/Орахова/Градишка,45.198167,17.0033109
surname_region_terminal,R1a,non_I2,Founder,L1029,Гајић,Аранђеловдан,Мачва,Завлака/Крупањ,44.4554446,19.4834196
surname_region_terminal,R1a,non_I2,Founder,Y260767,Гајић,Јовањдан,Мачва,Јеленча/Шабац,44.7343671,19.7351869
surname_region_terminal,E,non_I2,Founder,E-Z1057,Гајић,Никољдан,Шумадија,Зеоке/Лазаревац,44.4100886,20.3251085
surname_region_terminal,R1a,non_I2,Founder,YP270,Гајић,Никољдан,Шумадија,Ивановци/Љиг,44.2260773,20.3075042
surname_region_terminal,PH908_primary,PH908_family,Relic,A29945,Гајовић,Лучиндан,Топлица,Претежана/Блаце,43.255408,21.369853
surname_region_terminal,PH908_primary,PH908_family,Founder,FT16449,Гаћина,Ђурђевдан,Херцеговина,Мека Груда/Билећа,43.0357594,18.399358
surname_region_terminal,PH908_primary,PH908_family,Founder,FT16449,Гаћиновић,Ђурђевдан,Херцеговина,Суви Врх/Горња Мека Груда/Билећа,43.0357594,18.399358
surname_region_terminal,I1,non_I2,Founder,FGC22061,Гаџа,Јовањдан,Херцеговина,Полице/Требиње,42.7057036,18.3593879
surname_region_terminal,E,non_I2,Relic,E-BY14150,Гаџић,Петковдан,Метохија,Пејчићи/Средска/Призрен,42.171221,20.855328
surname_region_terminal,R1b,non_I2,Founder,FT44409,Гвозденовић,Јовањдан,Западни Срем,Острово/Маркушица,45.3385814,18.7898786
surname_region_terminal,E,non_I2,Founder,E-Y142744,Гвоздић,Никољдан,Кордун,Војнић,45.31623,15.8049957
surname_region_terminal,J2,non_I2,Founder,J-Y22063,Гвоић,Никољдан,Банија,Доње Селиште/Глина,43.7450137,21.0724772
surname_region_terminal,J2,non_I2,Founder,J-Y22063,Гвојић,Никољдан,Кордун,Дуго Село Ласињско/Вргинмост,45.4810968,15.8819206
surname_region_terminal,I1,non_I2,Founder,FGC22061,Гегић,Нема,Источна Босна,Међеђа/Вишеград,43.7301271,19.1712325
surname_region_terminal,J2,non_I2,Relic,J-L26,Гицић,Митровдан,Тимочка Крајина,Грлиште/Зајечар,43.8165983,22.244124
surname_region_terminal,R1a,non_I2,Founder,Y189493,Главаш,Јовањдан,Херцеговина,Ходбина/Мостар,43.229703,17.8523897
surname_region_terminal,PH908_primary,PH908_family,Relic,Y499136,Главоњић,Лучиндан,Стари Влах,Бистрица/Нова Варош,43.4679641,19.6567329
surname_region_terminal,R1a,non_I2,Founder,L1029,Глигоревић,Ђурђевдан,Североисточна Босна,Тутњевац/Угљевик,44.7126085,18.9381212
surname_region_terminal,PH908_map_nonprimary,PH908_family,Relic,BY4177,Глигоријевић,Никољдан,Понишавље,Мезграја/Бабушница,43.004871,22.291389
surname_region_terminal,E,non_I2,Founder,E-Y126722,Глишић,Часне Вериге апостола Петра,Североисточна Босна,Бушлетић/Добој,44.8056888,18.0916266
surname_region_terminal,E,non_I2,Founder,E-Z1057,Глишић,Алимпијевдан,Североисточна Босна,Сребреница,44.1063188,19.2952783
surname_region_terminal,I1,non_I2,Founder,BY169301,Глоговац,Ђурђевдан,Херцеговина,Паник/Билећа,42.8036809,18.4417389
surname_region_terminal,PH908_primary,PH908_family,Founder,BY93199,Глушац,Аранђеловдан,Херцеговина,Корита/Билећа,42.8941397,18.3250134
surname_region_terminal,J2,non_I2,Founder,J-Y155375,Глушчевић,Ђурђевдан,Стари Влах,Гувништа/Камена Гора/Пријепоље,43.2654669,19.5522388
surname_region_terminal,R1a,non_I2,Founder,YP417,Говедарица,Никољдан,Херцеговина,Крекови/Невесиње,43.3041604,18.2014624
surname_region_terminal,PH908_primary,PH908_family,Founder,Y58629,Голић,Јовањдан,Западни Банат,Башаид/Кикинда,45.6391562,20.4136646
surname_region_terminal,J2,non_I2,Founder,J-FT413312,Голо,Ђурђевдан,Херцеговина,Бачевићи/Мостар,43.2650406,17.8217135
surname_region_terminal,E,non_I2,Founder,E-PH1395,Голубовић (Ивановић),Аранђеловдан,Брда,Горња Трепча/Трепча/Андријевица,42.7783377,19.8146305
surname_region_terminal,G,non_I2,Relic,G-M406,Голубовић,Св. Ђорђе посни,Понишавље,Нови Брачин/Ражањ,43.7525918,21.504418
surname_region_terminal,R1a,non_I2,Founder,Z280,Гомес Милетић,Никољдан,Браничево,Раброво/Кучево,44.5768334,21.5131923
surname_region_terminal,I1,non_I2,Founder,FGC22061,Горановић,Ђурђевдан,Североисточна Босна,Доња Дубица/Оџак,45.0767653,18.4097561
surname_region_terminal,PH908_primary,PH908_family,Founder,FT190799,Гордић,Лучиндан,Стари Влах,Горобиље/Пожега,43.8215855,20.081892
surname_region_terminal,PH908_map_nonprimary,PH908_family,Founder,Y4882,Гордић,Мратиндан,Херцеговина,Капавица/Љубиње,42.9699757,18.1324096
surname_region_terminal,N,non_I2,Founder,N-FGC28435,Госпавић,Јовањдан,Стари Влах,Врнчани/Чачак,43.91954,20.24035995
surname_region_terminal,E,non_I2,Founder,E-Z1057,Госпавић,Игњатијевдан,Шумадија,Вреоци/Лазаревац,44.4433333,20.2819444
surname_region_terminal,E,non_I2,Founder,E-Z1057,Гостојић,Никољдан,Бачка,Госпођинци/Жабаљ,45.4022051,19.9860024
surname_region_terminal,I1,non_I2,Founder,FTA86559,Готовина,Митровдан,Херцеговина,Опличићи/Чапљина,43.1171721,17.8104965
surname_region_terminal,E,non_I2,Founder,E-Y126722,Гојковић,Никољдан,Североисточна Босна,Осјечани Горњи/Добој,44.8401239,18.1260786
surname_region_terminal,R1a,non_I2,Founder,L1029,Гојковић,Ђурђевдан,Североисточна Босна,Осиња/Дервента,44.8564569,17.8651127
surname_region_terminal,E,non_I2,Founder,E-FGC11450,Гојковић,Савиндан,Стари Влах,Виницка/Пријепоље,43.3175174,19.6345473
surname_region_terminal,PH908_primary,PH908_family,Founder,FT16449,Гојковић,Игњатијевдан,Херцеговина,Рудо Поље/Гацко,43.1799222,18.4949758
surname_region_terminal,R1b,non_I2,Founder,FT49714,Гојовић,Аранђеловдан,Топлица,Секирача/Куршумлија,42.9023731,21.4394851
surname_region_terminal,N,non_I2,Founder,N-FT182494,Грабовица,Савиндан,Североисточна Босна,Зидоње/Велика Њива/Шековићи,44.3008172,18.8513911
surname_region_terminal,E,non_I2,Founder,E-Y128213,Грабовчић,Јовањдан,Источна Босна,Саставци/Међуречје/Рудо,43.5560608,19.426548
surname_region_terminal,E,non_I2,Founder,E-Z1057,Грандов,Ђурђевдан,Брда,Рибаревине/Бијело Поље,42.9941808,19.7449054
surname_region_terminal,R1a,non_I2,Founder,YP417,Граховац,Св. Василије Велики,Босанска Крајина,Драгочај/Бања Лука,44.8542483,17.1592084
surname_region_terminal,PH908_primary,PH908_family,Founder,FT14506,Граховац,Тројчиндан,Херцеговина,Потком/Љути До/Берковићи,43.1248694,18.0906735
surname_region_terminal,R1a,non_I2,Founder,YP4278,Граховац,Ђурђевдан,Херцеговина,Невесиње,43.258198,18.106113
surname_region_terminal,R1a,non_I2,Relic,FTA3457,Грбић,Никољдан,Лика,Врховине,43.9649283,18.5457464
surname_region_terminal,E,non_I2,Founder,E-Y126722,Гргић,Стевањдан,Босанска Крајина,Вилуси/Градишка,45.0061289,17.2852188
surname_region_terminal,R1a,non_I2,Founder,Y189493,Гркавац,Стевањдан,Херцеговина,Гркавци/Требиње,42.7814902,18.307333
surname_region_terminal,Y3120_shallow_nonPH908,nonPH908_I2,Relic,Y319762,Грковић,Ђурђевдан,Славонија,Липик,44.6675596,20.29876
surname_region_terminal,R1a,non_I2,Relic,YP4758,Грос,Нема,Бачка,Ђурђин/Суботица,45.945663,19.5389124
surname_region_terminal,J2,non_I2,Relic,J-Y12007,Грој,Нема,Западни Банат,Панчево,44.8705686,20.6399643
surname_region_terminal,E,non_I2,Relic,E-CTS693,Грубаноски,Никољдан,Западна Македонија,Орланци/Кичево,41.5028511,21.0391041
surname_region_terminal,J2,non_I2,Founder,J-FT413312,Грубач,Јовањдан,Херцеговина,Ораховац/Требиње,42.67017,18.4943509
surname_region_terminal,PH908_primary,PH908_family,Founder,FT16449,Грубачић,Ђурђевдан,Херцеговина,Раст/Невесиње,43.2036996,18.2009731
surname_region_terminal,I1,non_I2,Founder,FGC22061,Грубишић,Ђурђевдан,Лика,Велика Попина/Грачац,44.2875473,16.0314869
surname_region_terminal,R1a,non_I2,Founder,Y260767,Грубић,Марковдан,Далмација,Ервеник/Книн,44.108204,15.9412748
surname_region_terminal,E,non_I2,Founder,E-L241,Грубић,Никољдан,Источни Срем,Мартинци/Сремска Митровица,45.0102365,19.4633111
surname_region_terminal,R1a,non_I2,Founder,BY99654,Грубор,Ђурђевдан,Босанска Крајина,Бастаси/Дрвар,44.3740882,16.3248418
surname_region_terminal,R1a,non_I2,Founder,YP270,Грујић,Ђурђевдан,Бачка,Стапар/Сомбор,45.6640973,19.2018979
surname_region_terminal,PH908_primary,PH908_family,Founder,FT14506,Грујић,Ђурђиц,Метохија,Гораждевац/Пећ,42.6406821,20.36991
surname_region_terminal,E,non_I2,Founder,E-PH1395,Грујовић,Аранђеловдан,Стари Влах,Лозница/Чачак,43.8669804,20.3318977
surname_region_terminal,PH908_primary,PH908_family,Founder,FT16449,Грцић,Јовањдан,Босанска Крајина,Лука/Босанско Грахово,44.1593887,16.4009362
surname_region_terminal,PH908_map_nonprimary,PH908_family,Founder,Y4882,Грче,Јовањдан,Херцеговина,Драчево/Требиње,42.8571127,18.0655534
surname_region_terminal,E,non_I2,Founder,E-Y7168,Гуга,Петковдан,Западни Банат,Вршац,45.1200117,21.298788
surname_region_terminal,PH908_primary,PH908_family,Founder,FT14506,Гугољ,Ђурђевдан,Херцеговина,Требиње,42.7098295,18.3457261
surname_region_terminal,J2,non_I2,Founder,J-FT413312,Гузина,Аранђеловдан,Херцеговина,Фојница/Гацко,43.2335786,18.3999075
surname_region_terminal,R1a,non_I2,Founder,Z280,Гуровић,Аћимовдан,Херцеговина,Требиње,42.7098295,18.3457261
surname_region_terminal,J2,non_I2,Founder,J-Y155375,Гушевац,Ђурђевдан,Далмација,Кањане/Дрниш,43.8566266,16.2521614
surname_region_terminal,R1a,non_I2,Founder,L1029,Гушић,Ђурђевдан,Херцеговина,Братач/Невесиње,43.268725,18.2245113
surname_region_terminal,E,non_I2,Founder,E-PH1395,Гуњак,Никољдан,Источна Босна,Довлићи/Источно Сарајево,43.8234148,18.4773425
surname_region_terminal,E,non_I2,Relic,E-Y37092,Гњатовић,Игњатијевдан,Босанска Крајина,Доњи Орловци/Приједор,44.9787709,16.761406
surname_region_terminal,PH908_map_nonprimary,PH908_family,Founder,Y4882,Гњидић,Никољдан,Далмација,Ђеврске/Кистање,43.92620515,15.8590054
surname_region_terminal,E,non_I2,Founder,E-PH1395,Дабетић,Аранђеловдан,Брда,Виницка/Беране,42.7982741,19.8305686
surname_region_terminal,E,non_I2,Founder,E-L241,Давидовић,Алимпијевдан,Колубара,Мијачи/Ваљево,44.2180088,19.7152584
surname_region_terminal,J2,non_I2,Founder,J-Y155375,Давидовић,Ђурђевдан,Стари Влах,Лисице/Лучани,43.8474485,20.1582242
surname_region_terminal,I1,non_I2,Relic,Y16437,Давидовић,Лазарева Субота,Тимочка Крајина,Шести Габар/Књажевац,43.4348519,22.3734424
surname_region_terminal,Y3120_deep_mid_nonPH908,nonPH908_I2,Relic,BY116090,Давидовић,Никољдан,Шумадија,Орашје/Варварин,43.7435082,21.2698995
surname_region_terminal,E,non_I2,Founder,E-FGC11450,Давчик,Нема,Бачка,Таванкут/Суботица,46.0553723,19.482924
surname_region_terminal,E,non_I2,Founder,E-FT178289,Дакић,Јовањдан,Стара Херцеговина,Мала Црна Гора/Жабљак,43.2085897,19.0062228
surname_region_terminal,E,non_I2,Founder,E-BY165837,Дамјановић (Дракуловић),Никољдан,Брда,Гусиње,42.5637693,19.833253
surname_region_terminal,E,non_I2,Founder,E-L241,Дамјановић,Никољдан,Босанска Крајина,Бранешци Доњи/Челинац,44.7845621,17.5489684
surname_region_terminal,E,non_I2,Founder,E-Y126722,Дамјановић,Св. Врачи,Источни Срем,Доњи Товарник/Пећинци,44.8132532,19.9448853
surname_region_terminal,E,non_I2,Founder,E-Z1057,Дамњановић,Никољдан,Шумадија,Зеоке/Лазаревац,44.4100886,20.3251085
surname_region_terminal,PH908_primary,PH908_family,Founder,FT14506,Дангубић,Аранђеловдан,Херцеговина,Жрвањ/Љубиње,42.9371052,18.1881995
surname_region_terminal,E,non_I2,Founder,E-Y142744,Даниловић,Јовањдан,Брда,Ђуђевина/Колашин,42.7643122,19.403827
surname_region_terminal,PH908_primary,PH908_family,Relic,FT34788,Даниловић,Јовањдан,Мачва,Мајур/Шабац,44.7708247,19.6547859
surname_region_terminal,G,non_I2,Founder,G-Y128480,Даниловић,Ђурђевдан,Метохија,Враниште/Гора,43.2576165,22.4571052
surname_region_terminal,E,non_I2,Founder,E-Z1057,Даниловић,Јовањдан,Североисточна Босна,Торине/Прњавор Велики/Добој,44.6853693,17.9913802
surname_region_terminal,PH908_primary,PH908_family,Founder,FT14506,Даниловић,Ђурђевдан,Херцеговина,Поткрај/Крај/Требиње,42.6290355,18.3957996
surname_region_terminal,E,non_I2,Relic,E-Y260652,Даниловић,Никољдан,Шумадија,Београд,44.7863236,20.4716856
surname_region_terminal,R1a,non_I2,Relic,FTB79552,Даничић,Лазарева Субота,Колубара,Славковица/Љиг,44.1694159,20.2473301
surname_region_terminal,Y3120_shallow_nonPH908,nonPH908_I2,Relic,Y45843,Дапчевић,Зачеће Св. Јована Крститеља,Зета,Вигњевићи/Цетиње,42.389633,18.9246085
surname_region_terminal,N,non_I2,Founder,N-FT213937,Даутовић,Јовањдан,Лика,Рудопоље Брувањско/Грачац,44.3944767,15.8368085
surname_region_terminal,R1a,non_I2,Founder,BY99654,Дацијар,Ђурђевдан,Босанска Крајина,Стабанџа/Велика Кладуша,45.1145604,16.0661508
surname_region_terminal,E,non_I2,Founder,E-Y142744,Двизац,Михољдан,Босанска Крајина,Горња Слатина/Рибник,44.3890298,16.8769414
surname_region_terminal,I1,non_I2,Founder,FTA86559,Дворнић,Пантелијевдан,Јужна Барања,Поповац,45.3780484,17.041799
surname_region_terminal,PH908_primary,PH908_family,Founder,FT190799,Девић,Лучиндан,Далмација,Штиково/Дрниш,43.9102015,16.3162066
surname_region_terminal,PH908_primary,PH908_family,Founder,FT16449,Дедијер,Игњатијевдан,Херцеговина,Чепелица/Билећа,42.8445222,18.4067779
surname_region_terminal,E,non_I2,Founder,E-Z1057,Декић,Никољдан,Косово,Доња Гуштерица/Липљан,42.546363,21.181354
surname_region_terminal,E,non_I2,Founder,E-CTS11222,Делибашић,Никољдан,Стара Херцеговина,Доња Трепча/Никшић,42.79273265,18.83622
surname_region_terminal,G,non_I2,Founder,G-Y128480,Делић,Ђурђиц,Стари Влах,Горичани/Чачак,43.7952299,20.5319023
surname_region_terminal,PH908_primary,PH908_family,Founder,Y58629,Денда,Јовањдан,Херцеговина,Мириловићи/Билећа,42.8827254,18.3436757
surname_region_terminal,R1a,non_I2,Founder,L1029,Денић,Никољдан,Далмација,Кољане/Врлика,43.8733941,16.5015021
surname_region_terminal,J2,non_I2,Founder,J-Y22059,Деспинић,Јовањдан,Далмација,Отишић/Врлика,43.8488797,16.4510202
surname_region_terminal,E,non_I2,Founder,E-Z13591,Деспотовић,Петковдан,Рашка,Врдила/Краљево,43.7129478,20.5711905
surname_region_terminal,J2,non_I2,Founder,J-Y22063,Деспотовић,Мратиндан,Североисточна Босна,Велика Обарска/Бијељина,44.8017099,19.1712899
surname_region_terminal,I1,non_I2,Founder,FGC22061,Деспотовић,Никољдан,Стара Херцеговина,Вруља/Пљевља,43.220138,19.470712
surname_region_terminal,J2,non_I2,Founder,J-Y22063,Дивјак,Јовањдан,Лика,Шкаре/Оточац,44.8917641,15.3098142
surname_region_terminal,J2,non_I2,Founder,J-Y22063,Дивљан,Јовањдан,Херцеговина,Рудо Поље/Гацко,43.1799222,18.4949758
surname_region_terminal,J2,non_I2,Relic,J-Y153290,Дикић,Св. Врачи,Топлица,Вољчинце/Житорађа,43.195366,21.766031
surname_region_terminal,R1a,non_I2,Relic,YP337,Димитријевић,Св. Атанасије,Врањско Поморавље,Преображење/Врање,42.4737508,21.9317096
surname_region_terminal,E,non_I2,Founder,E-Z1057,Димитријевић,Илиндан,Егејска Македонија,Писодери/Преспа,40.7870624,21.248047
surname_region_terminal,J2,non_I2,Relic,J-Y11200,Димитријевић,Никољдан,Метохија,Пећ,46.0765092,18.2280317
surname_region_terminal,R1a,non_I2,Founder,YP270,Димитријевић,Никољдан,Понишавље,Шарбановац/Сокобања,43.7051435,21.8783244
surname_region_terminal,E,non_I2,Founder,E-L241,Димитријевић,Никољдан,Расина,Пасјак/Крушевац,43.5515741,21.4093298
surname_region_terminal,R1a,non_I2,Founder,Z280,Димитријевић,Јовањдан,Рашка,Орахово/Рашка,43.2173928,20.6042998
surname_region_terminal,N,non_I2,Founder,N-FGC28435,Димитрић,Лазарева Субота,Североисточна Босна,Батковић/Бијељина,44.8332129,19.2107897
surname_region_terminal,E,non_I2,Relic,E-M84,Димитров (Иђић),Ђурђевдан,Понишавље,Радејна/Димитровград,43.0486308,22.8314985
surname_region_terminal,E,non_I2,Founder,E-Z13591,Дмитровић,Никољдан,Шумадија,Угриновци/Горњи Милановац,44.1715584,20.3892927
surname_region_terminal,I1,non_I2,Founder,FGC22061,Добриковић,Никољдан,Босанска Крајина,Ћелије/Кулен Вакуф/Бихаћ,44.5626583,16.0886124
surname_region_terminal,I1,non_I2,Founder,FGC22061,Добриловић,Ђурђевдан,Источна Босна,Соколовићи/Соколац,43.9418403,18.9410114
surname_region_terminal,R1b,non_I2,Relic,Z15952,Добросављевић,Никољдан,Мачва,Чокешина/Лозница,44.653159,19.3836822
surname_region_terminal,I1,non_I2,Founder,FGC22061,Добросављевић,Ђурђевдан,Шумадија,Доња Трепча/Чачак,43.903242,20.4596328
surname_region_terminal,PH908_primary,PH908_family,Founder,FT16449,Довезенски,Аранђеловдан,Северна Македонија,Куманово,42.135913,21.7185474
surname_region_terminal,PH908_primary,PH908_family,Relic,Y207627,Доганџић,Никољдан,Косово,Штрпце,42.2401249,21.0253337
surname_region_terminal,PH908_primary,PH908_family,Relic,Y4946,Додиг,Нема,Далмација,Нова Села/Кула Норинска,43.1015971,17.5592472
surname_region_terminal,N,non_I2,Founder,N-FT213937,Докић,Јовањдан,Босанска Крајина,Јакир/Гламоч,44.0410023,16.8902658
surname_region_terminal,Y3120_shallow_nonPH908,nonPH908_I2,Relic,Y109645,Докић,Аранђеловдан,Босанска Крајина,Јошавка Доња/Челинац,44.7483667,17.4162565
surname_region_terminal,PH908_primary,PH908_family,Founder,Y58629,Домазет,Никољдан,Херцеговина,Влаховићи/Љубиње,43.0291609,18.1231814
surname_region_terminal,J2,non_I2,Founder,J-Y22063,Домановић,Аранђеловдан,Стари Влах,Лисице/Лучани,43.8474485,20.1582242
surname_region_terminal,R1a,non_I2,Relic,Z93,Дончић,Јовањдан,Метохија,Бича/Клина,42.6796152,20.6005989
surname_region_terminal,R1b,non_I2,Founder,A274,Допуђ,Стевањдан,Далмација,Крушево/Обровац,44.1801998,15.6489328
surname_region_terminal,I1,non_I2,Founder,FGC22061,Досковић,Никољдан,Стари Влах,Звијезд/Пријепоље,43.363749,19.5502986
surname_region_terminal,PH908_primary,PH908_family,Founder,Y51673,Достинић,Никољдан,Стара Херцеговина,Сасовићи/Херцег Нови,42.4662752,18.5671689
surname_region_terminal,PH908_primary,PH908_family,Founder,FT16449,Достинић,Ђурђевдан,Херцеговина,Краварево/Гацко,43.2012938,18.5213756
surname_region_terminal,Y3120_shallow_nonPH908,nonPH908_I2,Relic,Y84307,Доцић,Ђурђевдан,Шумадија,Марковац/Велика Плана,44.2373263,21.1074385
surname_region_terminal,PH908_primary,PH908_family,Founder,Y56203,Дошен,Никољдан,Лика,Почитељ/Госпић,43.1345841,17.7319573
surname_region_terminal,J2,non_I2,Relic,J-Y14434,Дошло,Јовањдан,Херцеговина,Врапчићи/Мостар,43.3746405,17.8504501
surname_region_terminal,G,non_I2,Relic,G-PF3359,Дојкић,Никољдан,Понишавље,Рсовци/Пирот,43.1727899,22.7752062
surname_region_terminal,R1a,non_I2,Founder,BY30743,Драганић,Матијевдан,Стара Херцеговина,Петровићи/Никшић,43.803831,18.4347684
surname_region_terminal,R1b,non_I2,Relic,Z15952,Драгаш,Никољдан,Стара Херцеговина,Драгаши/Пљевља,43.2698158,19.2556952
surname_region_terminal,PH908_primary,PH908_family,Founder,BY93199,Драгишић,Аранђеловдан,Тимочка Крајина,Петрово Село/Кладово,44.6284251,22.4285403
surname_region_terminal,G,non_I2,Founder,G-Y128480,Драгић,Јовањдан,Банија,Блиња/Петриња,45.3560014,16.367175
surname_region_terminal,I1,non_I2,Founder,FGC22061,Драгићевић,Никољдан,Топлица,Чунгула/Блаце,43.2463092,21.2931523
surname_region_terminal,E,non_I2,Founder,E-PH1395,Драговић,Аранђеловдан,Брда,Ђулићи/Андријевица,44.5875714,17.8257131
surname_region_terminal,PH908_primary,PH908_family,Founder,BY93199,Драговић,Аранђеловдан,Зета,Велестово/Цетиње,41.0832086,20.8282044
surname_region_terminal,J2,non_I2,Founder,J-Y22063,Драгосавац,Јовањдан,Лика,Рудопоље Брувањско/Грачац,44.3944767,15.8368085
surname_region_terminal,I1,non_I2,Founder,BY169301,Драгојловић,Никољдан,Славонија,Грање/Пожега,45.3578176,17.8142845
surname_region_terminal,E,non_I2,Founder,E-Z38456,Драгоњић,Петковдан,Расина,Крушевац,43.58264,21.3264811
surname_region_terminal,E,non_I2,Founder,E-L241,Дражић,Ђурђевдан,Шумадија,Дрен/Лазаревац,44.3804962,20.3117865
surname_region_terminal,E,non_I2,Founder,E-FT104106,Драшко,Никољдан,Средња Босна,Оборци/Доњи Вакуф,44.1942884,17.4205977
surname_region_terminal,R1a,non_I2,Founder,FT288648,Драшковић,Никољдан,Источна Босна,Осија/Калиновик,43.5799408,18.5709344
surname_region_terminal,PH908_primary,PH908_family,Founder,BY93199,Драшковић,Аранђеловдан,Стара Херцеговина,Гребице/Никшић,42.7943955,18.9232404
surname_region_terminal,R1a,non_I2,Founder,FT288648,Драшковић,Никољдан,Херцеговина,Сливља/Гацко,43.2901952,18.3529637
surname_region_terminal,E,non_I2,Founder,E-CTS11222,Дрвенџија,Никољдан,Херцеговина,Риља/Невесиње,43.2608448,18.2863054
surname_region_terminal,I1,non_I2,Founder,FGC22061,Дробњак,Ђурђевдан,Банија,Горња Млинога/Петриња,45.3407274,16.3253565
surname_region_terminal,PH908_primary,PH908_family,Founder,FT14506,Дробњак,Томиндан,Стари Влах,Брајковац/Пријепоље,43.2616438,19.5979651
surname_region_terminal,E,non_I2,Founder,E-Z1057,Дробњак,Стевањдан,Херцеговина,Сливница Површ/Равно,42.6443271,18.2599286
surname_region_terminal,R1b,non_I2,Founder,BY38894,Дробњаковић,Ђурђевдан,Стари Влах,Слатина/Саставци/Прибој,43.5654802,19.4328328
surname_region_terminal,E,non_I2,Founder,E-Z16988,Дропо,Никољдан,Херцеговина,Мркоњићи/Требиње,42.8416883,18.1002849
surname_region_terminal,I1,non_I2,Founder,FGC22061,Дрчелић,Никољдан,Стари Влах,Мажићи/Прибој,43.4962651,19.6021988
surname_region_terminal,R1b,non_I2,Founder,FT49714,Дугалић,Лазарева Субота,Рашка,Баљевац/Рашка,43.3927867,20.6363945
surname_region_terminal,PH908_primary,PH908_family,Founder,FT16449,Дугић,Игњатијевдан,Североисточна Босна,Скугрић Горњи/Модрича,44.9287003,18.3526975
surname_region_terminal,R1a,non_I2,Founder,Z280,Дука,Св. Агатоник,Херцеговина,Долови/Берковићи,43.0574984,18.204689
surname_region_terminal,N,non_I2,Founder,N-FT182494,Дукић,Ђурђевдан,Далмација,Вариводе/Кистање,43.9585047,15.8759678
surname_region_terminal,R1a,non_I2,Founder,L1029,Дукић,Ђурђевдан,Лика,Дукићи/Грачац,44.3526553,15.8678632
surname_region_terminal,E,non_I2,Relic,E-CTS693,Дуков,Непознато,Источна Македонија,Штип,41.7374724,22.1935856
surname_region_terminal,E,non_I2,Founder,E-Z16988,Дунђер,Никољдан,Херцеговина,Дунђери/Врањска/Билећа,43.0002022,18.2312161
surname_region_terminal,J2,non_I2,Founder,J-Y22063,Дупор,Јовањдан,Лика,Штикада/Ловинац,44.3160877,15.7958176
surname_region_terminal,PH908_primary,PH908_family,Founder,FT16449,Дучић,Ђурђевдан,Херцеговина,Луг/Требиње,42.7714001,18.2193084
surname_region_terminal,PH908_primary,PH908_family,Relic,Y199158,Дучић,Никољдан,Херцеговина,Подвори/Требиње,42.718894250000005,18.3544748
surname_region_terminal,E,non_I2,Founder,E-Z1057,Душанић,Никољдан,Западни Банат,Баваниште/Ковин,44.8172426,20.8755889
surname_region_terminal,I1,non_I2,Founder,FGC22061,Дујаковић,Никољдан,Далмација,Врбник/Бискупија,44.0157473,16.1919044
surname_region_terminal,E,non_I2,Founder,E-Z38456,Дујковић,Јовањдан,Босанска Крајина,Кнежево,44.488477,17.3893928
surname_region_terminal,PH908_primary,PH908_family,Founder,FT14506,Дуњић,Ђурђевдан,Источна Босна,Заваит/Фоча,43.4229449,18.886168
surname_region_terminal,R1a,non_I2,Founder,Z280,Евстратиев,Аранђеловдан,Врањско Поморавље,Плоча/Босилеград,42.5558692,22.2765965
surname_region_terminal,PH908_primary,PH908_family,Founder,Y56203,Езгета,Нема,Далмација,Горњи Бителић/Хрваце,43.7559711,16.6189503
surname_region_terminal,PH908_primary,PH908_family,Founder,FT14506,Екмечић,Никољдан,Херцеговина,Пребиловци/Чапљина,43.0942133,17.7530067
surname_region_terminal,R1a,non_I2,Founder,BY30743,Елезовић,Матијевдан,Херцеговина,Чапљина,43.1133536,17.705039
surname_region_terminal,PH908_primary,PH908_family,Founder,Y58629,Елезовић,Нема,Херцеговина,Столац,43.0830587,17.9580026
surname_region_terminal,J2,non_I2,Relic,J-CTS8786,Емровић,Нема,Рашка,Намга/Тутин,43.0639557,20.3576955
surname_region_terminal,R1a,non_I2,Founder,YP4278,Ераковић,Ђурђевдан,Далмација,Штиково/Дрниш,43.9102015,16.3162066
surname_region_terminal,PH908_primary,PH908_family,Founder,BY93199,Ераковић,Аранђеловдан,Стара Херцеговина,Велимље/Никшић,42.8202336,18.6336243
surname_region_terminal,PH908_primary,PH908_family,Founder,FT386055,Еремић,Аранђеловдан,Кордун,Криваја Војнићка/Војнић,45.3264042,15.7220451
surname_region_terminal,E,non_I2,Founder,E-Z13591,Ерић,Ђурђиц,Расина,Бресно Поље/Трстеник,43.5800118,21.1682853
surname_region_terminal,R1a,non_I2,Founder,BY30743,Ерић,Стевањдан,Североисточна Босна,Батковић/Бијељина,44.8332129,19.2107897
surname_region_terminal,E,non_I2,Founder,E-Z16988,Ерић,Никољдан,Североисточна Босна,Зоље/Калесија,44.4580637,18.8991351
surname_region_terminal,J2,non_I2,Founder,J-Y230579,Ерић,Јовањдан,Североисточна Босна,Попови/Бијељина,44.7633867,19.2733399
surname_region_terminal,R1a,non_I2,Founder,FT288648,Ерцег,Стевањдан,Североисточна Босна,Прњавор Мали/Добој,44.8111934,18.0098321
surname_region_terminal,I1,non_I2,Founder,FGC22061,Ећимовић,Аранђеловдан,Источна Босна,Ново Село/Соколац,43.9505516,18.7937477
surname_region_terminal,J2,non_I2,Relic,J-M92,Еџед,Нема,Славонија,Осијек,45.5489982,18.6919117
surname_region_terminal,R1a,non_I2,Founder,FT288648,Жакула,Петровдан,Лика,Јасиковац/Кореница,44.6174307,18.9786091
surname_region_terminal,J2,non_I2,Founder,J-Y22059,Жарковић,Стевањдан,Славонија,Кореничани/Ђуловац,45.650526,17.3608867
surname_region_terminal,R1a,non_I2,Founder,FT288648,Жарковић,Никољдан,Херцеговина,Бодежишта/Гацко,43.2890941,18.4409463
surname_region_terminal,PH908_primary,PH908_family,Founder,Y58629,Жарковић,Јовањдан,Херцеговина,Горње Храсно/Неум,42.9564177,17.9097636
surname_region_terminal,R1a,non_I2,Founder,Z280,Жајски,Јовањдан,Западни Банат,Велико Средиште/Вршац,45.1799547,21.4008613
surname_region_terminal,I1,non_I2,Relic,BY3386,Ждракић,Никољдан,Херцеговина,Веља Међа/Равно,42.9209576,17.9290154
surname_region_terminal,PH908_primary,PH908_family,Founder,FT16449,Ждралић,Ђурђевдан,Херцеговина,Домановићи/Чапљина,43.137454,17.7801831
surname_region_terminal,I1,non_I2,Founder,FGC22061,Ждрало,Ђурђевдан,Средња Босна,Малешићи/Илијаш,43.9307699,18.2837961
surname_region_terminal,R1a,non_I2,Founder,Y144943,Жерајић,Лазарева Субота,Херцеговина,Миљевац/Невесиње,43.2555172,18.1340632
surname_region_terminal,J2,non_I2,Founder,J-L70,Живадиновић,Никољдан,Понишавље,Нишка Бања,43.2933122,22.0072312
surname_region_terminal,E,non_I2,Founder,E-Z13591,Живадиновић,Стевањдан,Шумадија,Горње Јарушице/Крагујевац,44.151204,20.8566247
surname_region_terminal,R1a,non_I2,Founder,L1029,Живановић,Стевањдан,Браничево,Црљенац/Мало Црниће,44.4949069,21.3612602
surname_region_terminal,J2,non_I2,Founder,J-Y155375,Живановић,Никољдан,Источна Босна,Рајковићи/Крна Јела/Фоча,44.9900548,16.8595881
surname_region_terminal,R1b,non_I2,Founder,FT44409,Живановић,Алимпијевдан,Колубара,Мајиновић/Ваљево,44.2856983,19.7307274
surname_region_terminal,E,non_I2,Founder,E-Y7168,Живановић,Ђурђиц,Мачва,Доња Бадања/Лозница,44.4888889,19.4619444
surname_region_terminal,R1b,non_I2,Relic,Y175368,Живановић,Велика Госпојина,Стари Влах,Лопаш/Пожега,43.8053585,20.1239919
surname_region_terminal,PH908_primary,PH908_family,Founder,FT14506,Живановић,Ђурђиц,Тимочка Крајина,Дебелица/Књажевац,43.6639243,22.2546002
surname_region_terminal,E,non_I2,Founder,E-FT104106,Живановић,Никољдан,Шумадија,Драгољ/Горњи Милановац,44.2239482,20.4490896
surname_region_terminal,E,non_I2,Founder,E-L241,Живановић,Ђурђиц,Шумадија,Крњево/Велика Плана,44.4092503,21.0482186
surname_region_terminal,I1,non_I2,Founder,FGC22061,Живановић,Аранђеловдан,Шумадија,Божурња/Топола,44.2224142,20.7092285
surname_region_terminal,G,non_I2,Relic,G-L1264,Живановић,Никољдан,Шумадија,Остружница/Чукарица/Београд,44.7285552,20.3191998
surname_region_terminal,R1a,non_I2,Founder,YP270,Живановић,Никољдан,Шумадија,Београд,44.7863236,20.4716856
surname_region_terminal,G,non_I2,Relic,G-Y129040,Живковић,Игњатијевдан,Источни Срем,Марадик/Инђија,45.1008678,19.9933374
surname_region_terminal,J2,non_I2,Founder,J-Y22063,Живковић,Ђурђиц,Источни Срем,Буковац/Нови Сад,45.1943284,19.8932816
surname_region_terminal,E,non_I2,Founder,E-L241,Живковић,Никољдан,Колубара,Горњи Мушић/Мионица,44.2728956,20.1443687
surname_region_terminal,J2,non_I2,Relic,J-M319,Живковић,Аранђеловдан,Метохија,Велико Крушево/Клина,42.6624635,20.5204439
surname_region_terminal,E,non_I2,Relic,E-A6295,Живковић,Јовањдан,Понишавље,Паклештица/Пирот,43.2079169,22.7390351
surname_region_terminal,E,non_I2,Founder,E-Z1057,Живковић,Никољдан,Понишавље,Алексинац,43.5405235,21.70884
surname_region_terminal,I1,non_I2,Founder,Y155080,Живковић,Ђурђиц,Расина,Горња Црнишава/Трстеник,43.5640989,21.0036523
surname_region_terminal,PH908_primary,PH908_family,Founder,FT14506,Живковић,Јовањдан,Стара Херцеговина,Царине/Никшић,42.7278357,18.6042718
surname_region_terminal,I1,non_I2,Founder,FT428459,Живковић,Стевањдан,Стари Влах,Рогача/Лучани,43.8043674,20.2797746
surname_region_terminal,I1,non_I2,Founder,FTA86559,Живојиновић,Пантелијевдан,Колубара,Стрмово/Лајковац,44.3344294,20.1394725
surname_region_terminal,PH908_primary,PH908_family,Founder,FT14506,Живојиновић,Никољдан,Шумадија,Сипић/Рача,44.1670912,20.9546613
surname_region_terminal,R1a,non_I2,Founder,YP417,Живојиновић,Ђурђиц,Шумадија,Кораћица/Младеновац,44.4445158,20.6060227
surname_region_terminal,PH908_map_nonprimary,PH908_family,Founder,Y4882,Жижовић,Ђурђиц,Стари Влах,Горњи Бранетићи/Горњи Милановац,44.1298004,20.2984428
surname_region_terminal,I1,non_I2,Founder,FGC22061,Жугић,Никољдан,Стара Херцеговина,Новаковићи/Жабљак,43.0890756,19.1627149
surname_region_terminal,R1a,non_I2,Founder,L1029,Жујковић,Ђурђиц,Расина,Читлук/Крушевац,43.5939349,21.272291
surname_region_terminal,R1b,non_I2,Relic,Y504829,Жуњанин,Аранђеловдан,Расина,Камењача/Трстеник,43.5725132,21.0681773
surname_region_terminal,R1a,non_I2,Founder,YP417,Загорац,Никољдан,Лика,Медак/Госпић,44.4552092,15.5078935
surname_region_terminal,E,non_I2,Founder,E-Y128213,Загорац,Јовањдан,Средња Босна,Ћорићи/Доњи Вакуф,44.144488,17.3949964
surname_region_terminal,G,non_I2,Relic,G-PF3345,Загорчић,Никољдан,Бачка,Ченеј/Нови Сад,45.3697869,19.8013472
surname_region_terminal,R1a,non_I2,Relic,YP1337,Зарић,Петковдан,Браничево,Каона/Кучево,44.4895001,21.6219058
surname_region_terminal,PH908_primary,PH908_family,Founder,FT14506,Зарић,Стевањдан,Североисточна Босна,Витановићи Горњи/Брчко,44.8491281,18.6733792
surname_region_terminal,I1,non_I2,Founder,FGC22061,Зарубица,Никољдан,Стара Херцеговина,Превиш/Шавник,42.9707641,19.1035204
surname_region_terminal,I1,non_I2,Founder,FGC22061,Затежић,Ђурђевдан,Стари Влах,Љубић/Чачак,43.9074391,20.36365
surname_region_terminal,PH908_primary,PH908_family,Founder,FT14506,Звекић,Јовањдан,Бачка,Мол/Ада,45.7638971,20.130055
surname_region_terminal,R1a,non_I2,Founder,YP4278,Згоњанин,Никољдан,Босанска Крајина,Горња Драготиња/Приједор,45.0421405,16.621857
surname_region_terminal,E,non_I2,Founder,E-Z1057,Здравковић (Мрђинац),Никољдан,Косово,Штрпце,42.2401249,21.0253337
surname_region_terminal,R1b,non_I2,Relic,Y168201,Здравковић,Аранђеловдан,Врањско Поморавље,Дреновац/Врање,42.6311111,21.8830556
surname_region_terminal,R1a,non_I2,Relic,Y289137,Зековић,Никољдан,Стара Херцеговина,Брајковача/Жабљак,43.0917396,19.3477581
surname_region_terminal,E,non_I2,Relic,E-Y177539,Зелен,Никољдан,Босанска Крајина,Рилић/Купрес,43.9130287,17.2645876
surname_region_terminal,PH908_primary,PH908_family,Founder,FT16449,Зеленковић,Стевањдан,Херцеговина,Домановићи/Чапљина,43.137454,17.7801831
surname_region_terminal,PH908_primary,PH908_family,Founder,FT16449,Зеленовић,Игњатијевдан,Североисточна Босна,Ченгић/Бијељина,44.6474906,19.1547291
surname_region_terminal,PH908_primary,PH908_family,Founder,Y56203,Зеленовић,Аранђеловдан,Североисточна Босна,Горњи Драгаљевац/Бијељина,44.7626269,19.0338906
surname_region_terminal,Y3120_deep_mid_nonPH908,nonPH908_I2,Founder,Z17855,Зеленовић,Ђурђевдан,Херцеговина,Михољаче/Гацко,43.1382827,18.5762976
surname_region_terminal,Y3120_shallow_nonPH908,nonPH908_I2,Relic,Y331025,Зечевић,Лучиндан,Рашка,Попе/Тутин,42.9606779,20.3186786
surname_region_terminal,J2,non_I2,Founder,J-Y22063,Зечевић,Никољдан,Стари Влах,Милатовићи/Лучани,43.7276927,20.3696394
surname_region_terminal,PH908_primary,PH908_family,Founder,FT190799,Зечевић,Лучиндан,Шумадија,Липовац/Топола,44.252915,20.6341266
surname_region_terminal,I1,non_I2,Founder,Y155080,Зељковић,Ђурђевдан,Босанска Крајина,Доња Подгорја/Мркоњић Град,44.290324299999995,16.9278355
surname_region_terminal,G,non_I2,Founder,G-Y128480,Зимоњић,Аранђеловдан,Стари Влах,Горачићи/Лучани,43.7934332,20.3276681
surname_region_terminal,R1a,non_I2,Founder,L1029,Зипевски,Никољдан,Источна Македонија,Штип,41.7374724,22.1935856
surname_region_terminal,PH908_primary,PH908_family,Founder,Y51673,Зиројевић,Никољдан,Херцеговина,Криводо/Дубљевићи/Гацко,43.2618254,18.3855462
surname_region_terminal,R1b,non_I2,Founder,FT44409,Златановић,Никољдан,Косово,Велико Ропотово/Косовска Каменица,42.5143147,21.5644579
surname_region_terminal,N,non_I2,Relic,N-FT193452,Зоговић,Јовањдан,Брда,Машница/Плав,42.6680526,19.8863786
surname_region_terminal,E,non_I2,Founder,E-BY165837,Зоговић,Никољдан,Метохија,Бело Поље/Пећ,42.0317366,23.0481438
surname_region_terminal,G,non_I2,Founder,G-Y128480,Зорбић,Стевањдан,Мачва,Клење/Богатић,44.807222,19.434444
surname_region_terminal,I1,non_I2,Founder,FGC22061,Зорић,Ђурђевдан,Стара Херцеговина,Горња Бијела/Шавник,42.9030376,19.1515344
surname_region_terminal,PH908_primary,PH908_family,Relic,Y279925,Зороје,Никољдан,Кордун,Мудрић Село/Оштарски Станови/Раковица,45.0170007,15.6485193
surname_region_terminal,R1b,non_I2,Founder,A274,Зотовић,Никољдан,Херцеговина,Мушићи/Домашево/Требиње,43.8323946,19.2625799
surname_region_terminal,PH908_primary,PH908_family,Founder,FT14506,Зубац,Ђурђевдан,Херцеговина,Невесиње,43.258198,18.106113
surname_region_terminal,I1,non_I2,Founder,FGC22061,Зубовић,Стевањдан,Босанска Крајина,Јаворани/Кнежево,44.6246867,17.2493283
surname_region_terminal,E,non_I2,Founder,E-Z1057,Зурковић,Никољдан,Бачка,Сомбор,45.7727397,19.1147036
surname_region_terminal,E,non_I2,Founder,E-Z16988,Зуровац,Јовањдан,Херцеговина,Лука/Невесиње,43.33648295,18.081125750000002
surname_region_terminal,R1a,non_I2,Founder,L1029,Ибрахимовић,Нема,Метохија,Драгаш/Гора,43.2221484,27.8838712
surname_region_terminal,J2,non_I2,Relic,J-PF5000,Иваниш,Јовањдан,Херцеговина,Селишта/Горњи Дрежањ/Невесиње,43.1771284,18.2662043
surname_region_terminal,I1,non_I2,Founder,Y155080,Иванишевић,Ђурђевдан,Босанска Крајина,Мали Радић/Босанска Крупа,44.8426972,16.0883574
surname_region_terminal,E,non_I2,Founder,E-Z1057,Иванов,Јовањдан,Бачка,Чуруг/Жабаљ,45.4732331,20.0717969
surname_region_terminal,R1a,non_I2,Founder,Z280,Иванов,Јовањдан,Понишавље,Каменица/Димитровград,43.134318,22.892878
surname_region_terminal,J2,non_I2,Relic,J-M319,Ивановић,Никољдан,Врањско Поморавље,Цакановац/Прешево,42.2749746,21.6797314
surname_region_terminal,E,non_I2,Founder,E-BY165837,Ивановић,Никољдан,Зета,Подгорица,42.3592055,19.2499266
surname_region_terminal,I1,non_I2,Founder,Y155080,Ивановић,Аранђеловдан,Колубара,Цветановац/Љиг,44.2456085,20.2419637
surname_region_terminal,I1,non_I2,Relic,Y47022,Ивановић,Јовањдан,Колубара,Бајевац/Лајковац,44.3741048,20.0626821
surname_region_terminal,I1,non_I2,Founder,FGC22061,Иванчајић,Ђурђевдан,Источна Босна,Неправдићи/Соколац,43.8510294,18.7664904
surname_region_terminal,R1a,non_I2,Founder,L1029,Ивић,Мратиндан,Браничево,Барич/Голубац,44.6474524,21.5542808
surname_region_terminal,G,non_I2,Founder,G-Y128480,Ивковић,Јовањдан,Врањско Поморавље,Житорађе/Владичин Хан,42.7101975,22.1131526
surname_region_terminal,E,non_I2,Founder,E-Z1057,Ивковић,Никољдан,Колубара,Бујачић/Ваљево,44.2463626,19.9097877
surname_region_terminal,R1a,non_I2,Founder,BY30743,Ивковић,Никољдан,Херцеговина,Бијела Рудина/Билећа,43.0597593,18.3240687
surname_region_terminal,R1b,non_I2,Relic,BY199059,Ивошевић,Ђурђевдан,Лика,Брестовац/Хрељин/Огулин,45.2905609,15.1709868
surname_region_terminal,J2,non_I2,Founder,J-Y14439,Ивошевић,Ђурђевдан,Лика,Дрежница/Огулин,45.1378632,15.0921505
surname_region_terminal,R1b,non_I2,Founder,BY38894,Игленџа,Јовањдан,Далмација,Кољане/Врлика,43.8733941,16.5015021
surname_region_terminal,E,non_I2,Founder,E-BY165837,Игрутиновић,Митровдан,Топлица,Висока/Куршумлија,43.0977289,21.3072994
surname_region_terminal,E,non_I2,Founder,E-Z38456,Игњатић,Јовањдан,Херцеговина,Талежа/Требиње,42.7104798,18.2335213
surname_region_terminal,E,non_I2,Founder,E-Y126722,Игњатовић,Никољдан,Западни Банат,Банатски Брестовац/Панчево,44.7266366,20.8084452
surname_region_terminal,E,non_I2,Founder,E-Z38456,Игњатовић,Никољдан,Херцеговина,Сливља/Гацко,43.2901952,18.3529637
surname_region_terminal,E,non_I2,Founder,E-Z1057,Игњатовић,Лучиндан,Шумадија,Прељина/Чачак,43.9013757,20.4178774
surname_region_terminal,J2,non_I2,Founder,J-Z38299,Идризовић,Ђурђевдан,Метохија,Батуша/Ђаковица,42.4525888,20.2639977
surname_region_terminal,PH908_primary,PH908_family,Founder,FT16449,Икач,Ђурђевдан,Далмација,Коларина/Бенковац,43.9766917,15.6632885
surname_region_terminal,R1a,non_I2,Founder,BY30743,Икодиновић,Никољдан,Стари Влах,Атеница/Чачак,43.8674634,20.3812813
surname_region_terminal,I1,non_I2,Founder,FGC22061,Икодиновић,Никољдан,Стари Влах,Гуча/Лучани,43.7772932,20.2269416
surname_region_terminal,R1b,non_I2,Founder,BY38894,Илић,Никољдан,Врањско Поморавље,Врање,42.5573069,21.9021867
surname_region_terminal,R1a,non_I2,Founder,L1029,Илић,Петковдан,Врањско Поморавље,Ново Село/Бујановац,42.5970817,21.8178924
surname_region_terminal,I2_unmapped_nonPH908,nonPH908_I2,Relic,PF4088,Илић,Нема,Далмација,Сплит,43.5099367,16.4896122
surname_region_terminal,I1,non_I2,Founder,FTA86559,Илић,Никољдан,Западни Банат,Ковин,44.7412405,20.9781361
surname_region_terminal,E,non_I2,Founder,E-Z1057,Илић,Аранђеловдан,Колубара,Дрен/Обреновац,44.5955744,20.0307377
surname_region_terminal,R1a,non_I2,Founder,Y260767,Илић,Никољдан,Колубара,Беомужевић/Ваљево,44.307509,19.7716618
surname_region_terminal,R1b,non_I2,Founder,FT44409,Илић,Алимпијевдан,Мачва,Толисавац/Крупањ,44.3527778,19.435
surname_region_terminal,PH908_primary,PH908_family,Relic,BY187039,Илић,Аранђеловдан,Понишавље,Гркиња/Гаџин Хан,43.2089752,21.9945129
surname_region_terminal,J2,non_I2,Founder,J-L70,Илић,Никољдан,Понишавље,Сићево/Нишка Бања,43.3411244,22.0843369
surname_region_terminal,R1b,non_I2,Founder,BY38894,Илић,Никољдан,Расина,Себечевац/Крушевац,43.4813195,21.2257659
surname_region_terminal,R1a,non_I2,Founder,Y189493,Илић,Аранђеловдан,Расина,Мрмош/Александровац,43.5272221,21.1685085
surname_region_terminal,E,non_I2,Founder,E-FT104106,Илић,Никољдан,Североисточна Босна,Јаковић/Доња Трнова/Угљевик,44.6634033,19.1181051
surname_region_terminal,E,non_I2,Founder,E-Y142744,Илић,Јовањдан,Североисточна Босна,Прибој/Лопаре,44.5818961,18.95030455
surname_region_terminal,PH908_primary,PH908_family,Founder,Y56203,Илић,Аранђеловдан,Североисточна Босна,Крива Бара/Бијељина,44.8150247,19.2851123
surname_region_terminal,I1,non_I2,Founder,FGC22061,Илић,Ђурђевдан,Стари Влах,Косјерић,43.9971574,19.9071184
surname_region_terminal,R1a,non_I2,Founder,YP270,Илић,Ђурђиц,Стари Влах,Негришори/Лучани,43.8493223,20.1896095
surname_region_terminal,R1a,non_I2,Founder,Z280,Илић,Ђурђевдан,Тимочка Крајина,Салаш/Зајечар,44.1139575,22.3200155
surname_region_terminal,J2,non_I2,Founder,J-Z38299,Илић,Савиндан,Топлица,Пашинац/Прокупље,43.2781437,21.5070025
surname_region_terminal,E,non_I2,Founder,E-Z1057,Илић,Стевањдан,Херцеговина,Бијоград/Требиње,42.6814792,18.2870394
surname_region_terminal,I1,non_I2,Relic,M227,Илић,Никољдан,Шумадија,Удовице/Смедерево,44.6390478,20.8549118
surname_region_terminal,J2,non_I2,Founder,J-Y22063,Илић Кељановић,Јовањдан,Косово,Житковац/Звечан,42.9301654,20.8239688
surname_region_terminal,I1,non_I2,Founder,FT428459,Имшир,Стевањдан,Херцеговина,Биоград/Требиње,43.1975446,18.1736467
surname_region_terminal,E,non_I2,Founder,E-CTS11222,Инић,Никољдан,Стара Херцеговина,Вучји До/Никшић,42.532051,18.518364299999998
surname_region_terminal,E,non_I2,Founder,E-CTS11222,Инић,Никољдан,Херцеговина,Делеуша/Билећа,42.8679121,18.4832786
surname_region_terminal,R1a,non_I2,Relic,Y323345,Исаиловић,Лучиндан,Колубара,Звечка/Обреновац,44.640248,20.164318
surname_region_terminal,E,non_I2,Founder,E-FT104106,Исаиловић,Никољдан,Мачва,Белотић/Владимирци,44.58099,19.71932
surname_region_terminal,E,non_I2,Founder,E-Z13591,Исаиловић,Никољдан,Мачва,Дворска/Крупањ,44.4369444,19.3786111
surname_region_terminal,J2,non_I2,Founder,J-Y155375,Исаиловић,Ђурђиц,Мачва,Петловача/Шабац,44.7234721,19.6240661
surname_region_terminal,N,non_I2,Founder,N-FT182494,Исаиловић,Ђурђиц,Шумадија,Грабовица/Горњи Милановац,44.0203997,20.5109617
surname_region_terminal,E,non_I2,Founder,E-FT104106,Иђушки,Јовањдан,Бачка,Жарковац/Сомбор,45.7036243,19.2005133
surname_region_terminal,PH908_primary,PH908_family,Founder,FT16449,Ијачић,Томиндан,Херцеговина,Опличићи/Чапљина,43.1171721,17.8104965
surname_region_terminal,R1b,non_I2,Founder,FT49714,Калајановић,Аранђеловдан,Стари Влах,Прилике/Ивањица,43.6321744,20.1502791
surname_region_terminal,PH908_primary,PH908_family,Founder,FT16449,Калајџић,Игњатијевдан,Источна Босна,Кадино Брдо/Фалиши/Фоча,43.8725438,19.630875
surname_region_terminal,PH908_primary,PH908_family,Founder,FT14506,Калајџић,Аранђеловдан,Стари Влах,Милатовићи/Лучани,43.7276927,20.3696394
surname_region_terminal,I1,non_I2,Founder,FGC22061,Калинић,Никољдан,Босанска Крајина,Велика Жуљевица/Нови Град,45.0916347,16.4807075
surname_region_terminal,J2,non_I2,Founder,J-Y22063,Каменаровић,Ивањдан,Зета,Доброта/Котор,42.4315861,18.7674296
surname_region_terminal,J2,non_I2,Founder,J-Y22063,Кангрга,Јовањдан,Лика,Подум/Оточац,44.8861725,15.296355
surname_region_terminal,N,non_I2,Founder,N-FT182494,Капетановић,Ђурђевдан,Босанска Крајина,Јоховица/Нови Град,44.8987643,16.3721993
surname_region_terminal,I1,non_I2,Founder,FGC22061,Капетановић,Ђурђевдан,Стара Херцеговина,Калушићи/Пљевља,43.3372423,19.3401923
surname_region_terminal,I2_unmapped_nonPH908,nonPH908_I2,Relic,PF4459,Капетановић,Нема,Херцеговина,Кључ/Гацко,43.0877191,18.4902065
surname_region_terminal,E,non_I2,Founder,E-FT178289,Капетина,Никољдан,Средња Босна,Рогачићи/Илиџа,43.8306182,18.3077357
surname_region_terminal,PH908_primary,PH908_family,Founder,Y58629,Капор,Јовањдан,Херцеговина,Мириловићи/Билећа,42.8827254,18.3436757
surname_region_terminal,R1b,non_I2,Relic,Y58552,Каприш,Аранђеловдан,Западни Банат,Кикинда,45.8300065,20.4653054
surname_region_terminal,R1b,non_I2,Relic,BY18860,Карадаглић,Никољдан,Зета,Богути/Цетиње,42.3199034,18.9805169
surname_region_terminal,I1,non_I2,Founder,Y155080,Каралић,Михољдан,Бачка,Сомбор,45.7727397,19.1147036
surname_region_terminal,PH908_primary,PH908_family,Founder,FT14506,Каралић,Св. Александар Невски,Рашка,Дајићи/Ивањица,43.4032587,20.2980393
surname_region_terminal,E,non_I2,Founder,E-FT104106,Караман,Непознато,Далмација,Сплит,43.5099367,16.4896122
surname_region_terminal,I1,non_I2,Founder,FGC22061,Карановић,Ђурђевдан,Босанска Крајина,Бобољусци/Дрвар,44.589427099999995,16.23768255
surname_region_terminal,N,non_I2,Founder,N-FT213937,Карапетровић,Јовањдан,Босанска Крајина,Доња Јурковица/Градишка,44.9959058,17.198807
surname_region_terminal,Y3120_deep_mid_nonPH908,nonPH908_I2,Founder,Z17855,Караџић,Аранђеловдан,Стара Херцеговина,Петњица/Шавник,42.9831515,19.0801473
surname_region_terminal,I1,non_I2,Founder,FGC22061,Кардум,Ђурђевдан,Херцеговина,Рапти Бобани/Требиње,42.7907803,18.0692064
surname_region_terminal,I1,non_I2,Founder,FGC22061,Кариклић,Никољдан,Средња Босна,Сарајево,43.8570713,18.4126147
surname_region_terminal,PH908_primary,PH908_family,Founder,FT16449,Каришик,Ђурђевдан,Херцеговина,Зијемље/Источни Мостар,43.4097358,18.0002323
surname_region_terminal,PH908_primary,PH908_family,Founder,FT14506,Карић,Лазарева Субота,Босанска Крајина,Гориња/Босанска Крупа,44.7944198,16.2477766
surname_region_terminal,PH908_primary,PH908_family,Founder,Y51673,Карић,Никољдан,Колубара,Рвати/Обреновац,44.6583174,20.196005
surname_region_terminal,PH908_primary,PH908_family,Founder,Y56203,Карлица,Стевањдан,Босанска Крајина,Чађавица Доња/Нови Град,44.9710596,16.3197581
surname_region_terminal,E,non_I2,Founder,E-PH1395,Кастратовић,Аранђеловдан,Брда,Горажде/Беране,42.8845361,19.9227157
surname_region_terminal,PH908_primary,PH908_family,Relic,Y135653,Кастратовић,Ћириловдан,Стари Влах,Рајац/Чачак,43.7972124,20.4229831
surname_region_terminal,R1a,non_I2,Founder,L1029,Катана,Аранђеловдан,Источна Босна,Старонићи/Чајниче,43.5593609,19.1343556
surname_region_terminal,E,non_I2,Founder,E-FT104106,Катић,Ђурђевдан,Бачка,Гардиновци/Тител,45.2036398,20.135807
surname_region_terminal,N,non_I2,Founder,N-FT182494,Катић,Никољдан,Далмација,Кољане/Врлика,43.8733941,16.5015021
surname_region_terminal,E,non_I2,Founder,E-L241,Качаревић,Аранђеловдан,Североисточна Босна,Дворови/Бијељина,44.8076812,19.2622411
surname_region_terminal,R1a,non_I2,Founder,L1029,Кашић,Јовањдан,Далмација,Житнић/Дрниш,43.8363424,16.1346332
surname_region_terminal,E,non_I2,Founder,E-Z1057,Кајевић,Ђурђиц,Северна Македонија,Чучер/Чучер-Сандево,42.0994869,21.3868611
surname_region_terminal,J2,non_I2,Founder,J-Y22063,Кајевић,Нема,Стари Влах,Ивезићи/Пријепоље,43.2243718,19.6515771
surname_region_terminal,N,non_I2,Founder,N-FT213937,Кајмаковић,Јовањдан,Североисточна Босна,Модран/Бијељина,44.6768039,19.1770397
surname_region_terminal,I1,non_I2,Founder,FGC22061,Керин (Несторовић),Ђурђевдан,Шумадија,Рипањ/Београд,44.6390298,20.5204337
surname_region_terminal,PH908_primary,PH908_family,Founder,FT14506,Кецман,Вартоломијевдан,Босанска Крајина,Будимлић Јапра/Сански Мост,44.8833743,16.4285497
surname_region_terminal,R1a,non_I2,Founder,YP4278,Кешељ,Ђурђевдан,Херцеговина,Раникуће/Зови До/Невесиње,43.1727211,18.2086436
surname_region_terminal,E,non_I2,Founder,E-BY165837,Кељановић,Никољдан,Брда,Дулипоље/Андријевица,42.6968885,19.7508867
surname_region_terminal,PH908_primary,PH908_family,Founder,FT16449,Кизић,Ђурђиц,Метохија,Доњи Петрич/Клина,42.6128115,20.5033182
surname_region_terminal,PH908_primary,PH908_family,Founder,BY93199,Килибарда,Аранђеловдан,Стара Херцеговина,Тупан/Никшић,42.7930252,18.632268
surname_region_terminal,PH908_primary,PH908_family,Founder,FT14506,Кисин,Томиндан,Херцеговина,Тули/Требиње,42.6487584,18.37743
surname_region_terminal,PH908_primary,PH908_family,Founder,FT16449,Кисић,Никољдан,Херцеговина,Звијерина/Билећа,42.9328223,18.2713905
surname_region_terminal,R1b,non_I2,Relic,FGC24408,Китановић,Никољдан,Врањско Поморавље,Врање,42.5573069,21.9021867
surname_region_terminal,E,non_I2,Founder,E-Y142744,Китић,Ђурђевдан,Североисточна Босна,Церовица/Станари,44.7087663,17.8703372
surname_region_terminal,E,non_I2,Founder,E-L241,Кичић,Михољдан,Босанска Крајина,Шњеготина Средња/Челинац,44.6939155,17.53773
surname_region_terminal,J2,non_I2,Relic,J-PF5177,Кладник,Нема,Крањска,Невље/Камник,46.2296387,14.6235277
surname_region_terminal,J2,non_I2,Founder,J-FT413312,Клевернић,Јовањдан,Источни Срем,Добринци/Рума,44.9536871,19.9277783
surname_region_terminal,R1a,non_I2,Founder,L1029,Кликовац,Ђурђиц,Зета,Зета,42.3195857,19.2264879
surname_region_terminal,PH908_primary,PH908_family,Founder,FT14506,Климовић,Ђурђевдан,Херцеговина,Подштировник/Требиње,42.5743199,18.4525475
surname_region_terminal,J2,non_I2,Founder,J-L70,Клиса-Гуча Гора гроб 12,Непознато,Средња Босна,Гуча Гора/Травник,44.2430798,17.7267542
surname_region_terminal,J2,non_I2,Founder,J-L70,Клиса-Гуча Гора гроб 6,Непознато,Средња Босна,Гуча Гора/Травник,44.2430798,17.7267542
surname_region_terminal,N,non_I2,Founder,N-FGC28435,Кличковић,Ђурђевдан,Кордун,Дуго Село Ласињско/Вргинмост,45.4810968,15.8819206
surname_region_terminal,PH908_primary,PH908_family,Founder,FT386055,Кнежевић,Аранђеловдан,Босанска Крајина,Бранешци Доњи/Челинац,44.57932515,16.96675935
surname_region_terminal,R1a,non_I2,Founder,Y189493,Кнежевић,Ђурђиц,Босанска Крајина,Прусци/Нови Град,45.0943159,16.5231401
surname_region_terminal,R1a,non_I2,Founder,Z280,Кнежевић,Св. Василије Велики,Брда,Будимља/Беране,42.8665246,19.8892217
surname_region_terminal,R1a,non_I2,Relic,YP5882,Кнежевић,Зачеће Св. Јована Крститеља,Зета,Грађани/Цетиње,42.2745514,19.0050895
surname_region_terminal,N,non_I2,Founder,N-FT182494,Кнежевић,Аранђеловдан,Североисточна Босна,Попови/Бијељина,44.7633867,19.2733399
surname_region_terminal,I2_unmapped_nonPH908,nonPH908_I2,Relic,P95,Кнежевић,Аранђеловдан,Стари Влах,Чемериковци/Доброселица/Чајетина,43.6178359,19.7203881
surname_region_terminal,N,non_I2,Founder,N-FT213937,Кнежић,Јовањдан,Босанска Крајина,Шеменовци/Купрес,44.0838628,17.1267686
surname_region_terminal,PH908_primary,PH908_family,Founder,Y58629,Кнежић,Јовањдан,Херцеговина,Мостар,43.3435855,17.8076584
surname_region_terminal,I1,non_I2,Founder,FGC22061,Ковач,Никољдан,Источна Босна,Мазоче/Фоча,43.4022632,18.8016731
surname_region_terminal,PH908_map_nonprimary,PH908_family,Founder,Y4882,Ковач,Јовањдан,Херцеговина,Лопоч/Сливница Бобани/Равно,42.7742557,18.0754271
surname_region_terminal,PH908_primary,PH908_family,Founder,Y56203,Ковач,Стевањдан,Херцеговина,Зови До/Невесиње,43.1574316,18.2122491
surname_region_terminal,PH908_primary,PH908_family,Founder,Y58629,Ковач,Јовањдан,Херцеговина,Влаховићи/Љубиње,43.0291609,18.1231814
surname_region_terminal,E,non_I2,Founder,E-Z1057,Ковачевић,Андријевдан,Брда,Ораховица/Бијело Поље,43.1138896,19.7334445
surname_region_terminal,E,non_I2,Founder,E-Y126722,Ковачевић,Никољдан,Далмација,Кољане/Врлика,43.8733941,16.5015021
surname_region_terminal,R1a,non_I2,Founder,BY99654,Ковачевић,Мратиндан,Лика,Кестенова Корита/Доњи Лапац,44.5521346,15.9609632
surname_region_terminal,E,non_I2,Founder,E-Z1057,Ковачевић,Ђурђевдан,Лика,Кесићи/Латин/Плашки,44.5103938,17.1314614
surname_region_terminal,J2,non_I2,Founder,J-Y155375,Ковачевић,Ђурђевдан,Мачва,Церова/Крупањ,44.4008333,19.3780556
surname_region_terminal,E,non_I2,Founder,E-Z1057,Ковачевић,Ђурђиц,Метохија,Бања/Србица,42.812757,20.670443
surname_region_terminal,E,non_I2,Relic,E-A783,Ковачевић,Ђурђиц,Рашка,Брестово/Нови Пазар,43.1358171,20.5923271
surname_region_terminal,R1b,non_I2,Founder,BY38894,Ковачевић,Никољдан,Стара Херцеговина,Нудо/Никшић,42.6708552,18.5748762
surname_region_terminal,E,non_I2,Founder,E-CTS11222,Ковачевић,Ђурђевдан,Стара Херцеговина,Заслап/Никшић,42.6784123,18.5932433
surname_region_terminal,R1b,non_I2,Founder,L51,Ковачевић,Јовањдан,Тимочка Крајина,Подгорац/Бољевац,43.9404586,21.9501214
surname_region_terminal,PH908_primary,PH908_family,Founder,FT16449,Ковачевић,Ђурђевдан,Херцеговина,Невесиње,43.20956305,18.2802149
surname_region_terminal,PH908_map_nonprimary,PH908_family,Founder,Y4882,Ковачевић,Јовањдан,Херцеговина,Туље/Требиње,42.8276289,18.1055509
surname_region_terminal,I1,non_I2,Relic,Y4045,Ковачић (Ковач),Митровдан,Крањска,Литија,46.0575677,14.8314192
surname_region_terminal,R1a,non_I2,Founder,L1029,Ковачић,Ђурђевдан,Босанска Крајина,Јаворани/Кнежево,44.6246867,17.2493283
surname_region_terminal,N,non_I2,Founder,N-FT182494,Козарац,Лучиндан,Босанска Крајина,Брекиња/Козарска Дубица,45.1345993,16.7197751
surname_region_terminal,I1,non_I2,Founder,BY169301,Козарев,Петковдан,Бачка,Тител,45.2043941,20.3060414
surname_region_terminal,J2,non_I2,Founder,J-Y155375,Козица,Никољдан,Стари Влах,Завинограђе/Пријепоље,43.2498076,19.697773
surname_region_terminal,PH908_primary,PH908_family,Founder,FT14506,Козић,Ђурђевдан,Херцеговина,Љубиње,42.9362506,18.10570635
surname_region_terminal,G,non_I2,Relic,G-Y425678,Козлица,Никољдан,Лика,Мекињар/Удбина,44.579895,15.6701528
surname_region_terminal,N,non_I2,Founder,N-FT213937,Козомора,Јовањдан,Босанска Крајина,Богдаше/Ливно,44.0337429,16.6845423
surname_region_terminal,I1,non_I2,Founder,FGC22061,Коковић,Никољдан,Топлица,Пискаље/Прокупље,43.1856949,21.4323362
surname_region_terminal,E,non_I2,Founder,E-Z38456,Кокора,Никољдан,Стари Влах,Очка Гора/Бранешци/Чајетина,43.7509335,19.6953302
surname_region_terminal,J2,non_I2,Founder,J-Y22063,Кокот,Јовањдан,Лика,Томингај/Грачац,44.3515641,15.8356455
surname_region_terminal,R1a,non_I2,Founder,L1029,Колак,Јовањдан,Херцеговина,Хум/Требиње,42.7284887,18.1946559
surname_region_terminal,R1a,non_I2,Relic,BY212473,Колар,Ђурђевдан,Јужна Барања,Болман/Јагодњак,45.7219029,18.5169211
surname_region_terminal,I1,non_I2,Founder,Y155080,Коларевић,Аћимовдан,Расина,Почековина/Трстеник,43.594761,21.0885026
surname_region_terminal,R1a,non_I2,Founder,BY99654,Коларевић,Св. пророк Јеремија,Стари Влах,Вучак/Ивањица,43.406538,20.2053189
surname_region_terminal,E,non_I2,Founder,E-L241,Коларић,Аранђеловдан,Западни Срем,Трпиња,45.4191674,18.8996797
surname_region_terminal,I1,non_I2,Founder,FGC22061,Коларовић,Никољдан,Источни Срем,Сремски Карловци,45.1860254,19.9571373
surname_region_terminal,PH908_primary,PH908_family,Relic,FTD21598,Коленовић,Аранђеловдан,Брда,Гусиње,42.5637693,19.833253
surname_region_terminal,R1a,non_I2,Founder,YP4278,Колунџија,Никољдан,Кордун,Нова Кршља/Раковица,44.9932298,15.6499541
surname_region_terminal,PH908_primary,PH908_family,Founder,Y58629,Комад,Јовањдан,Херцеговина,Убоско/Љубиње,43.0086063,18.0852893
surname_region_terminal,PH908_primary,PH908_family,Founder,Y56203,Комадина,Нема,Ријека и Кварнер,Крмпоте/Нови Винодолски,45.128264,14.7888328
surname_region_terminal,E,non_I2,Founder,E-BY165837,Комадинић,Митровдан,Стари Влах,Соколићи/Чачак,43.9414481,20.3918266
surname_region_terminal,E,non_I2,Founder,E-Z1057,Комненовић,Јовањдан,Стара Херцеговина,Ластва/Кленак/Никшић,42.7008432,18.4753091
surname_region_terminal,E,non_I2,Founder,E-Z1057,Комљеновић,Часне Вериге апостола Петра,Кордун,Чремушница/Вргинмост,45.3556367,15.8649944
surname_region_terminal,PH908_primary,PH908_family,Relic,FTA49542,Конатар,Никољдан,Брда,Конатари/Уневине/Бијело Поље,43.1059858,19.7758066
surname_region_terminal,PH908_primary,PH908_family,Founder,FT14506,Кондић,Никољдан,Босанска Крајина,Цикоте/Приједор,44.974563,16.7075768
surname_region_terminal,Y3120_deep_mid_nonPH908,nonPH908_I2,Founder,Z17855,Кондић,Ђурђевдан,Мачва,Тршић/Лозница,44.4958165,19.2704649
surname_region_terminal,R1b,non_I2,Founder,FT44409,Константиновић,Никољдан,Браничево,Петровац на Млави,44.3677095,21.4076704
surname_region_terminal,E,non_I2,Founder,E-L241,Кончаревић,Никољдан,Далмација,Ервеник,44.108204,15.9412748
surname_region_terminal,R1a,non_I2,Founder,L1029,Копања,Никољдан,Босанска Крајина,Павловац/Бања Лука,44.7938294,17.14294
surname_region_terminal,E,non_I2,Founder,E-FT178289,Копривица,Никољдан,Стара Херцеговина,Копривице/Никшић,43.9074264,18.7070734
surname_region_terminal,E,non_I2,Founder,E-FT178289,Копривица,Никољдан,Херцеговина,Градина/Гацко,43.3298803,18.4824821
surname_region_terminal,E,non_I2,Founder,E-FGC11450,Копуновић,Савиндан,Стари Влах,Доње Бабине/Пријепоље,43.4156163,19.5323809
surname_region_terminal,R1a,non_I2,Founder,BY99654,Кораћ,Никољдан,Херцеговина,Завала/Требиње,42.7098295,18.3457261
surname_region_terminal,J2,non_I2,Relic,J-PH1602,Кордић,Нема,Далматинска острва,Раб,44.7562894,14.7607367
surname_region_terminal,J2,non_I2,Relic,J-A30137,Корићанац,Мратиндан,Рашка,Богутовац/Краљево,43.6505926,20.5543681
surname_region_terminal,PH908_primary,PH908_family,Founder,FT16449,Корора,Ђурђиц,Стара Херцеговина,Кукавица/Пљевља,42.6273609,21.3479637
surname_region_terminal,E,non_I2,Founder,E-CTS11222,Косанић,Никољдан,Источни Срем,Сремски Михаљевци/Пећинци,44.8587944,20.0383376
surname_region_terminal,R1a,non_I2,Founder,YP417,Косовић,Ђурђевдан,Североисточна Босна,Пађине/Зворник,44.5301983,19.1201826
surname_region_terminal,I1,non_I2,Founder,FGC22061,Костић,Јовањдан,Браничево,Орешковица/Петровац на Млави,44.3171028,21.3255622
surname_region_terminal,R1a,non_I2,Founder,L1029,Костић,Ђурђевдан,Источни Срем,Доњи Товарник/Пећинци,44.8132532,19.9448853
surname_region_terminal,R1b,non_I2,Relic,Y572491,Костић,Јовањдан,Косово,Крајиште/Липљан,42.4938543,21.0468671
surname_region_terminal,PH908_primary,PH908_family,Founder,Y56203,Костић,Стевањдан,Понишавље,Алексиначки Бујмир/Алексинац,43.5144857,21.7490324
surname_region_terminal,R1a,non_I2,Founder,YP270,Костић,Мратиндан,Понишавље,Ниш,43.3211301,21.8959232
surname_region_terminal,PH908_primary,PH908_family,Founder,FT190799,Костић,Лучиндан,Стари Влах,Трнава/Ужице,43.8492344,19.7565513
surname_region_terminal,J2,non_I2,Founder,J-Y22063,Костић,Никољдан,Стари Влах,Свештица/Ивањица,43.5927083,20.2345428
surname_region_terminal,PH908_map_nonprimary,PH908_family,Founder,Y4882,Косјерина,Никољдан,Херцеговина,Крушевица/Љубиње,42.9106923,18.1233759
surname_region_terminal,J2,non_I2,Founder,J-Y22063,Котарац,Јовањдан,Источни Срем,Нови Сланкамен/Инђија,45.1257668,20.2390854
surname_region_terminal,E,non_I2,Founder,E-BY165837,Коцић (Радоњић),Ђурђевдан,Зета,Будва,41.1293315,20.8062091
surname_region_terminal,J2,non_I2,Founder,J-Z38299,Коцољевац (Кукавица),Лучиндан,Далмација,Земуник Горњи/Земуник Доњи,44.1095798,15.4312483
surname_region_terminal,Y3120_deep_mid_nonPH908,nonPH908_I2,Founder,Z17855,Кочовић,Алимпијевдан,Западна Македонија,Вевчани,41.2444658,20.5735643
surname_region_terminal,Y3120_deep_mid_nonPH908,nonPH908_I2,Relic,BY169079,Којић,Михољдан,Бачка,Бачка Паланка,45.2500976,19.3897302
surname_region_terminal,R1a,non_I2,Founder,BY99654,Којић,Св. Врачи,Мачва,Клење/Богатић,44.807222,19.434444
surname_region_terminal,R1a,non_I2,Founder,L1029,Којовић,Мратиндан,Херцеговина,Веља Гора/Требиње,42.6483319,18.3423212
surname_region_terminal,R1a,non_I2,Founder,YP4278,Коњевић,Илиндан,Источни Срем,Прхово/Пећинци,44.8839549,20.0021353
surname_region_terminal,E,non_I2,Founder,E-BY165837,Коћо,Нема,Брда,Тузи,42.8581287,21.2188719
surname_region_terminal,PH908_primary,PH908_family,Founder,FT16449,Красић,Игњатијевдан,Босанска Крајина,Шешковци/Лакташи,44.9604861,17.4334034
surname_region_terminal,R1a,non_I2,Founder,L1029,Красић,Ђурђевдан,Босанска Крајина,Кокори/Прњавор,44.8128141,17.4919931
surname_region_terminal,R1a,non_I2,Relic,CTS1211,Красић,Св. Врачи,Стари Влах,Доња Краварица/Лучани,43.7814745,20.1603841
surname_region_terminal,J2,non_I2,Relic,J-PF5008,Кратовац,Нема,Стари Влах,Нова Варош,43.4597045,19.8154494
surname_region_terminal,J2,non_I2,Founder,J-L70,Краљић,Нема,Кварнерска острва,Мурај/Крк,45.0508794,14.6012333
surname_region_terminal,E,non_I2,Founder,E-FGC11450,Кресић,Ђурђевдан,Северна Барања,Липово/Мохач,45.9933836,18.6821079
surname_region_terminal,E,non_I2,Founder,E-CTS11222,Кресоја,Никољдан,Босанска Крајина,Пркоси/Босански Петровац,44.6166046,16.1186795
surname_region_terminal,R1a,non_I2,Founder,L1029,Кривоглав,Зачеће Св. Јована Крститеља,Херцеговина,Мрњићи/Требиње,42.6671229,18.2600196
surname_region_terminal,J2,non_I2,Founder,J-FT413312,Кривокапић,Јовањдан,Зета,Горња Заљут/Цетиње,42.565944,18.7699803
surname_region_terminal,N,non_I2,Founder,N-FGC28435,Кривокућа,Никољдан,Кордун,Утиња/Карловац,45.403063,15.723215
surname_region_terminal,E,non_I2,Founder,E-Z1057,Кризманић,Нема,Бачка,Апатин,45.6712544,18.9817862
surname_region_terminal,J2,non_I2,Founder,J-Y155375,Кричка,Никољдан,Далмација,Братишковци/Скрадин,43.8893887,15.9062068
surname_region_terminal,J2,non_I2,Relic,J-M205,Кричковић,Никољдан,Босанска Крајина,Саница Горња/Кључ,44.6232627,16.6271573
surname_region_terminal,R1b,non_I2,Founder,FT49714,Кркељић,Аранђеловдан,Брда,Лутово/Подгорица,42.6279981,19.3856978
surname_region_terminal,G,non_I2,Relic,G-Z6211,Кркобабић,Јовањдан,Далмација,Кољане/Врлика,43.8733941,16.5015021
surname_region_terminal,N,non_I2,Founder,N-FT182494,Крнета,Јовањдан,Далмација,Кистање,43.9814264,15.9653321
surname_region_terminal,PH908_primary,PH908_family,Founder,FT14506,Крнетић,Томиндан,Босанска Крајина,Бањани/Босанска Крупа,45.0253584,16.1389906
surname_region_terminal,J2,non_I2,Founder,J-Y155375,Крнојелац,Никољдан,Источна Босна,Биротићи/Фоча,43.5063744,18.9348636
surname_region_terminal,I1,non_I2,Founder,FGC22061,Крстајић,Никољдан,Стара Херцеговина,Пашина Вода/Жабљак,43.1024574,19.1224124
surname_region_terminal,R1a,non_I2,Founder,Z280,Крстић,Никољдан,Јабланица,Грделица/Лесковац,42.900543,22.0716509
surname_region_terminal,R1b,non_I2,Founder,FT44409,Крстић,Ђурђиц,Метохија,Исток,42.7816777,20.4882544
surname_region_terminal,PH908_primary,PH908_family,Relic,Y153037,Крстић,Никољдан,Понишавље,Грнчар/Бабушница,43.019409,22.343754
surname_region_terminal,N,non_I2,Founder,N-FT213937,Крстић,Лазарева Субота,Североисточна Босна,Велика Обарска/Бијељина,44.8017099,19.1712899
surname_region_terminal,Y3120_deep_mid_nonPH908,nonPH908_I2,Relic,BY92056,Крстић,Аранђеловдан,Тимочка Крајина,Књажевац,43.5675155,22.2556547
surname_region_terminal,R1a,non_I2,Relic,A19673,Крстић,Св. Врачи,Шумадија,Београд,44.7863236,20.4716856
surname_region_terminal,I1,non_I2,Founder,BY169301,Крунић,Св. Василије Велики,Колубара,Јасеница/Ваљево,44.3069345,19.9319119
surname_region_terminal,R1a,non_I2,Founder,L1029,Крушедолац,Јовањдан,Источни Срем,Батајница/Земун,44.9060854,20.2747547
surname_region_terminal,R1b,non_I2,Founder,BY38894,Крчмар,Ђурђевдан,Босанска Крајина,Хотковци/Гламоч,44.2280553,16.7863432
surname_region_terminal,PH908_primary,PH908_family,Founder,FT14506,Крчум,Јовањдан,Херцеговина,Дренови До/Куња Главица/Требиње,42.609978,18.4016076
surname_region_terminal,I1,non_I2,Founder,FGC22061,Крљанац,Ђурђевдан,Стари Влах,Зеоке/Лучани,43.8448345,20.264368
surname_region_terminal,I1,non_I2,Founder,FGC22061,Крљанчевић,Лучиндан,Стари Влах,Вирово/Ариље,43.7768561,20.1162652
surname_region_terminal,PH908_primary,PH908_family,Founder,FT16449,Крњевић,Аранђеловдан,Херцеговина,Фатница/Билећа,43.0283069,18.3230171
surname_region_terminal,PH908_primary,PH908_family,Founder,FT16449,Крџавац,Стевањдан,Стари Влах,Бистрица/Нова Варош,43.4679641,19.6567329
surname_region_terminal,I1,non_I2,Founder,Y155080,Крџић,Јовањдан,Стари Влах,Радобуђа/Ариље,43.7223903,20.0406665
surname_region_terminal,R1a,non_I2,Founder,YP4278,Кувекаловић,Св. Врачи,Стари Влах,Пресека/Ивањица,43.5375216,19.9962274
surname_region_terminal,R1a,non_I2,Founder,Y260767,Кузмановић,Јовањдан,Колубара,Жабари/Ваљево,44.2244939,19.9482507
surname_region_terminal,R1a,non_I2,Founder,L1029,Кузмановић,Ђурђевдан,Североисточна Босна,Горње Кречане/Градачац,44.8713643,18.3618246
surname_region_terminal,PH908_primary,PH908_family,Relic,Y59595,Кузмановић,Св. Врачи,Североисточна Босна,Лозна/Бановићи,44.4376937,18.3498309
surname_region_terminal,E,non_I2,Founder,E-Z1057,Кузмановић,Алимпијевдан,Шумадија,Осипаоница/Смедерево,44.543562,21.0520033
surname_region_terminal,J2,non_I2,Founder,J-L70,Кукурић,Никољдан,Херцеговина,Требиње,42.7098295,18.3457261
surname_region_terminal,E,non_I2,Founder,E-Z1057,Кулачин,Св. Врачи,Бачка,Србобран,45.5509101,19.7993393
surname_region_terminal,E,non_I2,Founder,E-FT178289,Кулаш,Стевањдан,Херцеговина,Биоград/Невесиње,43.1975446,18.1736467
surname_region_terminal,E,non_I2,Founder,E-FT104106,Кунарац,Ђурђевдан,Источна Босна,Крушчица/Драгочава/Фоча,43.3258322,18.4064011
surname_region_terminal,PH908_primary,PH908_family,Founder,FT16449,Кундачина,Ђурђевдан,Херцеговина,Хатељи/Берковићи,43.0911638,18.1968708
surname_region_terminal,J2,non_I2,Founder,J-Y22063,Кунић,Ђурђевдан,Бачка,Сомбор,45.7727397,19.1147036
surname_region_terminal,Y3120_deep_mid_nonPH908,nonPH908_I2,Founder,Z17855,Купрешанин,Никољдан,Далмација,Рамљане/Книн,43.9723581,16.2050588
surname_region_terminal,N,non_I2,Founder,N-FT213937,Курбалија,Јовањдан,Далмација,Стрмица/Книн,44.1694179,16.2616872
surname_region_terminal,E,non_I2,Founder,E-FT178289,Курмазовић,Никољдан,Стари Влах,Расна/Пожега,43.8145564,20.0227976
surname_region_terminal,R1a,non_I2,Founder,Z280,Куртеш,Ђурђевдан,Херцеговина,Зијемље/Мостар,43.4097358,18.0002323
surname_region_terminal,I1,non_I2,Founder,FGC22061,Куртић,Стевањдан,Стари Влах,Дебеља/Нова Варош,43.4755264,19.9289773
surname_region_terminal,R1a,non_I2,Founder,L1029,Куртовић,Св. пророк Јеремија,Херцеговина,Зачула/Требиње,42.7098295,18.3457261
surname_region_terminal,PH908_primary,PH908_family,Founder,FT16449,Кусић,Ђурђевдан,Североисточна Босна,Језера/Теслић,44.4074168,17.764724
surname_region_terminal,I1,non_I2,Founder,Y155080,Кусонић,Митровдан,Бачка,Сомбор,45.7727397,19.1147036
surname_region_terminal,I1,non_I2,Founder,FGC22061,Кустурић,Алимпијевдан,Стари Влах,Лопаш/Пожега,43.8053585,20.1239919
surname_region_terminal,E,non_I2,Founder,E-BY165837,Куч,Зачеће Св. Јована Крститеља,Брда,Бабино/Беране,42.95231455,19.8889268
surname_region_terminal,G,non_I2,Founder,G-FTC64765,Кујачић,Аранђеловдан,Херцеговина,Аранђелово/Требиње,42.6971098,18.5405008
surname_region_terminal,PH908_primary,PH908_family,Relic,FTB32566,Кујовић,Св. Василије Велики,Брда,Миоска/Колашин,42.8154268,19.4133338
surname_region_terminal,R1a,non_I2,Relic,Y465102,Кујунџић,Јовањдан,Источни Срем,Сремски Карловци,45.1860254,19.9571373
surname_region_terminal,J2,non_I2,Founder,J-Y14439,Кујунџић,Аранђеловдан,Стара Херцеговина,Превиш/Шавник,42.9707641,19.1035204
surname_region_terminal,E,non_I2,Founder,E-BY165837,Кљајевић,Аранђеловдан,Брда,Блишково/Бијело Поље,43.1563013,19.5517458
surname_region_terminal,I1,non_I2,Founder,BY169301,Кљајевић,Никољдан,Зета,Подгорица,42.3592055,19.2499266
surname_region_terminal,E,non_I2,Founder,E-L241,Кљајић,Никољдан,Босанска Крајина,Гусак/Прњавор,44.8575448,17.5305695
surname_region_terminal,R1a,non_I2,Relic,YP3992,Лазаревић,Аврамијевдан,Североисточна Босна,Јасеница/Зворник,44.5317392,19.0768879
surname_region_terminal,G,non_I2,Founder,G-Y128480,Лазаревић,Ђурђиц,Стари Влах,Бели Камен/Лучани,43.6848498,20.2184486
surname_region_terminal,E,non_I2,Founder,E-Z13591,Лазаревић,Петковдан,Топлица,Доња Коњуша/Прокупље,43.2246663,21.4116495
surname_region_terminal,PH908_primary,PH908_family,Relic,BY77359,Лазаревић,Јовањдан,Шумадија,Кусовац/Кнић,43.964743,20.6705617
surname_region_terminal,E,non_I2,Relic,E-Y177539,Лазаревић,Ђурђевдан,Шумадија,Рудовци/Лазаревац,44.3800988,20.4050622
surname_region_terminal,PH908_map_nonprimary,PH908_family,Founder,Y4882,Лазић,Јовањдан,Бачка,Сомбор,45.7727397,19.1147036
surname_region_terminal,E,non_I2,Founder,E-Z1057,Лазић,Никољдан,Западни Банат,Бела Црква,44.9001235,21.4230044
surname_region_terminal,E,non_I2,Founder,E-Z1057,Лазић,Никољдан,Понишавље,Ниш,43.3211301,21.8959232
surname_region_terminal,R1b,non_I2,Relic,BY250,Лазић,Ђурђевдан,Североисточна Босна,Бузекара/Брчко,44.787359,18.8668246
surname_region_terminal,R1b,non_I2,Relic,Z209,Лазов,Велика Госпојина,Бачка,Србобран,45.5509101,19.7993393
surname_region_terminal,R1a,non_I2,Founder,Z280,Лазовић,Јовањдан,Брда,Лазовићи/Бијело Поље,43.0200788,19.993327
surname_region_terminal,G,non_I2,Founder,G-Y128480,Лазовић,Јовањдан,Стари Влах,Добраче/Ариље,43.6353854,20.084459
surname_region_terminal,PH908_map_nonprimary,PH908_family,Relic,MF4021,Лазовић,Никољдан,Стари Влах,Лозница/Чачак,43.8669804,20.3318977
surname_region_terminal,E,non_I2,Relic,E-FTG87914,Лазовић,Никољдан,Топлица,Сибница/Блаце,43.304055,21.220112
surname_region_terminal,PH908_primary,PH908_family,Founder,Y134585,Лазовић,Аранђеловдан,Топлица,Велика Плана/Прокупље,43.3282958,21.4361615
surname_region_terminal,PH908_primary,PH908_family,Founder,FT14506,Лазовић,Ђурђевдан,Херцеговина,Раст/Невесиње,43.2036996,18.2009731
surname_region_terminal,E,non_I2,Relic,E-Y48420,Лакић,Никољдан,Далмација,Горњи Карин/Обровац,44.1358546,15.6335444
surname_region_terminal,PH908_primary,PH908_family,Relic,FT176119,Лаковић,Јовањдан,Источна Босна,Русањ/Ново Горажде,43.6261868,19.0211127
surname_region_terminal,R1b,non_I2,Relic,Y104972,Лаловић,Никољдан,Брда,Јаблан/Душке/Подгорица,42.6208472,19.4500194
surname_region_terminal,PH908_primary,PH908_family,Founder,FT386055,Ламбета,Аранђеловдан,Херцеговина,Горогаше/Равно,42.812157,18.0279717
surname_region_terminal,PH908_primary,PH908_family,Founder,Y51673,Ламбић,Ђурђевдан,Херцеговина,Борци/Коњиц,43.576834,18.018441
surname_region_terminal,R1a,non_I2,Founder,L1029,Лангура,Никољдан,Стари Влах,Херцеговачка Голеша/Прибој,43.5036499,19.4036702
surname_region_terminal,PH908_primary,PH908_family,Founder,FT14506,Ласован,Аранђеловдан,Херцеговина,Љути До/Берковићи,43.1119615,18.1286225
surname_region_terminal,N,non_I2,Founder,N-FGC28435,Латиновић,Јовањдан,Босанска Крајина,Врело/Цазин,44.9262622,15.8729755
surname_region_terminal,I1,non_I2,Founder,FGC22061,Лаудановић,Аранђеловдан,Шумадија,Бољковци/Горњи Милановац,44.1434202,20.3448058
surname_region_terminal,I1,non_I2,Founder,FGC22061,Лачњевац,Никољдан,Расина,Стањево/Александровац,43.4571508,21.0735342
surname_region_terminal,PH908_primary,PH908_family,Founder,Y58629,Лека,Јовањдан,Лика,Ново Село Кореничко/Плитвичка Језера,44.8718658,15.7179726
surname_region_terminal,I1,non_I2,Founder,Y155080,Лекић,Ђурђевдан,Босанска Крајина,Шеховци/Мркоњић Град,44.488056,17.1212053
surname_region_terminal,E,non_I2,Founder,E-PH1395,Лекић,Аранђеловдан,Брда,Краље/Андријевица,42.734307,19.7522991
surname_region_terminal,E,non_I2,Founder,E-PH1395,Лекић,Аранђеловдан,Топлица,Алабана/Блаце,43.19830245,21.4016923
surname_region_terminal,E,non_I2,Founder,E-Z16988,Лекић,Петровдан,Шумадија,Јеловик/Аранђеловац,44.2538372,20.486197399999998
surname_region_terminal,I1,non_I2,Founder,FGC22061,Лековић,Никољдан,Брда,Лековина/Бијело Поље,43.1541429,19.6058041
surname_region_terminal,I1,non_I2,Founder,FGC22061,Лековић,Аранђеловдан,Стара Херцеговина,Расова/Жабљак,44.6619739,18.0104173
surname_region_terminal,E,non_I2,Founder,E-Z1057,Лепојевић,Аранђеловдан,Јабланица,Ново Село/Лесковац,42.874285,22.165413
surname_region_terminal,R1a,non_I2,Founder,BY99654,Лепојевић,Никољдан,Топлица,Балиновац/Прокупље,43.2859308,21.6073385
surname_region_terminal,PH908_primary,PH908_family,Founder,FT14506,Лечић,Томиндан,Стари Влах,Вранеша/Нова Варош,43.4979749,19.7874068
surname_region_terminal,R1b,non_I2,Founder,A274,Лечић,Аранђеловдан,Херцеговина,Брезова Дола/Жрвањ/Љубиње,43.1680087,18.054059
surname_region_terminal,PH908_primary,PH908_family,Relic,BY97841,Лешњаковић,Аранђеловдан,Топлица,Дединац/Куршумлија,43.1289975,21.3864541
surname_region_terminal,G,non_I2,Founder,G-Y128480,Лилић,Аранђеловдан,Понишавље,Пирот,43.1547342,22.5865039
surname_region_terminal,E,non_I2,Founder,E-Y128213,Лисичић,Јовањдан,Стара Херцеговина,Крушево/Пљевља,43.2815936,19.2713164
surname_region_terminal,E,non_I2,Founder,E-Z1057,Личанин,Ђурђевдан,Славонија,Нова Градишка,45.2599175,17.3826861
surname_region_terminal,R1b,non_I2,Founder,FT44409,Лововић,Никољдан,Стари Влах,Косатица/Пријепоље,43.3873486,19.7340695
surname_region_terminal,I1,non_I2,Founder,FTA86559,Ловранић,Нема,Банија,Петриња,45.4650725,14.8530801
surname_region_terminal,I1,non_I2,Founder,FGC22061,Лозо,Ђурђевдан,Херцеговина,Мостар,43.3435855,17.8076584
surname_region_terminal,R1a,non_I2,Founder,Z280,Лончар,Јовањдан,Херцеговина,Чичево/Требиње,42.6348744,18.2918066
surname_region_terminal,I1,non_I2,Founder,BY169301,Лончаревић,Јовањдан,Стара Херцеговина,Црљенице/Пљевља,43.3583633,19.4067498
surname_region_terminal,R1b,non_I2,Relic,FT307035,Лопичић,Ђурђевдан,Зета,Метеризи/Цетиње,42.3785294,19.0573074
surname_region_terminal,G,non_I2,Founder,G-Y128480,Лојовић,Стевањдан,Херцеговина,Липник/Гацко,43.1410785,18.6177569
surname_region_terminal,E,non_I2,Founder,E-CTS11222,Лубурић,Никољдан,Херцеговина,Риоца/Билећа,43.0759444,18.3503379
surname_region_terminal,E,non_I2,Founder,E-L241,Лужаић,Ђурђевдан,Лика,Дабар/Оточац,44.9544961,15.3104526
surname_region_terminal,E,non_I2,Founder,E-Y142744,Лукаја,Михољдан,Босанска Крајина,Брајићи/Хасанбеговци/Гламоч,44.1329887,16.8266108
surname_region_terminal,R1a,non_I2,Founder,Y260767,Лукић,Јовањдан,Колубара,Ваљево,44.32182395,19.7435291
surname_region_terminal,PH908_primary,PH908_family,Relic,FTA65128,Лукић,Јовањдан,Косово,Горње Неродимље/Урошевац,42.3681012,21.0803991
surname_region_terminal,G,non_I2,Founder,G-Y128480,Лукић,Алимпијевдан,Косово,Баловац/Подујево,42.8903453,21.2300786
surname_region_terminal,E,non_I2,Founder,E-Z1057,Лукић,Јовањдан,Мачва,Коцељева,44.5167666,19.5110638
surname_region_terminal,E,non_I2,Founder,E-L241,Лукић,Ђурђевдан,Североисточна Босна,Скиповац Доњи/Добој,44.7960627,18.229252
surname_region_terminal,PH908_primary,PH908_family,Founder,FT16449,Лукић,Ђурђевдан,Североисточна Босна,Бијело Бучје/Теслић,44.4206941,17.7379859
surname_region_terminal,N,non_I2,Founder,N-FT213937,Лукић,Јовањдан,Североисточна Босна,Прибој/Лопаре,44.6015596,18.9300839
surname_region_terminal,I1,non_I2,Founder,FGC22061,Лукић,Стевањдан,Средња Босна,Семизовац/Вогошћа,43.9217507,18.317059
surname_region_terminal,PH908_primary,PH908_family,Founder,FT16449,Лукић,Никољдан,Стари Влах,Јабука/Пријепоље,43.3488486,19.5145971
surname_region_terminal,G,non_I2,Founder,G-Y128480,Лукић,Ђурђевдан,Стари Влах,Злодол/Бајина Башта,43.9453634,19.6850915
surname_region_terminal,J2,non_I2,Founder,J-Y14439,Лукић,Никољдан,Топлица,Иричићи/Брус,43.2311494,20.9508633
surname_region_terminal,R1a,non_I2,Founder,YP270,Луковић,Лучиндан,Расина,Бзенице/Александровац,43.5033356,20.8785889
surname_region_terminal,I1,non_I2,Founder,FGC22061,Луковић,Ђурђевдан,Стари Влах,Теочин/Горњи Милановац,44.0688845,20.2368068
surname_region_terminal,PH908_primary,PH908_family,Relic,Y283553,Луковић,Никољдан,Шумадија,Бања/Аранђеловац,44.2906194,20.6251573
surname_region_terminal,E,non_I2,Founder,E-Z1057,Лупуловић,Никољдан,Западни Банат,Јарковац/Сечањ,45.2699426,20.7643369
surname_region_terminal,R1a,non_I2,Founder,L1029,Лучић,Аранђеловдан,Источни Срем,Шашинци/Сремска Митровица,44.966599,19.7416158
surname_region_terminal,E,non_I2,Founder,E-Y128213,Лучић,Јовањдан,Стари Влах,Увац/Прибој,43.6121974,19.5884504
surname_region_terminal,PH908_primary,PH908_family,Founder,FT16449,Лучић,Ђурђиц,Стари Влах,Крушчица/Ариље,43.6958322,19.9905575
surname_region_terminal,PH908_primary,PH908_family,Relic,Y189089,Маврак,Јовањдан,Херцеговина,Зијемљe/Источни Мостар,43.4097358,18.0002323
surname_region_terminal,E,non_I2,Founder,E-Z1057,Магараш,Стевањдан,Западни Срем,Габош/Маркушица,45.3527742,18.7367692
surname_region_terminal,I1,non_I2,Founder,FTA86559,Мазалица,Аранђеловдан,Кордун,Војишница/Војнић,45.3406515,15.7402493
surname_region_terminal,PH908_primary,PH908_family,Relic,Y177506,Мазалица,Јовањдан,Централна Хрватска,Црквени Бок/Суња,45.3455404,16.7139689
surname_region_terminal,E,non_I2,Founder,E-FT178289,Мазић,Јовањдан,Североисточна Босна,Власеница,44.1821345,18.9411618
surname_region_terminal,R1a,non_I2,Founder,BY30743,Макањић,Аранђеловдан,Стари Влах,Крчагово/Ужице,43.842907,19.8630592
surname_region_terminal,R1a,non_I2,Founder,Z280,Мако,Нема,Западни Банат,Кикинда,45.8300065,20.4653054
surname_region_terminal,R1b,non_I2,Founder,L51,Максимовић,Ђурђиц,Косово,Доње Кормињане/Косовска Каменица,42.5069444,21.6261111
surname_region_terminal,PH908_primary,PH908_family,Founder,Y56203,Максимовић,Никољдан,Мачва,Шабац,44.7571535,19.6953972
surname_region_terminal,E,non_I2,Founder,E-Z1057,Максимовић,Св. Мина,Топлица,Трбуње/Блаце,43.281237,21.260703
surname_region_terminal,E,non_I2,Founder,E-FT104106,Максимовић,Непознато,Херцеговина,Требиње,42.7098295,18.3457261
surname_region_terminal,E,non_I2,Relic,E-Y173089,Максић,Петковдан,Врањско Поморавље,Широка Планина/Трговиште,42.3077778,22.0336111
surname_region_terminal,J2,non_I2,Founder,J-Y22063,Малетић,Аранђеловдан,Бачка,Турија/Србобран,45.5376971,19.8549648
surname_region_terminal,R1a,non_I2,Founder,FT288648,Малетић,Стевањдан,Босанска Крајина,Велика Илова/Прњавор,44.9600945,17.6520678
surname_region_terminal,G,non_I2,Founder,G-FTC64765,Малетић,Игњатијевдан,Мачва,Богатић,44.8343025,19.4795213
surname_region_terminal,R1a,non_I2,Founder,FT288648,Малешевић,Никољдан,Босанска Крајина,Чивчије/Прњавор,44.8166454,17.5261919
surname_region_terminal,E,non_I2,Founder,E-Z1057,Малешевић,Ђурђиц,Мачва,Крнуле/Владимирци,44.5833977,19.749725
surname_region_terminal,G,non_I2,Founder,G-Y128480,Малиџан,Ђурђевдан,Стара Херцеговина,Шљиванско/Пљевља,43.3274873,19.2237441
surname_region_terminal,R1a,non_I2,Founder,L1029,Мамић,Михољдан,Босанска Крајина,Ламовита/Приједор,44.9440873,16.9278261
surname_region_terminal,G,non_I2,Founder,G-Y128480,Мамуза,Петровдан,Босанска Крајина,Градина/Приједор,44.8530155,16.9031164
surname_region_terminal,PH908_primary,PH908_family,Founder,FT14506,Мандић,Митровдан,Источна Босна,Калиновик,43.5043116,18.4467193
surname_region_terminal,J2,non_I2,Founder,J-Y22063,Мандић,Јовањдан,Лика,Јошан/Удбина,44.5765005,15.7486102
surname_region_terminal,E,non_I2,Founder,E-Z16988,Мандић,Никољдан,Североисточна Босна,Главичорак/Бијељина,44.7894049,18.9556666
surname_region_terminal,I1,non_I2,Founder,FGC22061,Мандић,Никољдан,Средња Босна,Буљетовина/Илијаш,44.0738455,18.4489035
surname_region_terminal,PH908_primary,PH908_family,Founder,Y51673,Манигода,Никољдан,Херцеговина,Острожац/Јабланица,43.6850325,17.82552
surname_region_terminal,R1a,non_I2,Relic,YP337,Манић,Аранђеловдан,Врањско Поморавље,Масурица/Сурдулица,42.6708333,22.1616667
surname_region_terminal,E,non_I2,Founder,E-Y128213,Манић,Јовањдан,Понишавље,Росомач/Пирот,43.1691696,22.8627733
surname_region_terminal,E,non_I2,Founder,E-Z38456,Манић,Митровдан,Понишавље,Обреновац/Пирот,43.0378033,22.7209344
surname_region_terminal,I1,non_I2,Relic,Y16437,Манић,Лазарева Субота,Тимочка Крајина,Шести Габар/Књажевац,43.4348519,22.3734424
surname_region_terminal,E,non_I2,Founder,E-Z1057,Манић,Никољдан,Топлица,Прокупље,43.2343484,21.5884422
surname_region_terminal,J2,non_I2,Founder,J-Y155375,Манојловић,Никољдан,Далмација,Братишковци/Скрадин,43.8893887,15.9062068
surname_region_terminal,PH908_primary,PH908_family,Founder,Y51673,Манојловић,Никољдан,Далмација,Развође/Дрниш,43.9273513,16.1082919
surname_region_terminal,J2,non_I2,Founder,J-Y22059,Манојловић,Никољдан,Лика,Омсица/Грачац,44.3613784,15.9351896
surname_region_terminal,N,non_I2,Founder,N-FGC28435,Манојловић,Јовањдан,Североисточна Босна,Батковић/Бијељина,44.8332129,19.2107897
surname_region_terminal,R1b,non_I2,Relic,Z159,Маравић,Никољдан,Лика,Селиште/Дрежница/Огулин,41.6273457,20.2735541
surname_region_terminal,PH908_primary,PH908_family,Founder,Y51673,Маринковић,Игњатијевдан,Кордун,Коранско Село/Бариловић,45.2781333,15.5338662
surname_region_terminal,R1a,non_I2,Founder,BY99654,Маринковић,Ђурђевдан,Мачва,Мишар/Шабац,44.734559,19.754708
surname_region_terminal,E,non_I2,Founder,E-Y128213,Маринковић,Јовањдан,Стари Влах,Пилатовићи/Пожега,43.8263227,20.105195
surname_region_terminal,E,non_I2,Founder,E-FGC11450,Маринковић,Ђурђевдан,Шумадија,Рогојевац/Крагујевац,44.0376911,20.7497909
surname_region_terminal,E,non_I2,Founder,E-Z16988,Маринку,Јовањдан,Западни Банат,Маргита/Пландиште,45.2154255,21.1740065
surname_region_terminal,E,non_I2,Founder,E-Z1057,Мариновић,Стевањдан,Херцеговина,Сливница Површ/Равно,42.6443271,18.2599286
surname_region_terminal,E,non_I2,Founder,E-Z1057,Маричић,Ђурђевдан,Рашка,Дедевци/Краљево,43.7183739,20.4954596
surname_region_terminal,I1,non_I2,Founder,FGC22061,Маричић,Ђурђевдан,Стари Влах,Комадине/Ивањица,43.5012816,20.2564071
surname_region_terminal,E,non_I2,Founder,E-L241,Марић,Ђурђевдан,Босанска Крајина,Јасенови Потоци/Мркоњић Град,44.2895504,16.8605679
surname_region_terminal,R1b,non_I2,Founder,FT49714,Марић,Аранђеловдан,Рашка,Коритник/Ивањица,43.32877375,20.418993200000003
surname_region_terminal,PH908_primary,PH908_family,Founder,Y134585,Марић,Св. Симеон Богопримац,Средња Босна,Мудрике/Травник,44.3147471,17.5270707
surname_region_terminal,I1,non_I2,Founder,FGC22061,Марић,Аранђеловдан,Топлица,Косаничка Рача/Куршумлија,43.0048317,21.3194402
surname_region_terminal,R1b,non_I2,Founder,FT49714,Марић,Аранђеловдан,Топлица,Кутлово/Куршумлија,42.9626239,21.3152757
surname_region_terminal,E,non_I2,Founder,E-Y128213,Маркићевић,Јовањдан,Стари Влах,Пилатовићи/Пожега,43.8263227,20.105195
surname_region_terminal,PH908_primary,PH908_family,Founder,Y51673,Марковић (Лазић),Ђурђевдан,Североисточна Босна,Мезграја/Угљевик,44.6359587,19.002575
surname_region_terminal,E,non_I2,Founder,E-FT104106,Марковић,Јовањдан,Јабланица,Туларе/Медвеђа,42.794168,21.460543
surname_region_terminal,R1a,non_I2,Founder,YP4278,Марковић,Јовањдан,Јабланица,Боринце/Бојник,42.9790325,21.5704536
surname_region_terminal,E,non_I2,Founder,E-L241,Марковић,Ђурђевдан,Босанска Крајина,Бастаји/Кнежево,44.5214308,17.3996405
surname_region_terminal,E,non_I2,Founder,E-Z1057,Марковић,Јовањдан,Босанска Крајина,Доње Вуковско/Купрес,43.9133079,17.3603804
surname_region_terminal,G,non_I2,Founder,G-Y128480,Марковић,Аранђеловдан,Брда,Стожер/Бијело Поље,43.1130609,19.5270629
surname_region_terminal,R1a,non_I2,Founder,BY99654,Марковић,Ђурђевдан,Источна Босна,Горње Дубово/Вишеград,43.8317087,19.3510708
surname_region_terminal,R1a,non_I2,Founder,Y260767,Марковић,Јовањдан,Колубара,Совљак/Уб,44.4603113,20.0259883
surname_region_terminal,R1a,non_I2,Founder,L1029,Марковић,Св. Симеон Мироточиви,Расина,Бресно Поље/Трстеник,43.5800118,21.1682853
surname_region_terminal,I1,non_I2,Relic,FTA28824,Марковић,Савиндан,Североисточна Босна,Међе/Сребреница,44.005572,19.3725148
surname_region_terminal,G,non_I2,Founder,G-FTC64765,Марковић,Аранђеловдан,Североисточна Босна,Патковача/Бијељина,44.7255327,19.227721
surname_region_terminal,R1a,non_I2,Founder,L1029,Марковић,Ђурђевдан,Североисточна Босна,Горња Пилица/Зворник,44.5994166,19.1234748
surname_region_terminal,I1,non_I2,Relic,Z63,Марковић,Нема,Славонија,Нова Градишка,45.2599175,17.3826861
surname_region_terminal,E,non_I2,Founder,E-Y126722,Марковић,Часне Вериге апостола Петра,Средња Босна,Доња Мисоча/Илијаш,43.9574779,18.2892459
surname_region_terminal,E,non_I2,Founder,E-CTS11222,Марковић,Никољдан,Херцеговина,Надинићи/Гацко,43.1952306,18.4685501
surname_region_terminal,R1b,non_I2,Founder,BY38894,Марковић,Никољдан,Шумадија,Лозовик/Велика Плана,44.4677494,21.1007233
surname_region_terminal,E,non_I2,Founder,E-Z13591,Марковић,Петковдан,Шумадија,Мало Орашје/Смедерево,44.564481,20.7851972
surname_region_terminal,PH908_primary,PH908_family,Relic,FTA49542,Марковић,Лучиндан,Шумадија,Дулене/Крагујевац,43.860804,20.9518268
surname_region_terminal,J2,non_I2,Founder,J-Z38299,Марковић,Аранђеловдан,Шумадија,Црнче/Јагодина,43.9894353,21.1486668
surname_region_terminal,N,non_I2,Founder,N-FT182494,Марковић,Ђурђиц,Шумадија,Ресник/Крагујевац,44.109431,20.9204938
surname_region_terminal,R1a,non_I2,Founder,YP417,Марковић,Ђурђиц,Шумадија,Мала Иванча/Сопот,44.5931773,20.6105874
surname_region_terminal,E,non_I2,Founder,E-Z1057,Марловић,Непознато,Источни Срем,Велики Радинци/Сремска Митровица,45.0455556,19.6736111
surname_region_terminal,E,non_I2,Founder,E-PH1395,Марсенић,Аранђеловдан,Брда,Ријека Марсенића/Андријевица,42.7832908,19.8389131
surname_region_terminal,E,non_I2,Relic,E-FT287248,Мартиновић,Јовањдан,Зета,Бајице/Цетиње,42.3957253,18.91174975
surname_region_terminal,G,non_I2,Relic,G-Y129040,Мартиновић,Мратиндан,Кордун,Војнић,45.31623,15.8049957
surname_region_terminal,I1,non_I2,Founder,FGC22061,Мартиновић,Никољдан,Стари Влах,Бистрица/Нова Варош,43.4679641,19.6567329
surname_region_terminal,E,non_I2,Founder,E-Z1057,Мартиновић,Никољдан,Шумадија,Зеоке/Лазаревац,44.4100886,20.3251085
surname_region_terminal,G,non_I2,Founder,G-Y128480,Мартиновић,Св. Јевстатије,Шумадија,Брусница/Горњи Милановац,44.01504,20.4320383
surname_region_terminal,R1b,non_I2,Founder,FT44409,Мартић,Митровдан,Банија,Бузета/Глина,45.2624277,16.1187202
surname_region_terminal,N,non_I2,Founder,N-FT213937,Мартић,Јовањдан,Далмација,Миочић/Дрниш,43.8805432,16.2320367
surname_region_terminal,R1a,non_I2,Founder,FT288648,Мартић,Стевањдан,Североисточна Босна,Лендићи/Грачаница,44.7114636,18.2864085
surname_region_terminal,PH908_map_nonprimary,PH908_family,Founder,Y4882,Мартић,Томиндан,Шумадија,Липе/Смедерево,44.6409954,20.9992927
surname_region_terminal,J2,non_I2,Founder,J-Y155375,Маруна,Нема,Далмација,Јасенице,44.2291095,15.5765784
surname_region_terminal,PH908_primary,PH908_family,Founder,FT14506,Марушић,Никољдан,Херцеговина,Клепци/Чапљина,43.0933385,17.7203542
surname_region_terminal,E,non_I2,Founder,E-Y142744,Марчетић,Аранђеловдан,Лика,Мала Попина/Отрић/Грачац,44.2322197,16.0557494
surname_region_terminal,I1,non_I2,Founder,FGC22061,Марјановић,Ђурђевдан,Босанска Крајина,Јаворани/Кнежево,44.6246867,17.2493283
surname_region_terminal,E,non_I2,Founder,E-Z1057,Марјановић,Ђурђевдан,Далмација,Љубач/Книн,44.04085,16.199433
surname_region_terminal,E,non_I2,Founder,E-L241,Марјановић,Никољдан,Косово,Кремената/Косовска Каменица,42.6766374,21.5214949
surname_region_terminal,J2,non_I2,Founder,J-Y22059,Марјановић,Никољдан,Североисточна Босна,Батковић/Бијељина,44.8332129,19.2107897
surname_region_terminal,R1a,non_I2,Founder,YP270,Марјановић,Стевањдан,Стари Влах,Висибаба/Пожега,43.8311834,20.0048375
surname_region_terminal,E,non_I2,Founder,E-L241,Марјановић,Непознато,Шумадија,Београд,44.7863236,20.4716856
surname_region_terminal,R1a,non_I2,Founder,L1029,Марјановић,Никољдан,Шумадија,Зеоке/Лазаревац,44.4100886,20.3251085
surname_region_terminal,E,non_I2,Founder,E-PH1395,Маслаковић,Ђурђевдан,Топлица,Крушевица/Прокупље,43.1210237,21.4427585
surname_region_terminal,J2,non_I2,Founder,J-Y230579,Маслаћ,Јовањдан,Стари Влах,Папратиште/Пожега,43.9222396,20.14538525
surname_region_terminal,PH908_primary,PH908_family,Founder,FT16449,Мастиловић,Мратиндан,Херцеговина,Изгори/Гацко,43.2465901,18.6457461
surname_region_terminal,E,non_I2,Founder,E-Z38456,Матавуљ,Јовањдан,Босанска Крајина,Грбавци/Градишка,45.0457696,17.1107836
surname_region_terminal,R1a,non_I2,Founder,BY99654,Матејић,Петковдан,Шумадија,Секурич/Рековац,43.8032434,21.1711721
surname_region_terminal,I1,non_I2,Founder,FGC22061,Матић,Ђурђевдан,Колубара,Врело/Уб,44.5058023,20.0273153
surname_region_terminal,R1a,non_I2,Founder,L1029,Матић,Ђурђевдан,Североисточна Босна,Горњи Залуковик/Власеница,44.1453542,18.9959172
surname_region_terminal,I1,non_I2,Founder,Y155080,Матковић,Јовањдан,Херцеговина,Богодол/Мостар,43.4459032,17.6626033
surname_region_terminal,PH908_primary,PH908_family,Founder,Y56203,Матрак,Никољдан,Херцеговина,Гнојнице/Мостар,43.2983853,17.8476547
surname_region_terminal,E,non_I2,Founder,E-Z1057,Мацић,Ђурђевдан,Тимочка Крајина,Рајац/Неготин,44.0941731,22.5564366
surname_region_terminal,E,non_I2,Founder,E-L241,Маширевић,Никољдан,Бачка,Билић/Сомбор,45.8503772,19.1252814
surname_region_terminal,I1,non_I2,Founder,Y155080,Машић,Митровдан,Бачка,Сомбор,45.7727397,19.1147036
surname_region_terminal,E,non_I2,Founder,E-PH1395,Машовић,Аранђеловдан,Брда,Трешњево/Андријевица,42.7729356,19.8029233
surname_region_terminal,R1a,non_I2,Founder,L1029,Мајић,Никољдан,Стари Влах,Сијерач/Бајина Башта,44.010852,19.6490476
surname_region_terminal,R1a,non_I2,Founder,Y260767,Мајсторовић,Јовањдан,Мачва,Прово/Владимирци,44.669566,19.910427
surname_region_terminal,PH908_primary,PH908_family,Founder,FT14506,Мајсторовић,Вартоломијевдан,Североисточна Босна,Дворови/Бијељина,44.8076812,19.2622411
surname_region_terminal,R1b,non_I2,Founder,FT49714,Мајсторовић,Ђурђиц,Стари Влах,Прилипац/Пожега,43.8183343,20.1148939
surname_region_terminal,J2,non_I2,Founder,J-Y22063,Маљукан,Никољдан,Источна Босна,Ораховице/Горажде,43.7048325,18.7536253
surname_region_terminal,PH908_primary,PH908_family,Founder,BY93199,Мањак,Аранђеловдан,Херцеговина,Невесиње,43.258198,18.106113
surname_region_terminal,R1b,non_I2,Relic,FT330613,Маџовски,Петковдан,Северна Македонија,Габар/Крива Паланка,42.2507102,22.2603549
surname_region_terminal,PH908_primary,PH908_family,Founder,Y58629,Медан,Јовањдан,Херцеговина,Убоско/Љубиње,43.0086063,18.0852893
surname_region_terminal,PH908_primary,PH908_family,Founder,Y56203,Медар,Стевањдан,Херцеговина,Дабрица/Берковићи,43.1587708,18.0135932
surname_region_terminal,R1a,non_I2,Founder,BY99654,Медић,Ђурђевдан,Далмација,Косоре/Врлика,43.9530027,16.4199533
surname_region_terminal,R1a,non_I2,Founder,BY99654,Медић,Ђурђевдан,Лика,Дољани/Доњи Лапац,44.4775455,16.1059028
surname_region_terminal,R1a,non_I2,Founder,L1029,Метлић,Никољдан,Босанска Крајина,Роре/Гламоч,44.2220907,16.6660795
surname_region_terminal,R1a,non_I2,Founder,YP417,Међедовић,Св. Василије Велики,Босанска Крајина,Доња Слатина/Рибник,44.400575,16.8567336
surname_region_terminal,I1,non_I2,Founder,FGC22061,Међо,Ђурђевдан,Источна Босна,Загор/Трново,43.6663872,18.5924655
surname_region_terminal,N,non_I2,Founder,N-FGC28435,Мидановић,Јовањдан,Североисточна Босна,Црњелово Доње/Бијељина,44.8562052,19.1480726
surname_region_terminal,J2,non_I2,Founder,J-Y230579,Микановић,Јовањдан,Североисточна Босна,Модран/Бијељина,44.6768039,19.1770397
surname_region_terminal,N,non_I2,Founder,N-FT182494,Микашиновић,Никољдан,Лика,Горње Дубраве/Огулин,45.308476,15.3032601
surname_region_terminal,I1,non_I2,Founder,Y155080,Миковић,Никољдан,Стари Влах,Јежевица/Чачак,43.8247837,20.4195057
surname_region_terminal,R1b,non_I2,Founder,L51,Миладиновић,Непознато,Браничево,Поповњак/Деспотовац,44.0629081,21.5088707
surname_region_terminal,J2,non_I2,Founder,J-Y14439,Миладиновић,Јовањдан,Рашка,Видово/Нови Пазар,43.1606536,20.4662146
surname_region_terminal,PH908_primary,PH908_family,Founder,FT14506,Миладиновић,Ђурђевдан,Херцеговина,Турменти/Требиње,42.6570803,18.3938393
surname_region_terminal,E,non_I2,Founder,E-Z1057,Милаковић,Ђурђевдан,Босанска Крајина,Мрђе/Дрвар,44.3077639,16.4900893
surname_region_terminal,PH908_primary,PH908_family,Founder,Y56203,Милановић,Мратиндан,Рашка,Видово/Нови Пазар,43.1606536,20.4662146
surname_region_terminal,E,non_I2,Founder,E-Z16988,Милановић,Петровдан,Североисточна Босна,Попови/Бијељина,44.7633867,19.2733399
surname_region_terminal,E,non_I2,Founder,E-BY165837,Милановић,Митровдан,Стари Влах,Заблаће/Чачак,43.8432239,20.4479607
surname_region_terminal,E,non_I2,Founder,E-FT104106,Милаш,Стевањдан,Далмација,Цетина/Цивљане,43.9739095,16.4271869
surname_region_terminal,J2,non_I2,Founder,J-Y230579,Милашиновић,Игњатијевдан,Кордун,Војнић,45.31623,15.8049957
surname_region_terminal,J2,non_I2,Founder,J-Y14439,Милашиновић,Аранђеловдан,Стара Херцеговина,Превиш/Шавник,42.9707641,19.1035204
surname_region_terminal,J2,non_I2,Relic,J-Y14699,Милеи,Нема,Бачка,Нови Сад,45.2617769,19.8213325
surname_region_terminal,Y3120_deep_mid_nonPH908,nonPH908_I2,Founder,Z17855,Миленковић,Никољдан,Јабланица,Чукурусци/Златанце/Црна Трава,42.8102936,22.326142
surname_region_terminal,PH908_map_nonprimary,PH908_family,Relic,BY4177,Миленковић,Никољдан,Понишавље,Прва Кутина/Нишка Бања,43.2801585,21.9892766
surname_region_terminal,E,non_I2,Founder,E-Z1057,Миленковић,Јовањдан,Понишавље,Шетка/Ражањ,43.721203,21.5513364
surname_region_terminal,E,non_I2,Founder,E-Z13591,Миленковић,Петковдан,Топлица,Прокупље,43.2343484,21.5884422
surname_region_terminal,G,non_I2,Relic,G-P15,Миленковић,Аранђеловдан,Топлица,Клисурица/Прокупље,43.3442032,21.5765565
surname_region_terminal,E,non_I2,Founder,E-Z13591,Миленковић,Петковдан,Шумадија,Прлине/Рудник/Горњи Милановац,44.6841844,19.0207584
surname_region_terminal,R1a,non_I2,Founder,L1029,Милетић,Св. Јован Златоусти,Браничево,Горње Видово/Параћин,43.7861975,21.408403
surname_region_terminal,PH908_primary,PH908_family,Relic,Y134636,Милетић,Лучиндан,Косово,Грабовац/Звечан,42.9331635,20.8391404
surname_region_terminal,PH908_primary,PH908_family,Founder,Y134585,Милетић,Св. Симеон Богопримац,Североисточна Босна,Доњи Свилај/Оџак,45.1107032,18.2731724
surname_region_terminal,J2,non_I2,Founder,J-Y22059,Милетић,Аранђеловдан,Тимочка Крајина,Причевац/Књажевац,43.4991139,22.3789558
surname_region_terminal,PH908_primary,PH908_family,Founder,FT14506,Милетић,Аранђеловдан,Херцеговина,Чаваш/Равно,42.8873119,17.9645863
surname_region_terminal,R1a,non_I2,Founder,YP270,Милеуснић,Никољдан,Лика,Брлошка Дубрава/Оточац,44.9316125,15.1890592
surname_region_terminal,PH908_primary,PH908_family,Founder,FT16449,Миливојевић,Ђурђевдан,Североисточна Босна,Бијело Бучје/Теслић,44.4206941,17.7379859
surname_region_terminal,I1,non_I2,Founder,FGC22061,Миливојевић,Ђурђевдан,Топлица,Кутловац/Блаце,43.247778,21.240278
surname_region_terminal,J2,non_I2,Founder,J-Y230579,Миливојевић,Никољдан,Херцеговина,Кубатовина/Струпићи/Берковићи,43.0724681,18.1800932
surname_region_terminal,PH908_primary,PH908_family,Founder,FT16449,Милидраговић,Ђурђевдан,Херцеговина,Обло Брдо/Билећа,43.0393139,18.205316
surname_region_terminal,R1b,non_I2,Relic,FTA42008,Милинковић,Св. Врачи,Стари Влах,Вирово/Ариље,43.7768561,20.1162652
surname_region_terminal,J2,non_I2,Founder,J-Y155375,Милинковић,Ђурђевдан,Стари Влах,Семегњево/Чајетина,43.7489479,19.5856945
surname_region_terminal,R1a,non_I2,Founder,Y189493,Милиновић,Ђурђевдан,Босанска Крајина,Доње Вуковско/Купрес,43.9133079,17.3603804
surname_region_terminal,J2,non_I2,Founder,J-Y22063,Милиновић,Ђурђиц,Колубара,Санковић/Мионица,44.2595289,20.0556449
surname_region_terminal,E,non_I2,Relic,E-A9739,Милисављевић,Никољдан,Браничево,Шетоње/Петровац на Млави,44.2729178,21.4743516
surname_region_terminal,G,non_I2,Founder,G-Y128480,Милисављевић,Никољдан,Мачва,Јаловик/Владимирци,44.5985364,19.8287731
surname_region_terminal,I1,non_I2,Founder,Y155080,Миличић,Ђурђевдан,Босанска Крајина,Подосоје/Шипово,44.1938766,17.1633796
surname_region_terminal,I1,non_I2,Founder,FT428459,Милишић,Стевањдан,Херцеговина,Главска/Равно,42.6228443,18.2597424
surname_region_terminal,R1a,non_I2,Founder,Y260767,Милијановић,Св. Јован Златоусти,Шумадија,Дучина/Сопот,44.4851149,20.4977443
surname_region_terminal,R1b,non_I2,Founder,FT44409,Милијић,Аранђеловдан,Понишавље,Јошаница/Сокобања,43.7282282,21.7731199
surname_region_terminal,R1a,non_I2,Relic,L1280,Милић,Јовањдан,Јабланица,Богуновац/Медвеђа,42.7815958,21.5075458
surname_region_terminal,J2,non_I2,Founder,J-Y22059,Милић,Никољдан,Браничево,Брестово/Деспотовац,44.1161886,21.326897
surname_region_terminal,E,non_I2,Founder,E-FT104106,Милић,Јовањдан,Зета,Ресна/Цетиње,42.4957922,18.8698971
surname_region_terminal,R1a,non_I2,Founder,YP4278,Милић,Аранђеловдан,Североисточна Босна,Горњи Залуковик/Власеница,44.1453542,18.9959172
surname_region_terminal,I1,non_I2,Founder,FGC22061,Милић,Никољдан,Стари Влах,Опаљеник/Ивањица,43.5238149,20.1418447
surname_region_terminal,J2,non_I2,Founder,J-Y230579,Милић,Јовањдан,Стари Влах,Папратиште/Пожега,43.9159801,20.0984573
surname_region_terminal,PH908_primary,PH908_family,Founder,FT16449,Милић,Никољдан,Херцеговина,Ждријеловићи/Требиње,42.8297888,18.2951129
surname_region_terminal,J2,non_I2,Founder,J-Y22059,Милићевић,Ђурђиц,Јабланица,Стубла/Медвеђа,42.884215,21.490186
surname_region_terminal,E,non_I2,Founder,E-Z16988,Милићевић,Ђурђиц,Колубара,Обреновац,44.5354444,20.216511
surname_region_terminal,G,non_I2,Founder,G-Y128480,Милићевић,Аранђеловдан,Косово,Грабовац/Звечан,42.9331635,20.8391404
surname_region_terminal,E,non_I2,Founder,E-Z16988,Милићевић,Петковдан,Мачва,Богатић,44.8343025,19.4795213
surname_region_terminal,J2,non_I2,Founder,J-Y22063,Милићевић,Ђурђевдан,Мачва,Јадранска Лешница/Лозница,44.5991667,19.3536111
surname_region_terminal,E,non_I2,Founder,E-PH1395,Милићевић,Никољдан,Рашка,Доњи Дајићи/Дајићи/Ивањица,43.4032587,20.2980393
surname_region_terminal,E,non_I2,Founder,E-Z38456,Милићевић,Ђурђиц,Стари Влах,Гостиница/Ужице,43.9184841,19.8338413
surname_region_terminal,I1,non_I2,Founder,Y155080,Милићевић,Никољдан,Стари Влах,Радошево/Ариље,43.670264,19.9444389
surname_region_terminal,R1a,non_I2,Founder,YP270,Милићевић,Томиндан,Стари Влах,Каона/Лучани,43.7113568,20.4068295
surname_region_terminal,E,non_I2,Founder,E-Z16988,Милићевић,Никољдан,Херцеговина,Неновићи/Равно,42.7148242,18.1343408
surname_region_terminal,PH908_primary,PH908_family,Founder,Y51673,Милићевић,Никољдан,Херцеговина,Боденик/Билећа,43.1013761,18.0686131
surname_region_terminal,PH908_primary,PH908_family,Founder,FT16449,Милиџан,Јовањдан,Херцеговина,Невада/Равно,42.7441107,18.1283686
surname_region_terminal,PH908_primary,PH908_family,Relic,Y102777,Миловановић,Никољдан,Косово,Гатње/Урошевац,42.3026887,21.1520113
surname_region_terminal,Y3120_shallow_nonPH908,nonPH908_I2,Relic,Y177200,Миловановић,Јовањдан,Североисточна Босна,Кореташи/Лопаре,44.7696152,18.8632593
surname_region_terminal,R1b,non_I2,Founder,FT44409,Миловановић,Аранђеловдан,Тимочка Крајина,Мосна/Доњи Милановац,44.3372979,23.368993
surname_region_terminal,E,non_I2,Founder,E-Z1057,Миловановић,Младенци,Топлица,Доње Црнатово/Житорађа,43.152312,21.772713
surname_region_terminal,E,non_I2,Founder,E-BY165837,Миловановић,Митровдан,Шумадија,Рамаћа/Крагујевац,44.0910586,20.6710661
surname_region_terminal,E,non_I2,Founder,E-Z1057,Миловановић,Никољдан,Шумадија,Стубал/Краљево,43.6910786,20.8734846
surname_region_terminal,PH908_primary,PH908_family,Founder,BY93199,Миловић,Аранђеловдан,Стара Херцеговина,Граховац/Никшић,42.650059,18.6792712
surname_region_terminal,E,non_I2,Founder,E-FT178289,Миловић,Никољдан,Стара Херцеговина,Подљут/Велимље/Никшић,42.8261122,18.6085469
surname_region_terminal,PH908_primary,PH908_family,Founder,Y51673,Миловић,Никољдан,Стари Влах,Трнава/Ужице,43.8492344,19.7565513
surname_region_terminal,R1a,non_I2,Founder,Y189493,Милосављевић,Михољдан,Босанска Крајина,Поточани/Прњавор,45.041602,18.3168964
surname_region_terminal,J2,non_I2,Founder,J-Y22063,Милосављевић,Никољдан,Врањско Поморавље,Врање,42.5573069,21.9021867
surname_region_terminal,E,non_I2,Founder,E-Y128213,Милосављевић,Ваведење,Косово,Врбештица/Штрпце,42.2414707,20.9746321
surname_region_terminal,E,non_I2,Relic,E-M84,Милосављевић,Аранђеловдан,Понишавље,Студена/Бабушница,42.969594,22.508082
surname_region_terminal,E,non_I2,Founder,E-FGC11450,Милосављевић,Аранђеловдан,Расина,Дољане/Крушевац,43.5005935,21.2502513
surname_region_terminal,PH908_map_nonprimary,PH908_family,Founder,Y4882,Милосављевић,Јовањдан,Рашка,Лескова/Бело Брдо/Лепосавић,43.2235805,20.8226512
surname_region_terminal,E,non_I2,Relic,E-M34,Милосављевић,Ђурђевдан,Стари Влах,Чачак,43.8914332,20.3491624
surname_region_terminal,E,non_I2,Founder,E-Y7168,Милосављевић,Ђурђиц,Шумадија,Велика Плана,44.3324574,21.075786
surname_region_terminal,E,non_I2,Founder,E-Z1057,Милошев,Митровдан,Западни Банат,Плочица/Ковин,44.7242392,20.8841521
surname_region_terminal,R1a,non_I2,Founder,BY99654,Милошевић,Ђурђевдан,Босанска Крајина,Главица/Гламоч,44.0324824,16.8709473
surname_region_terminal,E,non_I2,Founder,E-PH1395,Милошевић,Аранђеловдан,Брда,Лопате/Лијева Ријека,43.23468135,18.905259450000003
surname_region_terminal,PH908_map_nonprimary,PH908_family,Relic,BY4177,Милошевић,Аранђеловдан,Врањско Поморавље,Жбевац/Бујановац,42.446849,21.8355075
surname_region_terminal,I1,non_I2,Founder,FGC22061,Милошевић,Никољдан,Источна Босна,Грање/Вишеград,43.7293142,19.3789201
surname_region_terminal,PH908_primary,PH908_family,Founder,FT14506,Милошевић,Ђурђиц,Косово,Матица/Звечан,42.9158139,20.8216267
surname_region_terminal,E,non_I2,Founder,E-Z1057,Милошевић,Аранђеловдан,Понишавље,Радмировац/Сврљиг,43.5055796,21.9943792
surname_region_terminal,E,non_I2,Founder,E-Z1057,Милошевић,Никољдан,Рашка,Блажево/Постење/Нови Пазар,43.1982371,20.5241664
surname_region_terminal,I1,non_I2,Founder,FGC22061,Милошевић,Савиндан,Североисточна Босна,Попови/Бијељина,44.7633867,19.2733399
surname_region_terminal,E,non_I2,Founder,E-Z1057,Милошевић,Јовањдан,Стари Влах,Раскрсница/Ђурашићи/Пријепоље,42.9808434,19.5645203
surname_region_terminal,I1,non_I2,Founder,FGC22061,Милошевић,Ђурђевдан,Шумадија,Пајсијевић/Кнић,43.8816968,20.740881
surname_region_terminal,R1a,non_I2,Founder,Y260767,Милошевић,Никољдан,Шумадија,Мислођин/Обреновац,44.627547,20.227381
surname_region_terminal,R1a,non_I2,Relic,S23592,Милојевић,Никољдан,Тимочка Крајина,Слатина/Књажевац,43.6072978,22.131898
surname_region_terminal,PH908_primary,PH908_family,Founder,FT16449,Милојевић,Аранђеловдан,Херцеговина,Братљевина/Паројска Њива/Требиње,42.7681044,18.27167575
surname_region_terminal,PH908_primary,PH908_family,Founder,FT14506,Милојко,Ђурђевдан,Зета,Побрђе/Котор,42.3505645,18.7460506
surname_region_terminal,R1a,non_I2,Founder,Y189493,Милојковић,Аћимовдан,Браничево,Војилово/Голубац,44.632938,21.594279
surname_region_terminal,E,non_I2,Founder,E-Z1057,Милојковић,Аранђеловдан,Шумадија,Враново/Смедерево,44.5998002,20.9950668
surname_region_terminal,I1,non_I2,Founder,FTA86559,Милутиновић,Пантелијевдан,Мачва,Коцељева,44.4876069,19.7509634
surname_region_terminal,G,non_I2,Relic,G-Z17887,Милутиновић,Ђурђиц,Метохија,Врбичане/Призрен,42.20634,20.7876798
surname_region_terminal,R1b,non_I2,Founder,BY38894,Минић,Никољдан,Брда,Јабланово/Бијело Поље,43.0946531,19.8560043
surname_region_terminal,PH908_primary,PH908_family,Founder,Y56203,Минић,Мратиндан,Рашка,Видово/Нови Пазар,43.1606536,20.4662146
surname_region_terminal,R1a,non_I2,Founder,L1029,Минић,Аранђеловдан,Стара Херцеговина,Шипачно/Никшић,43.1643561,18.3709171
surname_region_terminal,I1,non_I2,Founder,FGC22061,Минић,Ђурђевдан,Стари Влах,Барице/Ђурашићи/Пријепоље,43.4065801,19.5837776
surname_region_terminal,PH908_primary,PH908_family,Relic,Y255062,Минић,Лучиндан,Шумадија,Орашац/Аранђеловац,44.330573,20.586662
surname_region_terminal,Y3120_deep_mid_nonPH908,nonPH908_I2,Founder,Z17855,Мириловић,Никољдан,Источни Срем,Кузмин/Сремска Митровица,45.0218413,19.4082254
surname_region_terminal,G,non_I2,Founder,G-Y128480,Мириловић,Јовањдан,Кордун,Острожин/Вргинмост,45.4228116,15.8755313
surname_region_terminal,E,non_I2,Founder,E-Z38456,Мирковић,Митровдан,Зета,Подгорица,42.3592055,19.2499266
surname_region_terminal,PH908_primary,PH908_family,Relic,FT167636,Мирковић,Никољдан,Источни Срем,Ашања/Пећинци,44.7551502,20.0762748
surname_region_terminal,J2,non_I2,Founder,J-Y22059,Мирковић,Ђурђевдан,Средња Босна,Горње Крушево/Олово,44.1269033,18.580233
surname_region_terminal,N,non_I2,Founder,N-FT213937,Мирковић,Јовањдан,Средња Босна,Опара/Нови Травник,44.0976906,17.64971
surname_region_terminal,E,non_I2,Founder,E-FT178289,Мирковић,Јовањдан,Стара Херцеговина,Мацаваре/Никшић,42.8560662,18.5766311
surname_region_terminal,J2,non_I2,Founder,J-Z38299,Миросављевић,Аранђеловдан,Рашка,Врњачка Бања,43.6221774,20.8929353
surname_region_terminal,E,non_I2,Founder,E-FT104106,Миросављевић,Лазарева Субота,Славонија,Трњани/Гарчин,45.186356,18.1508084
surname_region_terminal,E,non_I2,Founder,E-Z1057,Мирчески,Аранђеловдан,Пелагонија,Пашино Рувци/Кривогаштани,41.2682578,21.3678634
surname_region_terminal,PH908_primary,PH908_family,Founder,FT14506,Мирчетић,Ђурђевдан,Банија,Доњи Класнић/Глина,45.3382654,16.090752
surname_region_terminal,R1a,non_I2,Founder,Z280,Мирчетић,Јовањдан,Стари Влах,Лопаш/Пожега,43.8053585,20.1239919
surname_region_terminal,J2,non_I2,Founder,J-L70,Мисајловски,Митровдан,Западна Македонија,Вратница/Јегуновце,42.1427652,21.1161246
surname_region_terminal,PH908_map_nonprimary,PH908_family,Founder,Y4882,Мисита,Св. Врачи,Херцеговина,Кијев До/Равно,42.8047167,17.9942763
surname_region_terminal,I1,non_I2,Founder,FT428459,Мискин,Стевањдан,Херцеговина,Орашје Површ/Требиње,42.6745668,18.2675871
surname_region_terminal,E,non_I2,Founder,E-Y142744,Митић,Аранђеловдан,Јабланица,Лесковац,42.9951304,21.9464271
surname_region_terminal,E,non_I2,Founder,E-Z1057,Митић,Аранђеловдан,Врањско Поморавље,Трговиште,45.0202767,16.5612331
surname_region_terminal,R1a,non_I2,Founder,L1029,Митрашевић,Аранђеловдан,Североисточна Босна,Мачковац/Лопаре,44.6552975,18.8106768
surname_region_terminal,J2,non_I2,Founder,J-Y22063,Митрић,Ђурђевдан,Средња Босна,Блажуј/Илиџа/Сарајево,43.8401451,18.258022
surname_region_terminal,PH908_primary,PH908_family,Founder,Y58629,Митрић,Јовањдан,Херцеговина,Равни/Мостар,43.4902999,17.8373719
surname_region_terminal,PH908_primary,PH908_family,Founder,FT14506,Митровић,Петковдан,Браничево,Љешница/Кучево,44.536349,21.5919021
surname_region_terminal,E,non_I2,Founder,E-BY165837,Митровић,Митровдан,Брда,Дучићи/Подгорица,42.479317,19.3895658
surname_region_terminal,R1a,non_I2,Founder,YP270,Митровић,Ђурђиц,Колубара,Мали Борак/Лајковац,44.4555515,20.2109902
surname_region_terminal,E,non_I2,Founder,E-Z16988,Митровић,Јовањдан,Мачва,Горње Кошље/Љубовија,44.1564287,19.5741074
surname_region_terminal,I1,non_I2,Founder,Y155080,Митровић,Никољдан,Рашка,Дајићи/Ивањица,43.4032587,20.2980393
surname_region_terminal,I1,non_I2,Founder,FGC22061,Митровић,Никољдан,Стари Влах,Церова/Ариље,43.7571406,20.1099523
surname_region_terminal,PH908_primary,PH908_family,Founder,FT14506,Митровић,Зачеће Св. Јована Крститеља,Херцеговина,Лука/Лапја/Требиње,42.6543069,18.3038914
surname_region_terminal,J2,non_I2,Relic,J-Z7671,Митровић,Аранђеловдан,Шумадија,Баћевац/Барајево,44.5853872,20.3752752
surname_region_terminal,R1b,non_I2,Founder,BY38894,Михаиловић,Митровдан,Шумадија,Кусадак/Смедеревска Паланка,44.3997222,20.8033333
surname_region_terminal,I1,non_I2,Relic,Y7666,Михајлов,Никољдан,Западни Банат,Панчево,44.8705686,20.6399643
surname_region_terminal,G,non_I2,Founder,G-Y128480,Михајловић,Јовањдан,Босанска Крајина,Мокроноге/Дрвар,44.3477268,16.4475046
surname_region_terminal,R1a,non_I2,Founder,Z280,Михајловић,Никољдан,Врањско Поморавље,Мањак/Владичин Хан,42.768522,22.1321
surname_region_terminal,I1,non_I2,Founder,FGC22061,Михајловић,Ђурђевдан,Косово,Дољане/Звечан,42.9263247,20.8103511
surname_region_terminal,E,non_I2,Founder,E-Z1057,Михајловић,Никољдан,Метохија,Мушутиште/Сува Река,42.298928600000004,20.8900745
surname_region_terminal,E,non_I2,Founder,E-Y142744,Михајловић,Јовањдан,Североисточна Босна,Чађавица Доња/Бијељина,44.7848293,19.0901929
surname_region_terminal,J2,non_I2,Founder,J-Y22063,Михајловић,Мратиндан,Североисточна Босна,Велика Обарска/Бијељина,44.8017099,19.1712899
surname_region_terminal,N,non_I2,Founder,N-FGC28435,Михајловић,Никољдан,Североисточна Босна,Брезје/Челић,44.6777767,18.6712877
surname_region_terminal,R1a,non_I2,Founder,Y189493,Михајловић,Никољдан,Шумадија,Маскаре/Варварин,43.6783916,21.3801829
surname_region_terminal,R1b,non_I2,Relic,FT307035,Михаљевић,Св. Текла,Зета,Горњи Цеклин/Цетиње,42.389633,18.9246085
surname_region_terminal,PH908_primary,PH908_family,Relic,Y48807,Михић,Јовањдан,Херцеговина,Чаваш/Равно,42.8873119,17.9645863
surname_region_terminal,PH908_primary,PH908_family,Founder,Y56203,Михић,Никољдан,Херцеговина,Ходбина/Мостар,43.229703,17.8523897
surname_region_terminal,J2,non_I2,Founder,J-Y14439,Михојевић,Јовањдан,Херцеговина,Грмљани/Требиње,42.8360953,18.0292623
surname_region_terminal,PH908_primary,PH908_family,Founder,Y58629,Мичета,Јовањдан,Херцеговина,Убоско/Љубиње,43.0086063,18.0852893
surname_region_terminal,PH908_primary,PH908_family,Founder,FT14506,Мишељић,Ђурђевдан,Херцеговина,Мируше/Билећа,42.8360962,18.4631591
surname_region_terminal,E,non_I2,Founder,E-Z1057,Мишић,Ђурђиц,Браничево,Голубац,44.7046175,21.5371565
surname_region_terminal,N,non_I2,Founder,N-FT182494,Мишић,Никољдан,Североисточна Босна,Шадићи Горњи/Власеница,44.2671041,18.9844078
surname_region_terminal,PH908_primary,PH908_family,Founder,Y58629,Мишић,Јовањдан,Североисточна Босна,Скугрић/Модрича,44.9287003,18.3526975
surname_region_terminal,R1b,non_I2,Relic,Y221452,Мишковић,Срђевдан,Шумадија,Борач/Кнић,43.9606106,20.6061953
surname_region_terminal,N,non_I2,Founder,N-FT213937,Мишур,Јовањдан,Средња Босна,Сарајево,43.8570713,18.4126147
surname_region_terminal,PH908_primary,PH908_family,Founder,FT16449,Мишчевић,Јовањдан,Босанска Крајина,Медено Поље/Босански Петровац,44.565949,16.2756102
surname_region_terminal,PH908_primary,PH908_family,Founder,FT16449,Мишчевић,Јовањдан,Лика,Почитељ/Госпић,43.1345841,17.7319573
surname_region_terminal,I1,non_I2,Founder,FGC22061,Мијаиловић,Никољдан,Мачва,Дворска/Крупањ,44.4369444,19.3786111
surname_region_terminal,E,non_I2,Founder,E-Z38456,Мијаиловић,Аранђеловдан,Рашка,Митрова Река/Алуловиће/Нови Пазар,43.2202977,20.4497152
surname_region_terminal,J2,non_I2,Founder,J-Y155375,Мијаиловић,Ђурђевдан,Стари Влах,Опаљеник/Ивањица,43.5238149,20.1418447
surname_region_terminal,PH908_primary,PH908_family,Founder,FT14506,Мијановић,Никољдан,Херцеговина,Биоци/Требиње,42.83024265,18.21043565
surname_region_terminal,G,non_I2,Relic,G-M406,Мијатовић,Никољдан,Расина,Велики Купци/Крушевац,43.45825,21.2371822
surname_region_terminal,N,non_I2,Founder,N-FT213937,Мијатовић,Јовањдан,Стари Влах,Вучковица/Лучани,43.6742041,20.2638959
surname_region_terminal,PH908_primary,PH908_family,Founder,FT386055,Мијић,Аранђеловдан,Бачка,Буковац/Сомбор,45.7284366,19.0969598
surname_region_terminal,R1a,non_I2,Founder,L1029,Мијић,Никољдан,Босанска Крајина,Перна/Босанска Крупа,44.9074111,16.1038665
surname_region_terminal,E,non_I2,Founder,E-CTS11222,Мијовић,Никољдан,Херцеговина,Коњско/Требиње,42.6442494,18.4598538
surname_region_terminal,E,non_I2,Founder,E-Y7168,Мијуков,Ђурђевдан,Западни Банат,Ковин,44.7412405,20.9781361
surname_region_terminal,E,non_I2,Founder,E-Y142744,Миљановић,Јовањдан,Североисточна Босна,Прибој/Лопаре,44.6015596,18.9300839
surname_region_terminal,E,non_I2,Founder,E-Z16988,Миљановић,Аћимовдан,Херцеговина,Врпоље Љубомир/Требиње,42.7721798,18.3535268
surname_region_terminal,PH908_primary,PH908_family,Founder,BY93199,Миљешковић,Ивањдан,Зета,Миловићи/Тиват,42.3995835,18.6741249
surname_region_terminal,E,non_I2,Founder,E-Z1057,Миљковић,Алимпијевдан,Косово,Ловац/Звечан,42.9617891,20.7636038
surname_region_terminal,I1,non_I2,Founder,BY169301,Миљковић,Алимпијевдан,Расина,Штитаре/Крушевац,43.4448272,21.2217082
surname_region_terminal,R1a,non_I2,Founder,YP270,Миљковић,Никољдан,Топлица,Доња Расовача/Мерошина,43.2368009,21.6852629
surname_region_terminal,E,non_I2,Founder,E-FGC11450,Миљковић,Никољдан,Шумадија,Бресје/Јагодина,43.939113999999996,21.2623635
surname_region_terminal,N,non_I2,Founder,N-FT213937,Мићић,Јовањдан,Североисточна Босна,Пељаве/Лопаре,44.6333515,18.9495018
surname_region_terminal,N,non_I2,Founder,N-FT182494,Мићовић,Аранђеловдан,Стара Херцеговина,Приградина/Никшић,42.820055,18.6506358
surname_region_terminal,PH908_primary,PH908_family,Founder,BY93199,Мићуновић,Аранђеловдан,Стара Херцеговина,Смрдуша/Никшић,43.2447187,17.7916402
surname_region_terminal,E,non_I2,Founder,E-L241,Младеновић,Никољдан,Метохија,Ретимље/Ораховац,42.32514,20.696608
surname_region_terminal,G,non_I2,Relic,G-M3124,Младеновић,Аранђеловдан,Понишавље,Камбелевац/Бабушница,43.015551,22.422141
surname_region_terminal,E,non_I2,Founder,E-Z13591,Младеновић,Митровдан,Тимочка Крајина,Клокочевац/Мајданпек,44.3460115,22.1798355
surname_region_terminal,R1a,non_I2,Founder,Z280,Младеновић,Никољдан,Топлица,Речица/Житорађа,43.187301,21.689948
surname_region_terminal,E,non_I2,Founder,E-Z1057,Младеновић,Стевањдан,Шумадија,Церовац/Смедеревска Паланка,44.3280615,20.8646795
surname_region_terminal,R1a,non_I2,Founder,L1029,Младић,Ђурђевдан,Источна Босна,Калиновик,43.5043116,18.4467193
surname_region_terminal,E,non_I2,Founder,E-Z1057,Млађеновић,Никољдан,Североисточна Босна,Модран/Бијељина,44.6768039,19.1770397
surname_region_terminal,R1a,non_I2,Relic,L260,Млађеновић,Аранђеловдан,Стари Влах,Гостиница/Ужице,43.9184841,19.8338413
surname_region_terminal,R1a,non_I2,Founder,L1029,Млинар,Ђурђевдан,Далмација,Горњи Карин/Обровац,44.1358546,15.6335444
surname_region_terminal,I1,non_I2,Founder,FGC22061,Мосуровић,Никољдан,Стари Влах,Булићи/Бучје/Прибој,43.4330873,19.3716641
surname_region_terminal,E,non_I2,Founder,E-Z1057,Мраковић,Лазарева Субота,Банија,Влаховић/Глина,45.3182956,16.2072148
surname_region_terminal,E,non_I2,Founder,E-Z38456,Мраовић,Никољдан,Кордун,Бовић/Вргинмост,45.40231,15.9294779
surname_region_terminal,E,non_I2,Founder,E-FT104106,Мрваљевић,Јовањдан,Стара Херцеговина,Кочани/Никшић,42.7932159,18.9077636
surname_region_terminal,G,non_I2,Founder,G-Y128480,Мрдак,Никољдан,Брда,Томашево/Бијело Поље,43.0690125,19.6386619
surname_region_terminal,G,non_I2,Founder,G-Y128480,Мрдак,Никољдан,Стара Херцеговина,Трновице/Пљевља,43.3534852,19.1889054
surname_region_terminal,R1a,non_I2,Founder,Z280,Мрдић,Митровдан,Херцеговина,Шумата Главица/Горњи Ораховац/Требиње,42.6826235,18.4858981
surname_region_terminal,J2,non_I2,Founder,J-Y22059,Мркић,Ђурђевдан,Херцеговина,Домановићи/Чапљина,43.137454,17.7801831
surname_region_terminal,J2,non_I2,Founder,J-Y22063,Мркобрада,Аранђеловдан,Лика,Доњи Мекињар/Удбина,45.4376544,15.7349762
surname_region_terminal,PH908_primary,PH908_family,Founder,FT16449,Мркоња,Ђурђевдан,Херцеговина,Ковачина/Требиње,42.7823303,18.1982297
surname_region_terminal,E,non_I2,Relic,E-A11802,Мрша,Непознато,Далмација,Затон/Шибеник,43.7870205,15.823553
surname_region_terminal,R1b,non_I2,Relic,L21,Мрђа,Никољдан,Лика,Днопоље/Доњи Лапац,44.579756,15.9207905
surname_region_terminal,R1a,non_I2,Founder,FT288648,Мрђеновачки,Никољдан,Мачва,Шабац,44.7571535,19.6953972
surname_region_terminal,R1a,non_I2,Founder,Z280,Мудровчић,Нема,Лика,Човићи/Оточац,44.2727195,19.2296184
surname_region_terminal,G,non_I2,Founder,G-Y128480,Музикравић,Аранђеловдан,Шумадија,Бечањ/Чачак,43.8694976,20.5621576
surname_region_terminal,R1a,non_I2,Founder,L1029,Мулалић,Нема,Средња Босна,Вареш,44.1633731,18.3285369
surname_region_terminal,PH908_primary,PH908_family,Relic,Y59595,Муникравић,Св. Врачи,Банија,Средња Меминска/Мајур,45.2780471,16.6006657
surname_region_terminal,E,non_I2,Founder,E-FT104106,Муратовић,Јовањдан,Херцеговина,Хргуд/Берковићи,43.1013761,18.0433541
surname_region_terminal,R1b,non_I2,Founder,BY38894,Мусић,Нема,Стари Влах,Нова Варош,43.4597045,19.8154494
surname_region_terminal,PH908_primary,PH908_family,Founder,BY93199,Мусић,Аранђеловдан,Херцеговина,Сопот/Залом/Невесиње,43.2405799,18.250587
surname_region_terminal,E,non_I2,Founder,E-FGC11450,Мутавчић,Св. Врачи,Североисточна Босна,Адари/Кожухе/Добој,44.8605627,18.1114586
surname_region_terminal,I1,non_I2,Founder,FGC22061,Мутаповић,Никољдан,Шумадија,Прислоница/Чачак,43.9522222,20.4352778
surname_region_terminal,E,non_I2,Founder,E-L241,Мутић,Никољдан,Босанска Крајина,Мајкић Јапра Доња/Сански Мост,44.7970137,16.353156
surname_region_terminal,J2,non_I2,Relic,J-Z387,Мујо,Нема,Метохија,Грнчаре/Призрен,42.2194355,20.7707125
surname_region_terminal,J2,non_I2,Founder,J-Y22063,Муњић,Св. Симеон Столпник,Североисточна Босна,Грабовица/Власеница,44.205131,18.8616676
surname_region_terminal,J2,non_I2,Founder,J-Y155375,Мједењак,Никољдан,Далмација,Сиверић/Дрниш,43.8743874,16.1956857
surname_region_terminal,PH908_primary,PH908_family,Founder,FT14506,Надаждин,Јовањдан,Херцеговина,Пребиловци/Чапљина,43.0942133,17.7530067
surname_region_terminal,E,non_I2,Founder,E-Y126722,Накић,Никољдан,Врањско Поморавље,Бујановац,42.4598455,21.7671276
surname_region_terminal,R1a,non_I2,Founder,L1029,Накић,Никољдан,Врањско Поморавље,Лопардинце/Бујановац,42.4985124,21.7737998
surname_region_terminal,R1a,non_I2,Founder,L1029,Нанић,Никољдан,Тимочка Крајина,Зајечар,43.9030925,22.2785536
surname_region_terminal,J2,non_I2,Founder,J-Y22063,Наранчић,Јовањдан,Лика,Вребац/Госпић,44.5265285,15.5014191
surname_region_terminal,N,non_I2,Relic,N-PH1612,Насковић,Никољдан,Косово,Рајановце/Косовска Каменица,42.540835,21.550102
surname_region_terminal,R1a,non_I2,Founder,BY99654,Настасић,Стевањдан,Бачка,Бечеј,45.6153745,20.0490085
surname_region_terminal,E,non_I2,Founder,E-Z16988,Настасић,Стевањдан,Бачка,Буковачки салаши/Сомбор,45.594832499999995,19.3479202
surname_region_terminal,E,non_I2,Founder,E-Z16988,Настасић,Стевањдан,Источни Срем,Свилош/Беочин,45.1758823,19.5857562
surname_region_terminal,R1b,non_I2,Relic,FGC24408,Натић,Никољдан,Косово,Ранилуг/Косовска Каменица,42.4921192,21.5987265
surname_region_terminal,E,non_I2,Relic,E-BY154448,Недељковић,Петковдан,Косово,Јунаке/Зубин Поток,43.007178,20.6759518
surname_region_terminal,PH908_primary,PH908_family,Founder,Y51673,Недељковић,Никољдан,Стари Влах,Вирово/Ариље,43.7768561,20.1162652
surname_region_terminal,R1a,non_I2,Founder,BY30743,Недељковић,Никољдан,Шумадија,Моравци/Љиг,44.2418967,20.2762635
surname_region_terminal,PH908_primary,PH908_family,Founder,FT190799,Недељковић,Лучиндан,Шумадија,Жупањац/Лазаревац,44.3376614,20.2136285
surname_region_terminal,J2,non_I2,Relic,J-CTS8786,Недимовић (Гојковић),Нема,Метохија,Пећ,46.0765092,18.2280317
surname_region_terminal,R1b,non_I2,Founder,BY38894,Недимовић,Ђурђевдан,Босанска Крајина,Јасеница/Босанска Крупа,44.8038535,16.258137
surname_region_terminal,E,non_I2,Founder,E-Z1057,Недић,Ђурђевдан,Североисточна Босна,Горња Слатина/Шамац,44.9654626,18.4724038
surname_region_terminal,I1,non_I2,Founder,FGC22061,Недић,Никољдан,Стара Херцеговина,Косорићи/Шавник,42.9561634,19.135653
surname_region_terminal,G,non_I2,Founder,G-FTC64765,Недовић,Аранђеловдан,Стари Влах,Ртари/Лучани,43.8594407,20.2413214
surname_region_terminal,R1b,non_I2,Founder,FT49714,Ненадић,Аранђеловдан,Брда,Стијена/Подгорица,42.4621485,19.2021235
surname_region_terminal,PH908_primary,PH908_family,Founder,FT16449,Ненадић,Никољдан,Стара Херцеговина,Црљенице/Пљевља,43.3583633,19.4067498
surname_region_terminal,R1b,non_I2,Founder,FT44409,Ненадовић,Алимпијевдан,Колубара,Бранковина/Ваљево,44.3529767,19.8993916
surname_region_terminal,E,non_I2,Founder,E-Y128213,Ненадовић,Јовањдан,Североисточна Босна,Батковић/Бијељина,44.8332129,19.2107897
surname_region_terminal,I1,non_I2,Founder,FGC22061,Ненезић,Никољдан,Стара Херцеговина,Доња Бијела/Шавник,42.9136934,19.129948
surname_region_terminal,E,non_I2,Founder,E-Z1057,Нерић,Томиндан,Стара Херцеговина,Брезовик/Никшић,44.0541836,18.0080241
surname_region_terminal,PH908_primary,PH908_family,Founder,FT14506,Несторовић,Ђурђиц,Колубара,Кључ/Мионица,44.2297199,20.0509975
surname_region_terminal,N,non_I2,Founder,N-FT182494,Несторовић,Ђурђиц,Шумадија,Ресник/Крагујевац,44.109431,20.9204938
surname_region_terminal,PH908_primary,PH908_family,Relic,Y151087,Нешић,Св. Врачи,Косово,Шљивовица/Вучитрн,42.8895257,20.9955869
surname_region_terminal,I1,non_I2,Founder,FGC22061,Нешић,Никољдан,Мачва,Текериш/Лозница,44.552778000000004,19.524444
surname_region_terminal,E,non_I2,Relic,E-Y328959,Нешић,Никољдан,Понишавље,Подгорац/Ражањ,43.7342818,21.5982681
surname_region_terminal,E,non_I2,Founder,E-BY165837,Нешић,Митровдан,Топлица,Данковиће/Куршумлија,43.1633071,21.2342709
surname_region_terminal,R1a,non_I2,Founder,FT288648,Нешковић,Стевањдан,Североисточна Босна,Велика Обарска/Бијељина,44.8017099,19.1712899
surname_region_terminal,R1b,non_I2,Relic,Y84624,Никетић,Аранђеловдан,Шумадија,Београд,44.7863236,20.4716856
surname_region_terminal,R1b,non_I2,Relic,BY199059,Николић,Никољдан,Јабланица,Турјане/Бојник,42.994309,21.657
surname_region_terminal,I1,non_I2,Relic,Y16437,Николић,Аранђеловдан,Јабланица,Вујаново/Бојник,43.008026,21.622415
surname_region_terminal,E,non_I2,Founder,E-L241,Николић,Аранђеловдан,Брда,Стијена/Подгорица,42.4621485,19.2021235
surname_region_terminal,R1b,non_I2,Relic,PF7563,Николић,Аранђеловдан,Западни Банат,Делиблато/Ковин,44.8404632,21.0417114
surname_region_terminal,E,non_I2,Founder,E-Y128213,Николић,Јовањдан,Источна Босна,Хреша/Источно Сарајево,43.875821,18.5036451
surname_region_terminal,R1a,non_I2,Founder,BY99654,Николић,Ђурђиц,Колубара,Сирдија/Осечина,44.3795071,19.6480507
surname_region_terminal,PH908_primary,PH908_family,Founder,FT16449,Николић,Митровдан,Колубара,Калиновац/Уб,44.5017928,19.9541005
surname_region_terminal,PH908_primary,PH908_family,Founder,FT190799,Николић,Лучиндан,Колубара,Струганик/Мионица,44.1874997,20.1084313
surname_region_terminal,R1a,non_I2,Founder,Y260767,Николић,Јовањдан,Колубара,Совљак/Уб,44.4603113,20.0259883
surname_region_terminal,E,non_I2,Founder,E-FT178289,Николић,Јовањдан,Мачва,Глоговац/Богатић,44.8589747,19.4154372
surname_region_terminal,E,non_I2,Founder,E-Y7168,Николић,Никољдан,Мачва,Горња Бадања/Лозница,44.5288889,19.4877778
surname_region_terminal,N,non_I2,Founder,N-FT213937,Николић,Јовањдан,Мачва,Грачаница/Љубовија,44.2461828,19.394989
surname_region_terminal,R1b,non_I2,Founder,BY38894,Николић,Никољдан,Понишавље,Радињинци/Бабушница,43.011356,22.3796648
surname_region_terminal,R1a,non_I2,Founder,BY99654,Николић,Никољдан,Понишавље,Сићево/Нишка Бања,43.3411244,22.0843369
surname_region_terminal,J2,non_I2,Founder,J-Y22063,Николић,Никољдан,Понишавље,Бела Паланка,43.2179542,22.3112654
surname_region_terminal,PH908_primary,PH908_family,Founder,BY93199,Николић,Аранђеловдан,Североисточна Босна,Попови/Бијељина,44.7633867,19.2733399
surname_region_terminal,E,non_I2,Founder,E-FT104106,Николић,Никољдан,Североисточна Босна,Јаковић/Доња Трнова/Угљевик,44.6634033,19.1181051
surname_region_terminal,E,non_I2,Founder,E-FT178289,Николић,Никољдан,Североисточна Босна,Брњица/Живинице,44.383889,18.64
surname_region_terminal,J2,non_I2,Founder,J-Y22059,Николић,Аранђеловдан,Североисточна Босна,Лозница/Братунац,44.48753955,19.3095144
surname_region_terminal,R1a,non_I2,Founder,L1029,Николић,Никољдан,Североисточна Босна,Лозна/Бановићи,44.4376937,18.3498309
surname_region_terminal,PH908_primary,PH908_family,Founder,BY93199,Николић,Мала Госпојина,Стара Херцеговина,Озринићи/Никшић,42.7442422,19.0003193
surname_region_terminal,E,non_I2,Founder,E-Z1057,Николић,Св. Врачи,Стари Влах,Дрежник/Ужице,43.7781721,19.9130094
surname_region_terminal,I1,non_I2,Founder,FGC22061,Николић,Никољдан,Стари Влах,Миросаљци/Ариље,43.7087269,20.12871
surname_region_terminal,R1a,non_I2,Founder,L1029,Николић,Аранђеловдан,Стари Влах,Зеоке/Лучани,43.8448345,20.264368
surname_region_terminal,N,non_I2,Founder,N-FT213937,Николић,Јовањдан,Стари Влах,Горобиље/Пожега,43.8215855,20.081892
surname_region_terminal,R1a,non_I2,Founder,Y260767,Николић,Јовањдан,Стари Влах,Руда Буква/Косјерић,44.0337399,19.7807121
surname_region_terminal,G,non_I2,Relic,G-Z17887,Николић,Никољдан,Тимочка Крајина,Корбово/Кладово,44.5266153,22.709503
surname_region_terminal,R1b,non_I2,Founder,L51,Николић,Никољдан,Тимочка Крајина,Салаш/Зајечар,44.1139575,22.3200155
surname_region_terminal,R1b,non_I2,Founder,FT44409,Николић,Никољдан,Топлица,Висока/Куршумлија,43.0977289,21.3072994
surname_region_terminal,G,non_I2,Founder,G-Y128480,Николић,Никољдан,Топлица,Мала Драгуша/Блаце,43.2701119,21.3567636
surname_region_terminal,E,non_I2,Founder,E-FGC11450,Николић,Јовањдан,Шумадија,Кавадар/Рековац,43.8374553,21.132143
surname_region_terminal,J2,non_I2,Founder,J-L70,Николић,Никољдан,Шумадија,Београд,44.7863236,20.4716856
surname_region_terminal,J2,non_I2,Founder,J-Y22059,Николић,Лучиндан,Шумадија,Луњевица/Горњи Милановац,43.9969955,20.4801032
surname_region_terminal,I1,non_I2,Founder,Y155080,Николић,Ђурђевдан,Шумадија,Рашевица/Параћин,43.8391727,21.3225223
surname_region_terminal,E,non_I2,Founder,E-BY165837,Никочевић,Нема,Брда,Гусиње,42.5637693,19.833253
surname_region_terminal,PH908_primary,PH908_family,Founder,FT16449,Никша,Никољдан,Босанска Крајина,Копић/Гламоч,43.9361395,16.9721647
surname_region_terminal,J2,non_I2,Founder,J-Y22059,Никшић (Ђурић),Ђурђевдан,Средња Босна,Травник,44.2259454,17.6661738
surname_region_terminal,R1b,non_I2,Founder,BY38894,Никшић,Никољдан,Шумадија,Сремчица/Чукарица,44.6719378,20.3954404
surname_region_terminal,I1,non_I2,Founder,BY169301,Нинковић (Хубић),Нема,Источна Босна,Дринско/Вишеград,43.7398887,19.2944804
surname_region_terminal,G,non_I2,Relic,G-PF3147,Нинковић,Лазарева Субота,Шумадија,Винча/Гроцка/Београд,44.7607748,20.6183498
surname_region_terminal,E,non_I2,Founder,E-Z13591,Нишавић,Петковдан,Брда,Бијело Поље,43.060107,19.5188414
surname_region_terminal,E,non_I2,Founder,E-Y128213,Нишић,Јовањдан,Босанска Крајина,Горица/Шипово,44.2790623,17.1765117
surname_region_terminal,J2,non_I2,Founder,J-Y22063,Новаковић,Никољдан,Босанска Крајина,Кршље/Нови Град,44.9378459,16.4168891
surname_region_terminal,G,non_I2,Relic,G-PF3345,Новаковић,Стевањдан,Колубара,Табановић/Мионица,44.2902877,20.0678871
surname_region_terminal,I1,non_I2,Founder,Y155080,Новаковић,Никољдан,Мачва,Клење/Богатић,44.807222,19.434444
surname_region_terminal,E,non_I2,Founder,E-Z13591,Новаковић,Никољдан,Стари Влах,Биоска/Ужице,43.8648387,19.6528798
surname_region_terminal,R1b,non_I2,Founder,FT49714,Новаковић,Никољдан,Шумадија,Даросава/Аранђеловац,44.338573,20.4576021
surname_region_terminal,I1,non_I2,Relic,Z63,Новичић,Илиндан,Браничево,Кушиљево/Свилајнац,44.2867939,21.2097198
surname_region_terminal,PH908_primary,PH908_family,Founder,FT190799,Новичић,Лучиндан,Стари Влах,Горачићи/Лучани,43.7934332,20.3276681
surname_region_terminal,E,non_I2,Founder,E-PH1395,Нововић,Св. Александар Невски,Рашка,Доњи Дајићи/Дајићи/Ивањица,43.4032587,20.2980393
surname_region_terminal,PH908_primary,PH908_family,Founder,Y58629,Новокмет,Јовањдан,Херцеговина,Дубочица/Љубиње,42.9467238,18.1213467
surname_region_terminal,I1,non_I2,Founder,FGC22061,Новосел,Аранђеловдан,Стара Херцеговина,Босача/Питомине/Жабљак,43.1637907,19.0876115
surname_region_terminal,PH908_primary,PH908_family,Relic,Y135654,Новчић,Никољдан,Стари Влах,Буђево/Сјеница,43.1450766,20.0519113
surname_region_terminal,PH908_primary,PH908_family,Founder,FT16449,Новчић,Ђурђевдан,Херцеговина,Врањска/Билећа,43.0255962,18.2117436
surname_region_terminal,E,non_I2,Founder,E-Z38456,Нојић,Никољдан,Североисточна Босна,Церовица/Станари,44.7087663,17.8703372
surname_region_terminal,J2,non_I2,Founder,J-L70,Нуркић,Нема,Североисточна Босна,Зелина Средња/Градачац,44.8212383,18.3625598
surname_region_terminal,Y3120_shallow_nonPH908,nonPH908_I2,Relic,Y93273,Нухановић,Нема,Североисточна Босна,Хускићи/Лукавац,44.5631556,18.5303281
surname_region_terminal,J2,non_I2,Founder,J-Y155375,Обрадовић,Никољдан,Босанска Крајина,Љубачево/Бања Лука,44.6623843,17.2060019
surname_region_terminal,I1,non_I2,Founder,BY169301,Обрадовић,Аранђеловдан,Источни Срем,Беочин,45.2099153,19.7209347
surname_region_terminal,R1a,non_I2,Founder,Y260767,Обрадовић,Аранђеловдан,Колубара,Дучић/Мионица,44.2513012,20.1672506
surname_region_terminal,R1b,non_I2,Founder,BY38894,Обрадовић,Ђурђиц,Стари Влах,Катићи/Ивањица,43.5703446,20.0542015
surname_region_terminal,R1a,non_I2,Founder,Z280,Обрадовић,Јовањдан,Шумадија,Границе/Младеновац,44.4313249,20.7135036
surname_region_terminal,I1,non_I2,Founder,FGC22061,Обреновић,Ђурђевдан,Источна Босна,Округло/Рогатица,43.8374059,19.0550406
surname_region_terminal,R1b,non_I2,Relic,FTA42008,Обреновић,Св. Врачи,Стари Влах,Марковица/Лучани,43.8543049,20.2151012
surname_region_terminal,R1b,non_I2,Founder,BY38894,Овцин,Митровдан,Бачка,Салаши Радојевићи/Сомбор,45.7727397,19.1147036
surname_region_terminal,R1a,non_I2,Founder,L1029,Огњановић,Аранђеловдан,Шумадија,Београд,44.7863236,20.4716856
surname_region_terminal,R1a,non_I2,Founder,L1029,Огњеновић,Јовањдан,Далмација,Какањ/Кистање,43.9286182,15.890286
surname_region_terminal,R1a,non_I2,Founder,BY30743,Огњеновић,Никољдан,Стара Херцеговина,Церовица/Тупан/Никшић,44.7172787,17.8870955
surname_region_terminal,G,non_I2,Founder,G-Y128480,Окиљевић,Стевањдан,Херцеговина,Гацко,43.1664068,18.5357977
surname_region_terminal,I1,non_I2,Relic,Z58,Олуић,Аранђеловдан,Далмација,Билишане/Обровац,44.1742442,15.7453929
surname_region_terminal,PH908_primary,PH908_family,Founder,FT16449,Опачић,Лучиндан,Далмација,Биовичино Село/Кистање,44.054074,15.9177436
surname_region_terminal,PH908_primary,PH908_family,Founder,FT16449,Орбовић,Јовањдан,Стара Херцеговина,Сомина/Никшић,42.9576612,18.5982654
surname_region_terminal,I1,non_I2,Relic,FTA28840,Орељ,Ђурђевдан,Лика,Штикада/Ловинац,44.3160877,15.7958176
surname_region_terminal,I1,non_I2,Relic,Y237563,Орловић,Ђурђевдан,Косово,Горњи Стрмац/Зубин Поток,42.8742234,20.7199357
surname_region_terminal,E,non_I2,Founder,E-Z38456,Орловић,Јовањдан,Лика,Горња Плоча/Ловинац,44.390882,15.6864368
surname_region_terminal,PH908_primary,PH908_family,Founder,BY93199,Ороз,Аранђеловдан,Херцеговина,Жиљево/Невесиње,43.2412265,18.1563411
surname_region_terminal,R1a,non_I2,Founder,L1029,Остојић,Никољдан,Банија,Брубно/Глина,45.1861204,16.0990234
surname_region_terminal,E,non_I2,Founder,E-FT104106,Остојић,Ђурђиц,Бачка,Сента,45.927917,20.0954031
surname_region_terminal,R1a,non_I2,Founder,L1029,Остојић,Никољдан,Лика,Грачац,43.6444539,20.8215588
surname_region_terminal,R1a,non_I2,Founder,BY99654,Остојић,Стевањдан,Североисточна Босна,Цвиљевина/Тузла,44.5599349,18.8079558
surname_region_terminal,I1,non_I2,Founder,FGC22061,Остојић,Аранђеловдан,Стара Херцеговина,Врела/Жабљак,43.2422461,18.8497785
surname_region_terminal,I1,non_I2,Founder,FGC22061,Остојић,Ђурђиц,Стари Влах,Обајгора/Бајина Башта,43.9556677,19.5777843
surname_region_terminal,R1a,non_I2,Relic,FTB42580,Остојић,Никољдан,Шумадија,Врбета/Кнић,43.8636352,20.8069334
surname_region_terminal,I1,non_I2,Founder,FGC22061,Отић,Ђурђевдан,Бачка,Ђурђево/Жабаљ,45.3241804,20.0653482
surname_region_terminal,E,non_I2,Founder,E-Z1057,Ојдровић,Ђурђиц,Егејска Македонија,Гуменџе/Кукуш,42.1321728,24.7410291
surname_region_terminal,Y3120_shallow_nonPH908,nonPH908_I2,Relic,Y267977,Оџић/O Jack,Јовањдан,Западни Банат,Кумане/Нови Бечеј,45.5400113,20.2274206
surname_region_terminal,R1b,non_I2,Relic,BY250,Павасовић,Никољдан,Далмација,Скрадин,43.8178464,15.923319
surname_region_terminal,J2,non_I2,Founder,J-Y14439,Павић,Јовањдан,Шумадија,Рогача/Сопот,44.4500202,20.534095400000002
surname_region_terminal,E,non_I2,Founder,E-Z13591,Павићевић,Петковдан,Брда,Горњи Рсојевићи/Даниловград,42.5524049,19.1052289
surname_region_terminal,R1b,non_I2,Founder,FT49714,Павићевић,Митровдан,Брда,Стијена/Подгорица,42.4621485,19.2021235
surname_region_terminal,G,non_I2,Founder,G-Y128480,Павићевић,Мала Госпојина,Зета,До Пјешивачки/Даниловград,42.5920703,19.0246555
surname_region_terminal,R1a,non_I2,Founder,L1029,Павков,Аранђеловдан,Западни Банат,Велики Гај/Пландиште,45.2902802,21.1759999
surname_region_terminal,R1a,non_I2,Founder,YP417,Павковић,Св. Василије Велики,Босанска Крајина,Церовица/Нови Град,45.1025255,16.4379424
surname_region_terminal,PH908_primary,PH908_family,Founder,Y56203,Павковић,Никољдан,Кордун,Тушиловић/Карловац,45.3938831,15.615526
surname_region_terminal,G,non_I2,Relic,G-Y128646,Павловић,Савиндан,Јабланица,Ново Село/Лесковац,42.874285,22.165413
surname_region_terminal,E,non_I2,Founder,E-Y126722,Павловић,Часне Вериге апостола Петра,Босанска Крајина,Ћорковићи/Котор Варош,44.4261241,17.5331931
surname_region_terminal,E,non_I2,Founder,E-Z1057,Павловић,Никољдан,Врањско Поморавље,Врање,42.5573069,21.9021867
surname_region_terminal,R1b,non_I2,Founder,BY38894,Павловић,Никољдан,Источна Босна,Бунови/Фоча,43.4768253,18.7620109
surname_region_terminal,R1a,non_I2,Founder,Y260767,Павловић,Ђурђиц,Колубара,Драгодол/Осечина,44.2461888,19.5892464
surname_region_terminal,I1,non_I2,Relic,Y47022,Павловић,Јовањдан,Колубара,Бајевац/Лајковац,44.3741048,20.0626821
surname_region_terminal,E,non_I2,Founder,E-Z1057,Павловић,Никољдан,Понишавље,Дучевац/Бабушница,43.021034,22.46817
surname_region_terminal,R1b,non_I2,Founder,FT44409,Павловић,Никољдан,Рашка,Бекова/Нови Пазар,43.2788305,20.4689446
surname_region_terminal,E,non_I2,Founder,E-Z38456,Павловић,Никољдан,Северна Македонија,Скопска Црна Гора,42.4444927,19.2800818
surname_region_terminal,R1a,non_I2,Founder,BY30743,Павловић,Ђурђевдан,Североисточна Босна,Црњелово Горње/Бијељина,44.8417893,19.124625
surname_region_terminal,R1a,non_I2,Founder,L1029,Павловић,Марковдан,Североисточна Босна,Обудовац/Шамац,44.9686791,18.6010407
surname_region_terminal,R1a,non_I2,Founder,Z280,Павловић,Ђурђевдан,Стара Херцеговина,Крушевице/Херцег Нови,42.5349986,18.4947279
surname_region_terminal,I1,non_I2,Founder,Y155080,Павловић,Никољдан,Стари Влах,Крушчица/Ариље,43.6958322,19.9905575
surname_region_terminal,G,non_I2,Founder,G-Y128480,Павловић,Никољдан,Топлица,Бело Поље/Куршумлија,43.1638626,21.3034281
surname_region_terminal,I1,non_I2,Founder,FGC22061,Павловић,Никољдан,Шумадија,Камендол/Гроцка,44.611825,20.750586
surname_region_terminal,PH908_primary,PH908_family,Founder,Y56203,Павловић,Никољдан,Шумадија,Пударци/Гроцка,44.610241,20.722287
surname_region_terminal,PH908_primary,PH908_family,Founder,FT14506,Пажин,Ђурђевдан,Херцеговина,Поткрај/Крај/Требиње,42.6290355,18.3957996
surname_region_terminal,R1a,non_I2,Founder,BY30743,Палић,Никољдан,Стари Влах,Буковик/Нова Варош,43.414766,19.9800147
surname_region_terminal,I1,non_I2,Founder,FGC22061,Пандуревић,Никољдан,Источна Босна,Павловац/Пале,43.7729969,18.491387
surname_region_terminal,J2,non_I2,Relic,J-Z6065,Пандуров,Никољдан,Западни Банат,Меленци/Зрењанин,45.5166819,20.316299
surname_region_terminal,I1,non_I2,Relic,Y220153,Панић,Јовањдан,Североисточна Босна,Врањак/Модрича,44.9252085,18.2151834
surname_region_terminal,E,non_I2,Founder,E-Z16988,Пантелић,Ђурђевдан,Колубара,Јабучје/Лајковац,44.3785168,20.2059818
surname_region_terminal,J2,non_I2,Founder,J-L70,Пантић,Митровдан,Браничево,Рашанац/Петровац на Млави,44.4623211,21.3651147
surname_region_terminal,R1b,non_I2,Founder,FT44409,Пантић,Ђурђиц,Мачва,Поцерски Метковић/Шабац,44.6584914,19.6210147
surname_region_terminal,R1a,non_I2,Founder,L1029,Пантић,Никољдан,Мачва,Руњани/Лозница,44.5459263,19.2711642
surname_region_terminal,PH908_primary,PH908_family,Founder,FT16449,Пантић,Игњатијевдан,Херцеговина,Приграђани/Мостар,43.4548284,17.8536254
surname_region_terminal,R1a,non_I2,Founder,Z280,Пантић,Алимпијевдан,Шумадија,Бачина/Варварин,43.726417,21.2972513
surname_region_terminal,E,non_I2,Founder,E-PH1395,Пантовић,Аранђеловдан,Брда,Горажде/Беране,42.8845361,19.9227157
surname_region_terminal,E,non_I2,Founder,E-L241,Пантовић,Аранђеловдан,Стара Херцеговина,Барни До/Плужине,43.2577776,18.876081
surname_region_terminal,J2,non_I2,Founder,J-Y14439,Пантовић,Јовањдан,Стари Влах,Гривска/Ариље,43.7091636,20.0256577
surname_region_terminal,N,non_I2,Founder,N-FT213937,Пантовић,Јовањдан,Стари Влах,Милићевци/Чачак,43.9604585,20.3460895
surname_region_terminal,R1a,non_I2,Founder,Y189493,Пантовић,Аћимовдан,Стари Влах,Градац/Сјеница,43.2390584,20.1048734
surname_region_terminal,PH908_primary,PH908_family,Founder,FT14506,Пантовић,Ђурђевдан,Херцеговина,Турменти/Требиње,42.6570803,18.3938393
surname_region_terminal,Y3120_deep_mid_nonPH908,nonPH908_I2,Relic,A8741,Панчевачки,Никољдан,Западни Банат,Црепаја/Ковачица,45.0092297,20.6372859
surname_region_terminal,E,non_I2,Relic,E-BY15406,Панџић,Непознато,Херцеговина,Дриновци/Груде,43.359454,17.3246873
surname_region_terminal,E,non_I2,Founder,E-Z1057,Папић,Лучиндан,Бачка,Жабаљ,45.3728199,20.0637917
surname_region_terminal,R1a,non_I2,Founder,L1029,Папић,Никољдан,Лика,Горње Дубраве/Огулин,45.308476,15.3032601
surname_region_terminal,PH908_primary,PH908_family,Founder,FT190799,Папић,Лучиндан,Херцеговина,Влахиња/Билећа,42.8462101,18.4534268
surname_region_terminal,E,non_I2,Founder,E-Z1057,Паранос,Ђурђевдан,Херцеговина,Старо Слано/Требиње,42.7651336,18.2344958
surname_region_terminal,PH908_primary,PH908_family,Founder,Y58629,Парежанин,Лазарева Субота,Херцеговина,Паник/Билећа,42.8036809,18.4417389
surname_region_terminal,E,non_I2,Founder,E-Z1057,Парлић,Никољдан,Косово,Доње Неродимље/Урошевац,42.3647398,21.097724500000002
surname_region_terminal,N,non_I2,Founder,N-FT182494,Паровић,Аранђеловдан,Херцеговина,Невесиње,43.258198,18.106113
surname_region_terminal,E,non_I2,Founder,E-Y7168,Парчетић,Нема,Бачка,Сомбор,45.7727397,19.1147036
surname_region_terminal,E,non_I2,Founder,E-Z1057,Парчетић,Нема,Бачка,Градина/Сомбор,45.7541501,19.1796361
surname_region_terminal,PH908_primary,PH908_family,Founder,FT14506,Паскаш,Јовањдан,Лика,Ораовац/Доњи Лапац,44.5283621,15.9382326
surname_region_terminal,Y3120_deep_mid_nonPH908,nonPH908_I2,Founder,Z17855,Паунковић,Ђурђиц,Источни Срем,Бингула/Шид,45.1008682,19.4487791
surname_region_terminal,R1b,non_I2,Founder,BY38894,Пауновић,Никољдан,Јабланица,Пусто Шилово/Медвеђа,42.8738168,21.5577694
surname_region_terminal,J2,non_I2,Founder,J-Y155375,Пауновић,Никољдан,Стари Влах,Буковик/Нова Варош,43.414766,19.9800147
surname_region_terminal,J2,non_I2,Founder,J-Z38299,Пауновић,Никољдан,Шумадија,Мала Плана/Смедеревска Паланка,44.3699164,21.016793
surname_region_terminal,I1,non_I2,Founder,FGC22061,Пашановић,Нема,Стари Влах,Пријепоље,43.389209,19.6493525
surname_region_terminal,PH908_primary,PH908_family,Founder,FT16449,Пашајлија,Ђурђевдан,Босанска Крајина,Дабар/Сански Мост,44.7330478,16.6322435
surname_region_terminal,J2,non_I2,Founder,J-Y155375,Пашић,Ђурђевдан,Стари Влах,Крива Река/Чајетина,43.7844179,19.8111819
surname_region_terminal,PH908_primary,PH908_family,Relic,FT176119,Пајкановић,Јовањдан,Североисточна Босна,Милино Село/Лопаре,44.679853,18.8565502
surname_region_terminal,E,non_I2,Founder,E-Z1057,Пајкић,Јовањдан,Браничево,Кусиће/Велико Градиште,44.7182741,21.5297831
surname_region_terminal,I1,non_I2,Founder,FGC22061,Пајовић,Ђурђевдан,Стари Влах,Љутице/Пожега,44.0358379,20.031445
surname_region_terminal,E,non_I2,Founder,E-Y142744,Пезић,Ђурђевдан,Босанска Крајина,Бранешци Горњи/Челинац,44.7928465,17.527736
surname_region_terminal,PH908_primary,PH908_family,Relic,Y131175,Пек,Нема,Источни Срем,Нови Бановци/Стара Пазова,44.9532153,20.2824281
surname_region_terminal,R1b,non_I2,Founder,L51,Пекић,Аранђеловдан,Зета,Крњице/Бар,42.2117654,19.180242
surname_region_terminal,R1a,non_I2,Founder,YP4278,Пекић,Јовањдан,Херцеговина,Бијељани/Билећа,43.0609503,18.2549467
surname_region_terminal,E,non_I2,Founder,E-CTS11222,Пековић,Никољдан,Стара Херцеговина,Риђани/Никшић,42.7668913,18.8940367
surname_region_terminal,N,non_I2,Relic,N-Y13852,Перичин,Ђурђевдан,Источни Срем,Гргуревци/Сремска Митровица,45.1058235,19.6465224
surname_region_terminal,R1a,non_I2,Founder,L1029,Перишић,Ђурђевдан,Средња Босна,Сарајево,43.8570713,18.4126147
surname_region_terminal,E,non_I2,Founder,E-CTS11222,Перишић,Никољдан,Херцеговина,Невесиње,43.258198,18.106113
surname_region_terminal,E,non_I2,Founder,E-Z38456,Перић,Никољдан,Косово,Коретиште/Гњилане,42.4847406,21.4412425
surname_region_terminal,J2,non_I2,Founder,J-Y22059,Перић,Никољдан,Североисточна Босна,Батковић/Бијељина,44.8332129,19.2107897
surname_region_terminal,J2,non_I2,Founder,J-Y22063,Перић,Мратиндан,Североисточна Босна,Остојићево/Бијељина,44.8588983,19.2335324
surname_region_terminal,R1a,non_I2,Founder,YP270,Перић,Ђурђевдан,Североисточна Босна,Загони/Бијељина,44.7150494,19.1101887
surname_region_terminal,E,non_I2,Founder,E-Y7168,Перић,Нема,Херцеговина,Ротимља/Столац,43.1780098,17.9015565
surname_region_terminal,I1,non_I2,Founder,FGC22061,Перић,Ђурђевдан,Шумадија,Баничина/Смедеревска Паланка,44.2874781,20.9373352
surname_region_terminal,Y3120_shallow_nonPH908,nonPH908_I2,Relic,Y339476,Перкучин,Никољдан,Западни Банат,Нови Кнежевац,46.0427093,20.0933532
surname_region_terminal,PH908_primary,PH908_family,Founder,Y134585,Перлић,Стевањдан,Средња Босна,Шишава/Травник,44.3141765,17.5620452
surname_region_terminal,E,non_I2,Founder,E-PH1395,Перовић (Лабовић),Аранђеловдан,Брда,Баре Краљске/Колашин,42.7486196,19.6151357
surname_region_terminal,R1b,non_I2,Founder,BY38894,Перовић,Никољдан,Брда,Стројтаница/Бијело Поље,43.0341595,19.7473559
surname_region_terminal,I1,non_I2,Founder,FGC22061,Перовић,Мратиндан,Стара Херцеговина,Тушина/Шавник,43.9517541,17.9165425
surname_region_terminal,PH908_primary,PH908_family,Founder,FT16449,Перотић,Лучиндан,Херцеговина,Чваљина/Равно,42.8667928,17.9733988
surname_region_terminal,E,non_I2,Founder,E-PH1395,Перуничић,Никољдан,Рашка,Горњи Дајићи/Дајићи/Ивањица,43.4032587,20.2980393
surname_region_terminal,PH908_primary,PH908_family,Relic,FT69508,Петерсон (Косић),Ђурђевдан,Херцеговина,Требиње,42.7098295,18.3457261
surname_region_terminal,J2,non_I2,Founder,J-Y22059,Петковић,Лучиндан,Јабланица,Сијарина/Медвеђа,42.784464,21.625812
surname_region_terminal,I1,non_I2,Founder,FGC22061,Петковић,Мала Госпојина,Зета,Мажина/Тиват,42.4349651,18.7015452
surname_region_terminal,I1,non_I2,Founder,FGC22061,Петковић,Ђурђевдан,Североисточна Босна,Придјел Доњи/Добој,44.7081961,18.0905968
surname_region_terminal,R1b,non_I2,Founder,BY38894,Петковић,Аранђеловдан,Стари Влах,Богданица/Горњи Милановац,44.0208102,20.0964936
surname_region_terminal,R1a,non_I2,Founder,BY99654,Петковић,Никољдан,Стари Влах,Пониковица/Ужице,43.8741575,19.9257519
surname_region_terminal,E,non_I2,Founder,E-Z16988,Петковић,Аћимовдан,Стари Влах,Рача/Бајина Башта,43.9514592,19.5332622
surname_region_terminal,I1,non_I2,Founder,FGC22061,Петојевић,Никољдан,Бачка,Жабаљ,45.3728199,20.0637917
surname_region_terminal,N,non_I2,Relic,N-Y13852,Петревски,Мратиндан,Западна Македонија,Арбиново/Дебарца,41.3702969,20.8287978
surname_region_terminal,E,non_I2,Founder,E-Z1057,Петрићевић,Ваведење,Браничево,Ћуприја,43.9335612,21.3712355
surname_region_terminal,J2,non_I2,Relic,J-L283,Петровић,Ђурђевдан,Јабланица,Доњи Дејан/Власотинце,42.9792562,22.2133323
surname_region_terminal,R1a,non_I2,Founder,L1029,Петровић,Никољдан,Браничево,Каона/Кучево,44.4895001,21.6219058
surname_region_terminal,E,non_I2,Founder,E-BY165837,Петровић,Никољдан,Брда,Косор/Подгорица,42.4954379,19.3714714
surname_region_terminal,J2,non_I2,Founder,J-Y22059,Петровић,Лучиндан,Зета,Шкаљари/Котор,42.4177352,18.7658634
surname_region_terminal,R1a,non_I2,Founder,Y260767,Петровић,Арлијевдан,Зета,Добрско Село/Цетиње,42.3782323,18.9613067
surname_region_terminal,J2,non_I2,Founder,J-Y22059,Петровић,Ђурђевдан,Источна Босна,Доње Жешће/Фоча,43.6044873,18.742483
surname_region_terminal,R1b,non_I2,Relic,A12332,Петровић,Јовањдан,Источни Срем,Земун,44.8444,20.4123996
surname_region_terminal,E,non_I2,Founder,E-L241,Петровић,Стевањдан,Колубара,Доња Грабовица/Ваљево,43.0165896,19.0814012
surname_region_terminal,R1b,non_I2,Relic,Y175368,Петровић,Велика Госпојина,Колубара,Планиница/Мионица,44.1460378,20.1204715
surname_region_terminal,R1b,non_I2,Relic,BY199059,Петровић,Никољдан,Косово,Грачаница/Приштина,42.6174282,21.1489188
surname_region_terminal,PH908_primary,PH908_family,Founder,FT386055,Петровић,Аранђеловдан,Лика,Прљево/Грачац,44.1558717,16.0918232
surname_region_terminal,J2,non_I2,Founder,J-Y155375,Петровић,Ђурђевдан,Лика,Омсица/Грачац,44.3613784,15.9351896
surname_region_terminal,E,non_I2,Founder,E-FT178289,Петровић,Јовањдан,Мачва,Лоњин/Љубовија,44.2225382,19.3520244
surname_region_terminal,PH908_primary,PH908_family,Founder,FT16449,Петровић,Митровдан,Мачва,Радаљ/Мали Зворник,44.4038889,19.1833333
surname_region_terminal,G,non_I2,Founder,G-FTC64765,Петровић,Аранђеловдан,Мачва,Мала Врањска/Шабац,44.695063,19.733799
surname_region_terminal,J2,non_I2,Founder,J-L70,Петровић,Никољдан,Метохија,Мовљане/Сува Река,42.3731264,20.9030401
surname_region_terminal,E,non_I2,Founder,E-Z1057,Петровић,Митровдан,Понишавље,Горњи Матејевац/Ниш,43.3650197,21.9682163
surname_region_terminal,I1,non_I2,Relic,FTA28840,Петровић,Митровдан,Понишавље,Стол/Бабушница,43.037575,22.468326
surname_region_terminal,R1a,non_I2,Relic,FTB36486,Петровић,Аранђеловдан,Понишавље,Држина/Пирот,43.0976554,22.6015239
surname_region_terminal,G,non_I2,Relic,G-L140,Петровић,Мратиндан,Понишавље,Сићево/Ниш,43.3411244,22.0843369
surname_region_terminal,E,non_I2,Founder,E-PH1395,Петровић,Аранђеловдан,Рашка,Кулизино Село/Дајићи/Ивањица,43.4039852,20.2853921
surname_region_terminal,E,non_I2,Founder,E-Y128213,Петровић,Ђурђевдан,Североисточна Босна,Црњелово Доње/Бијељина,44.8562052,19.1480726
surname_region_terminal,PH908_primary,PH908_family,Founder,FT14506,Петровић,Ђурђевдан,Североисточна Босна,Петровићи/Шековићи,44.3328784,18.8639091
surname_region_terminal,N,non_I2,Founder,N-FT213937,Петровић,Јовањдан,Североисточна Босна,Прибој/Лопаре,44.6015596,18.9300839
surname_region_terminal,R1b,non_I2,Founder,FT44409,Петровић,Ђурђевдан,Славонија,Велико Набрђе/Сатница Ђаковачка,45.3537171,18.3754739
surname_region_terminal,PH908_primary,PH908_family,Founder,FT14506,Петровић,Ђурђевдан,Стара Херцеговина,Косаница/Пљевља,43.1961149,19.3217827
surname_region_terminal,I1,non_I2,Founder,BY169301,Петровић,Аранђеловдан,Стари Влах,Прањани/Горњи Милановац,44.0102717,20.2082248
surname_region_terminal,E,non_I2,Relic,E-FT8242,Петровић,Никољдан,Тимочка Крајина,Грљан/Зајечар,43.8581033,22.2930614
surname_region_terminal,I1,non_I2,Founder,FT428459,Петровић,Стевањдан,Топлица,Богујевац/Прокупље,43.0436697,21.5015772
surname_region_terminal,R1b,non_I2,Founder,FT44409,Петровић,Никољдан,Топлица,Рударе/Куршумлија,43.0655664,21.3165558
surname_region_terminal,N,non_I2,Founder,N-FT213937,Петровић,Јовањдан,Херцеговина,Загора/Требиње,42.8063794,18.2001257
surname_region_terminal,E,non_I2,Founder,E-FGC11450,Петровић,Јовањдан,Шумадија,Кавадар/Рековац,43.8374553,21.132143
surname_region_terminal,E,non_I2,Relic,E-Z5006,Петровић,Петковдан,Шумадија,Рипањ/Вождовац/Београд,44.6390298,20.5204337
surname_region_terminal,I1,non_I2,Founder,Y155080,Петровић,Никољдан,Шумадија,Липовац/Горњи Милановац,44.052779,20.6337538
surname_region_terminal,J2,non_I2,Founder,J-Y22063,Петронијевић,Савиндан,Шумадија,Даросава/Аранђеловац,44.338573,20.4576021
surname_region_terminal,Y3120_deep_mid_nonPH908,nonPH908_I2,Founder,Z17855,Петрунов,Аранђеловдан,Врањско Поморавље,Божица/Сурдулица,42.6156383,22.3999794
surname_region_terminal,PH908_primary,PH908_family,Founder,FT14506,Пецељ,Ђурђевдан,Херцеговина,Дубочица/Љубиње,42.9467238,18.1213467
surname_region_terminal,J2,non_I2,Founder,J-Y22059,Печеница,Аранђеловдан,Североисточна Босна,Топлица/Сребреница,43.9959791,19.443655
surname_region_terminal,E,non_I2,Founder,E-Z1057,Пешаковић,Никољдан,Рашка,Горње Исево/Гувниште/Лепосавић,43.215757,20.7728289
surname_region_terminal,R1a,non_I2,Founder,Z280,Пешић,Аранђеловдан,Врањско Поморавље,Јовац/Владичин Хан,42.637125,21.985899
surname_region_terminal,R1a,non_I2,Founder,Y189493,Пешут,Јовањдан,Херцеговина,Градац/Љубиње,42.9417549,18.1492109
surname_region_terminal,PH908_primary,PH908_family,Founder,FT190799,Пејак,Лучиндан,Херцеговина,Хумилишани/Мостар,43.4315166,17.8923547
surname_region_terminal,E,non_I2,Founder,E-FT104106,Пејановић,Петковдан,Херцеговина,Мостар,43.3435855,17.8076584
surname_region_terminal,R1a,non_I2,Relic,Y155362,Пејић,Тривуњдан,Средња Босна,Причани/Нови Травник,44.0715397,17.6514355
surname_region_terminal,J2,non_I2,Founder,J-Y22063,Пејовић,Ђурђевдан,Брда,Доња Поља/Поља/Мојковац,42.9770554,19.5238677
surname_region_terminal,PH908_primary,PH908_family,Founder,BY93199,Пејовић,Аранђеловдан,Зета,Подгорица,42.3592055,19.2499266
surname_region_terminal,I1,non_I2,Relic,Y264438,Пејовић,Ђурђевдан,Источна Босна,Старонићи/Чајниче,43.5593609,19.1343556
surname_region_terminal,J2,non_I2,Founder,J-Y22063,Пејовић,Ђурђевдан,Стара Херцеговина,Добри Нуго/Жабљак,43.1000405,19.2127663
surname_region_terminal,E,non_I2,Founder,E-FT104106,Пејовић,Јовањдан,Херцеговина,Кубатовина/Струпићи/Берковићи,43.0724681,18.1800932
surname_region_terminal,R1b,non_I2,Relic,Y104972,Пејушковић,Никољдан,Брда,Вилац/Подгорица,42.5766207,19.3945837
surname_region_terminal,E,non_I2,Founder,E-L241,Пејчиновић,Лучиндан,Стари Влах,Кокошиће/Сјеница,43.2675657,20.1373172
surname_region_terminal,E,non_I2,Founder,E-L241,Пејчиновић,Лучиндан,Топлица,Грабовац/Прокупље,43.1768941,21.4069923
surname_region_terminal,G,non_I2,Relic,G-L140,Пејчић,Никољдан,Понишавље,Рагодеш/Пирот,43.271839,22.501542
surname_region_terminal,E,non_I2,Founder,E-L241,Пивљанин,Аранђеловдан,Стара Херцеговина,Велике Крће/Пљевља,43.4202905,19.258848
surname_region_terminal,R1a,non_I2,Founder,YP417,Пикула,Никољдан,Херцеговина,Сливља/Гацко,43.2901952,18.3529637
surname_region_terminal,R1a,non_I2,Founder,BY99654,Пилиповић,Алимпијевдан,Босанска Крајина,Велики Цвјетнић/Бихаћ,44.4287387,16.1868095
surname_region_terminal,PH908_primary,PH908_family,Founder,BY93199,Пипер,Аранђеловдан,Брда,Беран Село/Беране,42.8461056,19.8741099
surname_region_terminal,PH908_primary,PH908_family,Relic,Y232617,Пирић,Нема,Херцеговина,Црнићи-Кула/Столац,43.1383968,17.8605227
surname_region_terminal,E,non_I2,Founder,E-FT104106,Пишталовић,Јовањдан,Североисточна Босна,Буковац/Брчко,44.8524814,18.7008674
surname_region_terminal,J2,non_I2,Founder,J-FT413312,Пиштињат,Јовањдан,Херцеговина,Граб/Требиње,42.6045249,18.4258756
surname_region_terminal,PH908_primary,PH908_family,Founder,BY93199,Пијовић,Аранђеловдан,Јабланица,Туларе/Медвеђа,42.794168,21.460543
surname_region_terminal,N,non_I2,Founder,N-FT213937,Пиља,Јовањдан,Лика,Бротња/Грачац,44.443412,16.1220739
surname_region_terminal,E,non_I2,Founder,E-BY165837,Плазинић,Никољдан,Стари Влах,Губеревци/Лучани,43.7632414,20.3447699
surname_region_terminal,E,non_I2,Founder,E-Z1057,Планиничић,Ђурђевдан,Расина,Лепенац/Брус,43.348585,21.084035
surname_region_terminal,E,non_I2,Founder,E-Y126722,Племић,Никољдан,Босанска Крајина,Босанско Грахово,44.1794878,16.3639977
surname_region_terminal,R1a,non_I2,Founder,FT288648,Плескоњић,Ђурђевдан,Стари Влах,Доње Бабине/Пријепоље,43.4156163,19.5323809
surname_region_terminal,R1b,non_I2,Founder,BY38894,Плешинац,Јовањдан,Рашка,Адрани/Краљево,43.7573076,20.6556342
surname_region_terminal,Y3120_shallow_nonPH908,nonPH908_I2,Relic,Y319762,Побулић,Ђурђевдан,Северна Барања,Мохач,45.9933836,18.6821079
surname_region_terminal,E,non_I2,Founder,E-BY165837,Подбићанин,Нема,Стари Влах,Брвине/Пријепоље,43.2141217,19.6781164
surname_region_terminal,J2,non_I2,Founder,J-Y14439,Подунавац,Ђурђевдан,Банија,Горњи Класнић/Глина,45.3382654,16.090752
surname_region_terminal,PH908_primary,PH908_family,Founder,Y51673,Покрајац,Никољдан,Босанска Крајина,Прово/Ливно,43.9380465,16.6708549
surname_region_terminal,R1b,non_I2,Founder,FT44409,Полимац,Митровдан,Банија,Швракарица/Двор,45.1774121,16.3372045
surname_region_terminal,R1b,non_I2,Founder,FT44409,Полимац,Митровдан,Западни Срем,Винковци,45.2883771,18.8045248
surname_region_terminal,E,non_I2,Founder,E-Z16988,Попадић,Никољдан,Херцеговина,Ходбина/Мостар,43.229703,17.8523897
surname_region_terminal,PH908_primary,PH908_family,Founder,Y58629,Попара,Никољдан,Херцеговина,Љубиње,42.9515429,18.08992
surname_region_terminal,E,non_I2,Founder,E-FT104106,Попивода,Јовањдан,Зета,Љешев Стуб/Цетиње,42.5137879,18.9135825
surname_region_terminal,R1a,non_I2,Founder,L1029,Попић,Јовањдан,Бачка,Сомбор,45.7727397,19.1147036
surname_region_terminal,PH908_primary,PH908_family,Founder,Y58629,Поплашен,Јовањдан,Далмација,Мирловић Поље/Ружић,42.7517779,22.1094616
surname_region_terminal,R1a,non_I2,Relic,FT255070,Попмихајлов,Аранђеловдан,Бачка,Србобран,45.5509101,19.7993393
surname_region_terminal,N,non_I2,Founder,N-FGC28435,Попов,Лазарева Субота,Западни Банат,Башаид/Кикинда,45.6391562,20.4136646
surname_region_terminal,I1,non_I2,Founder,BY169301,Попов Жикелић,Аранђеловдан,Бачка,Госпођинци/Жабаљ,45.4022051,19.9860024
surname_region_terminal,E,non_I2,Founder,E-Z16988,Поповац,Никољдан,Херцеговина,Турани/Требиње,42.8059433,18.2795775
surname_region_terminal,J2,non_I2,Founder,J-Y22063,Поповић,Никољдан,Јабланица,Добро Поље/Црна Трава,42.893133,22.280724
surname_region_terminal,E,non_I2,Founder,E-Z38456,Поповић,Никољдан,Банија,Грмушани/Двор,45.0884535,16.3087939
surname_region_terminal,PH908_primary,PH908_family,Founder,FT386055,Поповић,Аранђеловдан,Босанска Крајина,Бранешци Доњи/Челинац,44.7845621,17.5489684
surname_region_terminal,Y3120_shallow_nonPH908,nonPH908_I2,Relic,Y313595,Поповић,Лазарева Субота,Босанска Крајина,Церовљани/Градишка,45.0535948,17.2061523
surname_region_terminal,PH908_primary,PH908_family,Founder,FT14506,Поповић,Ђурђиц,Браничево,Шавац/Параћин,43.8425978,21.3596289
surname_region_terminal,E,non_I2,Relic,E-BY167606,Поповић,Никољдан,Брда,Дољани/Подгорица,43.0456259,17.6798693
surname_region_terminal,E,non_I2,Founder,E-Z1057,Поповић,Митровдан,Врањско Поморавље,Врање,42.5573069,21.9021867
surname_region_terminal,R1b,non_I2,Relic,FGC24408,Поповић,Никољдан,Врањско Поморавље,Сејаце/Бујановац,42.3750281,21.9314773
surname_region_terminal,J2,non_I2,Founder,J-Z38299,Поповић,Аранђеловдан,Врањско Поморавље,Градња/Врање,42.7025,21.8888889
surname_region_terminal,PH908_primary,PH908_family,Founder,FT16449,Поповић,Лучиндан,Далмација,Мокро Поље/Ервеник,44.0823219,16.0457544
surname_region_terminal,PH908_primary,PH908_family,Founder,FT16449,Поповић,Илиндан,Зета,Загора/Котор,42.302515,18.7496065
surname_region_terminal,E,non_I2,Founder,E-Z1057,Поповић,Никољдан,Источни Срем,Сремски Карловци,45.1860254,19.9571373
surname_region_terminal,R1a,non_I2,Relic,Y526047,Поповић,Аранђеловдан,Колубара,Ба/Љиг,44.1536678,20.1900143
surname_region_terminal,G,non_I2,Relic,G-L1266,Поповић,Никољдан,Косово,Грачаница/Приштина,42.6174282,21.1489188
surname_region_terminal,J2,non_I2,Founder,J-Z38299,Поповић,Никољдан,Лика,Доњи Штрбци/Доњи Лапац,44.5521346,15.9609632
surname_region_terminal,E,non_I2,Founder,E-Y7168,Поповић,Ђурђиц,Мачва,Југовићи/Лозница,44.5450039,19.4755196
surname_region_terminal,G,non_I2,Founder,G-Y128480,Поповић,Стевањдан,Мачва,Липолист/Шабац,44.697828,19.501014
surname_region_terminal,E,non_I2,Founder,E-Z13591,Поповић,Петковдан,Понишавље,Ниш,43.3211301,21.8959232
surname_region_terminal,J2,non_I2,Founder,J-Y155375,Поповић,Јовањдан,Понишавље,Велики Крчимир/Гаџин Хан,43.0987132,22.2089808
surname_region_terminal,E,non_I2,Founder,E-Y142744,Поповић,Ђурђевдан,Североисточна Босна,Горњи Церани/Церани/Дервента,44.8808504,17.8690682
surname_region_terminal,R1a,non_I2,Founder,L1029,Поповић,Стевањдан,Североисточна Босна,Чађавица Горња/Бијељина,44.7174967,19.0163704
surname_region_terminal,PH908_primary,PH908_family,Founder,Y56203,Поповић,Аранђеловдан,Североисточна Босна,Коренита/Угљевик,44.7516289,18.961579
surname_region_terminal,E,non_I2,Founder,E-L241,Поповић,Јовањдан,Славонија,Човац/Окучани,45.2372552,17.1701162
surname_region_terminal,I1,non_I2,Founder,FGC22061,Поповић,Ђурђевдан,Стари Влах,Горња Бела Река/Нова Варош,43.5870848,19.8706592
surname_region_terminal,PH908_primary,PH908_family,Founder,FT16449,Поповић,Стевањдан,Стари Влах,Бучје/Прибој,43.4684973,19.4227134
surname_region_terminal,PH908_primary,PH908_family,Founder,FT190799,Поповић,Лучиндан,Стари Влах,Косатица/Пријепоље,43.3873486,19.7340695
surname_region_terminal,J2,non_I2,Founder,J-Y155375,Поповић,Никољдан,Стари Влах,Лопаш/Пожега,43.8053585,20.1239919
surname_region_terminal,J2,non_I2,Founder,J-Y22063,Поповић,Никољдан,Стари Влах,Божетићи/Нова Варош,43.51533805,20.0990375
surname_region_terminal,R1a,non_I2,Founder,Z280,Поповић,Јовањдан,Стари Влах,Заблаће/Чачак,43.8432239,20.4479607
surname_region_terminal,PH908_map_nonprimary,PH908_family,Founder,Y4882,Поповић,Јовањдан,Херцеговина,Поповићи/Жаково/Требиње,42.8120652,18.1400825
surname_region_terminal,PH908_primary,PH908_family,Founder,Y51673,Поповић,Никољдан,Херцеговина,Мала Грачаница/Грачаница/Гацко,43.1784292,18.5216392
surname_region_terminal,J2,non_I2,Founder,J-Y155375,Поповић,Никољдан,Шумадија,Дучина/Сопот,44.4851149,20.4977443
surname_region_terminal,R1a,non_I2,Founder,L1029,Поповић,Непознато,Шумадија,Београд,44.7863236,20.4716856
surname_region_terminal,R1b,non_I2,Founder,L51,Пот,Нема,Северна Барања,Печуј,46.0765092,18.2280317
surname_region_terminal,PH908_map_nonprimary,PH908_family,Relic,Z16983,Поњевић,Никољдан,Босанска Крајина,Натпоље/Шипово,44.2425187,17.2024326
surname_region_terminal,J2,non_I2,Founder,J-Z38299,Правица,Зачеће Св. Јована Крститеља,Херцеговина,Дражин До/Требиње,42.7129306,18.2993683
surname_region_terminal,R1b,non_I2,Founder,FT49714,Прашчевић,Никољдан,Брда,Брезојевица/Плав,43.2272523,19.428269
surname_region_terminal,I1,non_I2,Founder,FGC22061,Предовић,Ђурђиц,Рашка,Самаила/Краљево,43.7632756,20.5479556
surname_region_terminal,R1a,non_I2,Founder,BY99654,Предојевић,Алимпијевдан,Босанска Крајина,Брдари/Сански Мост,44.7703568,16.5277554
surname_region_terminal,I1,non_I2,Founder,FGC22061,Предојевић,Стевањдан,Шумадија,Чумић/Крагујевац,44.1377164,20.7880504
surname_region_terminal,E,non_I2,Founder,E-BY165837,Прелевић,Никољдан,Брда,Доње Стравче/Подгорица,42.53604405,19.42981425
surname_region_terminal,R1a,non_I2,Founder,Y144943,Преловац,Лазарева Субота,Североисточна Босна,Батковић/Бијељина,44.8332129,19.2107897
surname_region_terminal,E,non_I2,Founder,E-BY165837,Премовић,Митровдан,Рашка,Лешак/Лепосавић,43.1671463,20.7425833
surname_region_terminal,PH908_primary,PH908_family,Founder,FT386055,Преочанин,Аранђеловдан,Далмација,Цетина/Цивљане,43.9739095,16.4271869
surname_region_terminal,E,non_I2,Founder,E-Z1057,Прерадов,Томиндан,Бачка,Параге/Бачка Паланка,45.413835,19.4043598
surname_region_terminal,E,non_I2,Relic,E-Y178858,Прерадовић,Илиндан,Босанска Крајина,Доњи Вијачани/Прњавор,44.808409,17.6027102
surname_region_terminal,R1a,non_I2,Founder,Y189493,Приметица,Никољдан,Далмација,Маовице/Врлика,43.8959074,16.3849929
surname_region_terminal,R1a,non_I2,Founder,L1029,Принчевац,Аранђеловдан,Стари Влах,Рокци/Ивањица,43.5320704,20.206666
surname_region_terminal,E,non_I2,Founder,E-Y128213,Пријовић,Јовањдан,Стари Влах,Херцеговачка Голеша/Прибој,43.5036499,19.4036702
surname_region_terminal,R1a,non_I2,Founder,Z280,Проданов,Михољдан,Бачка,Ковиљ,41.5096583,25.6625717
surname_region_terminal,R1a,non_I2,Founder,L1029,Продановић,Лучиндан,Североисточна Босна,Вуковићи/Милићи,44.1807548,19.1174753
surname_region_terminal,G,non_I2,Founder,G-Y128480,Продановић,Аранђеловдан,Херцеговина,Врањска/Билећа,43.0255962,18.2117436
surname_region_terminal,G,non_I2,Founder,G-Y128480,Продановић,Ђурђевдан,Шумадија,Опланић/Кнић,43.9812818,20.6842088
surname_region_terminal,R1a,non_I2,Founder,Y260767,Прокић,Јовањдан,Колубара,Осечина Село/Осечина,44.3860423,19.6161538
surname_region_terminal,R1a,non_I2,Founder,BY99654,Проле,Ђурђевдан,Босанска Крајина,Мајевац/Шипово,44.2455931,17.0377664
surname_region_terminal,PH908_primary,PH908_family,Relic,FT109387,Пролић,Михољдан,Босанска Крајина,Тријебово/Мркоњић Град,44.4845847,17.0808656
surname_region_terminal,PH908_primary,PH908_family,Founder,FT14506,Прошић,Вартоломијевдан,Босанска Крајина,Дољани/Бихаћ,44.7159168,16.20484055
surname_region_terminal,I2_unmapped_nonPH908,nonPH908_I2,Relic,P95,Пртењак,Ђурђевдан,Стари Влах,Котража/Лучани,43.7042885,20.2323381
surname_region_terminal,I1,non_I2,Founder,FTA86559,Прцовић,Лучиндан,Херцеговина,Тодорићи/Требиње,42.6920471,18.3330098
surname_region_terminal,R1a,non_I2,Founder,BY99654,Пупавац,Ђурђевдан,Лика,Дебело Брдо/Кореница,44.658711,15.6877394
surname_region_terminal,PH908_primary,PH908_family,Founder,FT14506,Пуровић,Петковдан,Стара Херцеговина,Крстац/Горње Чарађе/Никшић,43.5339655,18.958303
surname_region_terminal,R1a,non_I2,Founder,L1029,Путица,Ђурђевдан,Херцеговина,Орах/Требиње,42.8155828,18.4145798
surname_region_terminal,E,non_I2,Founder,E-Z38456,Путић,Ђурђевдан,Западни Банат,Врањево/Нови Бечеј,45.6044948,20.1233157
surname_region_terminal,PH908_primary,PH908_family,Founder,FT16449,Пухало,Никољдан,Херцеговина,Опличићи/Чапљина,43.1171721,17.8104965
surname_region_terminal,I1,non_I2,Founder,FGC22061,Пушкић,Никољдан,Стари Влах,Доње Бабине/Пријепоље,43.4156163,19.5323809
surname_region_terminal,PH908_primary,PH908_family,Founder,FT14506,Пујић,Ђурђевдан,Херцеговина,Тодорићи/Требиње,42.6920471,18.3330098
surname_region_terminal,G,non_I2,Relic,G-Z45690,Пуљезевић,Алимпијевдан,Мачва,Зајача/Лозница,44.456944,19.244444
surname_region_terminal,N,non_I2,Founder,N-FT182494,Пјано,Никољдан,Источна Босна,Потпећe/Фоча,43.4913678,18.889166
surname_region_terminal,I1,non_I2,Founder,FGC22061,Пјановић,Ђурђевдан,Стари Влах,Душманићи/Пријепоље,43.3934161,19.6249457
surname_region_terminal,E,non_I2,Founder,E-Y126722,Пјевић,Петровдан,Стари Влах,Биоска/Ужице,43.8648387,19.6528798
surname_region_terminal,R1a,non_I2,Founder,Y189493,Пјешчић,Стевањдан,Стара Херцеговина,Криводо/Равно/Плужине,43.2618254,18.3855462
surname_region_terminal,PH908_primary,PH908_family,Founder,Y134585,Рабреновић,Аранђеловдан,Брда,Бистрица/Мојковац,43.0009475,19.4406378
surname_region_terminal,E,non_I2,Founder,E-Y126722,Радаковић,Никољдан,Лика,Брувно/Грачац,44.4014245,15.8946906
surname_region_terminal,E,non_I2,Founder,E-CTS11222,Радан,Никољдан,Херцеговина,Трусина/Берковићи,43.1393167,18.1066429
surname_region_terminal,PH908_primary,PH908_family,Founder,FT14506,Радановић,Лазарева Субота,Банија,Брубно/Глина,45.1861204,16.0990234
surname_region_terminal,R1a,non_I2,Founder,FT288648,Радановић,Никољдан,Босанска Крајина,Поточани/Прњавор,45.041602,18.3168964
surname_region_terminal,PH908_primary,PH908_family,Founder,FT14506,Радановић,Ђурђевдан,Стара Херцеговина,Мокрине/Херцег Нови,42.5032117,18.4951416
surname_region_terminal,E,non_I2,Founder,E-BY165837,Радевић,Аранђеловдан,Брда,Мезгаљи/Беране,42.8435792,19.8728701
surname_region_terminal,J2,non_I2,Relic,J-L25,Раденковић,Мратиндан,Врањско Поморавље,Топли Дол/Сурдулица,42.6063889,22.3580556
surname_region_terminal,E,non_I2,Relic,E-A783,Раденковић,Ђурђиц,Косово,Србовац/Звечан,42.9522725,20.8383449
surname_region_terminal,Y3120_deep_mid_nonPH908,nonPH908_I2,Founder,Z17855,Раденковић,Ђурђевдан,Косово,Горње Вараге/Зубин Поток,42.9822393,20.5802612
surname_region_terminal,J2,non_I2,Relic,J-Y22069,Раденковић,Стевањдан,Расина,Почековина/Трстеник,43.594761,21.0885026
surname_region_terminal,R1a,non_I2,Founder,BY99654,Радетић,Ђурђевдан,Босанска Крајина,Лакташи,44.9074664,17.3022887
surname_region_terminal,E,non_I2,Founder,E-Z38456,Радеч,Аранђеловдан,Брда,Ново Село/Даниловград,42.4923888,19.1767047
surname_region_terminal,PH908_primary,PH908_family,Founder,Y134585,Радешић,Св. Симеон Богопримац,Североисточна Босна,Теслић,44.6065761,17.8595061
surname_region_terminal,J2,non_I2,Relic,J-Y430906,Радивојевић,Никољдан,Јабланица,Млачиште/Црна Трава,42.786998,22.224848
surname_region_terminal,R1a,non_I2,Founder,FT288648,Радивојевић,Стевањдан,Босанска Крајина,Грабовица/Котор Варош,44.4985509,17.5104759
surname_region_terminal,E,non_I2,Founder,E-Z1057,Радивојевић,Св. Врачи,Стари Влах,Дрежник/Ужице,43.7781721,19.9130094
surname_region_terminal,R1b,non_I2,Relic,PF7563,Радишић,Јовањдан,Североисточна Босна,Сухо Поље/Бијељина,44.6928537,19.0961397
surname_region_terminal,PH908_primary,PH908_family,Founder,FT14506,Радишић,Ђурђевдан,Херцеговина,Дабрица/Берковићи,43.1587708,18.0135932
surname_region_terminal,E,non_I2,Founder,E-FT104106,Радић,Томиндан,Босанска Крајина,Губин/Ливно,43.9468783,16.6562697
surname_region_terminal,Y3120_deep_mid_nonPH908,nonPH908_I2,Founder,Z17855,Радић,Никољдан,Босанска Крајина,Бућовача/Купрес,43.8890658,17.403712
surname_region_terminal,E,non_I2,Founder,E-Z1057,Радић,Петковдан,Косово,Готовуша/Штрпце,42.2489507,21.0698052
surname_region_terminal,I1,non_I2,Founder,FGC22061,Радић,Јовањдан,Североисточна Босна,Пељаве/Угљевик,44.6333515,18.9495018
surname_region_terminal,R1a,non_I2,Founder,BY30743,Радић,Стевањдан,Херцеговина,До/Требиње,42.9000719,18.0298066
surname_region_terminal,R1a,non_I2,Relic,YP1337,Радић,Јовањдан,Херцеговина,Придворци/Невесиње,43.3497198,18.1092547
surname_region_terminal,R1a,non_I2,Founder,Z280,Радић,Ђурђевдан,Херцеговина,Жрвањ/Љубиње,42.9371052,18.1881995
surname_region_terminal,I1,non_I2,Founder,FGC22061,Радић,Ђурђиц,Шумадија,Доња Рача/Рача,44.2195479,21.0174445
surname_region_terminal,R1a,non_I2,Founder,Z280,Радић,Аранђеловдан,Шумадија,Буковче/Јагодина,44.0049527,21.2315544
surname_region_terminal,R1a,non_I2,Relic,YP343,Радовановић,Митровдан,Браничево,Ћуприја,43.9335612,21.3712355
surname_region_terminal,R1b,non_I2,Founder,FT49714,Радовановић,Аранђеловдан,Брда,Ријека Пиперска/Подгорица,42.4415238,19.2621081
surname_region_terminal,R1a,non_I2,Founder,Z280,Радовановић,Никољдан,Колубара,Доњи Лајковац/Лајковац,44.3066246,20.2038536
surname_region_terminal,R1a,non_I2,Founder,Y189493,Радовановић,Стевањдан,Косово,Кориље/Звечан,42.9088412,20.8089548
surname_region_terminal,PH908_primary,PH908_family,Founder,FT190799,Радовановић,Лучиндан,Рашка,Нови Пазар,43.1406913,20.518057
surname_region_terminal,R1a,non_I2,Relic,YP5882,Радовановић,Јовањдан,Североисточна Босна,Прибој/Лопаре,44.6015596,18.9300839
surname_region_terminal,E,non_I2,Founder,E-Y126722,Радовановић,Часне Вериге апостола Петра,Стари Влах,Засеље/Пожега,43.9183914,19.9874782
surname_region_terminal,J2,non_I2,Founder,J-Y155375,Радовановић,Ђурђевдан,Стари Влах,Пилица/Бајина Башта,43.9396867,19.6375894
surname_region_terminal,I1,non_I2,Founder,FGC22061,Радовановић,Ђурђевдан,Топлица,Велика Плана/Прокупље,43.3282958,21.4361615
surname_region_terminal,R1a,non_I2,Founder,Y260767,Радовановић,Никољдан,Топлица,Широке Њиве/Прокупље,43.0976671,21.4680934
surname_region_terminal,N,non_I2,Founder,N-FT182494,Радовановић,Ђурђевдан,Херцеговина,Фатница/Билећа,43.0283069,18.3230171
surname_region_terminal,E,non_I2,Founder,E-Y142744,Радовановић,Лазарева Субота,Шумадија,Лесковац/Кнић,43.8463619,20.7457892
surname_region_terminal,I1,non_I2,Founder,FGC22061,Радовић,Аранђеловдан,Брда,Крушево/Бијело Поље,43.0015989,19.73946
surname_region_terminal,J2,non_I2,Founder,J-Y155375,Радовић,Ђурђевдан,Брда,Ораховица/Бијело Поље,43.1138896,19.7334445
surname_region_terminal,PH908_primary,PH908_family,Founder,BY93199,Радовић,Аранђеловдан,Зета,Сотонићи/Бар,42.2334056,19.0519166
surname_region_terminal,I1,non_I2,Founder,FGC22061,Радовић,Ђурђевдан,Источна Босна,Јечмишта/Фоча,43.556309850000005,18.7084991
surname_region_terminal,PH908_primary,PH908_family,Relic,Y135654,Радовић,Никољдан,Источна Босна,Крушевци/Соколац,44.0420697,18.7198448
surname_region_terminal,I1,non_I2,Founder,BY169301,Радовић,Ђурђевдан,Колубара,Славковица/Љиг,44.1694159,20.2473301
surname_region_terminal,Y3120_deep_mid_nonPH908,nonPH908_I2,Relic,Y263173,Радовић,Никољдан,Косово,Кориље/Звечан,42.9088412,20.8089548
surname_region_terminal,J2,non_I2,Founder,J-Y22063,Радовић,Никољдан,Мачва,Крнуле/Владимирци,44.5833977,19.749725
surname_region_terminal,R1a,non_I2,Founder,Z280,Радовић,Јовањдан,Рашка,Каменица/Требиће/Лепосавић,43.2006661,20.6601376
surname_region_terminal,PH908_primary,PH908_family,Founder,BY93199,Радовић,Аранђеловдан,Стара Херцеговина,Луково/Никшић,42.8048674,19.0215375
surname_region_terminal,E,non_I2,Founder,E-BY165837,Радовић,Ђурђевдан,Стара Херцеговина,Метаљка/Пљевља,43.5290166,19.1411237
surname_region_terminal,J2,non_I2,Founder,J-Y155375,Радовић,Ђурђевдан,Стари Влах,Џурово/Пријепоље,43.4596534,19.6252327
surname_region_terminal,I2_unmapped_nonPH908,nonPH908_I2,Relic,CTS12249,Радовић,Лучиндан,Топлица,Љуша/Куршумлија,43.0786235,21.2996578
surname_region_terminal,E,non_I2,Founder,E-BY165837,Радовић,Никољдан,Херцеговина,Братач/Невесиње,43.268725,18.2245113
surname_region_terminal,E,non_I2,Founder,E-Z1057,Радосављевић,Јовањдан,Источни Срем,Стари Сланкамен/Инђија,45.1414778,20.2585993
surname_region_terminal,Y3120_deep_mid_nonPH908,nonPH908_I2,Relic,BY92056,Радосављевић,Ђурђевдан,Понишавље,Ћићевац,43.7202753,21.441026
surname_region_terminal,E,non_I2,Founder,E-Z1057,Радосављевић,Никољдан,Шумадија,Зеоке/Лазаревац,44.4100886,20.3251085
surname_region_terminal,PH908_primary,PH908_family,Relic,A29945,Радојевић,Лучиндан,Рашка,Доњи Крњин/Лепосавић,43.1406216,20.7454677
surname_region_terminal,N,non_I2,Founder,N-FT182494,Радојевић,Јовањдан,Шумадија,Доња Рача/Рача,44.2195479,21.0174445
surname_region_terminal,R1a,non_I2,Founder,Y260767,Радојичић,Јовањдан,Мачва,Савковић/Љубовија,44.1849727,19.5623009
surname_region_terminal,Y3120_deep_mid_nonPH908,nonPH908_I2,Founder,Z17855,Радојичић,Алимпијевдан,Стари Влах,Каран/Ужице,43.918941,19.9069981
surname_region_terminal,I1,non_I2,Founder,FGC22061,Радојичић,Ђурђевдан,Шумадија,Клатичево/Горњи Милановац,44.0545104,20.4200762
surname_region_terminal,G,non_I2,Founder,G-Y128480,Радојковић,Никољдан,Шумадија,Лозовик/Велика Плана,44.4677494,21.1007233
surname_region_terminal,J2,non_I2,Founder,J-Y22063,Радојчић,Јовањдан,Банија,Љубина/Двор,45.0704459,16.2602417
surname_region_terminal,PH908_primary,PH908_family,Relic,Y499136,Радојчић,Лучиндан,Колубара,Горњи Лајковац/Мионица,44.164242,20.072164
surname_region_terminal,R1a,non_I2,Founder,L1029,Радојчић,Никољдан,Крањска,Бојанци/Чрномељ,45.5030746,15.2506432
surname_region_terminal,E,non_I2,Founder,E-BY165837,Радоњић,Никољдан,Брда,Медун/Подгорица,42.48190015,19.377382150000003
surname_region_terminal,PH908_primary,PH908_family,Founder,Y51673,Радоњић,Ђурђевдан,Зета,Његуши/Цетиње,42.4312967,18.8247712
surname_region_terminal,J2,non_I2,Founder,J-FT413312,Радуловић,Јовањдан,Источна Босна,Кусаче/Хан Пијесак,44.0812895,18.9530643
surname_region_terminal,J2,non_I2,Founder,J-FT413312,Радуловић,Мала Госпојина,Стара Херцеговина,Доња Трепча/Никшић,42.818574,18.7784033
surname_region_terminal,E,non_I2,Founder,E-L241,Радуловић,Лучиндан,Стари Влах,Штаваљ/Сјеница,43.2740496,20.1227045
surname_region_terminal,I1,non_I2,Founder,FGC22061,Радуловић,Ђурђевдан,Стари Влах,Милићевци/Чачак,43.9604585,20.3460895
surname_region_terminal,R1a,non_I2,Founder,L1029,Радусин,Михољдан,Босанска Крајина,Доњи Петровићи/Крупа на Уни,44.8923889,16.2761455
surname_region_terminal,E,non_I2,Founder,E-Y126722,Радујковић,Часне Вериге апостола Петра,Босанска Крајина,Челинац,44.7241731,17.319359
surname_region_terminal,E,non_I2,Founder,E-Z1057,Раичевић,Андријевдан,Брда,Ораховица/Бијело Поље,43.1138896,19.7334445
surname_region_terminal,E,non_I2,Founder,E-PH1395,Раичевић,Томиндан,Рашка,Брусник/Ивањица,43.3652737,20.3485801
surname_region_terminal,E,non_I2,Relic,E-L1250,Ракић,Ђурђиц,Браничево,Шетоње/Петровац на Млави,44.2729178,21.4743516
surname_region_terminal,G,non_I2,Founder,G-Y128480,Ракић,Мратиндан,Североисточна Босна,Рухотина/Бијељина,44.6351058,19.1869828
surname_region_terminal,R1a,non_I2,Founder,L1029,Ракић,Никољдан,Централна Хрватска,Кутина,45.483097,16.7755908
surname_region_terminal,R1a,non_I2,Relic,FTB42580,Раковац,Аранђеловдан,Понишавље,Ниш,43.3211301,21.8959232
surname_region_terminal,PH908_primary,PH908_family,Relic,FTA49542,Раковац,Лучиндан,Расина,Камењача/Трстеник,43.5725132,21.0681773
surname_region_terminal,I1,non_I2,Founder,Y155080,Раковић,Никољдан,Стари Влах,Горачићи/Лучани,43.7934332,20.3276681
surname_region_terminal,I1,non_I2,Founder,FT428459,Ранковић,Стевањдан,Шумадија,Рабровац/Младеновац,44.3594444,20.7525
surname_region_terminal,PH908_primary,PH908_family,Founder,FT14506,Ранђеловић,Никољдан,Јабланица,Шишава/Власотинце,42.990208,22.115749
surname_region_terminal,J2,non_I2,Relic,J-Y153290,Ранђеловић,Јовањдан,Топлица,Житорађа,43.1889653,21.7111439
surname_region_terminal,R1b,non_I2,Founder,A274,Растовић,Јовањдан,Лика,Срб/Грачац,44.3618722,16.1237712
surname_region_terminal,G,non_I2,Relic,G-Z3353,Ратковић,Ђурђевдан,Лика,Госпић,44.5245459,15.4229345
surname_region_terminal,E,non_I2,Founder,E-Z13591,Ратковић,Петковдан,Метохија,Суви Лукавац/Исток,42.7348718,20.5091945
surname_region_terminal,I1,non_I2,Founder,FGC22061,Ратковић,Никољдан,Стари Влах,Кучин/Пријепоље,43.4792831,19.6330634
surname_region_terminal,PH908_primary,PH908_family,Founder,FT14506,Ратковић,Никољдан,Топлица,Доња Бејашница/Прокупље,43.1956923,21.4531335
surname_region_terminal,PH908_primary,PH908_family,Founder,FT14506,Ратковић,Ђурђевдан,Херцеговина,Носати До/Жељево/Требиње,42.680871,18.4204464
surname_region_terminal,R1b,non_I2,Founder,L51,Рафаел,Нема,Централна Хрватска,Копривница,46.1623335,16.8307909
surname_region_terminal,PH908_primary,PH908_family,Founder,FT14506,Раца,Никољдан,Босанска Крајина,Гомјеница/Кмећани/Бања Лука,44.5750257,17.8561262
surname_region_terminal,I1,non_I2,Founder,Y155080,Рацков,Ђурђиц,Западни Банат,Баранда/Опово,45.0827888,20.4462371
surname_region_terminal,I1,non_I2,Founder,FGC22061,Рацковић,Ђурђевдан,Источна Босна,Борике/Рогатица,43.7997371,19.002206
surname_region_terminal,E,non_I2,Founder,E-PH1395,Рачић,Аранђеловдан,Брда,Андријевица,42.7339619,19.7917886
surname_region_terminal,PH908_primary,PH908_family,Founder,FT14506,Рачић,Ђурђевдан,Херцеговина,Днопоље/Доње Зијемље/Источни Мостар,43.3991839,18.01184585
surname_region_terminal,PH908_primary,PH908_family,Founder,FT14506,Рачић,Ђурђиц,Шумадија,Медвеђа/Трстеник,43.6280323,21.0564562
surname_region_terminal,E,non_I2,Founder,E-Y142744,Рашевић,Лазарева Субота,Источна Босна,Закмур/Фоча,43.4614071,18.6949606
surname_region_terminal,PH908_primary,PH908_family,Relic,BY169115,Рашић,Аранђеловдан,Врањско Поморавље,Пољаница/Врање,43.9103181,20.12359
surname_region_terminal,I1,non_I2,Founder,BY169301,Рашић,Никољдан,Источни Срем,Белегиш/Стара Пазова,45.0188292,20.3313275
surname_region_terminal,R1a,non_I2,Founder,Y260767,Рашковић,Јовањдан,Мачва,Прово/Владимирци,44.669566,19.910427
surname_region_terminal,I1,non_I2,Founder,FGC22061,Рашковић-Дробњак,Непознато,Херцеговина,Церница/Гацко,43.0770424,18.5163356
surname_region_terminal,R1b,non_I2,Relic,Y217583,Рашовић,Петровдан,Зета,Љајковићи/Зета,42.3672776,19.2176667
surname_region_terminal,R1b,non_I2,Founder,BY38894,Рађен,Лазарева Субота,Источна Босна,Хунковићи/Чајниче,43.6141976,19.2229414
surname_region_terminal,Y3120_deep_mid_nonPH908,nonPH908_I2,Founder,Z17855,Рајаковић,Алимпијевдан,Стари Влах,Лопаш/Пожега,43.8053585,20.1239919
surname_region_terminal,R1a,non_I2,Founder,Y189493,Рајилић,Марковдан,Босанска Крајина,Јошавка Горња/Челинац,44.7342666,17.4495925
surname_region_terminal,I1,non_I2,Founder,FGC22061,Рајић,Ђурђевдан,Далмација,Велушић/Дрниш,43.9072974,16.1306049
surname_region_terminal,E,non_I2,Founder,E-FGC11450,Рајић,Никољдан,Источна Босна,Врховина/Соколац,43.75356505,18.47785155
surname_region_terminal,R1a,non_I2,Founder,L1029,Рајић,Алимпијевдан,Топлица,Доња Бресница/Прокупље,43.3186282,21.413906
surname_region_terminal,E,non_I2,Founder,E-BY165837,Рајић,Ђурђиц,Шумадија,Страгари/Крагујевац,44.1508915,20.6624834
surname_region_terminal,E,non_I2,Founder,E-Y128213,Рајкић,Јовањдан,Североисточна Босна,Батковић/Бијељина,44.8332129,19.2107897
surname_region_terminal,PH908_primary,PH908_family,Founder,BY93199,Рајковић,Никољдан,Стара Херцеговина,Доња Бијела/Шавник,42.9136934,19.129948
surname_region_terminal,R1b,non_I2,Founder,BY38894,Рајковић,Петковдан,Тимочка Крајина,Ново Корито/Књажевац,43.6390663,22.4451115
surname_region_terminal,E,non_I2,Founder,E-Z13591,Рајковић,Ђурђиц,Тимочка Крајина,Чубра/Неготин,44.1908783,22.4673454
surname_region_terminal,E,non_I2,Founder,E-Z1057,Рајовић,Аранђеловдан,Шумадија,Прељина/Чачак,43.9013757,20.4178774
surname_region_terminal,E,non_I2,Founder,E-Y7168,Релић,Ђурђевдан,Банија,Горњи Класнић/Глина,45.3382654,16.090752
surname_region_terminal,PH908_primary,PH908_family,Relic,BY55537,Рендулић,Никољдан,Стари Влах,Лучани,43.8602275,20.1365353
surname_region_terminal,I1,non_I2,Founder,BY169301,Репац,Никољдан,Лика,Небљуси/Доњи Лапац,44.6631006,15.9442275
surname_region_terminal,R1a,non_I2,Founder,BY99654,Ресановић,Никољдан,Банија,Закопа/Двор,45.0613492,16.3515562
surname_region_terminal,J2,non_I2,Founder,J-Z38299,Решетар,Петковдан,Брда,Ново Село/Даниловград,42.4923888,19.1767047
surname_region_terminal,E,non_I2,Founder,E-Z1057,Рељић,Никољдан,Босанска Крајина,Исјек/Босанско Грахово,44.1390686,16.4784841
surname_region_terminal,E,non_I2,Founder,E-Z38456,Рибић,Никољдан,Босанска Крајина,Рибићи/Пећи/Кључ,43.687444,17.8558163
surname_region_terminal,I1,non_I2,Relic,Y220153,Рикановић,Јовањдан,Североисточна Босна,Кореташи/Лопаре,44.7696152,18.8632593
surname_region_terminal,E,non_I2,Founder,E-Z1057,Рикић,Мратиндан,Североисточна Босна,Угљевик Село/Угљевик,44.6728349,19.0272712
surname_region_terminal,E,non_I2,Founder,E-Z38456,Рисимић,Ђурђиц,Шумадија,Медвеђа/Трстеник,43.6280323,21.0564562
surname_region_terminal,R1b,non_I2,Founder,FT44409,Ристановић,Алимпијевдан,Мачва,Толисавац/Крупањ,44.3527778,19.435
surname_region_terminal,R1b,non_I2,Relic,BY250,Ристановић,Ђурђевдан,Стари Влах,Равни/Ужице,43.7409801,19.8878666
surname_region_terminal,N,non_I2,Founder,N-FT182494,Ристановић,Ђурђевдан,Шумадија,Кнежевац/Београд,44.7383816,20.4309098
surname_region_terminal,E,non_I2,Founder,E-Z1057,Ристивојевић,Св. Јован Златоусти,Стари Влах,Дљин/Лучани,43.8688788,20.1433467
surname_region_terminal,E,non_I2,Founder,E-Z1057,Ристић,Никољдан,Врањско Поморавље,Врање,42.5573069,21.9021867
surname_region_terminal,J2,non_I2,Relic,J-BY225800,Ристић,Аранђеловдан,Врањско Поморавље,Спанчевац/Бујановац,42.3683757,21.8453555
surname_region_terminal,R1a,non_I2,Founder,Z280,Ристић,Аранђеловдан,Расина,Гревци/Крушевац,43.4772604,21.5389785
surname_region_terminal,E,non_I2,Founder,E-FT104106,Ристић,Никољдан,Североисточна Босна,Попови/Бијељина,44.7633867,19.2733399
surname_region_terminal,R1a,non_I2,Founder,L1029,Ристић,Никољдан,Североисточна Босна,Рјечица Горња/Добој,44.6041026,18.099697
surname_region_terminal,PH908_primary,PH908_family,Founder,Y134585,Ристић,Св. Симеон Богопримац,Североисточна Босна,Ражљево/Брчко,44.7925327,18.9078822
surname_region_terminal,E,non_I2,Founder,E-Z1057,Ристић,Никољдан,Шумадија,Бањица/Вождовац/Београд,44.7562005,20.47756
surname_region_terminal,E,non_I2,Founder,E-Z1057,Ристовић,Илиндан,Шумадија,Витановац/Краљево,43.7272614,20.7995794
surname_region_terminal,J2,non_I2,Relic,J-FT157333,Ристовић,Ђурђевдан,Шумадија,Опланић/Кнић,43.9812818,20.6842088
surname_region_terminal,R1b,non_I2,Founder,A274,Риђешић,Аранђеловдан,Херцеговина,Тули/Зубци,42.6487584,18.37743
surname_region_terminal,PH908_primary,PH908_family,Relic,Y189076,Рнић,Пантелијевдан,Далмација,Отишић/Врлика,43.8488797,16.4510202
surname_region_terminal,E,non_I2,Founder,E-Z1057,Робовјановић,Петковдан,Тимочка Крајина,Александровац/Неготин,44.0826319,22.5798339
surname_region_terminal,E,non_I2,Founder,E-FT178289,Роган,Јовањдан,Херцеговина,Његановићи/Билећа,43.01992895,18.2692839
surname_region_terminal,PH908_primary,PH908_family,Founder,BY93199,Рогач,Аранђеловдан,Херцеговина,Битељица/Корита/Билећа,42.8941397,18.3250134
surname_region_terminal,E,non_I2,Founder,E-FT104106,Рогошић,Петковдан,Зета,Дахна/Дајбабе/Подгорица,42.4224623,19.226191
surname_region_terminal,PH908_primary,PH908_family,Founder,FT386055,Родић,Аранђеловдан,Босанска Крајина,Трубар/Дрвар,44.3489545,16.2628623
surname_region_terminal,PH908_primary,PH908_family,Founder,FT386055,Родић,Аранђеловдан,Шумадија,Рипањ/Вождовац/Београд,44.6390298,20.5204337
surname_region_terminal,E,non_I2,Founder,E-Y7168,Ромић,Никољдан,Босанска Крајина,Црна Долина/Приједор,45.0258623,16.7190536
surname_region_terminal,N,non_I2,Founder,N-FT213937,Ромчевић,Јовањдан,Кордун,Стипан/Вргинмост,45.4620539,15.8695715
surname_region_terminal,I1,non_I2,Founder,FGC22061,Росић,Јовањдан,Стари Влах,Рти/Лучани,43.7400977,20.2521899
surname_region_terminal,R1a,non_I2,Founder,L1029,Рошко,Никољдан,Босанска Крајина,Илова/Прњавор,44.8817167,17.6999456
surname_region_terminal,R1b,non_I2,Relic,M12135,Рошул,Лучиндан,Бачка,Тител,45.2043941,20.3060414
surname_region_terminal,J2,non_I2,Founder,J-Y22063,Ројевић,Мала Госпојина,Стара Херцеговина,Озринићи/Никшић,42.7442422,19.0003193
surname_region_terminal,R1a,non_I2,Founder,YP4278,Рудаковић,Св. Врачи,Стари Влах,Сивчина/Ивањица,43.5579931,20.1443154
surname_region_terminal,PH908_primary,PH908_family,Founder,FT14506,Рудан,Ђурђевдан,Херцеговина,Горња Дубока/Бурмази/Столац,42.98278435,17.97759405
surname_region_terminal,E,non_I2,Founder,E-PH1395,Рудинац,Аранђеловдан,Стари Влах,Горњи Дубац/Лучани,43.6634963,20.3615876
surname_region_terminal,R1a,non_I2,Relic,YP3982,Рудински,Нема,Бачка,Суботица,46.0929654,19.6539185
surname_region_terminal,I1,non_I2,Founder,FGC22061,Рудић,Аранђеловдан,Брда,Бијело Поље,43.0443294,19.6248651
surname_region_terminal,J2,non_I2,Founder,J-Y22059,Ружичић,Ђурђевдан,Стари Влах,Горачићи/Лучани,43.7934332,20.3276681
surname_region_terminal,R1b,non_I2,Founder,A274,Ружић,Јовањдан,Херцеговина,Доњи Тврдош/Тврдош/Требиње,42.7242067,18.2825677
surname_region_terminal,PH908_primary,PH908_family,Relic,A22770,Рукавина,Нема,Лика,Смољанац/Кореница,44.9410727,15.6527346
surname_region_terminal,PH908_primary,PH908_family,Founder,FT14506,Рунић,Никољдан,Босанска Крајина,Ведро Поље/Босански Петровац,44.5057546,16.3882685
surname_region_terminal,G,non_I2,Founder,G-FTC64765,Рутешић,Аранђеловдан,Стара Херцеговина,Грахово/Никшић,45.1456066,15.8422848
surname_region_terminal,E,non_I2,Founder,E-Z1057,Руљ,Лучиндан,Херцеговина,Невесиње,43.258198,18.106113
surname_region_terminal,J2,non_I2,Founder,J-Y22063,Рњавић,Јовањдан,Браничево,Осаница/Жагубица,44.2803153,21.6690321
surname_region_terminal,E,non_I2,Founder,E-L241,Савичић,Никољдан,Босанска Крајина,Црни Врх/Челинац,44.7756748,17.3972787
surname_region_terminal,PH908_primary,PH908_family,Relic,FTC69351,Савић,Никољдан,Босанска Крајина,Ћукали/Србац,44.9824202,17.5384854
surname_region_terminal,R1a,non_I2,Founder,Z280,Савић,Аћимовдан,Источна Босна,Градац/Фоча,43.5052753,18.7632044
surname_region_terminal,R1a,non_I2,Founder,BY30743,Савић,Никољдан,Источни Срем,Крушедол Село/Ириг,45.1129059,19.9473526
surname_region_terminal,I1,non_I2,Founder,FGC22061,Савић,Ђурђевдан,Колубара,Робаје/Мионица,44.2155848,19.9790323
surname_region_terminal,I1,non_I2,Founder,Y155080,Савић,Лучиндан,Колубара,Лукавац/Ваљево,44.2970451,19.9999414
surname_region_terminal,J2,non_I2,Founder,J-Y14439,Савић,Ђурђевдан,Мачва,Козјак/Лозница,44.5867673,19.2833921
surname_region_terminal,E,non_I2,Founder,E-L241,Савић,Савиндан,Расина,Радманово/Брус,43.3132438,20.9172713
surname_region_terminal,R1b,non_I2,Founder,BY38894,Савић,Мратиндан,Североисточна Босна,Даздарево/Бијељина,44.8339624,19.2787509
surname_region_terminal,R1a,non_I2,Founder,L1029,Савић,Лазарева Субота,Североисточна Босна,Лозна/Бановићи,44.4376937,18.3498309
surname_region_terminal,PH908_primary,PH908_family,Founder,Y134585,Савић,Ђурђевдан,Североисточна Босна,Горњи Церани/Дервента,44.9767094,17.906959
surname_region_terminal,I1,non_I2,Founder,Y155080,Савић,Ђурђевдан,Североисточна Босна,Чечава/Теслић,44.6922483,17.7150943
surname_region_terminal,J2,non_I2,Founder,J-Y155375,Савић,Пантелијевдан,Стари Влах,Подосоје/Ритошићи/Прибој,43.4856499,19.2461193
surname_region_terminal,J2,non_I2,Relic,J-Y29678,Савић,Аранђеловдан,Стари Влах,Злакуса/Ужице,43.8022341,19.952395
surname_region_terminal,E,non_I2,Founder,E-Y142744,Савић,Никољдан,Тимочка Крајина,Неготин,44.2271199,22.5308921
surname_region_terminal,E,non_I2,Founder,E-Z13591,Савић,Петковдан,Топлица,Мачковац/Куршумлија,43.1581576,21.2796539
surname_region_terminal,PH908_primary,PH908_family,Founder,BY93199,Савићевић,Аранђеловдан,Топлица,Растелица/Куршумлија,43.1411125,21.1105677
surname_region_terminal,N,non_I2,Founder,N-FT213937,Савовић,Јовањдан,Херцеговина,Загора/Требиње,42.8063794,18.2001257
surname_region_terminal,E,non_I2,Founder,E-FT104106,Савчић,Никољдан,Источна Босна,Соколац,44.7865695,15.8973452
surname_region_terminal,I1,non_I2,Founder,FGC22061,Сакић,Ђурђевдан,Стари Влах,Бесеровина/Бајина Башта,43.9506923,19.4693524
surname_region_terminal,R1a,non_I2,Founder,YP417,Салата,Митровдан,Херцеговина,Равно,42.8873119,17.9645863
surname_region_terminal,J2,non_I2,Founder,J-Y22063,Самарџић,Ђурђевдан,Херцеговина,Батковићи/Невесиње,43.2684239,18.1537177
surname_region_terminal,J2,non_I2,Founder,J-Y155375,Самоуковић,Ђурђевдан,Средња Босна,Урдук/Хаџићи,43.7993694,18.1342966
surname_region_terminal,E,non_I2,Founder,E-CTS11222,Сандаљ,Никољдан,Босанска Крајина,Радосавска/Бања Лука,44.849613,16.9479301
surname_region_terminal,PH908_primary,PH908_family,Founder,FT190799,Сарачевић,Лучиндан,Шумадија,Љутовница/Горњи Милановац,44.0769609,20.4387635
surname_region_terminal,J2,non_I2,Founder,J-Y155375,Сарић,Никољдан,Источна Босна,Мештревац/Фоча,43.2900651,18.9952065
surname_region_terminal,J2,non_I2,Founder,J-Y14439,Сатарић,Јовањдан,Стари Влах,Милатовићи/Лучани,43.7276927,20.3696394
surname_region_terminal,R1b,non_I2,Relic,Z9,Сајдл,Нема,Бачка,Бачки Маглић/Бачки Петровац,45.3600646,19.5914331
surname_region_terminal,I1,non_I2,Founder,FGC22061,Свилокос,Ђурђевдан,Источни Срем,Лаћарак/Сремска Митровица,44.9975082,19.5649928
surname_region_terminal,I1,non_I2,Founder,BY169301,Свирчевић,Аранђеловдан,Источни Срем,Беочин,45.2099153,19.7209347
surname_region_terminal,J2,non_I2,Founder,J-FT413312,Сворцан,Јовањдан,Херцеговина,Корита/Билећа,42.8941397,18.3250134
surname_region_terminal,PH908_primary,PH908_family,Founder,FT14506,Сеизовић,Никољдан,Босанска Крајина,Горња Козица/Сански Мост,44.6690571,16.8284501
surname_region_terminal,R1a,non_I2,Founder,L1029,Сеизовић,Св. Врачи,Рашка,Вранеши/Врњачка Бања,43.676962,20.8078058
surname_region_terminal,I1,non_I2,Founder,Y155080,Секулић,Никољдан,Западна Македонија,Тресонче/Маврово и Ростуша,41.562568,20.7220194
surname_region_terminal,PH908_primary,PH908_family,Founder,FT16449,Секулић,Митровдан,Мачва,Рибарица/Лозница,44.5309221,19.2237478
surname_region_terminal,R1a,non_I2,Founder,L1029,Секулић,Јовањдан,Североисточна Босна,Велика Обарска/Бијељина,44.8017099,19.1712899
surname_region_terminal,I1,non_I2,Founder,FGC22061,Секулић,Св. Врачи,Шумадија,Гунцати/Кнић,43.8944092,20.647532000000002
surname_region_terminal,PH908_primary,PH908_family,Founder,FT14506,Секуловић,Михољдан,Херцеговина,Орах/Равно,42.7009066,18.1804983
surname_region_terminal,PH908_primary,PH908_family,Founder,FT14506,Селак,Вартоломијевдан,Босанска Крајина,Требовљани/Градишка,45.0977605,17.1266967
surname_region_terminal,R1b,non_I2,Relic,Y164618,Симијановић,Аранђеловдан,Косово,Јажинце/Штрпце,42.2158079,20.9873528
surname_region_terminal,PH908_primary,PH908_family,Founder,FT16449,Симић,Игњатијевдан,Босанска Крајина,Грабовац/Челинац,44.7527078,17.3747428
surname_region_terminal,R1a,non_I2,Founder,Y189493,Симић,Марковдан,Босанска Крајина,Јошавка Горња/Челинац,44.7342666,17.4495925
surname_region_terminal,R1a,non_I2,Founder,L1029,Симић,Аранђеловдан,Браничево,Чубура/Ражањ,43.6669071,21.5353302
surname_region_terminal,J2,non_I2,Founder,J-L70,Симић,Аранђеловдан,Косово,Гризиме/Косовска Каменица,42.6056787,21.576878
surname_region_terminal,PH908_primary,PH908_family,Relic,Y151087,Симић,Св. Врачи,Косово,Врница/Вучитрн,42.7881005,20.9664322
surname_region_terminal,E,non_I2,Founder,E-L241,Симић,Никољдан,Североисточна Босна,Обади/Сребреница,44.143866,19.3628854
surname_region_terminal,R1a,non_I2,Founder,L1029,Симић,Ђурђевдан,Североисточна Босна,Буковица Горња/Бијељина,44.7706708,18.9776715
surname_region_terminal,PH908_primary,PH908_family,Founder,Y51673,Симић,Никољдан,Стари Влах,Вране/Ариље,43.7571083,20.0817975
surname_region_terminal,I1,non_I2,Founder,BY169301,Симић,Никољдан,Шумадија,Забрежје/Бања/Аранђеловац,44.2906194,20.6251573
surname_region_terminal,N,non_I2,Founder,N-FT213937,Симовић,Јовањдан,Стари Влах,Добриловићи/Прибој,43.5324266,19.5434799
surname_region_terminal,I2_unmapped_nonPH908,nonPH908_I2,Relic,P95,Симовић,Аранђеловдан,Стари Влах,Доброселица/Чајетина,43.6168559,19.7042761
surname_region_terminal,J2,non_I2,Founder,J-L70,Симовић,Мратиндан,Шумадија,Трешњевак/Крагујевац,43.9097407,20.9159334
surname_region_terminal,PH908_primary,PH908_family,Founder,FT14506,Симоничић,Стевањдан,Шумадија,Медвеђа/Трстеник,43.6280323,21.0564562
surname_region_terminal,E,non_I2,Founder,E-Y128213,Симонић,Никољдан,Рашка,Руђинци/Врњачка Бања,43.6186139,20.9120197
surname_region_terminal,R1b,non_I2,Founder,FT44409,Симоновић,Мратиндан,Западни Банат,Идвор/Ковачица,45.1903495,20.5131341
surname_region_terminal,R1a,non_I2,Founder,L1029,Сировица,Јовањдан,Далмација,Житнић/Дрниш,43.8363424,16.1346332
surname_region_terminal,R1a,non_I2,Relic,Y208600,Сијамија,Нема,Средња Босна,Прусац/Доњи Вакуф,44.0984545,17.3727432
surname_region_terminal,PH908_primary,PH908_family,Founder,Y51673,Скоко,Ђурђевдан,Херцеговина,Југовићи/Гацко,43.300501350000005,18.42468395
surname_region_terminal,PH908_primary,PH908_family,Founder,BY93199,Скоруп,Аранђеловдан,Херцеговина,Биоград/Невесиње,43.1975446,18.1736467
surname_region_terminal,R1a,non_I2,Founder,L1029,Скочибушић,Нема,Херцеговина,Месиховина/Дувно,43.576556,17.2856106
surname_region_terminal,E,non_I2,Founder,E-Z13591,Славковић,Петковдан,Рашка,Леча/Нови Пазар,43.073085,20.5577213
surname_region_terminal,J2,non_I2,Founder,J-L70,Славнић,Мратиндан,Банија,Љесковац/Двор,45.1727032,16.2442421
surname_region_terminal,E,non_I2,Founder,E-Z1057,Сладоје,Ђурђевдан,Источна Босна,Обаљ/Калиновик,43.461587,18.3516776
surname_region_terminal,E,non_I2,Founder,E-Z1057,Слијепчевић,Ђурђевдан,Херцеговина,Доња Ивица/Ивица/Љубиње,42.9125468,18.1830497
surname_region_terminal,PH908_primary,PH908_family,Founder,Y56203,Сломић,Аранђеловдан,Мачва,Мајур/Шабац,44.7708247,19.6547859
surname_region_terminal,E,non_I2,Founder,E-Z1057,Смилић,Св. Мина,Топлица,Штава/Куршумлија,43.1704962,20.9726989
surname_region_terminal,E,non_I2,Founder,E-FGC11450,Смиљанић,Јовањдан,Лика,Прокике/Бриње,44.9859473,15.0685638
surname_region_terminal,E,non_I2,Founder,E-Y126722,Смиљић,Никољдан,Североисточна Босна,Жарковина/Теслић,44.6335453,17.8519672
surname_region_terminal,I1,non_I2,Founder,FGC22061,Смиљковић,Никољдан,Топлица,Љутова/Куршумлија,43.1851995,21.0929454
surname_region_terminal,E,non_I2,Founder,E-FT104106,Совиљ,Никољдан,Босанска Крајина,Врточе/Босански Петровац,44.629217749999995,16.4017789
surname_region_terminal,Y3120_deep_mid_nonPH908,nonPH908_I2,Founder,Z17855,Соколовић,Аранђеловдан,Јабланица,Ивање/Бојник,43.0009751,21.5868902
surname_region_terminal,PH908_primary,PH908_family,Founder,FT14506,Сорајић,Ђурђевдан,Херцеговина,Дубочица/Љубиње,42.9467238,18.1213467
surname_region_terminal,N,non_I2,Founder,N-FT182494,Софренић,Стевањдан,Североисточна Босна,Бољанић/Добој,44.6890105,18.2211923
surname_region_terminal,G,non_I2,Founder,G-Y128480,Софронић,Никољдан,Колубара,Гола Глава/Ваљево,44.4068575,19.8637439
surname_region_terminal,J2,non_I2,Founder,J-FT413312,Спаић,Јовањдан,Херцеговина,Граб/Требиње,42.6045249,18.4258756
surname_region_terminal,E,non_I2,Founder,E-Y128213,Спарић,Јовањдан,Стари Влах,Херцеговачка Голеша/Прибој,43.5036499,19.4036702
surname_region_terminal,E,non_I2,Founder,E-Z1057,Спасеновић,Никољдан,Шумадија,Жарково/Београд,44.7546064,20.4103465
surname_region_terminal,J2,non_I2,Founder,J-Y22063,Спасић,Јовањдан,Врањско Поморавље,Загужање/Сурдулица,42.7067418,22.1499474
surname_region_terminal,E,non_I2,Relic,E-Y177539,Спасић,Ђурђевдан,Шумадија,Барич/Обреновац,44.6515602,20.2583617
surname_region_terminal,PH908_map_nonprimary,PH908_family,Relic,Z16983,Спасовић,Јовањдан,Стари Влах,Ерчеге/Ивањица,43.3658871,20.1659704
surname_region_terminal,E,non_I2,Founder,E-Y128213,Спасовски,Никољдан,Северна Македонија,Дренак/Старо Нагоричане,42.133988,22.3406594
surname_region_terminal,R1a,non_I2,Founder,Y189493,Спасојевић,Марковдан,Босанска Крајина,Шњеготина Велика/Челинац,44.7147009,17.5427528
surname_region_terminal,J2,non_I2,Founder,J-Y22063,Спасојевић,Ђурђиц,Колубара,Рађево Село/Ваљево,44.2912122,19.8638094
surname_region_terminal,PH908_primary,PH908_family,Founder,FT190799,Спасојевић,Лучиндан,Североисточна Босна,Патковача/Бијељина,44.7255327,19.227721
surname_region_terminal,PH908_primary,PH908_family,Founder,Y56203,Спасојевић,Аранђеловдан,Североисточна Босна,Батковић/Бијељина,44.8332129,19.2107897
surname_region_terminal,PH908_primary,PH908_family,Founder,FT14506,Спасојевић,Св. Врачи,Шумадија,Врановац/Јагодина,44.0224111,21.1509841
surname_region_terminal,R1b,non_I2,Relic,BY55016,Спахић,Јовањдан,Херцеговина,Тасовчићи/Чапљина,43.1144899,17.7151826
surname_region_terminal,R1a,non_I2,Relic,Y289137,Спајић,Никољдан,Источна Босна,Камен/Рогатица,43.7325285,19.0800618
surname_region_terminal,Y3120_shallow_nonPH908,nonPH908_I2,Relic,Y336366,Спајић,Лучиндан,Источна Босна,Мишћевина/Пљеско/Рогатица,43.7366992,19.0549349
surname_region_terminal,I1,non_I2,Founder,FGC22061,Срдановић,Никољдан,Стара Херцеговина,Косорићи/Добра Села/Шавник,44.0528966,18.9849007
surname_region_terminal,Y3120_deep_mid_nonPH908,nonPH908_I2,Founder,Z17855,Срдановић,Ђурђевдан,Стари Влах,Пожега,45.3310723,17.6765332
surname_region_terminal,PH908_primary,PH908_family,Founder,FT16449,Срдановић,Петровдан,Шумадија,Зеоке/Лазаревац,44.4100886,20.3251085
surname_region_terminal,E,non_I2,Founder,E-FGC11450,Средојевић,Савиндан,Стари Влах,Виницка/Пријепоље,43.3175174,19.6345473
surname_region_terminal,R1a,non_I2,Relic,Y208600,Сремац,Стевањдан,Источни Срем,Вашица/Шид,45.0956204,19.1866039
surname_region_terminal,PH908_primary,PH908_family,Founder,FT14506,Сретеновић,Никољдан,Шумадија,Барич/Обреновац,44.6515602,20.2583617
surname_region_terminal,E,non_I2,Founder,E-FT104106,Срећковић,Никољдан,Шумадија,Велико Крчмаре/Рача,44.1547148,20.8954382
surname_region_terminal,PH908_primary,PH908_family,Founder,FT14506,Срндовић,Лазарева Субота,Источна Босна,Фоча,44.8489627,18.0062959
surname_region_terminal,N,non_I2,Founder,N-FGC28435,Срнић,Никољдан,Банија,Горња Ораовица/Двор,45.1636272,16.409377
surname_region_terminal,J2,non_I2,Founder,J-Y22063,Стамболија,Ђурђевдан,Банија,Сочаница/Двор,45.065984,16.2901237
surname_region_terminal,R1a,non_I2,Founder,BY99654,Стаменковић,Алимпијевдан,Јабланица,Тулово/Лесковац,42.883953,21.987379
surname_region_terminal,PH908_primary,PH908_family,Founder,BY93199,Станаревић,Аранђеловдан,Североисточна Босна,Батковић/Бијељина,44.8332129,19.2107897
surname_region_terminal,J2,non_I2,Relic,J-Y523332,Станаћев,Ђурђевдан,Западни Банат,Ново Милошево/Нови Бечеј,45.7213056,20.3017485
surname_region_terminal,I1,non_I2,Founder,Y155080,Станимировић,Никољдан,Мачва,Шеварице/Шабац,44.8672047,19.6597085
surname_region_terminal,PH908_primary,PH908_family,Founder,FT14506,Станимировић,Лазарева Субота,Стара Херцеговина,Мале Крће/Пљевља,43.4276152,19.2895324
surname_region_terminal,R1a,non_I2,Founder,L1029,Станимировић,Никољдан,Шумадија,Гроцка,44.763475,20.5546567
surname_region_terminal,R1a,non_I2,Founder,FT288648,Станисављев (Ђорђевић),Ђурђевдан,Стари Влах,Скржути/Ужице,43.7607114,19.8734521
surname_region_terminal,R1a,non_I2,Founder,Z280,Станисављевић,Јовањдан,Источни Срем,Добановци/Сурчин,44.8275822,20.2228552
surname_region_terminal,R1b,non_I2,Founder,L51,Станисављевић,Ђурђевдан,Мачва,Липолист/Шабац,44.697828,19.501014
surname_region_terminal,E,non_I2,Founder,E-Z13591,Станишић,Петковдан,Брда,Винићи/Даниловград,42.6174623,19.0871714
surname_region_terminal,R1a,non_I2,Founder,L1029,Станишић,Нема,Западни Банат,Панчево,44.8705686,20.6399643
surname_region_terminal,PH908_primary,PH908_family,Founder,FT14506,Станишић,Тројчиндан,Стара Херцеговина,Топла/Херцег Нови,42.4592746,18.5268749
surname_region_terminal,E,non_I2,Founder,E-Z1057,Станић,Видовдан,Источни Срем,Нови Сланкамен/Инђија,45.1257668,20.2390854
surname_region_terminal,E,non_I2,Founder,E-Z1057,Станић,Видовдан,Лика,Ивакуша/Водотеч/Бриње,45.0726416,15.0746292
surname_region_terminal,J2,non_I2,Founder,J-Y14439,Станић,Никољдан,Расина,Вражогрнци/Александровац,43.4327044,21.1325508
surname_region_terminal,E,non_I2,Relic,E-Y328959,Станковић,Лучиндан,Јабланица,Губеревац/Лесковац,42.947969,22.028541
surname_region_terminal,PH908_primary,PH908_family,Relic,Y598756,Станковић,Никољдан,Браничево,Божевац/Мало Црниће,44.54213,21.3948737
surname_region_terminal,R1a,non_I2,Founder,Z280,Станковић,Аранђеловдан,Врањско Поморавље,Радовница/Трговиште,42.4142996,22.2246525
surname_region_terminal,I1,non_I2,Founder,BY169301,Станковић,Ђурђевдан,Колубара,Осеченица/Мионица,44.1900361,20.0299964
surname_region_terminal,E,non_I2,Founder,E-Z1057,Станковић,Алимпијевдан,Косово,Коњух/Липљан,42.5394477,21.1400963
surname_region_terminal,R1a,non_I2,Founder,L1029,Станковић,Јовањдан,Лика,Острвица/Госпић,44.5628718,15.4532645
surname_region_terminal,J2,non_I2,Founder,J-Y155375,Станковић,Јовањдан,Понишавље,Велики Крчимир/Гаџин Хан,43.0987132,22.2089808
surname_region_terminal,R1a,non_I2,Founder,L1029,Станковић,Никољдан,Понишавље,Горње Крњино/Бабушница,43.1065316,22.4317125
surname_region_terminal,PH908_primary,PH908_family,Relic,Y11229,Станковић,Никољдан,Расина,Каменица/Алексинац,43.4482965,21.6039815
surname_region_terminal,Y3120_deep_mid_nonPH908,nonPH908_I2,Relic,BY200456,Станковић,Аранђеловдан,Стари Влах,Шиљци/Забрњица/Прибој,44.5077168,18.7247453
surname_region_terminal,E,non_I2,Founder,E-BY165837,Станковић,Св. Врачи,Стари Влах,Соколићи/Чачак,43.9414481,20.3918266
surname_region_terminal,I1,non_I2,Founder,FGC22061,Станковић,Ђурђевдан,Стари Влах,Доброселица/Чајетина,43.6168559,19.7042761
surname_region_terminal,E,non_I2,Founder,E-Y128213,Станковић,Никољдан,Шумадија,Придворице/Смедеревска Паланка,44.3415448,20.9022412
surname_region_terminal,J2,non_I2,Relic,J-M205,Станковић,Никољдан,Шумадија,Липе/Смедерево,44.6409954,20.9992927
surname_region_terminal,E,non_I2,Founder,E-FGC11450,Станојевић,Аранђеловдан,Јабланица,Предејане (село)/Лесковац,42.8324918,22.1403994
surname_region_terminal,I1,non_I2,Founder,Y155080,Станојевић,Ђурђевдан,Босанска Крајина,Доњи Штрпци/Прњавор,44.866758,17.7473086
surname_region_terminal,E,non_I2,Founder,E-L241,Станојевић,Ђурђевдан,Колубара,Причевић/Ваљево,44.2799588,19.7729201
surname_region_terminal,I1,non_I2,Founder,Y155080,Станојевић,Ђурђевдан,Североисточна Босна,Чечава/Теслић,44.6922483,17.7150943
surname_region_terminal,I1,non_I2,Founder,FGC22061,Станојевић,Ђурђевдан,Стари Влах,Чачак,43.8914332,20.3491624
surname_region_terminal,E,non_I2,Founder,E-Y142744,Станојевић,Лазарева Субота,Шумадија,Лесковац/Кнић,43.8463619,20.7457892
surname_region_terminal,J2,non_I2,Founder,J-Y22059,Старчевић,Стевањдан,Североисточна Босна,Прњавор Мали/Добој,44.8111934,18.0098321
surname_region_terminal,R1a,non_I2,Founder,Y144943,Стајић,Лазарева Субота,Херцеговина,Грабовица/Невесиње,43.2449844,18.303860200000003
surname_region_terminal,PH908_primary,PH908_family,Founder,FT14506,Стајчић,Ђурђевдан,Херцеговина,Банчићи/Љубиње,42.9716006,17.9952073
surname_region_terminal,J2,non_I2,Founder,J-Z38299,Стевановић,Аранђеловдан,Јабланица,Бувце/Лебане,42.8374617,21.6910427
surname_region_terminal,E,non_I2,Founder,E-BY165837,Стевановић,Никољдан,Брда,Андријевица,42.7339619,19.7917886
surname_region_terminal,PH908_primary,PH908_family,Relic,FT271768,Стевановић,Аранђеловдан,Врањско Поморавље,Битврђа/Сурдулица,42.6958333,22.2691667
surname_region_terminal,J2,non_I2,Founder,J-Y22063,Стевановић,Никољдан,Рашка,Липова/Врњачка Бања,43.6162816,20.871667
surname_region_terminal,E,non_I2,Founder,E-Y142744,Стевановић,Јовањдан,Североисточна Босна,Прибој/Лопаре,44.6015596,18.9300839
surname_region_terminal,J2,non_I2,Founder,J-Y22059,Стевановић,Никољдан,Североисточна Босна,Батковић/Бијељина,44.8332129,19.2107897
surname_region_terminal,R1a,non_I2,Founder,Y144943,Стевановић,Лазарева Субота,Североисточна Босна,Јаблани/Стари Угљевик/Угљевик,44.6596333,19.007710199999998
surname_region_terminal,E,non_I2,Founder,E-Z1057,Стевановић,Никољдан,Топлица,Прокупље,43.2343484,21.5884422
surname_region_terminal,E,non_I2,Founder,E-CTS11222,Стевановић,Никољдан,Херцеговина,Зови До/Невесиње,43.1574316,18.2122491
surname_region_terminal,PH908_primary,PH908_family,Founder,FT16449,Стевановић,Никољдан,Херцеговина,Милавићи/Билећа,43.0685339,18.2180127
surname_region_terminal,PH908_primary,PH908_family,Relic,FT109387,Стевановић,Св. апостол Филип,Шумадија,Мала Плана/Смедеревска Паланка,44.3699164,21.016793
surname_region_terminal,J2,non_I2,Founder,J-Y155375,Стевић,Ђурђиц,Колубара,Вировац/Мионица,44.3098976,20.1033487
surname_region_terminal,E,non_I2,Founder,E-Z1057,Степановић,Никољдан,Западна Македонија,Радожда/Струга,41.1045491,20.6331544
surname_region_terminal,R1a,non_I2,Founder,Y189493,Степановић,Аранђеловдан,Расина,Рибник/Трстеник,43.6106119,21.0621145
surname_region_terminal,E,non_I2,Founder,E-Z1057,Степић,Св. Мина,Топлица,Претрешња/Блаце,43.3443801,21.3508387
surname_region_terminal,Y3120_deep_mid_nonPH908,nonPH908_I2,Relic,Z16971,Стефановић,Јовањдан,Браничево,Јошаница/Жагубица,44.2791418,21.7111387
surname_region_terminal,N,non_I2,Founder,N-FT182494,Стефановић,Никољдан,Источна Босна,Јошаница/Фоча,43.5592049,18.8079953
surname_region_terminal,R1a,non_I2,Founder,L1029,Стефановић,Ђурђиц,Расина,Лознац/Алексинац,43.4642398,21.6035527
surname_region_terminal,E,non_I2,Founder,E-Z1057,Стефановић,Алимпијевдан,Топлица,Блаце,43.2955155,21.2865967
surname_region_terminal,E,non_I2,Founder,E-PH1395,Стефановић,Св. Александар Невски,Шумадија,Комаране/Рековац,43.8309357,21.0781824
surname_region_terminal,E,non_I2,Founder,E-PH1395,Стијовић,Аранђеловдан,Брда,Маште/Беране,42.8435792,19.8728701
surname_region_terminal,I1,non_I2,Founder,FGC22061,Стоилковић,Аранђеловдан,Врањско Поморавље,Делиновица/Старац/Бујановац,42.3172856,21.9092268
surname_region_terminal,PH908_primary,PH908_family,Founder,Y51673,Столица,Никољдан,Херцеговина,Граница/Билећа,42.9283592,18.3519676
surname_region_terminal,E,non_I2,Founder,E-Y126722,Стојадиновић,Петровдан,Стари Влах,Виницка/Пријепоље,43.3175174,19.6345473
surname_region_terminal,J2,non_I2,Relic,J-L26,Стојаков,Андријевдан,Западни Банат,Црепаја/Ковачица,45.0092297,20.6372859
surname_region_terminal,J2,non_I2,Founder,J-Y22063,Стојанац,Св. Симеон Столпник,Далмација,Дабар/Хрваце,43.8319597,16.5546677
surname_region_terminal,E,non_I2,Founder,E-FGC11450,Стојановић,Јовањдан,Јабланица,Липовица/Власотинце,43.025175,22.104992
surname_region_terminal,R1a,non_I2,Founder,L1029,Стојановић,Аранђеловдан,Јабланица,Самарница/Власотинце,42.9364502,22.1802749
surname_region_terminal,R1b,non_I2,Founder,L51,Стојановић,Ђурђиц,Јабланица,Рафуна/Лебане,42.8570317,21.7020833
surname_region_terminal,E,non_I2,Relic,E-A9739,Стојановић,Никољдан,Браничево,Шетоње/Петровац на Млави,44.2729178,21.4743516
surname_region_terminal,R1b,non_I2,Relic,BY184991,Стојановић,Ђурђиц,Врањско Поморавље,Давидовац/Врање,42.4777778,21.8319444
surname_region_terminal,E,non_I2,Founder,E-Z13591,Стојановић,Петковдан,Косово,Чешановиће/Зубин Поток,42.9686117,20.6450363
surname_region_terminal,R1b,non_I2,Founder,FT44409,Стојановић,Никољдан,Косово,Љештар/Косовска Каменица,42.6464296,21.4873649
surname_region_terminal,J2,non_I2,Founder,J-Y22063,Стојановић,Јовањдан,Лика,Шкаре/Оточац,44.8917641,15.3098142
surname_region_terminal,J2,non_I2,Founder,J-Y22059,Стојановић,Јовањдан,Средња Босна,Осојница/Зеница,44.2187646,17.815246900000002
surname_region_terminal,R1a,non_I2,Founder,Y189493,Стојановић,Никољдан,Стари Влах,Лочевци/Горњи Милановац,44.0522841,20.3516323
surname_region_terminal,J2,non_I2,Founder,J-Z38299,Стојановић,Савиндан,Топлица,Пашинац/Прокупље,43.2781437,21.5070025
surname_region_terminal,R1b,non_I2,Relic,L23,Стојановић,Аранђеловдан,Топлица,Дубово/Житорађа,43.111387,21.695183
surname_region_terminal,E,non_I2,Relic,E-BY5610,Стојановић,Ђурђиц,Шумадија,Београд,44.7863236,20.4716856
surname_region_terminal,J2,non_I2,Founder,J-Y155375,Стојичић,Ђурђевдан,Босанска Крајина,Убовића Брдо/Мркоњић Град,44.3363229,16.8956213
surname_region_terminal,J2,non_I2,Founder,J-Y14439,Стојиљковић,Никољдан,Јабланица,Дадинце/Власотинце,42.9313337,22.125003
surname_region_terminal,J2,non_I2,Founder,J-L70,Стојиљковић,Никољдан,Понишавље,Велико Боњинце/Бабушница,43.013269,22.261229
surname_region_terminal,R1b,non_I2,Relic,Y104972,Стојић,Аранђеловдан,Стари Влах,Гуча/Лучани,43.7772932,20.2269416
surname_region_terminal,Y3120_shallow_nonPH908,nonPH908_I2,Relic,Y313595,Стојић,Лазарева Субота,Шумадија,Ћелије/Лајковац,44.3647918,20.2015775
surname_region_terminal,J2,non_I2,Founder,J-Z38299,Стојковић,Никољдан,Јабланица,Богуновац/Медвеђа,42.7815958,21.5075458
surname_region_terminal,R1a,non_I2,Relic,BY212473,Стојковић,Ђурђевдан,Јужна Барања,Дарда,45.6278597,18.6932831
surname_region_terminal,R1a,non_I2,Founder,Z280,Стојковић,Ђурђевдан,Браничево,Средњево/Велико Градиште,44.6456705,21.4891071
surname_region_terminal,PH908_primary,PH908_family,Founder,FT16449,Стојковић,Лазарева Субота,Метохија,Љубенић/Пећ,42.5967691,20.2921484
surname_region_terminal,E,non_I2,Founder,E-Z38456,Стојковић,Никољдан,Шумадија,Тулеж/Аранђеловац,44.4157702,20.4422253
surname_region_terminal,J2,non_I2,Founder,J-Y155375,Стојчевић,Ђурђевдан,Босанска Крајина,Ламинци/Градишка,45.0792332,17.3226077
surname_region_terminal,I1,non_I2,Relic,Z58,Стојчевић,Нема,Североисточна Босна,Комушина Горња/Теслић,44.531381,17.8406769
surname_region_terminal,J2,non_I2,Founder,J-L70,Стојчић,Мратиндан,Стари Влах,Доња Добриња/Пожега,43.929859,20.040822
surname_region_terminal,R1b,non_I2,Founder,BY38894,Страхињић,Аранђеловдан,Јабланица,Оране/Бојник,42.9840198,21.6281279
surname_region_terminal,E,non_I2,Founder,E-FGC11450,Страјнић,Никољдан,Јужна Барања,Поповац,45.3780484,17.041799
surname_region_terminal,R1b,non_I2,Founder,L51,Строс,Непознато,Крањска,Блед,46.3681066,13.9806073
surname_region_terminal,PH908_primary,PH908_family,Founder,FT14506,Ступар,Лазарева Субота,Босанска Крајина,Мала Крупска Рујишка/Нови Град,44.900746,16.3432266
surname_region_terminal,I1,non_I2,Founder,FTA86559,Суботин,Видовдан,Западни Банат,Санад/Чока,45.975572,20.1045666
surname_region_terminal,I1,non_I2,Founder,FGC22061,Суботички,Никољдан,Бачка,Бачко Петрово Село/Бечеј,45.7069444,20.0791667
surname_region_terminal,E,non_I2,Founder,E-Y126722,Суботић,Часне Вериге апостола Петра,Босанска Крајина,Греда/Градишка,45.1408227,17.3240079
surname_region_terminal,Y3120_shallow_nonPH908,nonPH908_I2,Relic,Y189170,Суботић,Арлијевдан,Источна Босна,Подлозник/Пале,43.8283092,18.7430908
surname_region_terminal,E,non_I2,Founder,E-Z16988,Судар,Ђурђевдан,Херцеговина,Бачевићи/Мостар,43.2650406,17.8217135
surname_region_terminal,E,non_I2,Founder,E-Z38456,Сузић,Јовањдан,Банија,Горњи Жировац/Двор,45.0696005,16.3785028
surname_region_terminal,R1b,non_I2,Founder,A274,Сузић,Мратиндан,Славонија,Окучани,45.2931478,17.2051758
surname_region_terminal,J2,non_I2,Founder,J-Y155375,Сурла,Никољдан,Лика,Глогово/Грачац,44.3137388,15.9512955
surname_region_terminal,R1b,non_I2,Founder,A274,Сушић,Аранђеловдан,Херцеговина,Шћеница Љубомир/Требиње,42.8363878,18.3190328
surname_region_terminal,R1a,non_I2,Founder,Y189493,Сјеран,Јовањдан,Херцеговина,Житомислићи/Мостар,43.2079754,17.7927274
surname_region_terminal,PH908_primary,PH908_family,Founder,Y51673,Табаковић,Никољдан,Херцеговина,Мрежица/Билећа,42.8663725,18.4411507
surname_region_terminal,J2,non_I2,Founder,J-Y155375,Тадић,Никољдан,Лика,Доњи Лапац,44.5521346,15.9609632
surname_region_terminal,E,non_I2,Founder,E-Z16988,Тадић,Јовањдан,Мачва,Дрлаче/Љубовија,44.166395050000006,19.5222255
surname_region_terminal,R1a,non_I2,Founder,L1029,Тамбурић,Аранђеловдан,Источна Босна,Ново Село/Соколац,43.9505516,18.7937477
surname_region_terminal,PH908_primary,PH908_family,Founder,FT16449,Таминџија,Ђурђевдан,Херцеговина,Бежђеђе/Невесиње,43.111571,18.2161542
surname_region_terminal,R1b,non_I2,Founder,BY38894,Танасијевић,Непознато,Западни Банат,Старчево/Панчево,44.8100472,20.6998149
surname_region_terminal,R1a,non_I2,Founder,Y189493,Танасијевић,Стевањдан,Херцеговина,Врпоље Загора/Требиње,42.8083071,18.1886546
surname_region_terminal,I1,non_I2,Founder,Y155080,Танкосић,Никољдан,Стари Влах,Засеље/Пожега,43.9183914,19.9874782
surname_region_terminal,I1,non_I2,Founder,FGC22061,Тановић,Ђурђевдан,Источна Босна,Кусуци/Рогатица,43.7184512,19.090371
surname_region_terminal,PH908_map_nonprimary,PH908_family,Relic,BY190177,Тараниш,Нема,Брда,Горња Врбица/Петњица,42.8904302,20.0079027
surname_region_terminal,E,non_I2,Founder,E-Y142744,Тасић,Аранђеловдан,Врањско Поморавље,Горње Јабуково/Владичин Хан,42.7333969,22.0327319
surname_region_terminal,PH908_primary,PH908_family,Founder,FT14506,Тасић,Никољдан,Косово,Штрпце,42.2401249,21.0253337
surname_region_terminal,E,non_I2,Founder,E-Z1057,Тасовац,Аранђеловдан,Херцеговина,Требијови/Требиње,42.7523566,18.3183293
surname_region_terminal,J2,non_I2,Founder,J-Y14439,Таталовић,Јовањдан,Лика,Дрежница/Огулин,45.1378632,15.0921505
surname_region_terminal,R1b,non_I2,Founder,L51,Татарин,Непознато,Шумадија,Смедерево,44.6651048,20.9271115
surname_region_terminal,PH908_primary,PH908_family,Founder,Y58629,Татић,Јовањдан,Босанска Крајина,Бањани/Босанска Крупа,45.0253584,16.1389906
surname_region_terminal,E,non_I2,Founder,E-Z1057,Тајсић,Аранђеловдан,Стари Влах,Пухово/Лучани,43.8196348,20.1868629
surname_region_terminal,PH908_primary,PH908_family,Founder,FT16449,Тегарић,Игњатијевдан,Херцеговина,Горица/Требиње,42.7189599,18.3707433
surname_region_terminal,PH908_primary,PH908_family,Founder,FT16449,Телебак,Никољдан,Херцеговина,Жабица/Љубиње,42.8764849,18.1710548
surname_region_terminal,R1b,non_I2,Relic,PH4902,Теодоровић,Аранђеловдан,Источни Банат,Варјаш/Темишвар,46.0117982,20.9613727
surname_region_terminal,I1,non_I2,Founder,FGC22061,Терзић,Стевањдан,Стари Влах,Рти/Лучани,43.7400977,20.2521899
surname_region_terminal,PH908_primary,PH908_family,Founder,Y56203,Терзић,Аранђеловдан,Херцеговина,Братач/Невесиње,43.268725,18.2245113
surname_region_terminal,R1a,non_I2,Founder,BY99654,Тешановић,Мала Госпојина,Североисточна Босна,Горња Бочиња/Маглај,44.5239606,18.2106692
surname_region_terminal,I1,non_I2,Relic,Y220153,Тешановић,Ђурђевдан,Североисточна Босна,Кореташи/Лопаре,44.7696152,18.8632593
surname_region_terminal,R1a,non_I2,Founder,L1029,Тимотијевић,Аранђеловдан,Шумадија,Борци/Рача,44.2054966,20.8807182
surname_region_terminal,R1a,non_I2,Founder,BY99654,Тимченко,Непознато,Колубара,Руклада/Уб,44.4052974,20.1129772
surname_region_terminal,J2,non_I2,Founder,J-Y22063,Тинтор,Св. Врачи,Банија,Доњи Жировац/Двор,45.11538625,16.268397399999998
surname_region_terminal,E,non_I2,Founder,E-Z1057,Тодић,Јовањдан,Топлица,Доња Јошаница/Блаце,43.3008169,21.3710012
surname_region_terminal,J2,non_I2,Founder,J-Y155375,Тодовић,Никољдан,Источна Босна,Челебићи/Фоча,43.3913313,18.9682323
surname_region_terminal,E,non_I2,Founder,E-L241,Тодоровић,Ђурђевдан,Босанска Крајина,Јасенови Потоци/Мркоњић Град,44.2895504,16.8605679
surname_region_terminal,PH908_primary,PH908_family,Founder,BY93199,Тодоровић,Аранђеловдан,Зета,Марковина/Цетиње,42.5423512,19.0074242
surname_region_terminal,I1,non_I2,Founder,BY169301,Тодоровић,Никољдан,Мачва,Шабац,44.7571535,19.6953972
surname_region_terminal,E,non_I2,Founder,E-Z1057,Тодоровић,Петковдан,Метохија,Призрен,42.2130151,20.7363339
surname_region_terminal,E,non_I2,Founder,E-L241,Тодоровић,Никољдан,Североисточна Босна,Попови/Бијељина,44.7633867,19.2733399
surname_region_terminal,N,non_I2,Founder,N-FT182494,Тодоровић,Јовањдан,Североисточна Босна,Коренита/Угљевик,44.7516289,18.961579
surname_region_terminal,R1b,non_I2,Founder,A274,Тодоровић,Стевањдан,Стари Влах,Заовине/Бајина Башта,43.8681234,19.3539846
surname_region_terminal,I1,non_I2,Founder,FGC22061,Тодоровић,Аранђеловдан,Стари Влах,Чачак,43.8914332,20.3491624
surname_region_terminal,Y3120_deep_mid_nonPH908,nonPH908_I2,Relic,BY116090,Тодоровић,Никољдан,Шумадија,Орашје/Варварин,43.7435082,21.2698995
surname_region_terminal,G,non_I2,Founder,G-Y128480,Тодоровић,Св. Јевстатије,Шумадија,Коњуша/Кнић,44.0120308,20.6048155
surname_region_terminal,PH908_map_nonprimary,PH908_family,Founder,Y4882,Томасовић,Никољдан,Далмација,Смрдеље/Кистање,43.9374021,15.8961545
surname_region_terminal,E,non_I2,Founder,E-Z13591,Томашевић,Петковдан,Брда,Лубово/Даниловград,44.3083701,17.0584936
surname_region_terminal,E,non_I2,Relic,E-BY154448,Томашевић,Петковдан,Западни Банат,Луговет/Соколовац,45.7021072,18.7957333
surname_region_terminal,PH908_primary,PH908_family,Relic,Y499136,Томашевић,Лучиндан,Стари Влах,Волујац/Ужице,43.8940577,19.7735023
surname_region_terminal,R1a,non_I2,Founder,Z280,Томашевић,Никољдан,Стари Влах,Бабине/Пријепоље,43.4233901,19.4880339
surname_region_terminal,PH908_primary,PH908_family,Founder,Y58629,Томић,Јовањдан,Бачка,Пачир/Бачка Топола,45.9004769,19.4462159
surname_region_terminal,E,non_I2,Founder,E-Y126722,Томић,Петровдан,Брда,Старче/Колашин,42.8549212,19.3080011
surname_region_terminal,J2,non_I2,Founder,J-Y22059,Томић,Јовањдан,Западни Банат,Вршац,45.1200117,21.298788
surname_region_terminal,R1a,non_I2,Relic,FT255070,Томић,Ђурђиц,Понишавље,Бреница/Ниш,43.3820148,21.9279517
surname_region_terminal,PH908_primary,PH908_family,Founder,FT16449,Томић,Игњатијевдан,Североисточна Босна,Средњи Загони/Бијељина,44.7568464,19.2156628
surname_region_terminal,R1a,non_I2,Founder,L1029,Томић,Ђурђевдан,Североисточна Босна,Супач/Милићи,44.1573104,19.0615847
surname_region_terminal,I1,non_I2,Founder,FGC22061,Томић,Ђурђевдан,Стара Херцеговина,Тимар/Шавник,42.9775589,19.19491
surname_region_terminal,E,non_I2,Founder,E-Y128213,Томић,Јовањдан,Стари Влах,Солотуша/Бајина Башта,43.9019365,19.5673531
surname_region_terminal,E,non_I2,Founder,E-FT104106,Томовић,Ђурђевдан,Брда,Ровца/Беране,42.7745463,19.9083479
surname_region_terminal,R1a,non_I2,Founder,Z280,Тонковић,Нема,Лика,Синац/Оточац,44.8291939,15.3314938
surname_region_terminal,E,non_I2,Founder,E-Z1057,Топаловић,Св. Врачи,Колубара,Бранговић/Ваљево,44.2162154,19.8772751
surname_region_terminal,PH908_primary,PH908_family,Founder,FT16449,Топаловић,Никољдан,Североисточна Босна,Горњи Скиповац/Добој,44.7877223,18.2612727
surname_region_terminal,PH908_primary,PH908_family,Founder,FT14506,Топаловић,Ђурђевдан,Херцеговина,Крајпоље/Љубиње,42.9209583,18.1214927
surname_region_terminal,R1a,non_I2,Founder,L1029,Топалски,Матијевдан,Бачка,Бачко Петрово Село/Бечеј,45.7069444,20.0791667
surname_region_terminal,R1a,non_I2,Founder,BY99654,Топић,Јовањдан,Босанска Крајина,Лушци Паланка/Сански Мост,44.7461652,16.4310366
surname_region_terminal,E,non_I2,Founder,E-L241,Топић,Никољдан,Босанска Крајина,Опсјечко/Челинац,44.7048323,17.3393108
surname_region_terminal,I1,non_I2,Founder,FTA86559,Тошин,Ђурђевдан,Западни Банат,Радојево/Нова Црња,45.7447038,20.7894695
surname_region_terminal,E,non_I2,Founder,E-Z1057,Тошић,Никољдан,Јабланица,Бошњаце/Лебане,42.9491756,21.8287047
surname_region_terminal,PH908_primary,PH908_family,Founder,FT14506,Тошић,Томиндан,Источна Босна,Жљебови/Соколац,43.996984,18.8820151
surname_region_terminal,E,non_I2,Founder,E-L241,Тошић,Јовањдан,Мачва,Крајишници/Лозница,44.5221008,19.2116518
surname_region_terminal,R1a,non_I2,Founder,BY99654,Тошић,Никољдан,Понишавље,Петровац/Пирот,43.0791755,22.6179807
surname_region_terminal,I1,non_I2,Relic,FTA28840,Тошић,Никољдан,Понишавље,Бела Паланка,43.2179542,22.3112654
surname_region_terminal,E,non_I2,Founder,E-Z1057,Тошић,Јовањдан,Расина,Тоболац/Трстеник,43.552569,21.1157933
surname_region_terminal,E,non_I2,Founder,E-Y128213,Тошић,Јовањдан,Стари Влах,Пилатовићи/Пожега,43.8263227,20.105195
surname_region_terminal,R1a,non_I2,Founder,FT288648,Тошић,Ђурђевдан,Стари Влах,Сељашница/Пријепоље,43.3716225,19.5922106
surname_region_terminal,PH908_primary,PH908_family,Relic,Y135653,Тошковић,Срђевдан,Брда,Јасенова/Колашин,42.7886286,19.2931192
surname_region_terminal,R1a,non_I2,Founder,YP4278,Тошковић,Аранђеловдан,Мачва,Завлака/Крупањ,44.4554446,19.4834196
surname_region_terminal,J2,non_I2,Founder,J-Y22059,Травар,Јовањдан,Босанска Крајина,Кијевци/Градишка,45.0443206,17.1629297
surname_region_terminal,E,non_I2,Founder,E-Z1057,Трапарић,Јовањдан,Херцеговина,Цибријан/Врпоље Љубомир/Требиње,42.7645262,18.3643403
surname_region_terminal,E,non_I2,Founder,E-L241,Трајковић,Аранђеловдан,Јабланица,Стубла/Бојник,43.067732,21.798971
surname_region_terminal,J2,non_I2,Relic,J-M319,Трајковић,Никољдан,Врањско Поморавље,Спанчевац/Бујановац,42.3683757,21.8453555
surname_region_terminal,J2,non_I2,Relic,J-S11842,Трајковић,Аранђеловдан,Врањско Поморавље,Доњи Вртогош/Врање,42.5573069,21.9021867
surname_region_terminal,I1,non_I2,Founder,BY169301,Трајковић,Тривуњдан,Косово,Крушевац/Обилић,42.6605565,21.0826418
surname_region_terminal,E,non_I2,Founder,E-Z38456,Трајковић,Петковдан,Косово,Приштина,42.6638771,21.1640849
surname_region_terminal,PH908_primary,PH908_family,Founder,FT16449,Тривић,Ђурђевдан,Босанска Крајина,Јошавка Доња/Челинац,44.7483667,17.4162565
surname_region_terminal,R1a,non_I2,Founder,L1029,Тривић,Никољдан,Далмација,Подосоје/Врлика,43.9039319,16.4167782
surname_region_terminal,E,non_I2,Founder,E-BY165837,Трипковић,Алимпијевдан,Расина,Стопања/Трстеник,43.5803951,21.1464623
surname_region_terminal,R1a,non_I2,Founder,BY99654,Трифковић,Аранђеловдан,Источна Босна,Јабука/Фоча,43.6247453,18.6738828
surname_region_terminal,PH908_primary,PH908_family,Founder,FT14506,Трифковић,Митровдан,Источна Босна,Пале,43.8141813,18.5696052
surname_region_terminal,N,non_I2,Founder,N-FGC28435,Трифковић,Јовањдан,Североисточна Босна,Бијељина,44.7568464,19.2156628
surname_region_terminal,I1,non_I2,Founder,FGC22061,Трифковић,Никољдан,Херцеговина,Раштани/Мостар,43.3706518,17.8335781
surname_region_terminal,R1a,non_I2,Founder,L1029,Трифу,Нема,Западни Банат,Алибунар,45.0800389,20.966524
surname_region_terminal,R1a,non_I2,Founder,Y144943,Трифуновић,Лазарева Субота,Североисточна Босна,Попови/Бијељина,44.7633867,19.2733399
surname_region_terminal,I1,non_I2,Relic,Y237563,Трифуновић,Ђурђевдан,Стари Влах,Речице/Пожега,43.7818153,20.0288057
surname_region_terminal,E,non_I2,Founder,E-FT104106,Тришић,Никољдан,Херцеговина,Потоци/Мостар,43.4078203,17.8758297
surname_region_terminal,G,non_I2,Founder,G-FTC64765,Тркља,Аранђеловдан,Херцеговина,Подосоје/Билећа,42.8954979,18.4023234
surname_region_terminal,J2,non_I2,Founder,J-L70,Трујкић,Мали Никољдан,Тимочка Крајина,Мали Кривељ/Бор,44.1492178,22.0454914
surname_region_terminal,E,non_I2,Founder,E-FGC11450,Тубић,Савиндан,Стари Влах,Доње Лопиже/Сјеница,43.32266405,19.98112675
surname_region_terminal,E,non_I2,Founder,E-FT178289,Тунгуз,Јовањдан,Херцеговина,Сливља/Гацко,43.2901952,18.3529637
surname_region_terminal,R1a,non_I2,Founder,Y189493,Турањанин,Стевањдан,Херцеговина,Љубиње,42.9515429,18.08992
surname_region_terminal,I1,non_I2,Founder,FGC22061,Туфегџић,Јовањдан,Босанска Крајина,Магаљдол/Мркоњић Град,44.3941626,17.1568811
surname_region_terminal,N,non_I2,Founder,N-FT182494,Туцаков,Никољдан,Бачка,Госпођинци/Жабаљ,45.4022051,19.9860024
surname_region_terminal,J2,non_I2,Founder,J-Z38299,Тучевић,Велика Госпојина,Зета,Вишњева/Котор,43.1521621,19.8915742
surname_region_terminal,J2,non_I2,Relic,J-Y13341,Угарковић,Ђурђевдан,Лика,Комић/Удбина,44.4509084,15.7403448
surname_region_terminal,E,non_I2,Founder,E-Y7168,Угриновић,Никољдан,Западна Македонија,Лабуништа/Струга,41.2688788,20.5979506
surname_region_terminal,G,non_I2,Founder,G-Y128480,Узелац,Никољдан,Банија,Драготина/Глина,45.2644417,16.1733885
surname_region_terminal,N,non_I2,Relic,N-FGC28483,Узелац,Никољдан,Далмација,Кожловац/Бенковац,43.9977712,15.677424
surname_region_terminal,PH908_primary,PH908_family,Founder,FT14506,Унковић,Ђурђевдан,Херцеговина,Загора/Требиње,42.8063794,18.2001257
surname_region_terminal,E,non_I2,Founder,E-Z1057,Урошевић,Лучиндан,Мачва,Двориште/Шабац,44.6029886,19.578875
surname_region_terminal,R1a,non_I2,Founder,BY99654,Устић,Ђурђевдан,Далмација,Отишић/Врлика,43.8488797,16.4510202
surname_region_terminal,R1a,non_I2,Founder,L1029,Уљар,Никољдан,Источна Босна,Брезје/Горажде,43.6460575,18.9470332
surname_region_terminal,R1a,non_I2,Founder,L1029,Уљаревић,Никољдан,Херцеговина,Горња Врбица/Врбица/Билећа,42.9406679,18.4760198
surname_region_terminal,E,non_I2,Founder,E-Z1057,Фаркаш,Нема,Бачка,Суботица,46.0929654,19.6539185
surname_region_terminal,R1b,non_I2,Relic,FT357646,Фемић,Аранђеловдан,Брда,Брзава/Бијело Поље,42.96654975,19.8048422
surname_region_terminal,I1,non_I2,Founder,FGC22061,Филимоновић,Ђурђевдан,Рашка,Раст/Нови Пазар,43.2450348,20.3490691
surname_region_terminal,R1b,non_I2,Founder,FT49714,Филиповић,Аранђеловдан,Брда,Радећа/Подгорица,42.5191538,19.2836784
surname_region_terminal,J2,non_I2,Founder,J-Y22063,Филиповић,Ђурђевдан,Брда,Прошћење/Мојковац,43.0131403,19.4810001
surname_region_terminal,R1a,non_I2,Relic,YP4141,Филиповић,Јовањдан,Брда,Горња Рженица/Плав,42.5968969,19.9441846
surname_region_terminal,Y3120_deep_mid_nonPH908,nonPH908_I2,Founder,Z17855,Филиповић,Св. Врачи,Косово,Племетина/Обилић,42.7069227,21.0440069
surname_region_terminal,R1b,non_I2,Founder,FT44409,Филиповић,Алимпијевдан,Мачва,Баново Поље/Богатић,44.9102876,19.4478575
surname_region_terminal,E,non_I2,Founder,E-Z1057,Филиповић,Никољдан,Понишавље,Ниш,43.3211301,21.8959232
surname_region_terminal,PH908_primary,PH908_family,Founder,Y134585,Филиповић,Аранђеловдан,Рашка,Нови Пазар,43.1406913,20.518057
surname_region_terminal,E,non_I2,Relic,E-A11802,Филиповић,Св. Арсеније Сремац,Стари Влах,Бачевци/Бајина Башта,44.0911615,19.5119976
surname_region_terminal,E,non_I2,Founder,E-FGC11450,Филиповић,Ђурђевдан,Стари Влах,Тијање/Лучани,43.8362524,20.2198954
surname_region_terminal,PH908_primary,PH908_family,Founder,FT190799,Филиповић,Лучиндан,Стари Влах,Душковци/Пожега,44.0063776,20.050415
surname_region_terminal,E,non_I2,Founder,E-L241,Филић,Никољдан,Косово,Ораовица/Косовска Каменица,43.0057853,20.7332862
surname_region_terminal,R1a,non_I2,Founder,YP4278,Француски,Јовањдан,Западни Банат,Кикинда,45.8300065,20.4653054
surname_region_terminal,PH908_primary,PH908_family,Founder,Y51673,Фржовић,Никољдан,Херцеговина,Милошев До/Биоград/Невесиње,43.2243166,18.1188486
surname_region_terminal,I1,non_I2,Founder,FGC22061,Фуртула,Аранђеловдан,Брда,Павино Поље/Бијело Поље,43.0341595,19.7473559
surname_region_terminal,PH908_primary,PH908_family,Founder,FT16449,Хамовић,Никољдан,Херцеговина,До/Требиње,42.9000719,18.0298066
surname_region_terminal,R1b,non_I2,Relic,BY55016,Хасанагић,Нема,Херцеговина,Тасовчићи/Чапљина,43.1144899,17.7151826
surname_region_terminal,G,non_I2,Relic,G-L13,Хајдарпашић,Нема,Брда,Припчићи/Бијело Поље,43.0105347,19.7401731
surname_region_terminal,PH908_primary,PH908_family,Founder,FT16449,Хајровић,Ђурђевдан,Херцеговина,Хатељи/Берковићи,43.0911638,18.1968708
surname_region_terminal,E,non_I2,Founder,E-Z1057,Хаџић,Никољдан,Шумадија,Раља/Сопот,44.5717706,20.5612432
surname_region_terminal,J2,non_I2,Relic,J-Y523332,Хербез,Аранђеловдан,Херцеговина,Дабрица/Берковићи,43.1587708,18.0135932
surname_region_terminal,E,non_I2,Founder,E-Z1057,Хорњак,Мала Госпојина,Бачка,Врбас,45.5668829,19.6465079
surname_region_terminal,R1a,non_I2,Relic,L260,Хорњак,Нема,Бачка,Градина/Сомбор,45.7541501,19.1796361
surname_region_terminal,R1a,non_I2,Founder,Z280,Хоџић,Нема,Североисточна Босна,Џеликани/Сребреник,44.7104074,18.5144034
surname_region_terminal,R1a,non_I2,Founder,Z280,Храбовски,Нема,Источни Срем,Петроварадин/Нови Сад,45.2426175,19.8820073
surname_region_terminal,G,non_I2,Founder,G-Y128480,Хршум,Стевањдан,Источна Босна,Буђ/Пале,43.823273,18.7617285
surname_region_terminal,E,non_I2,Founder,E-Z1057,Хрњак,Јовањдан,Лика,Крбавица/Кореница,44.7093316,15.6268504
surname_region_terminal,E,non_I2,Relic,E-COR1,Хуњади,Нема,Централна Хрватска,Лепоглава/Вараждин,46.2075318,16.0441744
surname_region_terminal,E,non_I2,Relic,E-Y173089,Цветковић,Јовањдан,Јабланица,Средњи Бучумет/Медвеђа,42.874296349999995,21.64350245
surname_region_terminal,E,non_I2,Founder,E-Z1057,Цветковић,Никољдан,Јабланица,Гегља/Лебане,42.9165296,21.6797462
surname_region_terminal,G,non_I2,Founder,G-Y128480,Цветковић,Аранђеловдан,Врањско Поморавље,Јовац/Владичин Хан,42.637125,21.985899
surname_region_terminal,E,non_I2,Founder,E-Z1057,Цветковић,Никољдан,Западни Банат,Панчево,44.8705686,20.6399643
surname_region_terminal,J2,non_I2,Founder,J-Y22063,Цветковић,Ђурђиц,Стари Влах,Горичани/Чачак,43.65369515,20.29333945
surname_region_terminal,E,non_I2,Founder,E-Z1057,Цветковић,Јовањдан,Шумадија,Вучак/Смедерево,44.6243223,20.9234368
surname_region_terminal,R1b,non_I2,Relic,Y572491,Цвејић,Јовањдан,Косово,Крајиште/Липљан,42.4938543,21.0468671
surname_region_terminal,R1b,non_I2,Relic,FT77046,Цвитковац,Ђурђевдан,Далмација,Маовице/Врлика,43.8959074,16.3849929
surname_region_terminal,E,non_I2,Founder,E-Y128213,Цвијан,Јовањдан,Босанска Крајина,Босанско Грахово,44.1794878,16.3639977
surname_region_terminal,R1a,non_I2,Founder,FT288648,Цвијановић,Стевањдан,Североисточна Босна,Лукавац Горњи/Лукавац,44.5784343,18.5362383
surname_region_terminal,PH908_primary,PH908_family,Founder,FT16449,Цвјетковић,Ђурђевдан,Североисточна Босна,Бистрица/Жепче,44.4212262,18.0816107
surname_region_terminal,E,non_I2,Founder,E-Y7168,Ценић,Аранђеловдан,Јабланица,Црковница/Лесковац,43.122721,22.018498
surname_region_terminal,R1a,non_I2,Founder,L1029,Цетина,Никољдан,Лика,Вребац/Госпић,44.5265285,15.5014191
surname_region_terminal,PH908_primary,PH908_family,Founder,FT16449,Цицмил,Ђурђевдан,Стара Херцеговина,Столац/Плужине,43.0830587,17.9580026
surname_region_terminal,J2,non_I2,Founder,J-Y155375,Цмиљанић,Ђурђевдан,Стара Херцеговина,Поткрајци/Пљевља,43.2284734,19.4368092
surname_region_terminal,I1,non_I2,Relic,Y264438,Црнадак,Никољдан,Босанска Крајина,Друговићи/Лакташи,44.8853559,17.4118216
surname_region_terminal,E,non_I2,Founder,E-CTS11222,Црногорац,Никољдан,Средња Босна,Горња Биоча/Илијаш,43.9162871,18.2563251
surname_region_terminal,PH908_primary,PH908_family,Founder,BY93199,Црногорац,Аранђеловдан,Херцеговина,Заграђе/Казанци/Гацко,43.0593419,18.6387096
surname_region_terminal,E,non_I2,Founder,E-FT104106,Црномарковић,Јовањдан,Далмација,Цивљане,43.9556008,16.4050607
surname_region_terminal,I1,non_I2,Founder,FGC22061,Црнчевић,Јовањдан,Босанска Крајина,Брдо/Мркоњић Град,44.8092459,15.27421975
surname_region_terminal,R1a,non_I2,Relic,S23592,Цуцуљ,Петковдан,Источни Банат,Воитег/Тимиш,45.4688908,21.2391696
surname_region_terminal,PH908_primary,PH908_family,Founder,FT16449,Чабрило,Ђурђевдан,Херцеговина,Јасена/Невесиње,43.20371655,18.0652734
surname_region_terminal,PH908_primary,PH908_family,Founder,Y51673,Чавор,Ђурђевдан,Зета,Чавори/Котор,42.3639324,18.8049965
surname_region_terminal,PH908_primary,PH908_family,Founder,FT16449,Чакаревић,Игњатијевдан,Североисточна Босна,Бушлетић/Добој,44.8056888,18.0916266
surname_region_terminal,PH908_primary,PH908_family,Founder,FT16449,Чакаревић,Игњатијевдан,Стари Влах,Котража/Лучани,43.7042885,20.2323381
surname_region_terminal,PH908_primary,PH908_family,Founder,Y56203,Чалакић,Тривуњдан,Босанска Крајина,Радманићи/Бања Лука,44.6803826,16.95583
surname_region_terminal,J2,non_I2,Founder,J-FT413312,Чалија,Јовањдан,Херцеговина,Трусина/Невесиње,43.1340293,18.1658954
surname_region_terminal,E,non_I2,Founder,E-Z16988,Чампара,Аћимовдан,Херцеговина,Солаковићи/Биоград/Невесиње,43.1769445,18.1750073
surname_region_terminal,J2,non_I2,Founder,J-Y155375,Чаркић,Ђурђевдан,Источна Босна,Рогатица,43.7997371,19.002206
surname_region_terminal,PH908_primary,PH908_family,Founder,FT386055,Чањак,Аранђеловдан,Босанска Крајина,Приједор,44.9801369,16.7123704
surname_region_terminal,R1b,non_I2,Founder,BY38894,Чворовић,Лучиндан,Стари Влах,Заглавак/Бајина Башта,43.9178947,19.7267791
surname_region_terminal,R1b,non_I2,Founder,L51,Чворовић,Никољдан,Стари Влах,Драксин/Бајина Башта,43.9729654,19.700045
surname_region_terminal,PH908_primary,PH908_family,Relic,BY55537,Чвркић,Никољдан,Стари Влах,Рошци/Чачак,43.9284991,20.1923132
surname_region_terminal,I1,non_I2,Founder,Y155080,Чедић,Ђурђевдан,Шумадија,Жарково/Београд,44.7546064,20.4103465
surname_region_terminal,PH908_map_nonprimary,PH908_family,Founder,Y4882,Челиковић,Ђурђевдан,Стари Влах,Волујац/Ужице,43.8940577,19.7735023
surname_region_terminal,R1a,non_I2,Founder,YP270,Челиковић,Стевањдан,Стари Влах,Качер/Ужице,43.8230609,19.7810958
surname_region_terminal,J2,non_I2,Founder,J-Y22063,Чеперковић,Алимпијевдан,Расина,Станишинци/Врњачка Бања,43.5486681,20.9001336
surname_region_terminal,G,non_I2,Relic,G-CTS11562,Чепкеновић,Илиндан,Косово,Липљан,42.5213395,21.122598
surname_region_terminal,E,non_I2,Founder,E-FGC11450,Чепрнић,Мратиндан,Стара Херцеговина,Топла/Херцег Нови,42.4592746,18.5268749
surname_region_terminal,E,non_I2,Founder,E-Z16988,Чечур,Аћимовдан,Херцеговина,Врпоље Љубомир/Требиње,42.7721798,18.3535268
surname_region_terminal,E,non_I2,Founder,E-Y142744,Чикара,Михољдан,Банија,Петковац/Петриња,45.3725635,16.3538385
surname_region_terminal,E,non_I2,Founder,E-CTS11222,Чолаковић,Никољдан,Стара Херцеговина,Каменско/Никшић,42.7872649,18.733532
surname_region_terminal,E,non_I2,Founder,E-L241,Чолић,Ђурђиц,Стари Влах,Кремна/Ужице,43.8502197,19.5800524
surname_region_terminal,R1a,non_I2,Founder,L1029,Чолић,Никољдан,Шумадија,Поповић/Сопот,44.5706168,20.6095762
surname_region_terminal,PH908_primary,PH908_family,Founder,FT14506,Чоловић,Ђурђевдан,Далмација,Тепљух/Дрниш,43.8933717,16.2085222
surname_region_terminal,PH908_primary,PH908_family,Founder,FT14506,Чоловић,Ђурђевдан,Херцеговина,Турменти/Требиње,42.6570803,18.3938393
surname_region_terminal,N,non_I2,Founder,N-FT213937,Чоловић,Јовањдан,Херцеговина,Мало Поље/Мостар,43.241874,17.8843939
surname_region_terminal,J2,non_I2,Founder,J-Y230579,Чоловић,Аранђеловдан,Шумадија,Бања/Аранђеловац,44.2906194,20.6251573
surname_region_terminal,PH908_map_nonprimary,PH908_family,Founder,Y4882,Чорак,Никољдан,Лика,Крбава/Удбина,44.6112132,15.6612829
surname_region_terminal,R1a,non_I2,Founder,L1029,Чотрић,Никољдан,Мачва,Јадранска Лешница/Лозница,44.5991667,19.3536111
surname_region_terminal,E,non_I2,Founder,E-Z16988,Чубриловић,Никољдан,Херцеговина,Фатница/Билећа,43.0283069,18.3230171
surname_region_terminal,I1,non_I2,Founder,Y155080,Чукановић,Никољдан,Стари Влах,Распоганче/Сјеница,43.2779147,20.1666932
surname_region_terminal,E,non_I2,Founder,E-PH1395,Чукић,Аранђеловдан,Брда,Трешњево/Андријевица,42.7729356,19.8029233
surname_region_terminal,R1a,non_I2,Relic,YP3992,Чупић,Аврамијевдан,Мачва,Мачванска Митровица/Сремска Митровица,44.9666021,19.5946213
surname_region_terminal,I1,non_I2,Founder,FGC22061,Чупић,Ђурђевдан,Стара Херцеговина,Доња Буковица/Шавник,43.0097244,19.1703002
surname_region_terminal,I1,non_I2,Founder,FGC22061,Чуровић,Никољдан,Стара Херцеговина,Боан/Шавник,42.9415643,19.2111289
surname_region_terminal,E,non_I2,Founder,E-FT178289,Чутурић,Јовањдан,Североисточна Босна,Угљевичка Обријеж/Угљевик,44.6918984,19.0394205
surname_region_terminal,J2,non_I2,Founder,J-FT413312,Шаговиновић,Јовањдан,Херцеговина,Жељуша/Мостар,43.4303949,17.8710116
surname_region_terminal,PH908_primary,PH908_family,Relic,Y232617,Шакота,Јовањдан,Херцеговина,Козице/Столац,43.1400884,17.9140101
surname_region_terminal,R1a,non_I2,Founder,Y144943,Шакотић,Лазарева Субота,Североисточна Босна,Малешић/Зворник,44.4923689,19.0660931
surname_region_terminal,R1a,non_I2,Founder,Y144943,Шакотић,Аранђеловдан,Херцеговина,Билећа,42.9665045,18.3657652
surname_region_terminal,E,non_I2,Founder,E-Z1057,Шандоров,Никољдан,Славонија,Осијек,45.5489982,18.6919117
surname_region_terminal,I1,non_I2,Founder,FT428459,Шапоњић,Стевањдан,Стари Влах,Комарани/Нова Варош,43.41721715,19.876422750000003
surname_region_terminal,E,non_I2,Founder,E-Z13591,Шарановић,Петковдан,Брда,Поткрај/Поткула/Даниловград,43.754943,17.0691817
surname_region_terminal,I1,non_I2,Founder,FGC22061,Шаранчић,Никољдан,Стара Херцеговина,Вијенац/Пљевља,43.3282015,19.4453025
surname_region_terminal,J2,non_I2,Founder,J-Y22059,Шарац,Никољдан,Далмација,Цивљане,43.9556008,16.4050607
surname_region_terminal,J2,non_I2,Founder,J-Y22063,Шарац,Никољдан,Кордун,Доњи Полој/Слуњ,45.2400781,15.5205504
surname_region_terminal,R1a,non_I2,Founder,Y144943,Шаренац,Аранђеловдан,Херцеговина,Доњи Давидовићи/Билећа,43.0581577,18.3035538
surname_region_terminal,R1b,non_I2,Founder,A274,Шарчевић,Стевањдан,Шумадија,Београд,44.7863236,20.4716856
surname_region_terminal,E,non_I2,Founder,E-Z1057,Шашић,Мратиндан,Далмација,Ервеник,44.108204,15.9412748
surname_region_terminal,E,non_I2,Founder,E-Y126722,Шврака,Часне Вериге апостола Петра,Босанска Крајина,Јелићка/Приједор,44.828388,16.929157
surname_region_terminal,E,non_I2,Founder,E-Z1057,Шебек,Ђурђевдан,Брда,Јабланово/Бијело Поље,43.0946531,19.8560043
surname_region_terminal,R1a,non_I2,Founder,L1029,Шеварика,Ђурђевдан,Босанска Крајина,Бокани/Кнежево,44.5096452,17.3590499
surname_region_terminal,E,non_I2,Founder,E-Z16988,Шегрт,Никољдан,Херцеговина,Аранђелово/Требиње,42.6971098,18.5405008
surname_region_terminal,J2,non_I2,Relic,J-M205,Шестић,Петковдан,Шумадија,Старо Село/Велика Плана,44.2925574,21.102563
surname_region_terminal,E,non_I2,Founder,E-Z1057,Шећеров,Михољдан,Западни Банат,Српски Крстур/Нови Кнежевац,46.1269965,20.0957423
surname_region_terminal,G,non_I2,Founder,G-Y128480,Шикања,Стевањдан,Банија,Доњи Класнић/Глина,45.3382654,16.090752
surname_region_terminal,E,non_I2,Founder,E-Z1057,Шилобад,Стевањдан,Херцеговина,Сливница Површ/Равно,42.6443271,18.2599286
surname_region_terminal,E,non_I2,Founder,E-L241,Шимрак,Никољдан,Стара Херцеговина,Сасовићи/Херцег Нови,42.4662752,18.5671689
surname_region_terminal,PH908_primary,PH908_family,Relic,FTA26387,Шипетић,Аранђеловдан,Стари Влах,Граб/Лучани,43.8248985,20.2849245
surname_region_terminal,R1b,non_I2,Founder,BY38894,Шиљак,Аранђеловдан,Стари Влах,Бучје/Прибој,43.4684973,19.4227134
surname_region_terminal,N,non_I2,Founder,N-FT182494,Шкарић,Никољдан,Лика,Липово Поље/Перушић,44.7508933,15.2164316
surname_region_terminal,E,non_I2,Founder,E-Z1057,Шкеро,Ђурђевдан,Херцеговина,Придворци/Требиње,42.6998922,18.3377938
surname_region_terminal,N,non_I2,Founder,N-FT213937,Шкипина,Јовањдан,Источна Босна,Гојевићи/Сорлаци/Фоча,43.84253165,18.36104655
surname_region_terminal,E,non_I2,Founder,E-Y7168,Шкипина,Никољдан,Херцеговина,Удрежње/Невесиње,43.2058792,18.0894621
surname_region_terminal,E,non_I2,Founder,E-Y126722,Шкиљић,Петровдан,Североисточна Босна,Прибинић/Теслић,44.6103989,17.6906754
surname_region_terminal,PH908_primary,PH908_family,Founder,FT16449,Шкоро,Никољдан,Херцеговина,Слипчићи/Мостар,43.2359471,17.8054596
surname_region_terminal,I1,non_I2,Founder,FGC22061,Шкрбић,Никољдан,Далмација,Кољане/Врлика,43.8733941,16.5015021
surname_region_terminal,N,non_I2,Founder,N-FT213937,Шкундрић,Јовањдан,Лика,Прибудић/Грачац,44.1437994,16.0974329
surname_region_terminal,R1a,non_I2,Founder,BY99654,Шмигић,Аранђеловдан,Метохија,Пољане/Исток,42.7194497,20.6082337
surname_region_terminal,R1a,non_I2,Founder,L1029,Шола,Нема,Метохија,Драгаш/Гора,43.2221484,27.8838712
surname_region_terminal,R1a,non_I2,Founder,YP417,Шолаја,Томиндан,Херцеговина,Надинићи/Гацко,43.1952306,18.4685501
surname_region_terminal,R1a,non_I2,Founder,L1029,Шорак,Стевањдан,Лика,Михаљевац/Кореница,45.8395848,15.9750439
surname_region_terminal,R1a,non_I2,Founder,L1029,Шотра,Никољдан,Херцеговина,Козице/Столац,43.1400884,17.9140101
surname_region_terminal,E,non_I2,Founder,E-Z16988,Шошо,Никољдан,Херцеговина,Мали Баљивац/Баљивац/Равно,42.7935009,18.047114
surname_region_terminal,PH908_primary,PH908_family,Founder,FT16449,Шојић,Ђурђевдан,Херцеговина,Јасеник/Гацко,43.1677097,18.6118944
surname_region_terminal,R1b,non_I2,Founder,A274,Шпијуновић,Стевањдан,Стари Влах,Мокра Гора/Ужице,43.7897531,19.5031247
surname_region_terminal,G,non_I2,Founder,G-FTC64765,Шуберић,Аранђеловдан,Стара Херцеговина,Мокрине/Херцег Нови,42.5032117,18.4951416
surname_region_terminal,E,non_I2,Founder,E-FT104106,Шукиловић,Ђурђевдан,Стари Влах,Шљивовица/Чајетина,43.8169413,19.6659619
surname_region_terminal,I1,non_I2,Founder,FGC22061,Шукић,Стевањдан,Стари Влах,Радоиња/Нова Варош,43.5154829,19.7542834
surname_region_terminal,J2,non_I2,Founder,J-Y230579,Шукић,Никољдан,Херцеговина,Долови/Струпићи/Берковићи,43.0574984,18.204689
surname_region_terminal,E,non_I2,Founder,E-BY165837,Шулубурић,Никољдан,Стари Влах,Лиса/Ивањица,43.6514103,20.2292886
surname_region_terminal,PH908_primary,PH908_family,Founder,Y51673,Шумоња,Игњатијевдан,Лика,Вера/Плашки,45.0633038,15.3721512
surname_region_terminal,PH908_primary,PH908_family,Founder,FT16449,Шупић,Игњатијевдан,Стара Херцеговина,Подврш/Никшић,42.8192464,18.5172459
surname_region_terminal,R1a,non_I2,Founder,Z280,Шурбаноски,Св. Врачи,Западна Македонија,Вевчани,41.2444658,20.5735643
surname_region_terminal,E,non_I2,Founder,E-FT104106,Шутић,Петковдан,Херцеговина,Меча/Берковићи,43.1002817,18.1219308
surname_region_terminal,R1b,non_I2,Founder,A274,Шуша,Стевањдан,Далмација,Доњи Карин/Бенковац,44.1296509,15.6145838
surname_region_terminal,R1a,non_I2,Founder,L1029,Шуша,Никољдан,Источна Босна,Плочник/Калиновик,43.3351672,18.3695385
surname_region_terminal,R1a,non_I2,Founder,YP4278,Шушић,Св. Симеон Богопримац,Босанска Крајина,Рекавице/Бања Лука,44.7019591,17.1399686
surname_region_terminal,I1,non_I2,Founder,FGC22061,Шушић,Мала Госпојина,Стара Херцеговина,Доња Буковица/Шавник,43.0097244,19.1703002
surname_region_terminal,G,non_I2,Founder,G-Y128480,Шушић,Св. Јован Милостиви,Стари Влах,Гуча/Лучани,43.7772932,20.2269416
surname_region_terminal,R1a,non_I2,Founder,FT288648,Шушљик,Стевањдан,Средња Босна,Опара/Нови Травник,44.0976906,17.64971
surname_region_terminal,I1,non_I2,Founder,FGC22061,Шљиванчанин,Ђурђевдан,Стара Херцеговина,Шљиванско/Жабљак,43.1180746,19.3081483
surname_region_terminal,R1a,non_I2,Founder,Z280,Шљукић,Никољдан,Бачка,Буковачки Салаши/Сомбор,45.7566464,19.0941104
surname_region_terminal,R1b,non_I2,Founder,FT49714,Шћекић,Петковдан,Брда,Горње Заостро/Беране,42.87897345,19.7973804
surname_region_terminal,E,non_I2,Founder,E-Z1057,Шћепановић,Аранђеловдан,Брда,Црнци/Подгорица,46.0386172,13.765327600000001
location_terminal,PH908_map_nonprimary,PH908_family,Founder,Y4882,Гњидић,Никољдан,Далмација,Ђеврске/Кистање,43.9549955,15.8528809
location_terminal,I1,non_I2,Founder,Y155080,Ђукић,Ђурђевдан,Босанска Крајина,Ђукићи/Шипово,44.1966072,17.1378105
location_terminal,E,non_I2,Founder,E-PH1395,Драговић,Аранђеловдан,Брда,Ђулићи/Андријевица,44.5875714,17.8257131
location_terminal,I1,non_I2,Founder,FGC22061,Отић,Ђурђевдан,Бачка,Ђурђево/Жабаљ,45.3241804,20.0653482
location_terminal,R1a,non_I2,Relic,YP4758,Грос,Нема,Бачка,Ђурђин/Суботица,45.945663,19.5389124
location_terminal,E,non_I2,Founder,E-Y142744,Даниловић,Јовањдан,Брда,Ђуђевина/Колашин,42.7643122,19.403827
location_terminal,R1b,non_I2,Relic,Y104972,Лаловић,Никољдан,Брда,Јаблан/Душке/Подгорица,42.6208472,19.4500194
location_terminal,R1a,non_I2,Founder,Y144943,Стевановић,Лазарева Субота,Североисточна Босна,Јаблани/Стари Угљевик/Угљевик,44.6596333,19.007710199999998
location_terminal,R1b,non_I2,Founder,BY38894,Минић,Никољдан,Брда,Јабланово/Бијело Поље,43.0946531,19.8560043
location_terminal,E,non_I2,Founder,E-Z1057,Шебек,Ђурђевдан,Брда,Јабланово/Бијело Поље,43.0946531,19.8560043
location_terminal,E,non_I2,Relic,E-FT89644,Бишевац,Петковдан,Косово,Јабука/Зубин Поток,42.90254,20.660741
location_terminal,PH908_primary,PH908_family,Founder,FT16449,Лукић,Никољдан,Стари Влах,Јабука/Пријепоље,43.3488486,19.5145971
location_terminal,R1a,non_I2,Founder,BY99654,Трифковић,Аранђеловдан,Источна Босна,Јабука/Фоча,43.6247453,18.6738828
location_terminal,E,non_I2,Founder,E-Z16988,Пантелић,Ђурђевдан,Колубара,Јабучје/Лајковац,44.3785168,20.2059818
location_terminal,I1,non_I2,Founder,FGC22061,Зубовић,Стевањдан,Босанска Крајина,Јаворани/Кнежево,44.6246867,17.2493283
location_terminal,R1a,non_I2,Founder,L1029,Ковачић,Ђурђевдан,Босанска Крајина,Јаворани/Кнежево,44.6246867,17.2493283
location_terminal,J2,non_I2,Founder,J-Y22063,Вучић,Јовањдан,Босанска Крајина,Јагаре/Бања Лука,44.7064234,17.1946975
location_terminal,J2,non_I2,Founder,J-Y22059,Јагодић,Ђурђевдан,Источна Босна,Јагодићи/Горажде,44.0664275,17.5858341
location_terminal,J2,non_I2,Founder,J-Y22063,Милићевић,Ђурђевдан,Мачва,Јадранска Лешница/Лозница,44.5991667,19.3536111
location_terminal,R1a,non_I2,Founder,L1029,Чотрић,Никољдан,Мачва,Јадранска Лешница/Лозница,44.5991667,19.3536111
location_terminal,R1b,non_I2,Relic,Y164618,Симијановић,Аранђеловдан,Косово,Јажинце/Штрпце,42.2158079,20.9873528
location_terminal,N,non_I2,Founder,N-FT213937,Докић,Јовањдан,Босанска Крајина,Јакир/Гламоч,44.0410023,16.8902658
location_terminal,E,non_I2,Founder,E-FT104106,Илић,Никољдан,Североисточна Босна,Јаковић/Доња Трнова/Угљевик,44.6634033,19.1181051
location_terminal,PH908_map_nonprimary,PH908_family,Founder,Y4882,Јакшић,Јовањдан,Херцеговина,Јакшићи/Жаково/Требиње,43.7549982,19.4691297
location_terminal,G,non_I2,Founder,G-Y128480,Милисављевић,Никољдан,Мачва,Јаловик/Владимирци,44.5985364,19.8287731
location_terminal,E,non_I2,Founder,E-Z1057,Лупуловић,Никољдан,Западни Банат,Јарковац/Сечањ,45.2699426,20.7643369
location_terminal,R1a,non_I2,Founder,L1029,Јаћимовић,Стевањдан,Босанска Крајина,Јаружани/Лакташи,44.8271792,17.3463632
location_terminal,PH908_primary,PH908_family,Founder,FT16449,Чабрило,Ђурђевдан,Херцеговина,Јасена/Невесиње,43.1959661,18.0244338
location_terminal,PH908_primary,PH908_family,Founder,Y58629,Буквић,Јовањдан,Херцеговина,Јасена/Невесиње,43.1959661,18.0244338
location_terminal,PH908_primary,PH908_family,Founder,FT16449,Шојић,Ђурђевдан,Херцеговина,Јасеник/Гацко,43.1677097,18.6118944
location_terminal,R1b,non_I2,Founder,BY38894,Недимовић,Ђурђевдан,Босанска Крајина,Јасеница/Босанска Крупа,44.8038535,16.258137
location_terminal,I1,non_I2,Founder,BY169301,Крунић,Св. Василије Велики,Колубара,Јасеница/Ваљево,44.3069345,19.9319119
location_terminal,R1a,non_I2,Relic,YP3992,Лазаревић,Аврамијевдан,Североисточна Босна,Јасеница/Зворник,44.5317392,19.0768879
location_terminal,J2,non_I2,Founder,J-Y155375,Маруна,Нема,Далмација,Јасенице,44.2291095,15.5765784
location_terminal,PH908_primary,PH908_family,Relic,Y135653,Тошковић,Срђевдан,Брда,Јасенова/Колашин,42.7886286,19.2931192
location_terminal,E,non_I2,Founder,E-L241,Марић,Ђурђевдан,Босанска Крајина,Јасенови Потоци/Мркоњић Град,44.2895504,16.8605679
location_terminal,R1a,non_I2,Founder,FT288648,Жакула,Петровдан,Лика,Јасиковац/Кореница,44.6174307,18.9786091
location_terminal,I1,non_I2,Founder,FGC22061,Ћосић,Ђурђевдан,Западни Банат,Јаша Томић/Сечањ,45.4465892,20.8564493
location_terminal,I1,non_I2,Founder,Y155080,Миковић,Никољдан,Стари Влах,Јежевица/Чачак,43.8247837,20.4195057
location_terminal,PH908_primary,PH908_family,Founder,FT16449,Кусић,Ђурђевдан,Североисточна Босна,Језера/Теслић,44.4074168,17.764724
location_terminal,E,non_I2,Founder,E-Z1057,Јовановић,Никољдан,Мачва,Јеленча/Шабац,44.7343671,19.7351869
location_terminal,R1a,non_I2,Founder,Y260767,Гајић,Јовањдан,Мачва,Јеленча/Шабац,44.7343671,19.7351869
location_terminal,E,non_I2,Founder,E-FGC11450,Вуковић,Савиндан,Брда,Јелића Долина/Соколац/Бијело Поље,43.0963754,19.5754692
location_terminal,E,non_I2,Founder,E-Y126722,Шврака,Часне Вериге апостола Петра,Босанска Крајина,Јелићка/Приједор,44.828388,16.929157
location_terminal,E,non_I2,Founder,E-Z16988,Лекић,Петровдан,Шумадија,Јеловик/Аранђеловац,44.2538372,20.486197399999998
location_terminal,R1b,non_I2,Founder,BY38894,Вељовић,Ђурђевдан,Источна Босна,Јеловци/Хан Пијесак,44.0303175,19.0225547
location_terminal,I1,non_I2,Founder,FGC22061,Радовић,Ђурђевдан,Источна Босна,Јечмишта/Фоча,43.4130326,18.9667917
location_terminal,G,non_I2,Founder,G-Y128480,Цветковић,Аранђеловдан,Врањско Поморавље,Јовац/Владичин Хан,42.637125,21.985899
location_terminal,R1a,non_I2,Founder,Z280,Пешић,Аранђеловдан,Врањско Поморавље,Јовац/Владичин Хан,42.637125,21.985899
location_terminal,N,non_I2,Founder,N-FT182494,Капетановић,Ђурђевдан,Босанска Крајина,Јоховица/Нови Град,44.8987643,16.3721993
location_terminal,PH908_primary,PH908_family,Founder,FT16449,Антонић,Марковдан,Босанска Крајина,Јошавка Горња/Челинац,44.7342666,17.4495925
location_terminal,R1a,non_I2,Founder,Y189493,Јовичић,Марковдан,Босанска Крајина,Јошавка Горња/Челинац,44.7342666,17.4495925
location_terminal,E,non_I2,Founder,E-L241,Ђекић,Никољдан,Босанска Крајина,Јошавка Доња/Челинац,44.7483667,17.4162565
location_terminal,PH908_primary,PH908_family,Founder,FT16449,Тривић,Ђурђевдан,Босанска Крајина,Јошавка Доња/Челинац,44.7483667,17.4162565
location_terminal,Y3120_shallow_nonPH908,nonPH908_I2,Relic,Y109645,Докић,Аранђеловдан,Босанска Крајина,Јошавка Доња/Челинац,44.7483667,17.4162565
location_terminal,J2,non_I2,Founder,J-Y22063,Мандић,Јовањдан,Лика,Јошан/Удбина,44.5765005,15.7486102
location_terminal,Y3120_deep_mid_nonPH908,nonPH908_I2,Relic,Z16971,Стефановић,Јовањдан,Браничево,Јошаница/Жагубица,44.2791418,21.7111387
location_terminal,R1b,non_I2,Founder,FT44409,Милијић,Аранђеловдан,Понишавље,Јошаница/Сокобања,43.7282282,21.7731199
location_terminal,N,non_I2,Founder,N-FT182494,Стефановић,Никољдан,Источна Босна,Јошаница/Фоча,43.5592049,18.8079953
location_terminal,PH908_primary,PH908_family,Founder,Y51673,Скоко,Ђурђевдан,Херцеговина,Југовићи/Гацко,43.2751705,18.4429668
location_terminal,E,non_I2,Founder,E-Y7168,Поповић,Ђурђиц,Мачва,Југовићи/Лозница,44.5450039,19.4755196
location_terminal,PH908_primary,PH908_family,Founder,BY93199,Будалић,Мала Госпојина,Херцеговина,Југовићи/Невесиње,43.124442,18.2731889
location_terminal,PH908_primary,PH908_family,Relic,Y263686,Ђоковић,Лучиндан,Стара Херцеговина,Југовићи/Никшић,43.124442,18.2731889
location_terminal,E,non_I2,Relic,E-BY154448,Недељковић,Петковдан,Косово,Јунаке/Зубин Поток,43.007178,20.6759518
location_terminal,R1b,non_I2,Relic,Y217583,Бјелобрковић,Петровдан,Зета,Љајковићи/Зета,42.3672776,19.2176667
location_terminal,J2,non_I2,Founder,J-L70,Славнић,Мратиндан,Банија,Љесковац/Двор,45.1727032,16.2442421
location_terminal,PH908_map_nonprimary,PH908_family,Founder,Y4882,Вукшић,Никољдан,Банија,Љесковац/Двор,45.1727032,16.2442421
location_terminal,E,non_I2,Founder,E-Z13591,Вукојевић,Никољдан,Североисточна Босна,Љескове Воде/Добој,44.7719799,17.9358241
location_terminal,E,non_I2,Founder,E-FT104106,Попивода,Јовањдан,Зета,Љешев Стуб/Цетиње,42.5137879,18.9135825
location_terminal,PH908_primary,PH908_family,Founder,FT14506,Митровић,Петковдан,Браничево,Љешница/Кучево,44.536349,21.5919021
location_terminal,R1b,non_I2,Founder,FT44409,Стојановић,Никољдан,Косово,Љештар/Косовска Каменица,42.6464296,21.4873649
location_terminal,E,non_I2,Founder,E-Z1057,Марјановић,Ђурђевдан,Далмација,Љубач/Книн,44.04085,16.199433
location_terminal,J2,non_I2,Founder,J-Y155375,Обрадовић,Никољдан,Босанска Крајина,Љубачево/Бања Лука,44.6623843,17.2060019
location_terminal,R1a,non_I2,Founder,L1029,Вујасин,Ђурђевдан,Босанска Крајина,Љубачево/Бања Лука,44.6623843,17.2060019
location_terminal,PH908_primary,PH908_family,Founder,FT16449,Стојковић,Лазарева Субота,Метохија,Љубенић/Пећ,42.5967691,20.2921484
location_terminal,J2,non_I2,Founder,J-Y22063,Боројевић,Јовањдан,Банија,Љубина/Двор,45.0704459,16.2602417
location_terminal,E,non_I2,Founder,E-Z1057,Банђур,Никољдан,Херцеговина,Љубиње,42.9515429,18.08992
location_terminal,PH908_primary,PH908_family,Founder,FT14506,Козић,Ђурђевдан,Херцеговина,Љубиње,42.9515429,18.08992
location_terminal,R1a,non_I2,Founder,Y144943,Батинић,Лазарева Субота,Херцеговина,Љубиње,42.9515429,18.08992
location_terminal,R1a,non_I2,Founder,Y189493,Турањанин,Стевањдан,Херцеговина,Љубиње,42.9515429,18.08992
location_terminal,PH908_primary,PH908_family,Founder,Y58629,Попара,Никољдан,Херцеговина,Љубиње,42.9515429,18.08992
location_terminal,I1,non_I2,Founder,FGC22061,Затежић,Ђурђевдан,Стари Влах,Љубић/Чачак,43.9074391,20.36365
location_terminal,PH908_primary,PH908_family,Founder,FT14506,Ласован,Аранђеловдан,Херцеговина,Љути До/Берковићи,43.1119615,18.1286225
location_terminal,I1,non_I2,Founder,FGC22061,Пајовић,Ђурђевдан,Стари Влах,Љутице/Пожега,44.0358379,20.031445
location_terminal,I1,non_I2,Founder,FGC22061,Смиљковић,Никољдан,Топлица,Љутова/Куршумлија,43.1851995,21.0929454
location_terminal,PH908_primary,PH908_family,Founder,FT190799,Сарачевић,Лучиндан,Шумадија,Љутовница/Горњи Милановац,44.0769609,20.4387635
location_terminal,I2_unmapped_nonPH908,nonPH908_I2,Relic,CTS12249,Радовић,Лучиндан,Топлица,Љуша/Куршумлија,43.0786235,21.2996578
location_terminal,R1b,non_I2,Founder,FT49714,Вукосављевић,Аранђеловдан,Топлица,Љуша/Куршумлија,43.0786235,21.2996578
location_terminal,E,non_I2,Founder,E-FT178289,Роган,Јовањдан,Херцеговина,Његановићи/Билећа,42.9673898,18.3584746
location_terminal,PH908_primary,PH908_family,Founder,Y51673,Радоњић,Ђурђевдан,Зета,Његуши/Цетиње,42.4312967,18.8247712
location_terminal,I1,non_I2,Founder,FGC22061,Добриковић,Никољдан,Босанска Крајина,Ћелије/Кулен Вакуф/Бихаћ,44.5626583,16.0886124
location_terminal,Y3120_shallow_nonPH908,nonPH908_I2,Relic,Y313595,Стојић,Лазарева Субота,Шумадија,Ћелије/Лајковац,44.3647918,20.2015775
location_terminal,Y3120_deep_mid_nonPH908,nonPH908_I2,Relic,BY92056,Радосављевић,Ђурђевдан,Понишавље,Ћићевац,43.7202753,21.441026
location_terminal,E,non_I2,Founder,E-Y128213,Загорац,Јовањдан,Средња Босна,Ћорићи/Доњи Вакуф,44.144488,17.3949964
location_terminal,E,non_I2,Founder,E-Y126722,Павловић,Часне Вериге апостола Петра,Босанска Крајина,Ћорковићи/Котор Варош,44.4261241,17.5331931
location_terminal,PH908_primary,PH908_family,Relic,FTC69351,Савић,Никољдан,Босанска Крајина,Ћукали/Србац,44.9824202,17.5384854
location_terminal,E,non_I2,Founder,E-Z1057,Ђурашиновић,Мратиндан,Босанска Крајина,Ћуковац/Кнежево,44.5640533,17.278884
location_terminal,E,non_I2,Founder,E-Z1057,Петрићевић,Ваведење,Браничево,Ћуприја,43.9335612,21.3712355
location_terminal,R1a,non_I2,Relic,YP343,Радовановић,Митровдан,Браничево,Ћуприја,43.9335612,21.3712355
location_terminal,R1a,non_I2,Founder,Z280,Хоџић,Нема,Североисточна Босна,Џеликани/Сребреник,44.7104074,18.5144034
location_terminal,J2,non_I2,Founder,J-Y155375,Радовић,Ђурђевдан,Стари Влах,Џурово/Пријепоље,43.4596534,19.6252327
location_terminal,R1b,non_I2,Founder,L51,Џухо,Нема,Источна Босна,Џуха/Ново Горажде,43.6691134,19.1413244
location_terminal,R1b,non_I2,Relic,FGC71677,Бартон,Непознато,Тимочка Крајина,Аврамица/Грљан/Зајечар,43.8408036,22.3171844
location_terminal,R1a,non_I2,Founder,YP417,Ћеранић,Јовањдан,Херцеговина,Автовац/Гацко,43.1387193,18.5757009
location_terminal,E,non_I2,Founder,E-FGC11450,Мутавчић,Св. Врачи,Североисточна Босна,Адари/Кожухе/Добој,44.8605627,18.1114586
location_terminal,E,non_I2,Founder,E-Z38456,Вурдеља,Лазарева Субота,Источни Срем,Адашевци/Шид,45.0818899,19.221895
location_terminal,R1b,non_I2,Founder,BY38894,Плешинац,Јовањдан,Рашка,Адрани/Краљево,43.7573076,20.6556342
location_terminal,I1,non_I2,Founder,FGC22061,Богићевић,Никољдан,Рашка,Адрани/Краљево,43.7573076,20.6556342
location_terminal,E,non_I2,Founder,E-PH1395,Лекић,Аранђеловдан,Топлица,Алабана/Блаце,43.2989378,21.3352912
location_terminal,I1,non_I2,Founder,FGC22061,Величковић,Ђурђиц,Расина,Александровац,43.4586105,21.0465876
location_terminal,E,non_I2,Founder,E-Z1057,Робовјановић,Петковдан,Тимочка Крајина,Александровац/Неготин,44.0826319,22.5798339
location_terminal,E,non_I2,Founder,E-Z1057,Живковић,Никољдан,Понишавље,Алексинац,43.5405235,21.70884
location_terminal,PH908_primary,PH908_family,Founder,Y56203,Костић,Стевањдан,Понишавље,Алексиначки Бујмир/Алексинац,43.5144857,21.7490324
location_terminal,R1a,non_I2,Founder,L1029,Трифу,Нема,Западни Банат,Алибунар,45.0800389,20.966524
location_terminal,J2,non_I2,Founder,J-Y230579,Васић,Јовањдан,Североисточна Босна,Амајлије/Бијељина,44.7410484,19.2755552
location_terminal,E,non_I2,Founder,E-BY165837,Стевановић,Никољдан,Брда,Андријевица,42.7339619,19.7917886
location_terminal,E,non_I2,Founder,E-PH1395,Рачић,Аранђеловдан,Брда,Андријевица,42.7339619,19.7917886
location_terminal,E,non_I2,Founder,E-PH1395,Вукашиновић,Аранђеловдан,Брда,Анџелати/Андријевица,42.7339619,19.7917886
location_terminal,E,non_I2,Founder,E-Z1057,Кризманић,Нема,Бачка,Апатин,45.6712544,18.9817862
location_terminal,E,non_I2,Founder,E-Z13591,Богићевић,Петковдан,Шумадија,Аранђеловац,44.3095004,20.5528842
location_terminal,E,non_I2,Founder,E-Z16988,Шегрт,Никољдан,Херцеговина,Аранђелово/Требиње,42.6971098,18.5405008
location_terminal,G,non_I2,Founder,G-FTC64765,Кујачић,Аранђеловдан,Херцеговина,Аранђелово/Требиње,42.6971098,18.5405008
location_terminal,N,non_I2,Relic,N-Y13852,Петревски,Мратиндан,Западна Македонија,Арбиново/Дебарца,41.3702969,20.8287978
location_terminal,R1a,non_I2,Founder,BY30743,Икодиновић,Никољдан,Стари Влах,Атеница/Чачак,43.8674634,20.3812813
location_terminal,N,non_I2,Founder,N-FGC28435,Бабић,Јовањдан,Босанска Крајина,Ахметовци/Нови Град,45.0491002,16.5779068
location_terminal,PH908_primary,PH908_family,Relic,FT167636,Мирковић,Никољдан,Источни Срем,Ашања/Пећинци,44.7551502,20.0762748
location_terminal,PH908_primary,PH908_family,Founder,FT14506,Ашћерић,Ђурђевдан,Североисточна Босна,Ашћерићи/Шековићи,44.3538497,18.9847405
location_terminal,R1a,non_I2,Relic,Y526047,Поповић,Аранђеловдан,Колубара,Ба/Љиг,44.1536678,20.1900143
location_terminal,E,non_I2,Founder,E-Z1057,Вучић,Никољдан,Понишавље,Бабин Кал/Бела Паланка,43.293913,22.378658
location_terminal,R1a,non_I2,Founder,Z280,Томашевић,Никољдан,Стари Влах,Бабине/Пријепоље,43.4233901,19.4880339
location_terminal,E,non_I2,Founder,E-L241,Вуковић,Аранђеловдан,Стара Херцеговина,Бабино Брдо/Бријег/Плужине,43.3531752,18.8777536
location_terminal,E,non_I2,Founder,E-BY165837,Куч,Зачеће Св. Јована Крститеља,Брда,Бабино/Беране,42.9053275,19.9020396
location_terminal,PH908_primary,PH908_family,Relic,Y571460,Влаховић,Лучиндан,Брда,Бабљак/Колашин,42.8332472,19.5116263
location_terminal,E,non_I2,Founder,E-Z1057,Душанић,Никољдан,Западни Банат,Баваниште/Ковин,44.8172426,20.8755889
location_terminal,I1,non_I2,Founder,FTA86559,Богдановић,Пантелијевдан,Стари Влах,Бакионица/Пожега,43.8630475,20.0462656
location_terminal,I1,non_I2,Founder,FTA86559,Буха,Митровдан,Херцеговина,Балабани/Риља/Невесиње,43.2608448,18.2863054
location_terminal,R1a,non_I2,Founder,BY99654,Лепојевић,Никољдан,Топлица,Балиновац/Прокупље,43.2859308,21.6073385
location_terminal,G,non_I2,Founder,G-Y128480,Лукић,Алимпијевдан,Косово,Баловац/Подујево,42.8903453,21.2300786
location_terminal,E,non_I2,Founder,E-Y126722,Игњатовић,Никољдан,Западни Банат,Банатски Брестовац/Панчево,44.7266366,20.8084452
location_terminal,I1,non_I2,Founder,FGC22061,Перић,Ђурђевдан,Шумадија,Баничина/Смедеревска Паланка,44.2874781,20.9373352
location_terminal,R1b,non_I2,Founder,FT44409,Филиповић,Алимпијевдан,Мачва,Баново Поље/Богатић,44.9102876,19.4478575
location_terminal,PH908_primary,PH908_family,Founder,FT14506,Јањић,Ђурђевдан,Херцеговина,Банчићи/Љубиње,42.9716006,17.9952073
location_terminal,I1,non_I2,Founder,Y155080,Рацков,Ђурђиц,Западни Банат,Баранда/Опово,45.0827888,20.4462371
location_terminal,E,non_I2,Founder,E-PH1395,Перовић (Лабовић),Аранђеловдан,Брда,Баре Краљске/Колашин,42.7486196,19.6151357
location_terminal,I1,non_I2,Founder,FGC22061,Минић,Ђурђевдан,Стари Влах,Барице/Ђурашићи/Пријепоље,43.4065801,19.5837776
location_terminal,R1a,non_I2,Founder,L1029,Ивић,Мратиндан,Браничево,Барич/Голубац,44.6474524,21.5542808
location_terminal,E,non_I2,Relic,E-Y177539,Спасић,Ђурђевдан,Шумадија,Барич/Обреновац,44.6515602,20.2583617
location_terminal,PH908_primary,PH908_family,Founder,FT14506,Сретеновић,Никољдан,Шумадија,Барич/Обреновац,44.6515602,20.2583617
location_terminal,E,non_I2,Founder,E-L241,Пантовић,Аранђеловдан,Стара Херцеговина,Барни До/Плужине,43.2577776,18.876081
location_terminal,R1a,non_I2,Founder,BY99654,Грубор,Ђурђевдан,Босанска Крајина,Бастаси/Дрвар,44.395981,16.3248418
location_terminal,E,non_I2,Founder,E-L241,Марковић,Ђурђевдан,Босанска Крајина,Бастаји/Кнежево,44.5214308,17.3996405
location_terminal,R1a,non_I2,Founder,L1029,Крушедолац,Јовањдан,Источни Срем,Батајница/Земун,44.9060854,20.2747547
location_terminal,R1a,non_I2,Founder,BY30743,Ерић,Стевањдан,Североисточна Босна,Батковић/Бијељина,44.8332129,19.2107897
location_terminal,PH908_primary,PH908_family,Founder,BY93199,Станаревић,Аранђеловдан,Североисточна Босна,Батковић/Бијељина,44.8332129,19.2107897
location_terminal,E,non_I2,Founder,E-L241,Антонић,Аранђеловдан,Североисточна Босна,Батковић/Бијељина,44.8332129,19.2107897
location_terminal,E,non_I2,Founder,E-Y128213,Ненадовић,Јовањдан,Североисточна Босна,Батковић/Бијељина,44.8332129,19.2107897
location_terminal,J2,non_I2,Founder,J-Y22059,Арсеновић,Никољдан,Североисточна Босна,Батковић/Бијељина,44.8332129,19.2107897
location_terminal,N,non_I2,Founder,N-FGC28435,Бобић,Лучиндан,Североисточна Босна,Батковић/Бијељина,44.8332129,19.2107897
location_terminal,R1a,non_I2,Founder,Y144943,Преловац,Лазарева Субота,Североисточна Босна,Батковић/Бијељина,44.8332129,19.2107897
location_terminal,PH908_primary,PH908_family,Founder,Y56203,Спасојевић,Аранђеловдан,Североисточна Босна,Батковић/Бијељина,44.8332129,19.2107897
location_terminal,J2,non_I2,Founder,J-Y22063,Самарџић,Ђурђевдан,Херцеговина,Батковићи/Невесиње,43.2684239,18.1537177
location_terminal,J2,non_I2,Founder,J-Z38299,Идризовић,Ђурђевдан,Метохија,Батуша/Ђаковица,42.4525888,20.2639977
location_terminal,E,non_I2,Founder,E-Z16988,Судар,Ђурђевдан,Херцеговина,Бачевићи/Мостар,43.2650406,17.8217135
location_terminal,J2,non_I2,Founder,J-FT413312,Голо,Ђурђевдан,Херцеговина,Бачевићи/Мостар,43.2650406,17.8217135
location_terminal,E,non_I2,Relic,E-A11802,Филиповић,Св. Арсеније Сремац,Стари Влах,Бачевци/Бајина Башта,44.0911615,19.5119976
location_terminal,R1a,non_I2,Founder,Z280,Пантић,Алимпијевдан,Шумадија,Бачина/Варварин,43.726417,21.2972513
location_terminal,Y3120_deep_mid_nonPH908,nonPH908_I2,Relic,BY169079,Којић,Михољдан,Бачка,Бачка Паланка,45.2500976,19.3897302
location_terminal,R1b,non_I2,Relic,Z9,Сајдл,Нема,Бачка,Бачки Маглић/Бачки Петровац,45.3600646,19.5914331
location_terminal,I1,non_I2,Founder,FGC22061,Суботички,Никољдан,Бачка,Бачко Петрово Село/Бечеј,45.7069444,20.0791667
location_terminal,PH908_primary,PH908_family,Founder,FT14506,Јагетић,Ђурђевдан,Бачка,Бачко Петрово Село/Бечеј,45.7069444,20.0791667
location_terminal,R1a,non_I2,Founder,L1029,Топалски,Матијевдан,Бачка,Бачко Петрово Село/Бечеј,45.7069444,20.0791667
location_terminal,N,non_I2,Founder,N-FGC28435,Попов,Лазарева Субота,Западни Банат,Башаид/Кикинда,45.6391562,20.4136646
location_terminal,PH908_primary,PH908_family,Founder,Y58629,Голић,Јовањдан,Западни Банат,Башаид/Кикинда,45.6391562,20.4136646
location_terminal,E,non_I2,Founder,E-Z16988,Башић,Никољдан,Херцеговина,Башићи/Чопице/Равно,43.1446321,18.435687
location_terminal,E,non_I2,Founder,E-Z1057,Башић,Јовањдан,Североисточна Босна,Башићи/Шековићи,44.3164946,18.9408086
location_terminal,E,non_I2,Founder,E-FGC11450,Вранић,Томиндан,Непознато,Баја/Мађарска,46.1785471,18.9517255
location_terminal,I1,non_I2,Relic,Y47022,Ивановић,Јовањдан,Колубара,Бајевац/Лајковац,44.3741048,20.0626821
location_terminal,E,non_I2,Founder,E-L241,Вукајловић,Томиндан,Босанска Крајина,Бајинци/Србац,45.099416,17.4783377
location_terminal,E,non_I2,Relic,E-FT287248,Мартиновић,Јовањдан,Зета,Бајице/Цетиње,42.4018176,18.898891
location_terminal,R1b,non_I2,Founder,FT49714,Дугалић,Лазарева Субота,Рашка,Баљевац/Рашка,43.3927867,20.6363945
location_terminal,I1,non_I2,Founder,FGC22061,Арсенијевић,Ђурђевдан,Шумадија,Баљковац/Крагујевац,43.964331,20.9272468
location_terminal,Y3120_deep_mid_nonPH908,nonPH908_I2,Founder,Z17855,Албијанић,Стевањдан,Херцеговина,Баљци/Билећа,42.8919352,18.4528742
location_terminal,PH908_primary,PH908_family,Founder,Y134585,Борић,Св. Симеон Богопримац,Североисточна Босна,Бања Врућица/Теслић,44.5880031,17.8976377
location_terminal,J2,non_I2,Founder,J-Y230579,Чоловић,Аранђеловдан,Шумадија,Бања/Аранђеловац,44.2906194,20.6251573
location_terminal,PH908_primary,PH908_family,Relic,Y283553,Луковић,Никољдан,Шумадија,Бања/Аранђеловац,44.2906194,20.6251573
location_terminal,E,non_I2,Founder,E-Z1057,Ковачевић,Ђурђиц,Метохија,Бања/Србица,42.812757,20.670443
location_terminal,PH908_primary,PH908_family,Founder,FT14506,Крнетић,Томиндан,Босанска Крајина,Бањани/Босанска Крупа,45.0253584,16.1389906
location_terminal,PH908_primary,PH908_family,Founder,Y58629,Татић,Јовањдан,Босанска Крајина,Бањани/Босанска Крупа,45.0253584,16.1389906
location_terminal,E,non_I2,Founder,E-Z1057,Ристић,Никољдан,Шумадија,Бањица/Вождовац/Београд,44.7562005,20.47756
location_terminal,PH908_primary,PH908_family,Relic,Y283553,Ђорђевић,Никољдан,Стари Влах,Бањица/Чачак,43.820794,20.3826595
location_terminal,R1a,non_I2,Founder,Z280,Василић,Јовањдан,Стари Влах,Бањица/Чачак,43.820794,20.3826595
location_terminal,J2,non_I2,Relic,J-Z7671,Митровић,Аранђеловдан,Шумадија,Баћевац/Барајево,44.5853872,20.3752752
location_terminal,E,non_I2,Founder,E-Z13591,Ђуровић,Петковдан,Брда,Беговина/Даниловград,43.1265347,19.1093609
location_terminal,E,non_I2,Founder,E-L241,Беговић,Петровдан,Банија,Беговићи/Петриња,45.3013906,16.3262919
location_terminal,PH908_primary,PH908_family,Founder,FT16449,Таминџија,Ђурђевдан,Херцеговина,Бежђеђе/Невесиње,43.111571,18.2161542
location_terminal,R1b,non_I2,Founder,FT44409,Павловић,Никољдан,Рашка,Бекова/Нови Пазар,43.2788305,20.4689446
location_terminal,I1,non_I2,Relic,FTA28840,Тошић,Никољдан,Понишавље,Бела Паланка,43.2179542,22.3112654
location_terminal,J2,non_I2,Founder,J-Y22063,Николић,Никољдан,Понишавље,Бела Паланка,43.2179542,22.3112654
location_terminal,E,non_I2,Founder,E-Z1057,Лазић,Никољдан,Западни Банат,Бела Црква,44.9001235,21.4230044
location_terminal,I1,non_I2,Founder,BY169301,Јовановић,Никољдан,Источни Срем,Белегиш/Стара Пазова,45.0188292,20.3313275
location_terminal,E,non_I2,Founder,E-Y128213,Витас,Јовањдан,Источни Срем,Белегиш/Стара Пазова,45.0188292,20.3313275
location_terminal,G,non_I2,Founder,G-Y128480,Лазаревић,Ђурђиц,Стари Влах,Бели Камен/Лучани,43.6848498,20.2184486
location_terminal,G,non_I2,Founder,G-Y128480,Павловић,Никољдан,Топлица,Бело Поље/Куршумлија,43.1638626,21.3034281
location_terminal,E,non_I2,Founder,E-BY165837,Зоговић,Никољдан,Метохија,Бело Поље/Пећ,42.0317366,23.0481438
location_terminal,E,non_I2,Founder,E-FT104106,Исаиловић,Никољдан,Мачва,Белотић/Владимирци,44.58099,19.71932
location_terminal,I1,non_I2,Founder,FTA86559,Јанковић,Аранђеловдан,Колубара,Белотић/Осечина,44.3813465,19.5238289
location_terminal,PH908_primary,PH908_family,Founder,FT16449,Ђурковић,Петровдан,Топлица,Белољин/Прокупље,43.2316209,21.4029069
location_terminal,R1a,non_I2,Relic,A19673,Крстић,Св. Врачи,Шумадија,Београд,44.7863236,20.4716856
location_terminal,R1b,non_I2,Founder,A274,Шарчевић,Стевањдан,Шумадија,Београд,44.7863236,20.4716856
location_terminal,E,non_I2,Relic,E-BY5610,Стојановић,Ђурђиц,Шумадија,Београд,44.7863236,20.4716856
location_terminal,E,non_I2,Founder,E-L241,Марјановић,Непознато,Шумадија,Београд,44.7863236,20.4716856
location_terminal,E,non_I2,Relic,E-Y260652,Даниловић,Никољдан,Шумадија,Београд,44.7863236,20.4716856
location_terminal,E,non_I2,Founder,E-Z1057,Јовановић,Никољдан,Шумадија,Београд,44.7863236,20.4716856
location_terminal,E,non_I2,Founder,E-Z13591,Ђорђевић,Никољдан,Шумадија,Београд,44.7863236,20.4716856
location_terminal,J2,non_I2,Founder,J-L70,Николић,Никољдан,Шумадија,Београд,44.7863236,20.4716856
location_terminal,R1a,non_I2,Founder,L1029,Огњановић,Аранђеловдан,Шумадија,Београд,44.7863236,20.4716856
location_terminal,R1b,non_I2,Relic,Y84624,Никетић,Аранђеловдан,Шумадија,Београд,44.7863236,20.4716856
location_terminal,R1a,non_I2,Founder,YP270,Живановић,Никољдан,Шумадија,Београд,44.7863236,20.4716856
location_terminal,R1a,non_I2,Founder,YP4278,Антић,Никољдан,Шумадија,Београд,44.7863236,20.4716856
location_terminal,R1a,non_I2,Founder,Y260767,Илић,Никољдан,Колубара,Беомужевић/Ваљево,44.307509,19.7716618
location_terminal,I1,non_I2,Founder,BY169301,Обрадовић,Аранђеловдан,Источни Срем,Беочин,45.2099153,19.7209347
location_terminal,PH908_primary,PH908_family,Founder,BY93199,Пипер,Аранђеловдан,Брда,Беран Село/Беране,42.8461056,19.8741099
location_terminal,E,non_I2,Founder,E-PH1395,Букумира,Никољдан,Брда,Беране,42.7745463,19.9083479
location_terminal,J2,non_I2,Founder,J-L70,Јовановић,Ђурђиц,Косово,Беревце/Штрпце,42.2458349,21.0250942
location_terminal,R1b,non_I2,Relic,Y112728,Ђуринац,Петковдан,Косово,Беревце/Штрпце,42.2458349,21.0250942
location_terminal,E,non_I2,Founder,E-Z1057,Јаношевић,Аранђеловдан,Источни Срем,Беркасово/Шид,45.1488963,19.2599231
location_terminal,PH908_primary,PH908_family,Founder,FT16449,Чабрило,Ђурђевдан,Херцеговина,Берковићи,43.0945271,18.1691429
location_terminal,I1,non_I2,Founder,FGC22061,Сакић,Ђурђевдан,Стари Влах,Бесеровина/Бајина Башта,43.9506923,19.4693524
location_terminal,G,non_I2,Founder,G-Y128480,Музикравић,Аранђеловдан,Шумадија,Бечањ/Чачак,43.8694976,20.5621576
location_terminal,R1a,non_I2,Founder,BY99654,Настасић,Стевањдан,Бачка,Бечеј,45.6153745,20.0490085
location_terminal,E,non_I2,Founder,E-Z13591,Бојић,Јовањдан,Источни Срем,Бешка/Инђија,45.1300269,20.0673713
location_terminal,R1a,non_I2,Founder,YP270,Богдановић,Томиндан,Расина,Бзенице/Александровац,43.5033356,20.8785889
location_terminal,R1a,non_I2,Founder,Y144943,Шакотић,Аранђеловдан,Херцеговина,Билећа,42.8748513,18.4279766
location_terminal,I1,non_I2,Relic,Z58,Олуић,Аранђеловдан,Далмација,Билишане/Обровац,44.1742442,15.7453929
location_terminal,E,non_I2,Founder,E-L241,Маширевић,Никољдан,Бачка,Билић/Сомбор,45.8503772,19.1252814
location_terminal,Y3120_deep_mid_nonPH908,nonPH908_I2,Founder,Z17855,Паунковић,Ђурђиц,Источни Срем,Бингула/Шид,45.1008682,19.4487791
location_terminal,R1b,non_I2,Founder,FT49714,Марић,Петковдан,Рашка,Биниће/Рашка,43.3771575,20.4992321
location_terminal,PH908_primary,PH908_family,Founder,FT16449,Опачић,Лучиндан,Далмација,Биовичино Село/Кистање,44.054074,15.9177436
location_terminal,PH908_primary,PH908_family,Founder,BY93199,Скоруп,Аранђеловдан,Херцеговина,Биоград/Невесиње,43.1975446,18.1736467
location_terminal,E,non_I2,Founder,E-FT178289,Кулаш,Стевањдан,Херцеговина,Биоград/Невесиње,43.1975446,18.1736467
location_terminal,I1,non_I2,Founder,FT428459,Имшир,Стевањдан,Херцеговина,Биоград/Требиње,43.1975446,18.1736467
location_terminal,E,non_I2,Founder,E-Y126722,Пјевић,Петровдан,Стари Влах,Биоска/Ужице,43.8648387,19.6528798
location_terminal,E,non_I2,Founder,E-Z13591,Новаковић,Никољдан,Стари Влах,Биоска/Ужице,43.8648387,19.6528798
location_terminal,I1,non_I2,Founder,FGC22061,Јараковић,Никољдан,Стари Влах,Биоска/Ужице,43.8648387,19.6528798
location_terminal,PH908_primary,PH908_family,Founder,FT14506,Мијановић,Никољдан,Херцеговина,Биоци/Требиње,42.8641636,18.2256008
location_terminal,J2,non_I2,Founder,J-Y155375,Крнојелац,Никољдан,Источна Босна,Биротићи/Фоча,43.4420223,18.7925348
location_terminal,PH908_primary,PH908_family,Founder,FT16449,Цвјетковић,Ђурђевдан,Североисточна Босна,Бистрица/Жепче,44.4212262,18.0816107
location_terminal,PH908_primary,PH908_family,Founder,Y134585,Рабреновић,Аранђеловдан,Брда,Бистрица/Мојковац,43.0009475,19.4406378
location_terminal,I1,non_I2,Founder,FGC22061,Мартиновић,Никољдан,Стари Влах,Бистрица/Нова Варош,43.4679641,19.6567329
location_terminal,PH908_primary,PH908_family,Founder,FT16449,Бучевац,Стевањдан,Стари Влах,Бистрица/Нова Варош,43.4679641,19.6567329
location_terminal,PH908_primary,PH908_family,Relic,Y499136,Главоњић,Лучиндан,Стари Влах,Бистрица/Нова Варош,43.4679641,19.6567329
location_terminal,N,non_I2,Relic,N-TAT,Вуксановић,Томиндан,Браничево,Бистрица/Петровац на Млави,44.3358334,21.5005291
location_terminal,PH908_primary,PH908_family,Relic,FT271768,Стевановић,Аранђеловдан,Врањско Поморавље,Битврђа/Сурдулица,42.6958333,22.2691667
location_terminal,PH908_primary,PH908_family,Founder,BY93199,Рогач,Аранђеловдан,Херцеговина,Битељица/Корита/Билећа,42.8941397,18.3250134
location_terminal,R1a,non_I2,Relic,Z93,Дончић,Јовањдан,Метохија,Бича/Клина,42.6796152,20.6005989
location_terminal,R1a,non_I2,Founder,BY30743,Ивковић,Никољдан,Херцеговина,Бијела Рудина/Билећа,42.9286911,18.4207624
location_terminal,PH908_primary,PH908_family,Founder,FT16449,Лукић,Ђурђевдан,Североисточна Босна,Бијело Бучје/Теслић,44.4206941,17.7379859
location_terminal,E,non_I2,Founder,E-Z13591,Нишавић,Петковдан,Брда,Бијело Поље,43.060107,19.5188414
location_terminal,I1,non_I2,Founder,FGC22061,Рудић,Аранђеловдан,Брда,Бијело Поље,43.060107,19.5188414
location_terminal,R1a,non_I2,Founder,YP4278,Пекић,Јовањдан,Херцеговина,Бијељани/Билећа,43.0609503,18.2549467
location_terminal,I1,non_I2,Founder,FT428459,Јовановић,Стевањдан,Североисточна Босна,Бијељина,44.7568464,19.2156628
location_terminal,N,non_I2,Founder,N-FGC28435,Трифковић,Јовањдан,Североисточна Босна,Бијељина,44.7568464,19.2156628
location_terminal,E,non_I2,Founder,E-Z1057,Илић,Стевањдан,Херцеговина,Бијоград/Требиње,42.6814792,18.2870394
location_terminal,E,non_I2,Founder,E-Z1057,Милошевић,Никољдан,Рашка,Блажево/Постење/Нови Пазар,43.1982371,20.5241664
location_terminal,J2,non_I2,Founder,J-Y22063,Митрић,Ђурђевдан,Средња Босна,Блажуј/Илиџа/Сарајево,43.8401451,18.258022
location_terminal,E,non_I2,Founder,E-Z16988,Врцељ,Ђурђевдан,Лика,Блата/Саборско,45.0319921,15.4007787
location_terminal,E,non_I2,Founder,E-Z1057,Стефановић,Алимпијевдан,Топлица,Блаце,43.2955155,21.2865967
location_terminal,G,non_I2,Founder,G-Y128480,Ђукић,Алимпијевдан,Топлица,Блаце,43.2955155,21.2865967
location_terminal,R1b,non_I2,Founder,L51,Строс,Непознато,Крањска,Блед,46.3681066,13.9806073
location_terminal,E,non_I2,Founder,E-BY165837,Кљајевић,Аранђеловдан,Брда,Блишково/Бијело Поље,43.1563013,19.5517458
location_terminal,R1a,non_I2,Founder,BY30743,Ђедовић,Јовањдан,Банија,Блиња/Петриња,45.3560014,16.367175
location_terminal,G,non_I2,Founder,G-Y128480,Драгић,Јовањдан,Банија,Блиња/Петриња,45.3560014,16.367175
location_terminal,I1,non_I2,Founder,FGC22061,Чуровић,Никољдан,Стара Херцеговина,Боан/Шавник,42.9415643,19.2111289
location_terminal,E,non_I2,Founder,E-FT178289,Јовановић,Јовањдан,Североисточна Босна,Бобетино Брдо/Лопаре,44.7455256,18.9259586
location_terminal,I1,non_I2,Founder,FGC22061,Карановић,Ђурђевдан,Босанска Крајина,Бобољусци/Дрвар,44.4498269,16.2269041
location_terminal,E,non_I2,Founder,E-Z38456,Мраовић,Никољдан,Кордун,Бовић/Вргинмост,45.40231,15.9294779
location_terminal,E,non_I2,Founder,E-Z16988,Милићевић,Петковдан,Мачва,Богатић,44.8343025,19.4795213
location_terminal,G,non_I2,Founder,G-FTC64765,Малетић,Игњатијевдан,Мачва,Богатић,44.8343025,19.4795213
location_terminal,R1b,non_I2,Founder,BY38894,Петковић,Аранђеловдан,Стари Влах,Богданица/Горњи Милановац,44.0208102,20.0964936
location_terminal,N,non_I2,Founder,N-FT213937,Козомора,Јовањдан,Босанска Крајина,Богдаше/Ливно,44.0337429,16.6845423
location_terminal,I1,non_I2,Founder,Y155080,Матковић,Јовањдан,Херцеговина,Богодол/Мостар,43.4459032,17.6626033
location_terminal,J2,non_I2,Founder,J-Z38299,Стојковић,Никољдан,Јабланица,Богуновац/Медвеђа,42.7815958,21.5075458
location_terminal,R1a,non_I2,Relic,L1280,Милић,Јовањдан,Јабланица,Богуновац/Медвеђа,42.7815958,21.5075458
location_terminal,R1b,non_I2,Relic,BY18860,Ђурашевић,Никољдан,Зета,Богути/Цетиње,42.3199034,18.9805169
location_terminal,PH908_primary,PH908_family,Relic,Y571460,Влаховић,Лучиндан,Брда,Богутов До/Влаховићи/Колашин,42.6861989,19.3522897
location_terminal,J2,non_I2,Relic,J-A30137,Корићанац,Мратиндан,Рашка,Богутовац/Краљево,43.6505926,20.5543681
location_terminal,I1,non_I2,Founder,FT428459,Петровић,Стевањдан,Топлица,Богујевац/Прокупље,43.0436697,21.5015772
location_terminal,R1a,non_I2,Founder,FT288648,Жарковић,Никољдан,Херцеговина,Бодежишта/Гацко,43.252356,18.4754915
location_terminal,PH908_primary,PH908_family,Founder,Y51673,Милићевић,Никољдан,Херцеговина,Боденик/Билећа,42.9114514,18.3563503
location_terminal,G,non_I2,Relic,G-M342,Јовановић,Никољдан,Шумадија,Бождаревац/Барајево,44.564496,20.40044
location_terminal,PH908_primary,PH908_family,Relic,Y598756,Станковић,Никољдан,Браничево,Божевац/Мало Црниће,44.54213,21.3948737
location_terminal,J2,non_I2,Founder,J-Y22063,Поповић,Никољдан,Стари Влах,Божетићи/Нова Варош,43.4490086,19.9676202
location_terminal,Y3120_deep_mid_nonPH908,nonPH908_I2,Founder,Z17855,Петрунов,Аранђеловдан,Врањско Поморавље,Божица/Сурдулица,42.6156383,22.3999794
location_terminal,I1,non_I2,Founder,FGC22061,Живановић,Аранђеловдан,Шумадија,Божурња/Топола,44.2224142,20.7092285
location_terminal,R1a,non_I2,Founder,L1029,Шеварика,Ђурђевдан,Босанска Крајина,Бокани/Кнежево,44.5096452,17.3590499
location_terminal,R1a,non_I2,Relic,BY212473,Колар,Ђурђевдан,Јужна Барања,Болман/Јагодњак,45.7219029,18.5169211
location_terminal,R1b,non_I2,Relic,Y221452,Мишковић,Срђевдан,Шумадија,Борач/Кнић,43.9606106,20.6061953
location_terminal,I1,non_I2,Founder,FGC22061,Рацковић,Ђурђевдан,Источна Босна,Борике/Рогатица,43.7997371,19.002206
location_terminal,R1a,non_I2,Founder,YP4278,Марковић,Јовањдан,Јабланица,Боринце/Бојник,42.9790325,21.5704536
location_terminal,PH908_primary,PH908_family,Founder,FT14506,Јеличић,Никољдан,Босанска Крајина,Борковићи/Бања Лука,44.8211451,16.9992854
location_terminal,PH908_primary,PH908_family,Founder,Y51673,Ламбић,Ђурђевдан,Херцеговина,Борци/Коњиц,43.576834,18.018441
location_terminal,R1a,non_I2,Founder,L1029,Тимотијевић,Аранђеловдан,Шумадија,Борци/Рача,44.2054966,20.8807182
location_terminal,PH908_map_nonprimary,PH908_family,Founder,Y4882,Божовић,Никољдан,Источна Босна,Борје/Фоча,43.3848521,18.9572078
location_terminal,G,non_I2,Founder,G-Y128480,Адамовић,Јовањдан,Босанска Крајина,Босанска Крупа,44.8824428,16.1577
location_terminal,E,non_I2,Founder,E-Y126722,Племић,Никољдан,Босанска Крајина,Босанско Грахово,44.1794878,16.3639977
location_terminal,E,non_I2,Founder,E-Y128213,Цвијан,Јовањдан,Босанска Крајина,Босанско Грахово,44.1794878,16.3639977
location_terminal,I1,non_I2,Founder,FGC22061,Новосел,Аранђеловдан,Стара Херцеговина,Босача/Питомине/Жабљак,43.1637907,19.0876115
location_terminal,I1,non_I2,Founder,BY169301,Богојевић,Аранђеловдан,Расина,Ботурићи/Александровац,43.458246,20.9651756
location_terminal,R1b,non_I2,Founder,L51,Вучић,Нема,Лика,Бошт/Огулин,45.2471208,15.2261234
location_terminal,Y3120_deep_mid_nonPH908,nonPH908_I2,Relic,BY92056,Јанковић,Никољдан,Шумадија,Бошњане/Рача,44.2532829,20.9706437
location_terminal,E,non_I2,Founder,E-Z1057,Тошић,Никољдан,Јабланица,Бошњаце/Лебане,42.9491756,21.8287047
location_terminal,J2,non_I2,Founder,J-L70,Ђорђевић,Аранђеловдан,Јабланица,Бошњаце/Лебане,42.9491756,21.8287047
location_terminal,J2,non_I2,Founder,J-FT413312,Бојанић,Јовањдан,Стара Херцеговина,Бојанићи/Малов До/Котор,44.4732821,17.1290696
location_terminal,R1a,non_I2,Founder,L1029,Радојчић,Никољдан,Крањска,Бојанци/Чрномељ,45.5030746,15.2506432
location_terminal,E,non_I2,Founder,E-Y126722,Бојић,Часне Вериге апостола Петра,Босанска Крајина,Бојићи/Јаворани/Кнежево,43.5090089,18.3504068
location_terminal,N,non_I2,Founder,N-FT182494,Софренић,Стевањдан,Североисточна Босна,Бољанић/Добој,44.6890105,18.2211923
location_terminal,R1a,non_I2,Founder,L1029,Ђуришић,Никољдан,Зета,Бољевићи/Бар,42.2246369,19.0843874
location_terminal,I1,non_I2,Founder,FGC22061,Лаудановић,Аранђеловдан,Шумадија,Бољковци/Горњи Милановац,44.1434202,20.3448058
location_terminal,R1a,non_I2,Founder,BY99654,Алексић,Ђурђевдан,Мачва,Брадић/Лозница,44.5497222,19.3391667
location_terminal,E,non_I2,Founder,E-Z1057,Топаловић,Св. Врачи,Колубара,Бранговић/Ваљево,44.2162154,19.8772751
location_terminal,E,non_I2,Founder,E-Y142744,Пезић,Ђурђевдан,Босанска Крајина,Бранешци Горњи/Челинац,44.7928465,17.527736
location_terminal,PH908_primary,PH908_family,Founder,FT386055,Алексић,Св. Симеон Богопримац,Босанска Крајина,Бранешци Горњи/Челинац,44.7928465,17.527736
location_terminal,E,non_I2,Founder,E-L241,Дамјановић,Никољдан,Босанска Крајина,Бранешци Доњи/Челинац,44.7845621,17.5489684
location_terminal,PH908_primary,PH908_family,Founder,FT386055,Кнежевић,Аранђеловдан,Босанска Крајина,Бранешци Доњи/Челинац,44.7845621,17.5489684
location_terminal,PH908_primary,PH908_family,Relic,FTB12377,Васић,Аранђеловдан,Босанска Крајина,Бранешци Доњи/Челинац,44.7845621,17.5489684
location_terminal,R1a,non_I2,Founder,BY30743,Јевремовић,Аранђеловдан,Стари Влах,Бранешци/Чајетина,43.7414582,19.6841993
location_terminal,R1b,non_I2,Founder,FT44409,Ненадовић,Алимпијевдан,Колубара,Бранковина/Ваљево,44.3529767,19.8993916
location_terminal,I1,non_I2,Founder,FGC22061,Алемпијевић,Ђурђевдан,Шумадија,Бранчић/Љиг,44.2254617,20.2603445
location_terminal,E,non_I2,Founder,E-BY165837,Радовић,Никољдан,Херцеговина,Братач/Невесиње,43.268725,18.2245113
location_terminal,R1a,non_I2,Founder,L1029,Гушић,Ђурђевдан,Херцеговина,Братач/Невесиње,43.268725,18.2245113
location_terminal,PH908_primary,PH908_family,Founder,Y56203,Терзић,Аранђеловдан,Херцеговина,Братач/Невесиње,43.268725,18.2245113
location_terminal,J2,non_I2,Founder,J-Y155375,Кричка,Никољдан,Далмација,Братишковци/Скрадин,43.8893887,15.9062068
location_terminal,PH908_primary,PH908_family,Founder,FT16449,Милојевић,Аранђеловдан,Херцеговина,Братљевина/Паројска Њива/Требиње,42.7653558,18.2906414
location_terminal,R1a,non_I2,Founder,L1029,Вилић,Никољдан,Херцеговина,Брајићевићи/Гацко,43.2325565,18.4869187
location_terminal,J2,non_I2,Founder,J-Y14439,Бајић,Ђурђевдан,Стари Влах,Брајићи/Горњи Милановац,44.1010774,20.2074963
location_terminal,E,non_I2,Founder,E-Y142744,Лукаја,Михољдан,Босанска Крајина,Брајићи/Хасанбеговци/Гламоч,44.1329887,16.8266108
location_terminal,PH908_primary,PH908_family,Founder,FT14506,Дробњак,Томиндан,Стари Влах,Брајковац/Пријепоље,43.2616438,19.5979651
location_terminal,J2,non_I2,Founder,J-Y155375,Баковић,Никољдан,Стари Влах,Брајковац/Пријепоље,43.2616438,19.5979651
location_terminal,R1a,non_I2,Relic,Y289137,Зековић,Никољдан,Стара Херцеговина,Брајковача/Жабљак,43.0917396,19.3477581
location_terminal,E,non_I2,Founder,E-BY165837,Подбићанин,Нема,Стари Влах,Брвине/Пријепоље,43.2141217,19.6781164
location_terminal,R1a,non_I2,Founder,BY99654,Предојевић,Алимпијевдан,Босанска Крајина,Брдари/Сански Мост,44.7945484,16.6244742
location_terminal,I1,non_I2,Founder,FGC22061,Црнчевић,Јовањдан,Босанска Крајина,Брдо/Мркоњић Град,45.4492898,13.7596335
location_terminal,R1b,non_I2,Founder,FT49714,Љумовић,Аранђеловдан,Брда,Брдо/Црнци/Подгорица,45.4492898,13.7596335
location_terminal,R1b,non_I2,Founder,A274,Лечић,Аранђеловдан,Херцеговина,Брезова Дола/Жрвањ/Љубиње,42.9281971,18.2322883
location_terminal,PH908_primary,PH908_family,Relic,FT190854,Бојановић,Лучиндан,Стари Влах,Брезова/Ивањица,43.5418643,20.060838
location_terminal,E,non_I2,Founder,E-Z1057,Вујановић,Стевањдан,Шумадија,Брезовац/Аранђеловац,44.2477475,20.6008977
location_terminal,J2,non_I2,Founder,J-Y22063,Ћировић,Аранђеловдан,Шумадија,Брезовац/Аранђеловац,44.2477475,20.6008977
location_terminal,E,non_I2,Founder,E-Z1057,Нерић,Томиндан,Стара Херцеговина,Брезовик/Никшић,44.0541836,18.0080241
location_terminal,R1b,non_I2,Founder,FT49714,Прашчевић,Никољдан,Брда,Брезојевица/Плав,43.2272523,19.428269
location_terminal,R1a,non_I2,Founder,L1029,Уљар,Никољдан,Источна Босна,Брезје/Горажде,43.6460575,18.9470332
location_terminal,N,non_I2,Founder,N-FGC28435,Михајловић,Никољдан,Североисточна Босна,Брезје/Челић,44.6777767,18.6712877
location_terminal,N,non_I2,Founder,N-FT182494,Козарац,Лучиндан,Босанска Крајина,Брекиња/Козарска Дубица,45.1345993,16.7197751
location_terminal,R1a,non_I2,Relic,FT255070,Томић,Ђурђиц,Понишавље,Бреница/Ниш,43.3820148,21.9279517
location_terminal,J2,non_I2,Founder,J-Y155375,Бошковић,Стевањдан,Шумадија,Бресница/Чачак,43.8739802,20.5958184
location_terminal,E,non_I2,Founder,E-Z13591,Ерић,Ђурђиц,Расина,Бресно Поље/Трстеник,43.5800118,21.1682853
location_terminal,G,non_I2,Founder,G-Y128480,Ђелекар,Никољдан,Расина,Бресно Поље/Трстеник,43.5800118,21.1682853
location_terminal,R1a,non_I2,Founder,L1029,Марковић,Св. Симеон Мироточиви,Расина,Бресно Поље/Трстеник,43.5800118,21.1682853
location_terminal,R1b,non_I2,Relic,BY199059,Ивошевић,Ђурђевдан,Лика,Брестовац/Хрељин/Огулин,45.2905609,15.1709868
location_terminal,J2,non_I2,Founder,J-Y22059,Милић,Никољдан,Браничево,Брестово/Деспотовац,44.1161886,21.326897
location_terminal,E,non_I2,Relic,E-A783,Ковачевић,Ђурђиц,Рашка,Брестово/Нови Пазар,43.1358171,20.5923271
location_terminal,E,non_I2,Founder,E-FGC11450,Миљковић,Никољдан,Шумадија,Бресје/Јагодина,43.939113999999996,21.2623635
location_terminal,R1b,non_I2,Relic,FT357646,Фемић,Аранђеловдан,Брда,Брзава/Бијело Поље,42.9633265,19.8110589
location_terminal,PH908_map_nonprimary,PH908_family,Founder,Y4882,Бијелић,Никољдан,Далмација,Брибир/Скрадин,43.9217665,15.8422069
location_terminal,R1a,non_I2,Founder,YP270,Милеуснић,Никољдан,Лика,Брлошка Дубрава/Оточац,44.9316125,15.1890592
location_terminal,N,non_I2,Founder,N-FT213937,Пиља,Јовањдан,Лика,Бротња/Грачац,44.443412,16.1220739
location_terminal,G,non_I2,Founder,G-FTC64765,Јаничић,Аранђеловдан,Стара Херцеговина,Броћанац Вилушки/Никшић,42.7581428,18.5648938
location_terminal,R1a,non_I2,Founder,BY99654,Јанус,Никољдан,Банија,Брубно/Глина,45.1861204,16.0990234
location_terminal,PH908_primary,PH908_family,Founder,FT14506,Радановић,Лазарева Субота,Банија,Брубно/Глина,45.1861204,16.0990234
location_terminal,R1a,non_I2,Founder,L1029,Остојић,Никољдан,Банија,Брубно/Глина,45.1861204,16.0990234
location_terminal,E,non_I2,Founder,E-Y126722,Радаковић,Никољдан,Лика,Брувно/Грачац,44.4014245,15.8946906
location_terminal,I1,non_I2,Founder,FGC22061,Војновић,Ђурђевдан,Лика,Брувно/Грачац,44.4014245,15.8946906
location_terminal,E,non_I2,Founder,E-PH1395,Раичевић,Томиндан,Рашка,Брусник/Ивањица,43.3652737,20.3485801
location_terminal,G,non_I2,Founder,G-Y128480,Мартиновић,Св. Јевстатије,Шумадија,Брусница/Горњи Милановац,44.01504,20.4320383
location_terminal,I1,non_I2,Founder,BY169301,Љубинковић,Аранђеловдан,Мачва,Брњац/Лозница,44.5477778,19.3675
location_terminal,E,non_I2,Founder,E-FT178289,Николић,Никољдан,Североисточна Босна,Брњица/Живинице,44.383889,18.64
location_terminal,E,non_I2,Founder,E-Z1057,Ђерић,Ђурђиц,Стари Влах,Буар/Ужице,43.8790259,19.814465
location_terminal,E,non_I2,Relic,E-Y173089,Цветковић,Никољдан,Јабланица,Бувце/Лебане,42.8374617,21.6910427
location_terminal,J2,non_I2,Founder,J-Z38299,Стевановић,Аранђеловдан,Јабланица,Бувце/Лебане,42.8374617,21.6910427
location_terminal,R1a,non_I2,Founder,YP417,Бајић,Јовањдан,Средња Босна,Бугојно,44.0558542,17.4509043
location_terminal,E,non_I2,Founder,E-BY165837,Коцић (Радоњић),Ђурђевдан,Зета,Будва,41.1293315,20.8062091
location_terminal,PH908_primary,PH908_family,Relic,Y189076,Вукојевић,Пантелијевдан,Босанска Крајина,Будимлић Јапра/Оштра Лука,44.8833743,16.4285497
location_terminal,PH908_primary,PH908_family,Founder,FT14506,Кецман,Вартоломијевдан,Босанска Крајина,Будимлић Јапра/Сански Мост,44.8833743,16.4285497
location_terminal,R1a,non_I2,Founder,Z280,Кнежевић,Св. Василије Велики,Брда,Будимља/Беране,42.8665246,19.8892217
location_terminal,R1b,non_I2,Relic,BY250,Лазић,Ђурђевдан,Североисточна Босна,Бузекара/Брчко,44.787359,18.8668246
location_terminal,E,non_I2,Founder,E-Z1057,Булат,Митровдан,Банија,Бузета/Глина,45.2649053,16.1081881
location_terminal,R1b,non_I2,Founder,FT44409,Мартић,Митровдан,Банија,Бузета/Глина,45.2649053,16.1081881
location_terminal,PH908_primary,PH908_family,Founder,Y58629,Јовановић,Јовањдан,Североисточна Босна,Буквари/Буковица Доња/Бијељина,44.8233309,18.9823472
location_terminal,E,non_I2,Founder,E-FT104106,Пишталовић,Јовањдан,Североисточна Босна,Буковац/Брчко,44.8524814,18.7008674
location_terminal,I1,non_I2,Founder,FGC22061,Ђокић,Јовањдан,Североисточна Босна,Буковац/Доња Трнова/Угљевик,44.6459835,19.1019942
location_terminal,J2,non_I2,Founder,J-Y22063,Живковић,Ђурђиц,Источни Срем,Буковац/Нови Сад,45.1943284,19.8932816
location_terminal,PH908_primary,PH908_family,Founder,FT386055,Мијић,Аранђеловдан,Бачка,Буковац/Сомбор,45.7284366,19.0969598
location_terminal,R1a,non_I2,Founder,Z280,Шљукић,Никољдан,Бачка,Буковачки Салаши/Сомбор,45.7405531,19.0735172
location_terminal,E,non_I2,Founder,E-Z16988,Настасић,Стевањдан,Бачка,Буковачки салаши/Сомбор,45.7405531,19.0735172
location_terminal,I1,non_I2,Relic,L22,Галетин,Јовањдан,Бачка,Буковачки салаши/Сомбор,45.7405531,19.0735172
location_terminal,R1a,non_I2,Founder,BY30743,Палић,Никољдан,Стари Влах,Буковик/Нова Варош,43.414766,19.9800147
location_terminal,J2,non_I2,Founder,J-Y155375,Пауновић,Никољдан,Стари Влах,Буковик/Нова Варош,43.414766,19.9800147
location_terminal,R1a,non_I2,Founder,L1029,Симић,Ђурђевдан,Североисточна Босна,Буковица Горња/Бијељина,44.7706708,18.9776715
location_terminal,G,non_I2,Relic,G-L830,Белоица,Никољдан,Брда,Буковица/Рожаје,42.9524274,20.1929815
location_terminal,R1a,non_I2,Founder,Z280,Радић,Аранђеловдан,Шумадија,Буковче/Јагодина,44.0049527,21.2315544
location_terminal,I1,non_I2,Founder,FGC22061,Мосуровић,Никољдан,Стари Влах,Булићи/Бучје/Прибој,43.4330873,19.3716641
location_terminal,N,non_I2,Founder,N-FT213937,Ћосић,Јовањдан,Источна Босна,Булози/Источно Сарајево,43.8513557,18.5029053
location_terminal,R1b,non_I2,Founder,BY38894,Павловић,Никољдан,Источна Босна,Бунови/Фоча,43.4768253,18.7620109
location_terminal,E,non_I2,Founder,E-PH1395,Велимировић,Св. Александар Невски,Топлица,Бучинце/Прокупље,43.1651969,21.5915487
location_terminal,R1b,non_I2,Founder,BY38894,Шиљак,Аранђеловдан,Стари Влах,Бучје/Прибој,43.4684973,19.4227134
location_terminal,PH908_primary,PH908_family,Founder,FT16449,Поповић,Стевањдан,Стари Влах,Бучје/Прибој,43.4684973,19.4227134
location_terminal,E,non_I2,Founder,E-Y126722,Глишић,Часне Вериге апостола Петра,Североисточна Босна,Бушлетић/Добој,44.8056888,18.0916266
location_terminal,PH908_primary,PH908_family,Founder,FT16449,Чакаревић,Игњатијевдан,Североисточна Босна,Бушлетић/Добој,44.8056888,18.0916266
location_terminal,G,non_I2,Founder,G-Y128480,Хршум,Стевањдан,Источна Босна,Буђ/Пале,43.823273,18.7617285
location_terminal,PH908_primary,PH908_family,Relic,Y135654,Новчић,Никољдан,Стари Влах,Буђево/Сјеница,43.1450766,20.0519113
location_terminal,E,non_I2,Founder,E-Y126722,Накић,Никољдан,Врањско Поморавље,Бујановац,42.4598455,21.7671276
location_terminal,I1,non_I2,Founder,BY169301,Јевтић,Никољдан,Колубара,Бујачић/Ваљево,44.2463626,19.9097877
location_terminal,E,non_I2,Founder,E-Z1057,Ивковић,Никољдан,Колубара,Бујачић/Ваљево,44.2463626,19.9097877
location_terminal,I1,non_I2,Founder,FGC22061,Мандић,Никољдан,Средња Босна,Буљетовина/Илијаш,44.0738455,18.4489035
location_terminal,Y3120_deep_mid_nonPH908,nonPH908_I2,Founder,Z17855,Радић,Никољдан,Босанска Крајина,Бућовача/Купрес,43.8890658,17.403712
location_terminal,J2,non_I2,Founder,J-Y22063,Врачар,Никољдан,Централна Хрватска,Бјеловар,45.8986869,16.8421977
location_terminal,PH908_primary,PH908_family,Relic,FT190854,Бојановић,Лучиндан,Стари Влах,Бјелуша/Ариље,43.6149789,20.0170452
location_terminal,J2,non_I2,Founder,J-Y22063,Јањатовић,Јовањдан,Лика,Бјељевине/Српско Поље/Оточац,44.8926491,15.1446039
location_terminal,R1a,non_I2,Founder,L1029,Јојевић,Јовањдан,Источна Босна,Вардиште/Вишеград,43.7592967,19.4552731
location_terminal,R1a,non_I2,Founder,L1029,Мулалић,Нема,Средња Босна,Вареш,44.1633731,18.3285369
location_terminal,N,non_I2,Founder,N-FT182494,Дукић,Ђурђевдан,Далмација,Вариводе/Кистање,43.9585047,15.8759678
location_terminal,R1b,non_I2,Relic,PH4902,Теодоровић,Аранђеловдан,Источни Банат,Варјаш/Темишвар,46.0117982,20.9613727
location_terminal,E,non_I2,Founder,E-Y128213,Ђачанин,Јовањдан,Источни Срем,Вашица/Шид,45.0956204,19.1866039
location_terminal,R1a,non_I2,Relic,Y208600,Сремац,Стевањдан,Источни Срем,Вашица/Шид,45.0956204,19.1866039
location_terminal,R1a,non_I2,Founder,Y260767,Лукић,Јовањдан,Колубара,Ваљево,44.2708719,19.8863297
location_terminal,PH908_map_nonprimary,PH908_family,Founder,Y4882,Гњидић,Никољдан,Далмација,Ваћани/Скрадин,43.8974148,15.8651299
location_terminal,Y3120_deep_mid_nonPH908,nonPH908_I2,Founder,Z17855,Кочовић,Алимпијевдан,Западна Македонија,Вевчани,41.2444658,20.5735643
location_terminal,R1a,non_I2,Founder,Z280,Шурбаноски,Св. Врачи,Западна Македонија,Вевчани,41.2444658,20.5735643
location_terminal,PH908_primary,PH908_family,Founder,FT14506,Рунић,Никољдан,Босанска Крајина,Ведро Поље/Босански Петровац,44.5057546,16.3882685
location_terminal,R1a,non_I2,Founder,BY30743,Јовановић,Никољдан,Стари Влах,Велес/Гуча/Лучани,41.718869,21.7705695
location_terminal,PH908_primary,PH908_family,Founder,BY93199,Драговић,Аранђеловдан,Зета,Велестово/Цетиње,41.0832086,20.8282044
location_terminal,E,non_I2,Founder,E-Z13591,Ђуровић,Петковдан,Брда,Велета/Даниловград,42.5524049,19.1052289
location_terminal,I1,non_I2,Founder,FGC22061,Калинић,Никољдан,Босанска Крајина,Велика Жуљевица/Нови Град,45.0916347,16.4807075
location_terminal,N,non_I2,Founder,N-FT213937,Јовановић,Јовањдан,Шумадија,Велика Иванча/Младеновац,44.4259017,20.5796709
location_terminal,R1a,non_I2,Founder,FT288648,Малетић,Стевањдан,Босанска Крајина,Велика Илова/Прњавор,44.9600945,17.6520678
location_terminal,R1a,non_I2,Founder,FT288648,Нешковић,Стевањдан,Североисточна Босна,Велика Обарска/Бијељина,44.8017099,19.1712899
location_terminal,J2,non_I2,Founder,J-Y22063,Деспотовић,Мратиндан,Североисточна Босна,Велика Обарска/Бијељина,44.8017099,19.1712899
location_terminal,R1a,non_I2,Founder,L1029,Секулић,Јовањдан,Североисточна Босна,Велика Обарска/Бијељина,44.8017099,19.1712899
location_terminal,N,non_I2,Founder,N-FT213937,Крстић,Лазарева Субота,Североисточна Босна,Велика Обарска/Бијељина,44.8017099,19.1712899
location_terminal,E,non_I2,Founder,E-Y7168,Милосављевић,Ђурђиц,Шумадија,Велика Плана,44.3324574,21.075786
location_terminal,E,non_I2,Founder,E-Z13591,Јовановић,Петковдан,Шумадија,Велика Плана,44.3324574,21.075786
location_terminal,I1,non_I2,Founder,FGC22061,Радовановић,Ђурђевдан,Топлица,Велика Плана/Прокупље,43.3282958,21.4361615
location_terminal,PH908_primary,PH908_family,Founder,Y134585,Лазовић,Аранђеловдан,Топлица,Велика Плана/Прокупље,43.3282958,21.4361615
location_terminal,I1,non_I2,Founder,FGC22061,Грубишић,Ђурђевдан,Лика,Велика Попина/Грачац,44.2875473,16.0314869
location_terminal,E,non_I2,Founder,E-L241,Пивљанин,Аранђеловдан,Стара Херцеговина,Велике Крће/Пљевља,43.4202905,19.258848
location_terminal,J2,non_I2,Founder,J-Y14439,Буздум,Аранђеловдан,Славонија,Велики Будићи/Пакрац,45.4807872,17.414996
location_terminal,R1a,non_I2,Founder,Z280,Јовановић,Јовањдан,Понишавље,Велики Вртоп/Гаџин Хан,43.1347735,22.1725958
location_terminal,R1a,non_I2,Founder,L1029,Павков,Аранђеловдан,Западни Банат,Велики Гај/Пландиште,45.2902802,21.1759999
location_terminal,J2,non_I2,Founder,J-Y155375,Поповић,Јовањдан,Понишавље,Велики Крчимир/Гаџин Хан,43.0987132,22.2089808
location_terminal,G,non_I2,Relic,G-M406,Мијатовић,Никољдан,Расина,Велики Купци/Крушевац,43.45825,21.2371822
location_terminal,E,non_I2,Founder,E-Z1057,Марловић,Непознато,Источни Срем,Велики Радинци/Сремска Митровица,45.0455556,19.6736111
location_terminal,R1a,non_I2,Founder,BY99654,Пилиповић,Алимпијевдан,Босанска Крајина,Велики Цвјетнић/Бихаћ,44.4287387,16.1868095
location_terminal,PH908_primary,PH908_family,Founder,FT386055,Кнежевић,Никољдан,Босанска Крајина,Велики Цвјетнић/Дрвар,44.3740882,16.3845503
location_terminal,E,non_I2,Founder,E-L241,Бунчић,Лазарева Субота,Банија,Велики Шушњар/Петриња,45.4650725,14.8530801
location_terminal,J2,non_I2,Founder,J-L70,Стојиљковић,Никољдан,Понишавље,Велико Боњинце/Бабушница,43.013269,22.261229
location_terminal,J2,non_I2,Relic,J-M319,Живковић,Аранђеловдан,Метохија,Велико Крушево/Клина,42.6624635,20.5204439
location_terminal,E,non_I2,Founder,E-FT104106,Срећковић,Никољдан,Шумадија,Велико Крчмаре/Рача,44.1547148,20.8954382
location_terminal,R1b,non_I2,Founder,FT44409,Петровић,Ђурђевдан,Славонија,Велико Набрђе/Сатница Ђаковачка,45.3537171,18.3754739
location_terminal,G,non_I2,Founder,G-Y128480,Јовановић,Пантелијевдан,Шумадија,Велико Орашје/Велика Плана,44.371241499999996,21.0887509
location_terminal,I1,non_I2,Founder,FGC22061,Карановић,Ђурђевдан,Босанска Крајина,Велико Очијево/Дрвар,44.3740882,16.3845503
location_terminal,R1b,non_I2,Founder,FT44409,Златановић,Никољдан,Косово,Велико Ропотово/Косовска Каменица,42.5143147,21.5644579
location_terminal,PH908_primary,PH908_family,Founder,FT16449,Џунић,Аранђеловдан,Понишавље,Велико Село/Пирот,43.1057212,22.6771473
location_terminal,R1a,non_I2,Founder,Z280,Жајски,Јовањдан,Западни Банат,Велико Средиште/Вршац,45.1799547,21.4008613
location_terminal,J2,non_I2,Founder,J-Y22063,Вишекруна,Јовањдан,Босанска Крајина,Велико Тичево/Босанско Грахово,44.216303,16.5227622
location_terminal,PH908_primary,PH908_family,Founder,BY93199,Ераковић,Аранђеловдан,Стара Херцеговина,Велимље/Никшић,42.8202336,18.6336243
location_terminal,I1,non_I2,Founder,FGC22061,Рајић,Ђурђевдан,Далмација,Велушић/Дрниш,43.9072974,16.1306049
location_terminal,I1,non_I2,Founder,FGC22061,Јовановић,Ђурђевдан,Шумадија,Венчане/Аранђеловац,44.4069897,20.4672668
location_terminal,PH908_primary,PH908_family,Founder,Y51673,Шумоња,Игњатијевдан,Лика,Вера/Плашки,45.0633038,15.3721512
location_terminal,R1a,non_I2,Founder,Z280,Вујић,Стевањдан,Расина,Веља Глава/Александровац,43.4950059,21.0299322
location_terminal,R1a,non_I2,Founder,L1029,Којовић,Мратиндан,Херцеговина,Веља Гора/Требиње,42.6483319,18.3423212
location_terminal,I1,non_I2,Relic,BY3386,Ждракић,Никољдан,Херцеговина,Веља Међа/Равно,42.9209576,17.9290154
location_terminal,PH908_primary,PH908_family,Relic,BY97841,Вуковић,Аранђеловдан,Брда,Веље Дубоко/Колашин,42.7796198,19.2642329
location_terminal,Y3120_shallow_nonPH908,nonPH908_I2,Relic,Y45843,Дапчевић,Зачеће Св. Јована Крститеља,Зета,Вигњевићи/Цетиње,42.389633,18.9246085
location_terminal,G,non_I2,Relic,G-L13,Јовановић,Лучиндан,Рашка,Видово/Нови Пазар,43.1606536,20.4662146
location_terminal,J2,non_I2,Founder,J-Y14439,Миладиновић,Јовањдан,Рашка,Видово/Нови Пазар,43.1606536,20.4662146
location_terminal,PH908_primary,PH908_family,Founder,Y56203,Јовановић,Мратиндан,Рашка,Видово/Нови Пазар,43.1606536,20.4662146
location_terminal,R1b,non_I2,Relic,Y104972,Пејушковић,Никољдан,Брда,Вилац/Подгорица,42.5766207,19.3945837
location_terminal,E,non_I2,Founder,E-Y126722,Гргић,Стевањдан,Босанска Крајина,Вилуси/Градишка,45.0061289,17.2852188
location_terminal,E,non_I2,Founder,E-CTS11222,Булајић,Никољдан,Стара Херцеговина,Вилуси/Никшић,45.0061289,17.2852188
location_terminal,E,non_I2,Founder,E-PH1395,Дабетић,Аранђеловдан,Брда,Виницка/Беране,42.7982741,19.8305686
location_terminal,E,non_I2,Founder,E-FGC11450,Гојковић,Савиндан,Стари Влах,Виницка/Пријепоље,43.3175174,19.6345473
location_terminal,E,non_I2,Founder,E-Y126722,Стојадиновић,Петровдан,Стари Влах,Виницка/Пријепоље,43.3175174,19.6345473
location_terminal,E,non_I2,Founder,E-Z13591,Станишић,Петковдан,Брда,Винићи/Даниловград,42.6174623,19.0871714
location_terminal,R1b,non_I2,Founder,FT44409,Полимац,Митровдан,Западни Срем,Винковци,45.2883771,18.8045248
location_terminal,G,non_I2,Relic,G-PF3147,Нинковић,Лазарева Субота,Шумадија,Винча/Гроцка/Београд,44.7607748,20.6183498
location_terminal,I1,non_I2,Relic,FT243910,Ђурђић,Никољдан,Стара Херцеговина,Вирак/Жабљак,43.1173534,19.1112996
location_terminal,J2,non_I2,Founder,J-Y155375,Јанковић,Ђурђиц,Колубара,Вировац/Мионица,44.3098976,20.1033487
location_terminal,I1,non_I2,Founder,FGC22061,Јоксимовић,Ђурђевдан,Стари Влах,Вирово/Ариље,43.7768561,20.1162652
location_terminal,R1b,non_I2,Relic,FTA42008,Милинковић,Св. Врачи,Стари Влах,Вирово/Ариље,43.7768561,20.1162652
location_terminal,PH908_primary,PH908_family,Founder,Y51673,Недељковић,Никољдан,Стари Влах,Вирово/Ариље,43.7768561,20.1162652
location_terminal,R1a,non_I2,Founder,YP270,Марјановић,Стевањдан,Стари Влах,Висибаба/Пожега,43.8311834,20.0048375
location_terminal,E,non_I2,Founder,E-BY165837,Игрутиновић,Митровдан,Топлица,Висока/Куршумлија,43.0977289,21.3072994
location_terminal,R1b,non_I2,Founder,FT44409,Николић,Никољдан,Топлица,Висока/Куршумлија,43.0977289,21.3072994
location_terminal,E,non_I2,Founder,E-Z1057,Ристовић,Илиндан,Шумадија,Витановац/Краљево,43.7272614,20.7995794
location_terminal,PH908_primary,PH908_family,Founder,FT14506,Зарић,Стевањдан,Североисточна Босна,Витановићи Горњи/Брчко,44.8491281,18.6733792
location_terminal,E,non_I2,Founder,E-Z1057,Ђокић,Св. Мина,Топлица,Витоше/Брус,43.1788832,20.9321376
location_terminal,J2,non_I2,Founder,J-Y22059,Адамовић,Ђурђевдан,Шумадија,Вишевац/Рача,44.2488573,20.9331607
location_terminal,J2,non_I2,Founder,J-Z38299,Тучевић,Велика Госпојина,Зета,Вишњева/Котор,43.1521621,19.8915742
location_terminal,PH908_primary,PH908_family,Founder,Y51673,Вишњевац,Никољдан,Херцеговина,Вишњево/Гацко,43.2223351,18.5083858
location_terminal,R1b,non_I2,Relic,Y100058,Бектешевић,Нема,Брда,Вишњево/Гусиње,42.5650694,19.8868506
location_terminal,I1,non_I2,Founder,FGC22061,Шаранчић,Никољдан,Стара Херцеговина,Вијенац/Пљевља,43.3282015,19.4453025
location_terminal,J2,non_I2,Founder,J-Y22063,Бујаковић,Ђурђевдан,Стара Херцеговина,Вијенац/Пљевља,43.3282015,19.4453025
location_terminal,J2,non_I2,Founder,J-L70,Ћирић,Мратиндан,Шумадија,Влакча/Крагујевац,44.1608635,20.712197
location_terminal,E,non_I2,Founder,E-FT178289,Мазић,Јовањдан,Североисточна Босна,Власеница,44.1821345,18.9411618
location_terminal,R1a,non_I2,Founder,BY99654,Биџић,Св. Ђорђе посни,Јабланица,Власотинце,42.9652346,22.1281077
location_terminal,PH908_primary,PH908_family,Founder,FT190799,Папић,Лучиндан,Херцеговина,Влахиња/Билећа,42.8462101,18.4534268
location_terminal,E,non_I2,Founder,E-Z1057,Мраковић,Лазарева Субота,Банија,Влаховић/Глина,45.3182956,16.2072148
location_terminal,PH908_primary,PH908_family,Founder,Y58629,Домазет,Никољдан,Херцеговина,Влаховићи/Љубиње,43.0291609,18.1231814
location_terminal,R1a,non_I2,Founder,L1029,Буквић,Стевањдан,Лика,Водотеч/Бриње,45.0439134,15.0844101
location_terminal,R1a,non_I2,Relic,S23592,Цуцуљ,Петковдан,Источни Банат,Воитег/Тимиш,45.4688908,21.2391696
location_terminal,PH908_map_nonprimary,PH908_family,Founder,Y4882,Челиковић,Ђурђевдан,Стари Влах,Волујац/Ужице,43.8940577,19.7735023
location_terminal,PH908_primary,PH908_family,Relic,Y499136,Томашевић,Лучиндан,Стари Влах,Волујац/Ужице,43.8940577,19.7735023
location_terminal,R1a,non_I2,Founder,Y189493,Милојковић,Аћимовдан,Браничево,Војилово/Голубац,44.632938,21.594279
location_terminal,E,non_I2,Founder,E-FT178289,Војиновић,Јовањдан,Стара Херцеговина,Војиновићи/Плужине,43.1688686,18.8994361
location_terminal,I1,non_I2,Founder,FTA86559,Мазалица,Аранђеловдан,Кордун,Војишница/Војнић,45.3406515,15.7402493
location_terminal,PH908_primary,PH908_family,Founder,FT14506,Вујин,Гавриловдан,Источни Срем,Војка/Стара Пазова,44.935625,20.1516279
location_terminal,J2,non_I2,Founder,J-Y22059,Белајев,Гавриловдан,Источни Срем,Војка/Стара Пазова,44.935625,20.1516279
location_terminal,E,non_I2,Founder,E-Y142744,Гвоздић,Никољдан,Кордун,Војнић,45.31623,15.8049957
location_terminal,G,non_I2,Relic,G-Y129040,Мартиновић,Мратиндан,Кордун,Војнић,45.31623,15.8049957
location_terminal,J2,non_I2,Founder,J-Y230579,Милашиновић,Игњатијевдан,Кордун,Војнић,45.31623,15.8049957
location_terminal,J2,non_I2,Relic,J-Y153290,Дикић,Св. Врачи,Топлица,Вољчинце/Житорађа,43.195366,21.766031
location_terminal,J2,non_I2,Founder,J-Y14439,Станић,Никољдан,Расина,Вражогрнци/Александровац,43.4327044,21.1325508
location_terminal,PH908_primary,PH908_family,Founder,Y51673,Симић,Никољдан,Стари Влах,Вране/Ариље,43.7571083,20.0817975
location_terminal,PH908_primary,PH908_family,Founder,FT14506,Лечић,Томиндан,Стари Влах,Вранеша/Нова Варош,43.4979749,19.7874068
location_terminal,R1a,non_I2,Founder,L1029,Сеизовић,Св. Врачи,Рашка,Вранеши/Врњачка Бања,43.676962,20.8078058
location_terminal,G,non_I2,Founder,G-Y128480,Даниловић,Ђурђевдан,Метохија,Враниште/Гора,43.2576165,22.4571052
location_terminal,E,non_I2,Founder,E-L241,Бабић,Тривуњдан,Шумадија,Вранић/Барајево,44.5941837,20.3086441
location_terminal,PH908_primary,PH908_family,Founder,FT14506,Спасојевић,Св. Врачи,Шумадија,Врановац/Јагодина,44.0224111,21.1509841
location_terminal,E,non_I2,Founder,E-Z1057,Милојковић,Аранђеловдан,Шумадија,Враново/Смедерево,44.5998002,20.9950668
location_terminal,J2,non_I2,Relic,J-Y14434,Дошло,Јовањдан,Херцеговина,Врапчићи/Мостар,43.3746405,17.8504501
location_terminal,J2,non_I2,Founder,J-L70,Мисајловски,Митровдан,Западна Македонија,Вратница/Јегуновце,42.1427652,21.1161246
location_terminal,I1,non_I2,Relic,Y220153,Панић,Јовањдан,Североисточна Босна,Врањак/Модрича,44.9252085,18.2151834
location_terminal,R1b,non_I2,Founder,BY38894,Илић,Никољдан,Врањско Поморавље,Врање,42.5573069,21.9021867
location_terminal,E,non_I2,Founder,E-Z1057,Павловић,Никољдан,Врањско Поморавље,Врање,42.5573069,21.9021867
location_terminal,R1b,non_I2,Relic,FGC24408,Китановић,Никољдан,Врањско Поморавље,Врање,42.5573069,21.9021867
location_terminal,J2,non_I2,Founder,J-Y22063,Милосављевић,Никољдан,Врањско Поморавље,Врање,42.5573069,21.9021867
location_terminal,E,non_I2,Founder,E-Z38456,Путић,Ђурђевдан,Западни Банат,Врањево/Нови Бечеј,45.6044948,20.1233157
location_terminal,PH908_primary,PH908_family,Founder,FT16449,Новчић,Ђурђевдан,Херцеговина,Врањска/Билећа,43.0255962,18.2117436
location_terminal,G,non_I2,Founder,G-Y128480,Продановић,Аранђеловдан,Херцеговина,Врањска/Билећа,43.0255962,18.2117436
location_terminal,E,non_I2,Founder,E-Z16988,Вујовић,Аранђеловдан,Стара Херцеговина,Враћеновићи/Никшић,44.1104964,21.0010709
location_terminal,PH908_primary,PH908_family,Founder,Y51673,Врбица,Петковдан,Зета,Врба/Цетиње,42.4343761,18.8101425
location_terminal,E,non_I2,Founder,E-Z1057,Хорњак,Мала Госпојина,Бачка,Врбас,45.5668829,19.6465079
location_terminal,J2,non_I2,Founder,J-Y155375,Аларгић,Никољдан,Бачка,Врбас,45.5668829,19.6465079
location_terminal,R1a,non_I2,Relic,FTB42580,Остојић,Никољдан,Шумадија,Врбета/Кнић,43.8636352,20.8069334
location_terminal,E,non_I2,Founder,E-Y128213,Милосављевић,Ваведење,Косово,Врбештица/Штрпце,42.2414707,20.9746321
location_terminal,G,non_I2,Relic,G-Z17887,Милутиновић,Ђурђиц,Метохија,Врбичане/Призрен,42.20634,20.7876798
location_terminal,I1,non_I2,Founder,FGC22061,Дујаковић,Никољдан,Далмација,Врбник/Бискупија,44.0157473,16.1919044
location_terminal,E,non_I2,Founder,E-Z13591,Јовановић,Петковдан,Косово,Врбница/Косовска Митровица,42.8341906,20.83857
location_terminal,I1,non_I2,Founder,FGC22061,Љубојевић,Никољдан,Стари Влах,Врбово/Пријепоље,43.4455142,19.4778173
location_terminal,G,non_I2,Founder,G-Y128480,Вучинић,Никољдан,Кордун,Вргинмост,45.3556367,15.8649944
location_terminal,E,non_I2,Founder,E-Z13591,Деспотовић,Петковдан,Рашка,Врдила/Краљево,43.7129478,20.5711905
location_terminal,G,non_I2,Founder,G-Y128480,Ћурчић,Никољдан,Лика,Вребац/Госпић,44.5265285,15.5014191
location_terminal,J2,non_I2,Founder,J-Y22063,Наранчић,Јовањдан,Лика,Вребац/Госпић,44.5265285,15.5014191
location_terminal,R1a,non_I2,Founder,L1029,Цетина,Никољдан,Лика,Вребац/Госпић,44.5265285,15.5014191
location_terminal,I1,non_I2,Founder,FGC22061,Остојић,Аранђеловдан,Стара Херцеговина,Врела/Жабљак,43.1566344,19.2199267
location_terminal,E,non_I2,Founder,E-Z16988,Вићентић,Лучиндан,Колубара,Врело/Уб,44.5058023,20.0273153
location_terminal,I1,non_I2,Founder,FGC22061,Матић,Ђурђевдан,Колубара,Врело/Уб,44.5058023,20.0273153
location_terminal,N,non_I2,Founder,N-FGC28435,Латиновић,Јовањдан,Босанска Крајина,Врело/Цазин,44.9262622,15.8729755
location_terminal,E,non_I2,Founder,E-Z1057,Госпавић,Игњатијевдан,Шумадија,Вреоци/Лазаревац,44.4433333,20.2819444
location_terminal,I1,non_I2,Founder,FGC22061,Антонијевић,Ђурђевдан,Шумадија,Вреоци/Лазаревац,44.4433333,20.2819444
location_terminal,PH908_primary,PH908_family,Relic,Y151087,Симић,Св. Врачи,Косово,Врница/Вучитрн,42.7881005,20.9664322
location_terminal,N,non_I2,Founder,N-FGC28435,Госпавић,Јовањдан,Стари Влах,Врнчани/Чачак,43.914187,20.1550626
location_terminal,E,non_I2,Founder,E-Z16988,Миљановић,Аћимовдан,Херцеговина,Врпоље Љубомир/Требиње,42.7721798,18.3535268
location_terminal,R1a,non_I2,Founder,Y189493,Танасијевић,Стевањдан,Херцеговина,Врпоље Загора/Требиње,42.8083071,18.1886546
location_terminal,R1a,non_I2,Founder,Z280,Вучковић,Аранђеловдан,Понишавље,Вртиште/Ниш,43.3717191,21.8052008
location_terminal,E,non_I2,Founder,E-FT104106,Совиљ,Никољдан,Босанска Крајина,Врточе/Босански Петровац,44.6351728,16.1764005
location_terminal,I1,non_I2,Founder,FGC22061,Деспотовић,Никољдан,Стара Херцеговина,Вруља/Пљевља,43.220138,19.470712
location_terminal,J2,non_I2,Founder,J-Y155375,Бујишић,Ђурђевдан,Стара Херцеговина,Вруља/Пљевља,43.220138,19.470712
location_terminal,E,non_I2,Founder,E-FGC11450,Рајић,Никољдан,Источна Босна,Врховина/Соколац,43.5469307,18.3543348
location_terminal,R1a,non_I2,Relic,FTA3457,Грбић,Никољдан,Лика,Врховине,43.9649283,18.5457464
location_terminal,R1b,non_I2,Founder,FT44409,Вагић,Никољдан,Шумадија,Врчин/Гроцка,44.6639616,20.5910154
location_terminal,E,non_I2,Founder,E-FT104106,Јовановић,Ђурђевдан,Западни Банат,Вршац,45.1200117,21.298788
location_terminal,E,non_I2,Founder,E-Y7168,Гуга,Петковдан,Западни Банат,Вршац,45.1200117,21.298788
location_terminal,J2,non_I2,Founder,J-Y22059,Томић,Јовањдан,Западни Банат,Вршац,45.1200117,21.298788
location_terminal,J2,non_I2,Founder,J-Z38299,Миросављевић,Аранђеловдан,Рашка,Врњачка Бања,43.6221774,20.8929353
location_terminal,PH908_primary,PH908_family,Founder,Y58629,Ђого,Јовањдан,Херцеговина,Вукићевићи/Горњи Поплат/Жегуља/Столац,43.0830587,17.9580026
location_terminal,R1a,non_I2,Founder,L1029,Продановић,Лучиндан,Североисточна Босна,Вуковићи/Милићи,44.1807548,19.1174753
location_terminal,E,non_I2,Founder,E-Z1057,Бамбураћ,Игњатијевдан,Централна Хрватска,Вукошевац/Суња,45.364105,16.472335
location_terminal,N,non_I2,Founder,N-FT213937,Јовановић,Јовањдан,Топлица,Вукојевац/Куршумлија,43.021094,21.1871445
location_terminal,R1a,non_I2,Founder,BY99654,Коларевић,Св. пророк Јеремија,Стари Влах,Вучак/Ивањица,43.406538,20.2053189
location_terminal,PH908_primary,PH908_family,Founder,FT14506,Јовановић,Никољдан,Расина,Вучак/Крушевац,43.5644324,21.2810154
location_terminal,E,non_I2,Founder,E-Z1057,Цветковић,Јовањдан,Шумадија,Вучак/Смедерево,44.6243223,20.9234368
location_terminal,G,non_I2,Founder,G-FTC64765,Бурлица,Аранђеловдан,Источна Босна,Вучетићи/Горажде,43.6829147,18.9321591
location_terminal,N,non_I2,Founder,N-FT213937,Мијатовић,Јовањдан,Стари Влах,Вучковица/Лучани,43.6742041,20.2638959
location_terminal,E,non_I2,Founder,E-CTS11222,Инић,Никољдан,Стара Херцеговина,Вучји До/Никшић,42.532051,18.518364299999998
location_terminal,I1,non_I2,Relic,Y16437,Николић,Аранђеловдан,Јабланица,Вујаново/Бојник,43.008026,21.622415
location_terminal,R1b,non_I2,Relic,FT330613,Маџовски,Петковдан,Северна Македонија,Габар/Крива Паланка,42.2507102,22.2603549
location_terminal,E,non_I2,Founder,E-Z1057,Магараш,Стевањдан,Западни Срем,Габош/Маркушица,45.3527742,18.7367692
location_terminal,R1a,non_I2,Founder,Z280,Берисавац,Јовањдан,Шумадија,Гараши/Аранђеловац,44.2899129,20.4472732
location_terminal,E,non_I2,Founder,E-FT104106,Катић,Ђурђевдан,Бачка,Гардиновци/Тител,45.2036398,20.135807
location_terminal,PH908_primary,PH908_family,Relic,Y102777,Миловановић,Никољдан,Косово,Гатње/Урошевац,42.3026887,21.1520113
location_terminal,G,non_I2,Founder,G-Y128480,Окиљевић,Стевањдан,Херцеговина,Гацко,43.1664068,18.5357977
location_terminal,R1a,non_I2,Founder,BY99654,Влашковић,Петковдан,Западни Банат,Гај/Ковин,44.7959786,21.0666655
location_terminal,R1a,non_I2,Founder,BY99654,Ђокић,Срђевдан,Североисточна Босна,Гајићи/Батковић/Бијељина,44.8453304,19.2151791
location_terminal,E,non_I2,Founder,E-Z1057,Цветковић,Никољдан,Јабланица,Гегља/Лебане,42.9165296,21.6797462
location_terminal,N,non_I2,Founder,N-FT213937,Бјелић,Јовањдан,Босанска Крајина,Главица/Босанска Крупа,44.9715305,16.1074306
location_terminal,R1a,non_I2,Founder,BY99654,Милошевић,Ђурђевдан,Босанска Крајина,Главица/Гламоч,44.0324824,16.8709473
location_terminal,E,non_I2,Founder,E-Z16988,Мандић,Никољдан,Североисточна Босна,Главичорак/Бијељина,44.7894049,18.9556666
location_terminal,PH908_primary,PH908_family,Relic,Y151087,Војиновић,Св. Врачи,Косово,Главотина/Вучитрн,42.7241366,21.005412
location_terminal,I1,non_I2,Founder,FT428459,Милишић,Стевањдан,Херцеговина,Главска/Равно,42.6228443,18.2597424
location_terminal,E,non_I2,Founder,E-Z1057,Јовичинац,Ђурђевдан,Стари Влах,Глеђица/Ивањица,43.4347214,20.2290065
location_terminal,R1a,non_I2,Founder,L1029,Воротовић,Ђурђевдан,Стара Херцеговина,Глибавац/Никшић,43.0562357,19.655165
location_terminal,R1a,non_I2,Founder,YP4278,Вучковић,Ђурђевдан,Браничево,Глоговац/Јагодина,44.0417453,21.3126819
location_terminal,E,non_I2,Founder,E-FT178289,Николић,Јовањдан,Мачва,Глоговац/Богатић,44.8589747,19.4154372
location_terminal,J2,non_I2,Founder,J-Y155375,Сурла,Никољдан,Лика,Глогово/Грачац,44.3137388,15.9512955
location_terminal,G,non_I2,Founder,G-FTC64765,Виторовић,Игњатијевдан,Мачва,Глушци/Богатић,44.890556,19.548333
location_terminal,PH908_primary,PH908_family,Founder,Y56203,Матрак,Никољдан,Херцеговина,Гнојнице/Мостар,43.2983853,17.8476547
location_terminal,G,non_I2,Founder,G-Y128480,Софронић,Никољдан,Колубара,Гола Глава/Ваљево,44.4068575,19.8637439
location_terminal,R1a,non_I2,Founder,L1029,Јанковић,Јовањдан,Средња Босна,Голеш/Травник,44.1921556,17.5317926
location_terminal,PH908_primary,PH908_family,Founder,FT16449,Брујић,Ђурђевдан,Кордун,Голиња/Вргинмост,45.4213864,15.9408066
location_terminal,PH908_primary,PH908_family,Founder,Y56203,Бисенић,Аранђеловдан,Шумадија,Голобок/Смедеревска Паланка,44.4516501,21.0059783
location_terminal,E,non_I2,Founder,E-Z1057,Мишић,Ђурђиц,Браничево,Голубац,44.7046175,21.5371565
location_terminal,E,non_I2,Founder,E-Y126722,Ђукић,Петровдан,Источни Срем,Голубинци/Стара Пазова,44.9840388,20.0659105
location_terminal,PH908_primary,PH908_family,Founder,FT14506,Раца,Никољдан,Босанска Крајина,Гомјеница/Кмећани/Бања Лука,44.5750257,17.8561262
location_terminal,E,non_I2,Founder,E-PH1395,Кастратовић,Аранђеловдан,Брда,Горажде/Беране,42.8845361,19.9227157
location_terminal,PH908_primary,PH908_family,Founder,FT14506,Грујић,Ђурђиц,Метохија,Гораждевац/Пећ,42.6406821,20.36991
location_terminal,PH908_primary,PH908_family,Founder,FT190799,Новичић,Лучиндан,Стари Влах,Горачићи/Лучани,43.7934332,20.3276681
location_terminal,G,non_I2,Founder,G-Y128480,Зимоњић,Аранђеловдан,Стари Влах,Горачићи/Лучани,43.7934332,20.3276681
location_terminal,J2,non_I2,Founder,J-Y22059,Ружичић,Ђурђевдан,Стари Влах,Горачићи/Лучани,43.7934332,20.3276681
location_terminal,I1,non_I2,Founder,Y155080,Раковић,Никољдан,Стари Влах,Горачићи/Лучани,43.7934332,20.3276681
location_terminal,PH908_primary,PH908_family,Founder,FT16449,Тегарић,Игњатијевдан,Херцеговина,Горица/Требиње,42.7189599,18.3707433
location_terminal,E,non_I2,Founder,E-Y128213,Нишић,Јовањдан,Босанска Крајина,Горица/Шипово,44.2790623,17.1765117
location_terminal,G,non_I2,Founder,G-Y128480,Делић,Ђурђиц,Стари Влах,Горичани/Чачак,43.7952299,20.5319023
location_terminal,J2,non_I2,Founder,J-Y22063,Цветковић,Ђурђиц,Стари Влах,Горичани/Чачак,43.7952299,20.5319023
location_terminal,PH908_primary,PH908_family,Founder,FT14506,Ћалић,Јовањдан,Банија,Горичка/Двор,45.157582,16.3355577
location_terminal,PH908_primary,PH908_family,Founder,FT14506,Карић,Лазарева Субота,Босанска Крајина,Гориња/Босанска Крупа,44.7944198,16.2477766
location_terminal,PH908_primary,PH908_family,Founder,FT190799,Гордић,Лучиндан,Стари Влах,Горобиље/Пожега,43.8215855,20.081892
location_terminal,N,non_I2,Founder,N-FT213937,Николић,Јовањдан,Стари Влах,Горобиље/Пожега,43.8215855,20.081892
location_terminal,PH908_primary,PH908_family,Founder,FT386055,Ламбета,Аранђеловдан,Херцеговина,Горогаше/Равно,42.812157,18.0279717
location_terminal,J2,non_I2,Founder,J-Y14439,Јоцић,Петковдан,Врањско Поморавље,Горња Љубата/Босилеград,42.5010114,22.2945137
location_terminal,E,non_I2,Founder,E-Y7168,Николић,Никољдан,Мачва,Горња Бадања/Лозница,44.5288889,19.4877778
location_terminal,I1,non_I2,Founder,FGC22061,Поповић,Ђурђевдан,Стари Влах,Горња Бела Река/Нова Варош,43.5870848,19.8706592
location_terminal,E,non_I2,Founder,E-CTS11222,Црногорац,Никољдан,Средња Босна,Горња Биоча/Илијаш,43.9162871,18.2563251
location_terminal,I1,non_I2,Founder,FGC22061,Зорић,Ђурђевдан,Стара Херцеговина,Горња Бијела/Шавник,42.9030376,19.1515344
location_terminal,E,non_I2,Founder,E-FT178289,Аџић,Јовањдан,Херцеговина,Горња Бодежишта/Гацко,43.2567789,18.5079915
location_terminal,R1a,non_I2,Founder,BY99654,Тешановић,Мала Госпојина,Североисточна Босна,Горња Бочиња/Маглај,44.5239606,18.2106692
location_terminal,R1a,non_I2,Founder,L1029,Уљаревић,Никољдан,Херцеговина,Горња Врбица/Врбица/Билећа,42.9406679,18.4760198
location_terminal,PH908_map_nonprimary,PH908_family,Relic,BY190177,Тараниш,Нема,Брда,Горња Врбица/Петњица,42.8904302,20.0079027
location_terminal,J2,non_I2,Founder,J-Y22063,Ћирић,Стевањдан,Стари Влах,Горња Горевница/Чачак,43.958081,20.2849718
location_terminal,R1a,non_I2,Founder,YP4278,Згоњанин,Никољдан,Босанска Крајина,Горња Драготиња/Приједор,45.0421405,16.621857
location_terminal,I1,non_I2,Founder,FGC22061,Јасика,Никољдан,Стари Влах,Горња Дренова/Пријепоље,45.9420102,16.18223
location_terminal,PH908_primary,PH908_family,Founder,FT14506,Рудан,Ђурђевдан,Херцеговина,Горња Дубока/Бурмази/Столац,43.0161486,17.9621864
location_terminal,J2,non_I2,Founder,J-FT413312,Банићевић,Јовањдан,Зета,Горња Заљут/Цетиње,42.565944,18.7699803
location_terminal,PH908_primary,PH908_family,Founder,FT14506,Сеизовић,Никољдан,Босанска Крајина,Горња Козица/Сански Мост,44.6690571,16.8284501
location_terminal,E,non_I2,Founder,E-Z1057,Брестовац,Никољдан,Североисточна Босна,Горња Лупљаница/Дервента,44.9051779,17.9043342
location_terminal,I1,non_I2,Founder,FGC22061,Дробњак,Ђурђевдан,Банија,Горња Млинога/Петриња,45.3407274,16.3253565
location_terminal,PH908_primary,PH908_family,Founder,FT386055,Васић,Аранђеловдан,Босанска Крајина,Горња Мравица/Прњавор,44.8524947,17.6211531
location_terminal,N,non_I2,Founder,N-FGC28435,Срнић,Никољдан,Банија,Горња Ораовица/Двор,45.1636272,16.409377
location_terminal,R1a,non_I2,Founder,L1029,Марковић,Ђурђевдан,Североисточна Босна,Горња Пилица/Зворник,44.5994166,19.1234748
location_terminal,E,non_I2,Founder,E-Z38456,Орловић,Јовањдан,Лика,Горња Плоча/Ловинац,44.390882,15.6864368
location_terminal,R1a,non_I2,Relic,YP4141,Филиповић,Јовањдан,Брда,Горња Рженица/Плав,42.5968969,19.9441846
location_terminal,E,non_I2,Founder,E-Y142744,Двизац,Михољдан,Босанска Крајина,Горња Слатина/Рибник,44.3890298,16.8769414
location_terminal,G,non_I2,Founder,G-Y128480,Бувач,Никољдан,Босанска Крајина,Горња Слатина/Рибник,44.3890298,16.8769414
location_terminal,R1a,non_I2,Founder,BY99654,Босић,Никољдан,Североисточна Босна,Горња Слатина/Шамац,44.9654626,18.4724038
location_terminal,E,non_I2,Founder,E-Z1057,Недић,Ђурђевдан,Североисточна Босна,Горња Слатина/Шамац,44.9654626,18.4724038
location_terminal,G,non_I2,Relic,G-BY195513,Ђорђевић,Митровдан,Понишавље,Горња Студена/Нишка Бања,43.2545121,22.097766
location_terminal,PH908_primary,PH908_family,Relic,BY77359,Јерковић,Петровдан,Босанска Крајина,Горња Суваја/Босанска Крупа,44.8011011,16.1780291
location_terminal,E,non_I2,Founder,E-Y142744,Ћопић,Михољдан,Лика,Горња Суваја/Грачац,44.4049975,16.0831234
location_terminal,E,non_I2,Founder,E-PH1395,Голубовић (Ивановић),Аранђеловдан,Брда,Горња Трепча/Трепча/Андријевица,42.7783377,19.8146305
location_terminal,E,non_I2,Founder,E-Y142744,Јаковљевић,Никољдан,Североисточна Босна,Горња Трнова/Угљевик,44.6286813,19.078778
location_terminal,I1,non_I2,Founder,Y155080,Живковић,Ђурђиц,Расина,Горња Црнишава/Трстеник,43.5640989,21.0036523
location_terminal,E,non_I2,Founder,E-Y142744,Тасић,Аранђеловдан,Врањско Поморавље,Горње Јабуково/Владичин Хан,42.7333969,22.0327319
location_terminal,E,non_I2,Founder,E-Z13591,Живадиновић,Стевањдан,Шумадија,Горње Јарушице/Крагујевац,44.151204,20.8566247
location_terminal,Y3120_deep_mid_nonPH908,nonPH908_I2,Founder,Z17855,Јовановић,Ђурђевдан,Косово,Горње Вараге/Зубин Поток,42.9822393,20.5802612
location_terminal,R1a,non_I2,Founder,L1029,Милетић,Св. Јован Златоусти,Браничево,Горње Видово/Параћин,43.7861975,21.408403
location_terminal,R1a,non_I2,Founder,L1029,Вуковић,Ђурђевдан,Североисточна Босна,Горње Врсиње/Милићи,44.1189269,19.0813247
location_terminal,R1a,non_I2,Founder,BY99654,Марковић,Ђурђевдан,Источна Босна,Горње Дубово/Вишеград,43.8317087,19.3510708
location_terminal,R1a,non_I2,Founder,L1029,Папић,Никољдан,Лика,Горње Дубраве/Огулин,45.308476,15.3032601
location_terminal,N,non_I2,Founder,N-FT182494,Микашиновић,Никољдан,Лика,Горње Дубраве/Огулин,45.308476,15.3032601
location_terminal,R1b,non_I2,Founder,FT49714,Шћекић,Петковдан,Брда,Горње Заостро/Беране,42.8802565,19.8480699
location_terminal,E,non_I2,Founder,E-Z1057,Пешаковић,Никољдан,Рашка,Горње Исево/Гувниште/Лепосавић,43.215757,20.7728289
location_terminal,E,non_I2,Founder,E-Z16988,Митровић,Јовањдан,Мачва,Горње Кошље/Љубовија,44.1564287,19.5741074
location_terminal,R1a,non_I2,Founder,L1029,Кузмановић,Ђурђевдан,Североисточна Босна,Горње Кречане/Градачац,44.8713643,18.3618246
location_terminal,J2,non_I2,Founder,J-Y22059,Мирковић,Ђурђевдан,Средња Босна,Горње Крушево/Олово,44.1269033,18.580233
location_terminal,R1a,non_I2,Founder,L1029,Станковић,Никољдан,Понишавље,Горње Крњино/Бабушница,43.1065316,22.4317125
location_terminal,PH908_primary,PH908_family,Relic,FTA65128,Лукић,Јовањдан,Косово,Горње Неродимље/Урошевац,42.3681012,21.0803991
location_terminal,I1,non_I2,Founder,FTA86559,Батало,Св. Василије Велики,Кордун,Горње Примишље/Слуњ,45.1648529,15.547801
location_terminal,PH908_primary,PH908_family,Founder,Y58629,Жарковић,Јовањдан,Херцеговина,Горње Храсно/Неум,42.9564177,17.9097636
location_terminal,PH908_primary,PH908_family,Founder,Y56203,Езгета,Нема,Далмација,Горњи Бителић/Хрваце,43.7559711,16.6189503
location_terminal,PH908_map_nonprimary,PH908_family,Founder,Y4882,Жижовић,Ђурђиц,Стари Влах,Горњи Бранетићи/Горњи Милановац,44.1298004,20.2984428
location_terminal,R1a,non_I2,Founder,Y144943,Видаковић,Лазарева Субота,Североисточна Босна,Горњи Грбавци/Зворник,44.4316616,19.0608952
location_terminal,E,non_I2,Founder,E-CTS11222,Вујовић,Никољдан,Херцеговина,Горњи Давидовићи/Билећа,43.0699133,18.2768604
location_terminal,E,non_I2,Founder,E-PH1395,Јаковљевић,Никољдан,Рашка,Горњи Дајићи/Дајићи/Ивањица,43.4032587,20.2980393
location_terminal,PH908_primary,PH908_family,Founder,Y56203,Зеленовић,Аранђеловдан,Североисточна Босна,Горњи Драгаљевац/Бијељина,44.7626269,19.0338906
location_terminal,E,non_I2,Founder,E-PH1395,Рудинац,Аранђеловдан,Стари Влах,Горњи Дубац/Лучани,43.6634963,20.3615876
location_terminal,E,non_I2,Founder,E-Z38456,Сузић,Јовањдан,Банија,Горњи Жировац/Двор,45.0696005,16.3785028
location_terminal,R1a,non_I2,Founder,L1029,Матић,Ђурђевдан,Североисточна Босна,Горњи Залуковик/Власеница,44.1453542,18.9959172
location_terminal,R1a,non_I2,Founder,YP4278,Милић,Аранђеловдан,Североисточна Босна,Горњи Залуковик/Власеница,44.1453542,18.9959172
location_terminal,E,non_I2,Founder,E-FGC11450,Ђурић,Ђурђевдан,Североисточна Босна,Горњи Залуковик/Врли Крај/Власеница,44.1600407,18.967306
location_terminal,E,non_I2,Relic,E-Y48420,Лакић,Никољдан,Далмација,Горњи Карин/Обровац,44.1358546,15.6335444
location_terminal,R1a,non_I2,Founder,L1029,Млинар,Ђурђевдан,Далмација,Горњи Карин/Обровац,44.1358546,15.6335444
location_terminal,Y3120_shallow_nonPH908,nonPH908_I2,Relic,Y218167,Видаковић,Св. Василије Велики,Североисточна Босна,Горњи Клакар/Брод,45.0537487,18.1154722
location_terminal,E,non_I2,Founder,E-Y7168,Релић,Ђурђевдан,Банија,Горњи Класнић/Глина,45.3382654,16.090752
location_terminal,J2,non_I2,Founder,J-Y14439,Подунавац,Ђурђевдан,Банија,Горњи Класнић/Глина,45.3382654,16.090752
location_terminal,PH908_primary,PH908_family,Founder,FT14506,Вукадиновић,Јовањдан,Врањско Поморавље,Горњи Козји Дол/Трговиште,42.3236416,22.1084879
location_terminal,PH908_primary,PH908_family,Relic,Y499136,Радојчић,Лучиндан,Колубара,Горњи Лајковац/Мионица,44.164242,20.072164
location_terminal,PH908_primary,PH908_family,Founder,Y134585,Бенцун,Св. Симеон Богопримац,Средња Босна,Горњи Лучани/Какањ,44.1375313,17.9901649
location_terminal,E,non_I2,Founder,E-Z1057,Петровић,Митровдан,Понишавље,Горњи Матејевац/Ниш,43.3650197,21.9682163
location_terminal,E,non_I2,Founder,E-Y142744,Јоковић,Аранђеловдан,Шумадија,Горњи Милановац,44.0230872,20.4593296
location_terminal,E,non_I2,Founder,E-L241,Живковић,Никољдан,Колубара,Горњи Мушић/Мионица,44.2728956,20.1443687
location_terminal,E,non_I2,Founder,E-Y126722,Ђукарић,Часне Вериге апостола Петра,Североисточна Босна,Горњи Очауш/Теслић,44.5248153,17.657046
location_terminal,R1a,non_I2,Founder,FT288648,Видић,Стевањдан,Босанска Крајина,Горњи Палачковци/Прњавор,44.9442663,17.7386307
location_terminal,I1,non_I2,Founder,FGC22061,Карановић,Ђурђевдан,Босанска Крајина,Горњи Петровићи/Босанска Крупа,44.8673801,16.248461
location_terminal,PH908_primary,PH908_family,Relic,FT407280,Јеж,Стевањдан,Босанска Крајина,Горњи Петровићи/Босанска Крупа,44.8673801,16.248461
location_terminal,I1,non_I2,Founder,FTA86559,Вртунић,Михољдан,Босанска Крајина,Горњи Рибник/Рибник,43.6106119,21.0621145
location_terminal,E,non_I2,Founder,E-Z13591,Павићевић,Петковдан,Брда,Горњи Рсојевићи/Даниловград,42.5524049,19.1052289
location_terminal,PH908_primary,PH908_family,Founder,Y134585,Адамовић,Св. Симеон Богопримац,Североисточна Босна,Горњи Свилај/Оџак,45.1073154,18.2483226
location_terminal,PH908_primary,PH908_family,Founder,FT16449,Топаловић,Никољдан,Североисточна Босна,Горњи Скиповац/Добој,44.7877223,18.2612727
location_terminal,I1,non_I2,Relic,Y237563,Орловић,Ђурђевдан,Косово,Горњи Стрмац/Зубин Поток,42.8742234,20.7199357
location_terminal,R1b,non_I2,Relic,FT307035,Михаљевић,Св. Текла,Зета,Горњи Цеклин/Цетиње,42.389633,18.9246085
location_terminal,PH908_primary,PH908_family,Founder,Y134585,Савић,Ђурђевдан,Североисточна Босна,Горњи Церани/Дервента,44.9767094,17.906959
location_terminal,E,non_I2,Founder,E-Y142744,Поповић,Ђурђевдан,Североисточна Босна,Горњи Церани/Церани/Дервента,44.8808504,17.8690682
location_terminal,G,non_I2,Relic,G-Z3353,Ратковић,Ђурђевдан,Лика,Госпић,44.5245459,15.4229345
location_terminal,I1,non_I2,Founder,BY169301,Попов Жикелић,Аранђеловдан,Бачка,Госпођинци/Жабаљ,45.4022051,19.9860024
location_terminal,E,non_I2,Founder,E-Z1057,Гостојић,Никољдан,Бачка,Госпођинци/Жабаљ,45.4022051,19.9860024
location_terminal,N,non_I2,Founder,N-FT182494,Туцаков,Никољдан,Бачка,Госпођинци/Жабаљ,45.4022051,19.9860024
location_terminal,E,non_I2,Founder,E-Z38456,Милићевић,Ђурђиц,Стари Влах,Гостиница/Ужице,43.9184841,19.8338413
location_terminal,R1a,non_I2,Relic,L260,Млађеновић,Аранђеловдан,Стари Влах,Гостиница/Ужице,43.9184841,19.8338413
location_terminal,E,non_I2,Founder,E-Z1057,Радић,Петковдан,Косово,Готовуша/Штрпце,42.2489507,21.0698052
location_terminal,N,non_I2,Founder,N-FT213937,Шкипина,Јовањдан,Источна Босна,Гојевићи/Сорлаци/Фоча,43.9133265,17.9459956
location_terminal,PH908_primary,PH908_family,Relic,FTA26387,Шипетић,Аранђеловдан,Стари Влах,Граб/Лучани,43.8248985,20.2849245
location_terminal,J2,non_I2,Relic,J-L24,Ђоковић,Аранђеловдан,Стари Влах,Граб/Лучани,43.8248985,20.2849245
location_terminal,J2,non_I2,Founder,J-FT413312,Асановић,Јовањдан,Херцеговина,Граб/Требиње,42.6045249,18.4258756
location_terminal,E,non_I2,Founder,E-Z1057,Јекић,Стевањдан,Банија,Грабовац Бански/Петриња,45.3299747,16.2376174
location_terminal,G,non_I2,Founder,G-Y128480,Милићевић,Аранђеловдан,Косово,Грабовац/Звечан,42.9331635,20.8391404
location_terminal,PH908_primary,PH908_family,Relic,Y134636,Милетић,Лучиндан,Косово,Грабовац/Звечан,42.9331635,20.8391404
location_terminal,J2,non_I2,Founder,J-Y230579,Вукосављевић,Јовањдан,Колубара,Грабовац/Обреновац,44.600491,20.085394
location_terminal,E,non_I2,Founder,E-L241,Пејчиновић,Лучиндан,Топлица,Грабовац/Прокупље,43.1768941,21.4069923
location_terminal,PH908_primary,PH908_family,Founder,FT16449,Симић,Игњатијевдан,Босанска Крајина,Грабовац/Челинац,44.7527078,17.3747428
location_terminal,J2,non_I2,Founder,J-Y22063,Муњић,Св. Симеон Столпник,Североисточна Босна,Грабовица/Власеница,44.205131,18.8616676
location_terminal,N,non_I2,Founder,N-FT182494,Исаиловић,Ђурђиц,Шумадија,Грабовица/Горњи Милановац,44.0203997,20.5109617
location_terminal,R1a,non_I2,Founder,FT288648,Радивојевић,Стевањдан,Босанска Крајина,Грабовица/Котор Варош,44.4985509,17.5104759
location_terminal,R1a,non_I2,Founder,Y144943,Стајић,Лазарева Субота,Херцеговина,Грабовица/Невесиње,43.1997736,18.2547567
location_terminal,I1,non_I2,Founder,FGC22061,Јанковић,Никољдан,Стара Херцеговина,Грабовица/Шавник,43.0165896,19.0814012
location_terminal,R1a,non_I2,Founder,Y189493,Пешут,Јовањдан,Херцеговина,Градац/Љубиње,42.9417549,18.1492109
location_terminal,I1,non_I2,Founder,FGC22061,Ћурчић,Ђурђевдан,Рашка,Градац/Ивањица,43.3757722,20.3154913
location_terminal,R1a,non_I2,Founder,Y189493,Пантовић,Аћимовдан,Стари Влах,Градац/Сјеница,43.2390584,20.1048734
location_terminal,R1a,non_I2,Founder,Z280,Савић,Аћимовдан,Источна Босна,Градац/Фоча,43.5052753,18.7632044
location_terminal,E,non_I2,Founder,E-FT178289,Копривица,Никољдан,Херцеговина,Градина/Гацко,43.3298803,18.4824821
location_terminal,G,non_I2,Founder,G-Y128480,Мамуза,Петровдан,Босанска Крајина,Градина/Приједор,44.8530155,16.9031164
location_terminal,E,non_I2,Founder,E-Z1057,Парчетић,Нема,Бачка,Градина/Сомбор,45.7541501,19.1796361
location_terminal,R1a,non_I2,Relic,L260,Хорњак,Нема,Бачка,Градина/Сомбор,45.7541501,19.1796361
location_terminal,J2,non_I2,Founder,J-Z38299,Поповић,Аранђеловдан,Врањско Поморавље,Градња/Врање,42.7025,21.8888889
location_terminal,PH908_primary,PH908_family,Founder,Y51673,Столица,Никољдан,Херцеговина,Граница/Билећа,42.9283592,18.3519676
location_terminal,R1a,non_I2,Founder,Z280,Обрадовић,Јовањдан,Шумадија,Границе/Младеновац,44.4313249,20.7135036
location_terminal,PH908_primary,PH908_family,Founder,BY93199,Миловић,Аранђеловдан,Стара Херцеговина,Граховац/Никшић,42.650059,18.6792712
location_terminal,E,non_I2,Founder,E-CTS11222,Вучетић,Никољдан,Стара Херцеговина,Граховац/Никшић,42.650059,18.6792712
location_terminal,G,non_I2,Founder,G-FTC64765,Рутешић,Аранђеловдан,Стара Херцеговина,Грахово/Никшић,45.1456066,15.8422848
location_terminal,N,non_I2,Founder,N-FT213937,Николић,Јовањдан,Мачва,Грачаница/Љубовија,44.2461828,19.394989
location_terminal,R1b,non_I2,Relic,BY199059,Петровић,Никољдан,Косово,Грачаница/Приштина,42.6174282,21.1489188
location_terminal,G,non_I2,Relic,G-L1266,Поповић,Никољдан,Косово,Грачаница/Приштина,42.6174282,21.1489188
location_terminal,R1a,non_I2,Founder,L1029,Остојић,Никољдан,Лика,Грачац,43.6444539,20.8215588
location_terminal,R1a,non_I2,Relic,YP5882,Кнежевић,Зачеће Св. Јована Крститеља,Зета,Грађани/Цетиње,42.2745514,19.0050895
location_terminal,I1,non_I2,Founder,FGC22061,Милошевић,Никољдан,Источна Босна,Грање/Вишеград,43.7293142,19.3789201
location_terminal,I1,non_I2,Founder,BY169301,Драгојловић,Никољдан,Славонија,Грање/Пожега,45.3578176,17.8142845
location_terminal,E,non_I2,Founder,E-Z38456,Матавуљ,Јовањдан,Босанска Крајина,Грбавци/Градишка,45.0457696,17.1107836
location_terminal,J2,non_I2,Relic,J-Y449926,Вујовић,Петковдан,Зета,Грбавци/Подгорица,42.3656787,19.1867637
location_terminal,N,non_I2,Relic,N-Y13852,Перичин,Ђурђевдан,Источни Срем,Гргуревци/Сремска Митровица,45.1058235,19.6465224
location_terminal,R1a,non_I2,Founder,Z280,Крстић,Никољдан,Јабланица,Грделица/Лесковац,42.900543,22.0716509
location_terminal,PH908_primary,PH908_family,Founder,BY93199,Драшковић,Аранђеловдан,Стара Херцеговина,Гребице/Никшић,42.7943955,18.9232404
location_terminal,J2,non_I2,Founder,J-Y230579,Јоцић,Ђурђиц,Метохија,Гребник/Клина,42.5833077,20.5895152
location_terminal,R1a,non_I2,Founder,Z280,Ристић,Аранђеловдан,Расина,Гревци/Крушевац,43.4772604,21.5389785
location_terminal,E,non_I2,Founder,E-Y126722,Суботић,Часне Вериге апостола Петра,Босанска Крајина,Греда/Градишка,45.1408227,17.3240079
location_terminal,J2,non_I2,Founder,J-Y14439,Пантовић,Јовањдан,Стари Влах,Гривска/Ариље,43.7091636,20.0256577
location_terminal,J2,non_I2,Founder,J-L70,Симић,Аранђеловдан,Косово,Гризиме/Косовска Каменица,42.6056787,21.576878
location_terminal,R1a,non_I2,Founder,Y189493,Гркавац,Стевањдан,Херцеговина,Гркавци/Требиње,42.7814902,18.307333
location_terminal,PH908_primary,PH908_family,Relic,BY187039,Илић,Аранђеловдан,Понишавље,Гркиња/Гаџин Хан,43.2089752,21.9945129
location_terminal,G,non_I2,Founder,G-Y128480,Вукојевић,Ђурђевдан,Расина,Гркљане/Крушевац,43.4356883,21.2319374
location_terminal,J2,non_I2,Relic,J-L26,Гицић,Митровдан,Тимочка Крајина,Грлиште/Зајечар,43.8165983,22.244124
location_terminal,E,non_I2,Founder,E-Z38456,Поповић,Никољдан,Банија,Грмушани/Двор,45.0884535,16.3087939
location_terminal,J2,non_I2,Founder,J-Y14439,Михојевић,Јовањдан,Херцеговина,Грмљани/Требиње,42.8360953,18.0292623
location_terminal,PH908_primary,PH908_family,Relic,Y153037,Крстић,Никољдан,Понишавље,Грнчар/Бабушница,43.019409,22.343754
location_terminal,J2,non_I2,Relic,J-Z387,Мујо,Нема,Метохија,Грнчаре/Призрен,42.2194355,20.7707125
location_terminal,R1a,non_I2,Founder,L1029,Станимировић,Никољдан,Шумадија,Гроцка,44.763475,20.5546567
location_terminal,E,non_I2,Relic,E-FT8242,Петровић,Никољдан,Тимочка Крајина,Грљан/Зајечар,43.8581033,22.2930614
location_terminal,E,non_I2,Relic,E-Y328959,Станковић,Лучиндан,Јабланица,Губеревац/Лесковац,42.947969,22.028541
location_terminal,PH908_primary,PH908_family,Founder,Y56203,Ђорђевић,Аранђеловдан,Јабланица,Губеревац/Лесковац,42.947969,22.028541
location_terminal,E,non_I2,Founder,E-BY165837,Плазинић,Никољдан,Стари Влах,Губеревци/Лучани,43.7632414,20.3447699
location_terminal,PH908_primary,PH908_family,Founder,FT14506,Басарић,Ђурђиц,Стари Влах,Губеревци/Лучани,43.7632414,20.3447699
location_terminal,E,non_I2,Founder,E-FT104106,Радић,Томиндан,Босанска Крајина,Губин/Ливно,43.9468783,16.6562697
location_terminal,J2,non_I2,Founder,J-Y155375,Глушчевић,Ђурђевдан,Стари Влах,Гувништа/Камена Гора/Пријепоље,43.2654669,19.5522388
location_terminal,I1,non_I2,Founder,FT428459,Благојевић,Стевањдан,Рашка,Гувниште/Лепосавић,43.2319981,20.7877793
location_terminal,N,non_I2,Relic,N-FT193452,Јовићевић,Никољдан,Стари Влах,Гугаљ/Пожега,43.867765,20.1002597
location_terminal,E,non_I2,Founder,E-Z1057,Ојдровић,Ђурђиц,Егејска Македонија,Гуменџе/Кукуш,42.1321728,24.7410291
location_terminal,I1,non_I2,Founder,FGC22061,Секулић,Св. Врачи,Шумадија,Гунцати/Кнић,43.8944092,20.647532000000002
location_terminal,E,non_I2,Founder,E-L241,Кљајић,Никољдан,Босанска Крајина,Гусак/Прњавор,44.8575448,17.5305695
location_terminal,E,non_I2,Founder,E-BY165837,Дамјановић (Дракуловић),Никољдан,Брда,Гусиње,42.5637693,19.833253
location_terminal,PH908_primary,PH908_family,Relic,FTD21598,Коленовић,Аранђеловдан,Брда,Гусиње,42.5637693,19.833253
location_terminal,J2,non_I2,Founder,J-L70,Клиса-Гуча Гора гроб 12,Непознато,Средња Босна,Гуча Гора/Травник,44.2430798,17.7267542
location_terminal,I1,non_I2,Founder,FGC22061,Икодиновић,Никољдан,Стари Влах,Гуча/Лучани,43.7772932,20.2269416
location_terminal,G,non_I2,Founder,G-Y128480,Шушић,Св. Јован Милостиви,Стари Влах,Гуча/Лучани,43.7772932,20.2269416
location_terminal,R1b,non_I2,Relic,Y104972,Стојић,Аранђеловдан,Стари Влах,Гуча/Лучани,43.7772932,20.2269416
location_terminal,E,non_I2,Founder,E-FT104106,Јовичић,Ђурђевдан,Источна Босна,Гучево/Рогатица,43.8237583,18.931102
location_terminal,G,non_I2,Relic,G-Z45690,Белић,Алимпијевдан,Колубара,Гуњаци/Осечина,44.2970259,19.5153447
location_terminal,E,non_I2,Founder,E-L241,Лужаић,Ђурђевдан,Лика,Дабар/Оточац,44.9544961,15.3104526
location_terminal,PH908_primary,PH908_family,Founder,FT16449,Пашајлија,Ђурђевдан,Босанска Крајина,Дабар/Сански Мост,44.7330478,16.6322435
location_terminal,J2,non_I2,Founder,J-Y22063,Стојанац,Св. Симеон Столпник,Далмација,Дабар/Хрваце,43.8319597,16.5546677
location_terminal,R1b,non_I2,Founder,FT44409,Мартић,Митровдан,Банија,Дабрина/Глина,45.2599501,16.1292523
location_terminal,PH908_primary,PH908_family,Founder,FT14506,Радишић,Ђурђевдан,Херцеговина,Дабрица/Берковићи,43.1587708,18.0135932
location_terminal,PH908_primary,PH908_family,Founder,FT16449,Вукосав,Никољдан,Херцеговина,Дабрица/Берковићи,43.1587708,18.0135932
location_terminal,J2,non_I2,Relic,J-Y523332,Хербез,Аранђеловдан,Херцеговина,Дабрица/Берковићи,43.1587708,18.0135932
location_terminal,PH908_primary,PH908_family,Founder,Y56203,Медар,Стевањдан,Херцеговина,Дабрица/Берковићи,43.1587708,18.0135932
location_terminal,R1b,non_I2,Relic,BY184991,Стојановић,Ђурђиц,Врањско Поморавље,Давидовац/Врање,42.4777778,21.8319444
location_terminal,J2,non_I2,Founder,J-Y22063,Вучић,Алимпијевдан,Понишавље,Давидовац/Сврљиг,43.5105599,21.986409600000002
location_terminal,R1a,non_I2,Founder,Y144943,Шакотић,Лазарева Субота,Херцеговина,Давидовићи/Билећа,43.0581577,18.3035538
location_terminal,J2,non_I2,Founder,J-Y14439,Стојиљковић,Никољдан,Јабланица,Дадинце/Власотинце,42.9313337,22.125003
location_terminal,R1b,non_I2,Founder,BY38894,Савић,Мратиндан,Североисточна Босна,Даздарево/Бијељина,44.8339624,19.2787509
location_terminal,E,non_I2,Founder,E-Z13591,Ћиповић,Петковдан,Брда,Даниловград,42.5524049,19.1052289
location_terminal,PH908_primary,PH908_family,Founder,Y58629,Бољановић,Јовањдан,Херцеговина,Данићи/Гацко,43.0671162,18.5759773
location_terminal,E,non_I2,Founder,E-BY165837,Нешић,Митровдан,Топлица,Данковиће/Куршумлија,43.1633071,21.2342709
location_terminal,J2,non_I2,Founder,J-Y22059,Јевтић,Митровдан,Топлица,Данковиће/Куршумлија,43.1633071,21.2342709
location_terminal,R1a,non_I2,Relic,BY212473,Стојковић,Ђурђевдан,Јужна Барања,Дарда,45.6278597,18.6932831
location_terminal,R1a,non_I2,Founder,L1029,Банац,Ђурђевдан,Јужна Барања,Дарда,45.6278597,18.6932831
location_terminal,R1b,non_I2,Founder,FT49714,Новаковић,Никољдан,Шумадија,Даросава/Аранђеловац,44.338573,20.4576021
location_terminal,J2,non_I2,Founder,J-Y22063,Петронијевић,Савиндан,Шумадија,Даросава/Аранђеловац,44.338573,20.4576021
location_terminal,E,non_I2,Founder,E-FT104106,Рогошић,Петковдан,Зета,Дахна/Дајбабе/Подгорица,42.4224623,19.226191
location_terminal,PH908_primary,PH908_family,Founder,FT14506,Каралић,Св. Александар Невски,Рашка,Дајићи/Ивањица,43.4032587,20.2980393
location_terminal,I1,non_I2,Founder,Y155080,Митровић,Никољдан,Рашка,Дајићи/Ивањица,43.4032587,20.2980393
location_terminal,E,non_I2,Founder,E-Z1057,Урошевић,Лучиндан,Мачва,Двориште/Шабац,44.6029886,19.578875
location_terminal,E,non_I2,Founder,E-L241,Качаревић,Аранђеловдан,Североисточна Босна,Дворови/Бијељина,44.8076812,19.2622411
location_terminal,PH908_primary,PH908_family,Founder,FT14506,Мајсторовић,Вартоломијевдан,Североисточна Босна,Дворови/Бијељина,44.8076812,19.2622411
location_terminal,E,non_I2,Founder,E-Z13591,Исаиловић,Никољдан,Мачва,Дворска/Крупањ,44.4369444,19.3786111
location_terminal,I1,non_I2,Founder,FGC22061,Мијаиловић,Никољдан,Мачва,Дворска/Крупањ,44.4369444,19.3786111
location_terminal,PH908_primary,PH908_family,Founder,FT16449,Вучић,Аранђеловдан,Херцеговина,Дврсница/Равно,42.9163665,17.9710084
location_terminal,PH908_primary,PH908_family,Founder,FT14506,Живановић,Ђурђиц,Тимочка Крајина,Дебелица/Књажевац,43.6639243,22.2546002
location_terminal,R1a,non_I2,Founder,BY99654,Пупавац,Ђурђевдан,Лика,Дебело Брдо/Кореница,44.658711,15.6877394
location_terminal,I1,non_I2,Founder,FGC22061,Куртић,Стевањдан,Стари Влах,Дебеља/Нова Варош,43.4755264,19.9289773
location_terminal,PH908_primary,PH908_family,Relic,Y283553,Аничић,Никољдан,Стари Влах,Дебеља/Нова Варош,43.4755264,19.9289773
location_terminal,E,non_I2,Founder,E-Z1057,Маричић,Ђурђевдан,Рашка,Дедевци/Краљево,43.7183739,20.4954596
location_terminal,PH908_primary,PH908_family,Relic,BY97841,Лешњаковић,Аранђеловдан,Топлица,Дединац/Куршумлија,43.1289975,21.3864541
location_terminal,E,non_I2,Founder,E-CTS11222,Инић,Никољдан,Херцеговина,Делеуша/Билећа,42.8679121,18.4832786
location_terminal,R1b,non_I2,Relic,PF7563,Николић,Аранђеловдан,Западни Банат,Делиблато/Ковин,44.8404632,21.0417114
location_terminal,I1,non_I2,Founder,FGC22061,Стоилковић,Аранђеловдан,Врањско Поморавље,Делиновица/Старац/Бујановац,42.3172856,21.9092268
location_terminal,J2,non_I2,Founder,J-Y22063,Јовић,Ђурђевдан,Североисточна Босна,Дервента/Милићи,44.1305899,19.1340045
location_terminal,R1a,non_I2,Founder,Z280,Божин,Јовањдан,Северни Банат,Деска/Сегедин,46.2179342,20.2388863
location_terminal,E,non_I2,Founder,E-Z16988,Анђеловски,Никољдан,Северна Македонија,Дејловце/Старо Нагоричане,42.2526053,22.0003997
location_terminal,PH908_primary,PH908_family,Founder,Y58629,Јерковић,Јовањдан,Лика,Дивосело/Госпић,44.5085231,15.3536733
location_terminal,PH908_primary,PH908_family,Founder,Y58629,Васовић,Јовањдан,Славонија,Дијелка/Вировитица,45.8331404,17.3853376
location_terminal,E,non_I2,Founder,E-Z16988,Вујовић,Никољдан,Херцеговина,Длакоше/Билећа,43.0256355,18.1966347
location_terminal,PH908_primary,PH908_family,Founder,FT14506,Рачић,Ђурђевдан,Херцеговина,Днопоље/Доње Зијемље/Источни Мостар,43.3968473,18.0130306
location_terminal,R1b,non_I2,Relic,L21,Мрђа,Никољдан,Лика,Днопоље/Доњи Лапац,44.579756,15.9207905
location_terminal,G,non_I2,Founder,G-Y128480,Павићевић,Мала Госпојина,Зета,До Пјешивачки/Даниловград,42.5920703,19.0246555
location_terminal,R1a,non_I2,Founder,BY30743,Радић,Стевањдан,Херцеговина,До/Требиње,42.9000719,18.0298066
location_terminal,PH908_primary,PH908_family,Founder,FT16449,Хамовић,Никољдан,Херцеговина,До/Требиње,42.9000719,18.0298066
location_terminal,R1a,non_I2,Founder,Z280,Станисављевић,Јовањдан,Источни Срем,Добановци/Сурчин,44.8275822,20.2228552
location_terminal,PH908_primary,PH908_family,Founder,Y56203,Јовић,Ђурђевдан,Североисточна Босна,Добој,44.7324559,18.0850157
location_terminal,I1,non_I2,Founder,FGC22061,Јакић,Ђурђевдан,Стара Херцеговина,Добра Села/Шавник,43.9517541,17.9165425
location_terminal,R1a,non_I2,Founder,FT288648,Вучићевић,Ђурђевдан,Стари Влах,Добраче/Ариље,43.6353854,20.084459
location_terminal,G,non_I2,Founder,G-Y128480,Лазовић,Јовањдан,Стари Влах,Добраче/Ариље,43.6353854,20.084459
location_terminal,Y3120_shallow_nonPH908,nonPH908_I2,Relic,Y474927,Јоксимовић,Лучиндан,Стари Влах,Добраче/Ариље,43.6353854,20.084459
location_terminal,J2,non_I2,Founder,J-Y22063,Пејовић,Ђурђевдан,Стара Херцеговина,Добри Нуго/Жабљак,43.1000405,19.2127663
location_terminal,N,non_I2,Founder,N-FT213937,Симовић,Јовањдан,Стари Влах,Добриловићи/Прибој,43.5324266,19.5434799
location_terminal,J2,non_I2,Founder,J-FT413312,Клевернић,Јовањдан,Источни Срем,Добринци/Рума,44.9536871,19.9277783
location_terminal,J2,non_I2,Founder,J-Y22063,Поповић,Никољдан,Јабланица,Добро Поље/Црна Трава,42.893133,22.280724
location_terminal,I1,non_I2,Founder,FGC22061,Станковић,Ђурђевдан,Стари Влах,Доброселица/Чајетина,43.6168559,19.7042761
location_terminal,PH908_primary,PH908_family,Founder,FT16449,Јечменица,Никољдан,Стари Влах,Доброселица/Чајетина,43.6168559,19.7042761
location_terminal,I2_unmapped_nonPH908,nonPH908_I2,Relic,P95,Симовић,Аранђеловдан,Стари Влах,Доброселица/Чајетина,43.6168559,19.7042761
location_terminal,J2,non_I2,Founder,J-Y22063,Каменаровић,Ивањдан,Зета,Доброта/Котор,42.4315861,18.7674296
location_terminal,R1a,non_I2,Founder,Y260767,Петровић,Арлијевдан,Зета,Добрско Село/Цетиње,42.3782323,18.9613067
location_terminal,E,non_I2,Founder,E-PH1395,Гуњак,Никољдан,Источна Босна,Довлићи/Источно Сарајево,43.8234148,18.4773425
location_terminal,R1a,non_I2,Founder,Z280,Дука,Св. Агатоник,Херцеговина,Долови/Берковићи,43.0574984,18.204689
location_terminal,J2,non_I2,Founder,J-Y230579,Шукић,Никољдан,Херцеговина,Долови/Струпићи/Берковићи,43.0574984,18.204689
location_terminal,E,non_I2,Founder,E-Z16988,Гачић,Ђурђевдан,Херцеговина,Домановићи/Чапљина,43.137454,17.7801831
location_terminal,PH908_primary,PH908_family,Founder,FT16449,Ждралић,Ђурђевдан,Херцеговина,Домановићи/Чапљина,43.137454,17.7801831
location_terminal,J2,non_I2,Founder,J-Y22059,Мркић,Ђурђевдан,Херцеговина,Домановићи/Чапљина,43.137454,17.7801831
location_terminal,I1,non_I2,Founder,FTA86559,Буха,Митровдан,Херцеговина,Домрке/Гацко,43.2474073,18.4237215
location_terminal,I1,non_I2,Founder,FGC22061,Михајловић,Ђурђевдан,Косово,Дољане/Звечан,42.9263247,20.8103511
location_terminal,E,non_I2,Founder,E-FGC11450,Милосављевић,Аранђеловдан,Расина,Дољане/Крушевац,43.5005935,21.2502513
location_terminal,PH908_primary,PH908_family,Founder,FT14506,Прошић,Вартоломијевдан,Босанска Крајина,Дољани/Бихаћ,44.6856684,15.9786445
location_terminal,R1a,non_I2,Founder,BY99654,Медић,Ђурђевдан,Лика,Дољани/Доњи Лапац,44.4775455,16.1059028
location_terminal,E,non_I2,Relic,E-BY167606,Поповић,Никољдан,Брда,Дољани/Подгорица,43.0456259,17.6798693
location_terminal,E,non_I2,Founder,E-Z1057,Тодић,Јовањдан,Топлица,Доња Јошаница/Блаце,43.3008169,21.3710012
location_terminal,N,non_I2,Founder,N-FT213937,Карапетровић,Јовањдан,Босанска Крајина,Доња Јурковица/Градишка,44.9959058,17.198807
location_terminal,E,non_I2,Founder,E-Y7168,Живановић,Ђурђиц,Мачва,Доња Бадања/Лозница,44.4888889,19.4619444
location_terminal,PH908_primary,PH908_family,Founder,FT14506,Ратковић,Никољдан,Топлица,Доња Бејашница/Прокупље,43.1956923,21.4531335
location_terminal,R1b,non_I2,Relic,Y207622,Ђорђевић,Митровдан,Косово,Доња Битиња/Штрпце,42.2533615,21.041862
location_terminal,PH908_primary,PH908_family,Founder,BY93199,Рајковић,Никољдан,Стара Херцеговина,Доња Бијела/Шавник,42.9136934,19.129948
location_terminal,I1,non_I2,Founder,FGC22061,Ненезић,Никољдан,Стара Херцеговина,Доња Бијела/Шавник,42.9136934,19.129948
location_terminal,R1a,non_I2,Founder,L1029,Рајић,Алимпијевдан,Топлица,Доња Бресница/Прокупље,43.3186282,21.413906
location_terminal,I1,non_I2,Founder,FGC22061,Чупић,Ђурђевдан,Стара Херцеговина,Доња Буковица/Шавник,43.0097244,19.1703002
location_terminal,Y3120_deep_mid_nonPH908,nonPH908_I2,Relic,A8741,Бјелајац,Никољдан,Банија,Доња Велешња/Доњи Кукурузари,45.2650561,16.4836444
location_terminal,J2,non_I2,Founder,J-Y22063,Величковић,Ђурђевдан,Шумадија,Доња Горевница/Чачак,43.8752056,20.5007592
location_terminal,E,non_I2,Founder,E-L241,Петровић,Стевањдан,Колубара,Доња Грабовица/Ваљево,43.0165896,19.0814012
location_terminal,E,non_I2,Founder,E-Z1057,Декић,Никољдан,Косово,Доња Гуштерица/Липљан,42.546363,21.181354
location_terminal,J2,non_I2,Founder,J-L70,Стојчић,Мратиндан,Стари Влах,Доња Добриња/Пожега,43.929859,20.040822
location_terminal,I1,non_I2,Founder,FGC22061,Горановић,Ђурђевдан,Североисточна Босна,Доња Дубица/Оџак,45.0767653,18.4097561
location_terminal,E,non_I2,Founder,E-Z1057,Слијепчевић,Ђурђевдан,Херцеговина,Доња Ивица/Ивица/Љубиње,42.9125468,18.1830497
location_terminal,E,non_I2,Founder,E-Z13591,Лазаревић,Петковдан,Топлица,Доња Коњуша/Прокупље,43.2246663,21.4116495
location_terminal,R1a,non_I2,Relic,CTS1211,Вуковић,Св. Врачи,Стари Влах,Доња Краварица/Лучани,43.7814745,20.1603841
location_terminal,PH908_primary,PH908_family,Founder,FT16449,Бркић,Ђурђиц,Стари Влах,Доња Краварица/Лучани,43.7814745,20.1603841
location_terminal,E,non_I2,Founder,E-Y126722,Марковић,Часне Вериге апостола Петра,Средња Босна,Доња Мисоча/Илијаш,43.9574779,18.2892459
location_terminal,I1,non_I2,Founder,Y155080,Зељковић,Ђурђевдан,Босанска Крајина,Доња Подгорја/Мркоњић Град,44.2589864,16.9169515
location_terminal,J2,non_I2,Founder,J-Y22063,Пејовић,Ђурђевдан,Брда,Доња Поља/Поља/Мојковац,42.9770554,19.5238677
location_terminal,R1a,non_I2,Founder,YP270,Миљковић,Никољдан,Топлица,Доња Расовача/Мерошина,43.2368009,21.6852629
location_terminal,I1,non_I2,Founder,FGC22061,Радић,Ђурђиц,Шумадија,Доња Рача/Рача,44.2195479,21.0174445
location_terminal,N,non_I2,Founder,N-FT182494,Вељковић,Аранђеловдан,Шумадија,Доња Рача/Рача,44.2195479,21.0174445
location_terminal,PH908_primary,PH908_family,Founder,FT190799,Аврамовић,Лучиндан,Шумадија,Доња Сабанта/Крагујевац,43.9557691,20.9623432
location_terminal,R1b,non_I2,Relic,BY18860,Бановић,Никољдан,Зета,Доња Села/Цетиње,45.6826949,15.7512453
location_terminal,R1a,non_I2,Founder,YP417,Међедовић,Св. Василије Велики,Босанска Крајина,Доња Слатина/Рибник,44.400575,16.8567336
location_terminal,E,non_I2,Founder,E-CTS11222,Делибашић,Никољдан,Стара Херцеговина,Доња Трепча/Никшић,42.818574,18.7784033
location_terminal,J2,non_I2,Founder,J-FT413312,Радуловић,Мала Госпојина,Стара Херцеговина,Доња Трепча/Никшић,42.818574,18.7784033
location_terminal,I1,non_I2,Founder,FGC22061,Добросављевић,Ђурђевдан,Шумадија,Доња Трепча/Чачак,43.903242,20.4596328
location_terminal,I1,non_I2,Founder,FGC22061,Јевтић,Ђурђевдан,Североисточна Босна,Доња Трнова/Угљевик,44.6542937,19.0952808
location_terminal,E,non_I2,Founder,E-FGC11450,Копуновић,Савиндан,Стари Влах,Доње Бабине/Пријепоље,43.4156163,19.5323809
location_terminal,I1,non_I2,Founder,FGC22061,Пушкић,Никољдан,Стари Влах,Доње Бабине/Пријепоље,43.4156163,19.5323809
location_terminal,R1a,non_I2,Founder,FT288648,Плескоњић,Ђурђевдан,Стари Влах,Доње Бабине/Пријепоље,43.4156163,19.5323809
location_terminal,I1,non_I2,Relic,P109,Брашанац,Никољдан,Стари Влах,Доње Бабине/Пријепоље,43.4156163,19.5323809
location_terminal,E,non_I2,Founder,E-Z1057,Марковић,Јовањдан,Босанска Крајина,Доње Вуковско/Купрес,43.9133079,17.3603804
location_terminal,R1a,non_I2,Founder,Y189493,Милиновић,Ђурђевдан,Босанска Крајина,Доње Вуковско/Купрес,43.9133079,17.3603804
location_terminal,J2,non_I2,Founder,J-Y22059,Петровић,Ђурђевдан,Источна Босна,Доње Жешће/Фоча,43.6044873,18.742483
location_terminal,N,non_I2,Founder,N-FT213937,Билинац,Јовањдан,Источна Босна,Доње Жешће/Фоча-Устиколина,43.6044873,18.742483
location_terminal,R1b,non_I2,Founder,L51,Максимовић,Ђурђиц,Косово,Доње Кормињане/Косовска Каменица,42.5069444,21.6261111
location_terminal,E,non_I2,Founder,E-FGC11450,Тубић,Савиндан,Стари Влах,Доње Лопиже/Сјеница,43.3157174,19.9506998
location_terminal,E,non_I2,Founder,E-PH1395,Васојевић,Св. Александар Невски,Стари Влах,Доње Лопиже/Сјеница,43.3157174,19.9506998
location_terminal,E,non_I2,Founder,E-Z13591,Вуловић,Петковдан,Стари Влах,Доње Лопиже/Сјеница,43.3157174,19.9506998
location_terminal,E,non_I2,Founder,E-PH1395,Бабовић,Аранђеловдан,Брда,Доње Луге/Беране,42.8359367,19.883217899999998
location_terminal,E,non_I2,Founder,E-Z1057,Парлић,Никољдан,Косово,Доње Неродимље/Урошевац,42.3647398,21.097724500000002
location_terminal,J2,non_I2,Founder,J-Y22063,Гвоић,Никољдан,Банија,Доње Селиште/Глина,43.7450137,21.0724772
location_terminal,E,non_I2,Founder,E-Z16988,Ћећез,Ђурђевдан,Херцеговина,Доње Село/Коњиц,43.6682984,17.9361044
location_terminal,E,non_I2,Founder,E-BY165837,Прелевић,Никољдан,Брда,Доње Стравче/Подгорица,42.5798698,19.4662974
location_terminal,E,non_I2,Founder,E-Z1057,Миловановић,Младенци,Топлица,Доње Црнатово/Житорађа,43.152312,21.772713
location_terminal,N,non_I2,Founder,N-FT182494,Јовановић,Никољдан,Мачва,Доње Црниљево/Коцељева,44.4677778,19.6255556
location_terminal,E,non_I2,Founder,E-Z1057,Вранешевић,Ђурђевдан,Банија,Доњи Јаворањ/Двор,45.1134316,16.3594392
location_terminal,I1,non_I2,Founder,Y155080,Зељковић,Ђурђевдан,Босанска Крајина,Доњи Бараћи/Мркоњић Град,44.3216622,16.9387195
location_terminal,E,non_I2,Relic,E-Y178858,Прерадовић,Илиндан,Босанска Крајина,Доњи Вијачани/Прњавор,44.808409,17.6027102
location_terminal,PH908_primary,PH908_family,Founder,FT386055,Васић,Аранђеловдан,Босанска Крајина,Доњи Вијачани/Прњавор,44.808409,17.6027102
location_terminal,E,non_I2,Founder,E-Y142744,Ћук,Никољдан,Босанска Крајина,Доњи Врбљани/Рибник,44.3523007,16.8155703
location_terminal,J2,non_I2,Relic,J-S11842,Трајковић,Аранђеловдан,Врањско Поморавље,Доњи Вртогош/Врање,42.5573069,21.9021867
location_terminal,PH908_primary,PH908_family,Founder,FT16449,Јоановић,Стевањдан,Славонија,Доњи Град/Осијек,45.5556845,18.7195614
location_terminal,R1a,non_I2,Founder,Y144943,Шаренац,Аранђеловдан,Херцеговина,Доњи Давидовићи/Билећа,43.0581577,18.3035538
location_terminal,E,non_I2,Founder,E-PH1395,Милићевић,Никољдан,Рашка,Доњи Дајићи/Дајићи/Ивањица,43.4032587,20.2980393
location_terminal,J2,non_I2,Relic,J-L283,Петровић,Ђурђевдан,Јабланица,Доњи Дејан/Власотинце,42.9792562,22.2133323
location_terminal,R1a,non_I2,Founder,BY30743,Ивковић,Никољдан,Херцеговина,Доњи Дрежањ/Невесиње,43.1908275,18.227375
location_terminal,J2,non_I2,Founder,J-Y22063,Тинтор,Св. Врачи,Банија,Доњи Жировац/Двор,45.0696005,16.3785028
location_terminal,I1,non_I2,Founder,FGC22061,Бакмаз,Ђурђевдан,Источна Босна,Доњи Калиманићи/Соколац,43.9069524,18.9854049
location_terminal,R1b,non_I2,Founder,A274,Шуша,Стевањдан,Далмација,Доњи Карин/Бенковац,44.1296509,15.6145838
location_terminal,PH908_primary,PH908_family,Founder,FT14506,Мирчетић,Ђурђевдан,Банија,Доњи Класнић/Глина,45.3382654,16.090752
location_terminal,G,non_I2,Founder,G-Y128480,Шикања,Стевањдан,Банија,Доњи Класнић/Глина,45.3382654,16.090752
location_terminal,E,non_I2,Founder,E-Z1057,Анђеловић,Јовањдан,Врањско Поморавље,Доњи Козји Дол/Трговиште,42.3379525,22.0992839
location_terminal,R1b,non_I2,Founder,L51,Ђорђевић,Петковдан,Понишавље,Доњи Комрен/Ниш,43.348724,21.8791899
location_terminal,PH908_primary,PH908_family,Relic,A29945,Радојевић,Лучиндан,Рашка,Доњи Крњин/Лепосавић,43.1406216,20.7454677
location_terminal,J2,non_I2,Founder,J-Y155375,Тадић,Никољдан,Лика,Доњи Лапац,44.5521346,15.9609632
location_terminal,R1a,non_I2,Founder,Z280,Радовановић,Никољдан,Колубара,Доњи Лајковац/Лајковац,44.3066246,20.2038536
location_terminal,J2,non_I2,Founder,J-Y22063,Мркобрада,Аранђеловдан,Лика,Доњи Мекињар/Удбина,45.4376544,15.7349762
location_terminal,E,non_I2,Founder,E-CTS11222,Вукашиновић,Никољдан,Колубара,Доњи Мушић/Мионица,44.2955657,20.1195561
location_terminal,E,non_I2,Relic,E-Y37092,Гњатовић,Игњатијевдан,Босанска Крајина,Доњи Орловци/Приједор,44.9787709,16.761406
location_terminal,PH908_primary,PH908_family,Founder,FT16449,Кизић,Ђурђиц,Метохија,Доњи Петрич/Клина,42.6128115,20.5033182
location_terminal,R1a,non_I2,Founder,L1029,Радусин,Михољдан,Босанска Крајина,Доњи Петровићи/Крупа на Уни,44.8923889,16.2761455
location_terminal,J2,non_I2,Founder,J-Y22063,Шарац,Никољдан,Кордун,Доњи Полој/Слуњ,45.2400781,15.5205504
location_terminal,G,non_I2,Relic,G-Z6211,Гајић,Никољдан,Босанска Крајина,Доњи Рибник/Рибник,43.5913135,21.0691582
location_terminal,PH908_primary,PH908_family,Founder,Y134585,Милетић,Св. Симеон Богопримац,Североисточна Босна,Доњи Свилај/Оџак,45.1107032,18.2731724
location_terminal,PH908_primary,PH908_family,Founder,FT16449,Васиљевић,Илиндан,Расина,Доњи Степош/Крушевац,43.5207548,21.3098397
location_terminal,R1b,non_I2,Founder,A274,Ружић,Јовањдан,Херцеговина,Доњи Тврдош/Тврдош/Требиње,42.7242067,18.2825677
location_terminal,E,non_I2,Founder,E-Y126722,Дамјановић,Св. Врачи,Источни Срем,Доњи Товарник/Пећинци,44.8132532,19.9448853
location_terminal,R1a,non_I2,Founder,L1029,Костић,Ђурђевдан,Источни Срем,Доњи Товарник/Пећинци,44.8132532,19.9448853
location_terminal,R1a,non_I2,Founder,Y189493,Ђузеловић,Стевањдан,Херцеговина,Доњи Турани/Турани/Требиње,42.8059433,18.2795775
location_terminal,J2,non_I2,Founder,J-Z38299,Поповић,Никољдан,Лика,Доњи Штрбци/Доњи Лапац,44.5521346,15.9609632
location_terminal,I1,non_I2,Founder,Y155080,Станојевић,Ђурђевдан,Босанска Крајина,Доњи Штрпци/Прњавор,44.866758,17.7473086
location_terminal,R1a,non_I2,Founder,L1029,Ибрахимовић,Нема,Метохија,Драгаш/Гора,43.2221484,27.8838712
location_terminal,R1b,non_I2,Relic,Z15952,Драгаш,Никољдан,Стара Херцеговина,Драгаши/Пљевља,43.2698158,19.2556952
location_terminal,R1a,non_I2,Founder,Y260767,Павловић,Ђурђиц,Колубара,Драгодол/Осечина,44.2461888,19.5892464
location_terminal,G,non_I2,Founder,G-Y128480,Узелац,Никољдан,Банија,Драготина/Глина,45.2644417,16.1733885
location_terminal,R1a,non_I2,Founder,YP417,Граховац,Св. Василије Велики,Босанска Крајина,Драгочај/Бања Лука,44.8542483,17.1592084
location_terminal,E,non_I2,Founder,E-FT104106,Божовић,Ђурђевдан,Стари Влах,Драгојевац/Ариље,43.7240834,20.1272817
location_terminal,E,non_I2,Founder,E-FT104106,Живановић,Никољдан,Шумадија,Драгољ/Горњи Милановац,44.2239482,20.4490896
location_terminal,J2,non_I2,Founder,J-Z38299,Правица,Зачеће Св. Јована Крститеља,Херцеговина,Дражин До/Требиње,42.7129306,18.2993683
location_terminal,R1b,non_I2,Founder,L51,Чворовић,Никољдан,Стари Влах,Драксин/Бајина Башта,43.9729654,19.700045
location_terminal,I1,non_I2,Founder,FGC22061,Ашкрабић,Ђурђевдан,Херцеговина,Драмешина/Гацко,43.2110955,18.602922
location_terminal,PH908_map_nonprimary,PH908_family,Founder,Y4882,Грче,Јовањдан,Херцеговина,Драчево/Требиње,42.8571127,18.0655534
location_terminal,R1a,non_I2,Founder,BY99654,Грубор,Ђурђевдан,Босанска Крајина,Дрвар,44.3740882,16.3845503
location_terminal,G,non_I2,Founder,G-Y128480,Адамовић,Јовањдан,Босанска Крајина,Дрвар,44.3740882,16.3845503
location_terminal,E,non_I2,Founder,E-Z1057,Николић,Св. Врачи,Стари Влах,Дрежник/Ужице,43.7781721,19.9130094
location_terminal,I1,non_I2,Founder,FTA86559,Андрић,Јовањдан,Стари Влах,Дрежник/Ужице,43.7781721,19.9130094
location_terminal,J2,non_I2,Founder,J-Y14439,Ивошевић,Ђурђевдан,Лика,Дрежница/Огулин,45.1378632,15.0921505
location_terminal,E,non_I2,Founder,E-L241,Дражић,Ђурђевдан,Шумадија,Дрен/Лазаревац,44.3804962,20.3117865
location_terminal,E,non_I2,Founder,E-Z1057,Илић,Аранђеловдан,Колубара,Дрен/Обреновац,44.5955744,20.0307377
location_terminal,E,non_I2,Founder,E-Y128213,Спасовски,Никољдан,Северна Македонија,Дренак/Старо Нагоричане,42.133988,22.3406594
location_terminal,R1b,non_I2,Relic,Y168201,Здравковић,Аранђеловдан,Врањско Поморавље,Дреновац/Врање,42.6311111,21.8830556
location_terminal,PH908_primary,PH908_family,Founder,FT14506,Крчум,Јовањдан,Херцеговина,Дренови До/Куња Главица/Требиње,42.609978,18.4016076
location_terminal,PH908_primary,PH908_family,Founder,FT16449,Ђуровић,Игњатијевдан,Стари Влах,Дреновци/Косјерић,44.0785809,19.8782781
location_terminal,R1a,non_I2,Relic,FTB36486,Петровић,Аранђеловдан,Понишавље,Држина/Пирот,43.0976554,22.6015239
location_terminal,E,non_I2,Relic,E-BY15406,Панџић,Непознато,Херцеговина,Дриновци/Груде,43.359454,17.3246873
location_terminal,I1,non_I2,Founder,BY169301,Нинковић (Хубић),Нема,Источна Босна,Дринско/Вишеград,43.7398887,19.2944804
location_terminal,E,non_I2,Founder,E-Z16988,Тадић,Јовањдан,Мачва,Дрлаче/Љубовија,44.1478174,19.4821501
location_terminal,E,non_I2,Founder,E-Z1057,Pouray (Пурић),Аранђеловдан,Стари Влах,Дрмановићи/Нова Варош,43.4151093,19.8426174
location_terminal,I1,non_I2,Relic,Y264438,Црнадак,Никољдан,Босанска Крајина,Друговићи/Лакташи,44.8853559,17.4118216
location_terminal,I1,non_I2,Founder,FT428459,Андрејић,Стевањдан,Браничево,Дубница/Свилајнац,44.2752832,21.3192649
location_terminal,R1b,non_I2,Relic,L23,Стојановић,Аранђеловдан,Топлица,Дубово/Житорађа,43.111387,21.695183
location_terminal,G,non_I2,Founder,G-FTC64765,Јанковић,Игњатијевдан,Херцеговина,Дубочани/Требиње,42.7529341,18.4577567
location_terminal,PH908_primary,PH908_family,Founder,FT14506,Пецељ,Ђурђевдан,Херцеговина,Дубочица/Љубиње,42.9467238,18.1213467
location_terminal,PH908_primary,PH908_family,Founder,Y58629,Новокмет,Јовањдан,Херцеговина,Дубочица/Љубиње,42.9467238,18.1213467
location_terminal,J2,non_I2,Founder,J-Y22063,Гвојић,Никољдан,Кордун,Дуго Село Ласињско/Вргинмост,45.4810968,15.8819206
location_terminal,N,non_I2,Founder,N-FGC28435,Кличковић,Ђурђевдан,Кордун,Дуго Село Ласињско/Вргинмост,45.4810968,15.8819206
location_terminal,R1a,non_I2,Relic,Y38780,Ћеловић,Стевањдан,Херцеговина,Дужи/Требиње,42.7040184,18.2629268
location_terminal,R1a,non_I2,Founder,L1029,Дукић,Ђурђевдан,Лика,Дукићи/Грачац,44.3526553,15.8678632
location_terminal,PH908_primary,PH908_family,Relic,FTA49542,Марковић,Лучиндан,Шумадија,Дулене/Крагујевац,43.860804,20.9518268
location_terminal,I1,non_I2,Founder,Y155080,Вукомановић,Ђурђиц,Шумадија,Дулене/Крагујевац,43.860804,20.9518268
location_terminal,E,non_I2,Founder,E-BY165837,Кељановић,Никољдан,Брда,Дулипоље/Андријевица,42.6968885,19.7508867
location_terminal,E,non_I2,Founder,E-Z16988,Дунђер,Никољдан,Херцеговина,Дунђери/Врањска/Билећа,43.0002022,18.2312161
location_terminal,E,non_I2,Founder,E-Z1057,Павловић,Никољдан,Понишавље,Дучевац/Бабушница,43.021034,22.46817
location_terminal,J2,non_I2,Founder,J-Y155375,Поповић,Никољдан,Шумадија,Дучина/Сопот,44.4851149,20.4977443
location_terminal,R1a,non_I2,Founder,Y260767,Милијановић,Св. Јован Златоусти,Шумадија,Дучина/Сопот,44.4851149,20.4977443
location_terminal,R1a,non_I2,Founder,Y260767,Обрадовић,Аранђеловдан,Колубара,Дучић/Мионица,44.2513012,20.1672506
location_terminal,E,non_I2,Founder,E-BY165837,Митровић,Митровдан,Брда,Дучићи/Подгорица,42.479317,19.3895658
location_terminal,PH908_primary,PH908_family,Founder,FT190799,Филиповић,Лучиндан,Стари Влах,Душковци/Пожега,44.0063776,20.050415
location_terminal,I1,non_I2,Founder,FGC22061,Пјановић,Ђурђевдан,Стари Влах,Душманићи/Пријепоље,43.3934161,19.6249457
location_terminal,R1b,non_I2,Founder,BY38894,Јовановић,Никољдан,Стари Влах,Дујке/Сјеница,43.2109699,19.9949295
location_terminal,E,non_I2,Founder,E-FT178289,Јовановић,Св. Јован Златоусти,Стари Влах,Дљин/Лучани,43.8688788,20.1433467
location_terminal,E,non_I2,Founder,E-Z1057,Ристивојевић,Св. Јован Златоусти,Стари Влах,Дљин/Лучани,43.8688788,20.1433467
location_terminal,E,non_I2,Founder,E-L241,Кончаревић,Никољдан,Далмација,Ервеник,44.108204,15.9412748
location_terminal,E,non_I2,Founder,E-Z1057,Букарица,Мратиндан,Далмација,Ервеник,44.108204,15.9412748
location_terminal,Y3120_shallow_nonPH908,nonPH908_I2,Relic,Y81557,Векић,Ђурђевдан,Далмација,Ервеник,44.108204,15.9412748
location_terminal,R1a,non_I2,Founder,Y260767,Грубић,Марковдан,Далмација,Ервеник/Книн,44.108204,15.9412748
location_terminal,PH908_primary,PH908_family,Founder,FT14506,Јелић,Јовањдан,Стари Влах,Ерчеге/Ивањица,43.3658871,20.1659704
location_terminal,PH908_map_nonprimary,PH908_family,Relic,Z16983,Спасовић,Јовањдан,Стари Влах,Ерчеге/Ивањица,43.3658871,20.1659704
location_terminal,G,non_I2,Relic,G-M406,Вучетић,Никољдан,Расина,Жабаре/Крушевац,43.5203607,21.2327957
location_terminal,R1a,non_I2,Founder,Y260767,Бранковић,Јовањдан,Колубара,Жабари/Ваљево,44.2244939,19.9482507
location_terminal,E,non_I2,Founder,E-Z1057,Папић,Лучиндан,Бачка,Жабаљ,45.3728199,20.0637917
location_terminal,I1,non_I2,Founder,FGC22061,Петојевић,Никољдан,Бачка,Жабаљ,45.3728199,20.0637917
location_terminal,PH908_primary,PH908_family,Founder,FT16449,Телебак,Никољдан,Херцеговина,Жабица/Љубиње,42.8764849,18.1710548
location_terminal,I1,non_I2,Founder,FGC22061,Бојанић,Ђурђевдан,Далмација,Жагровић/Книн,44.0499621,16.1857787
location_terminal,E,non_I2,Founder,E-FT104106,Иђушки,Јовањдан,Бачка,Жарковац/Сомбор,45.7036243,19.2005133
location_terminal,E,non_I2,Founder,E-Y126722,Смиљић,Никољдан,Североисточна Босна,Жарковина/Теслић,44.6335453,17.8519672
location_terminal,E,non_I2,Founder,E-Z1057,Спасеновић,Никољдан,Шумадија,Жарково/Београд,44.7546064,20.4103465
location_terminal,I1,non_I2,Founder,Y155080,Чедић,Ђурђевдан,Шумадија,Жарково/Београд,44.7546064,20.4103465
location_terminal,PH908_map_nonprimary,PH908_family,Relic,BY4177,Милошевић,Аранђеловдан,Врањско Поморавље,Жбевац/Бујановац,42.446849,21.8355075
location_terminal,PH908_primary,PH908_family,Founder,FT16449,Милић,Никољдан,Херцеговина,Ждријеловићи/Требиње,42.8297888,18.2951129
location_terminal,J2,non_I2,Founder,J-FT413312,Шаговиновић,Јовањдан,Херцеговина,Жељуша/Мостар,43.4303949,17.8710116
location_terminal,PH908_primary,PH908_family,Relic,A28710,Васиљевић,Никољдан,Стари Влах,Житин/Миљевићи/Пријепоље,43.3092562,19.6594105
location_terminal,J2,non_I2,Founder,J-Y22063,Илић Кељановић,Јовањдан,Косово,Житковац/Звечан,42.9301654,20.8239688
location_terminal,R1a,non_I2,Founder,L1029,Кашић,Јовањдан,Далмација,Житнић/Дрниш,43.8363424,16.1346332
location_terminal,R1a,non_I2,Founder,Y189493,Сјеран,Јовањдан,Херцеговина,Житомислићи/Мостар,43.2079754,17.7927274
location_terminal,E,non_I2,Founder,E-Y7168,Вељковић,Никољдан,Топлица,Житорађа,43.1889653,21.7111439
location_terminal,J2,non_I2,Relic,J-Y153290,Ранђеловић,Јовањдан,Топлица,Житорађа,43.1889653,21.7111439
location_terminal,G,non_I2,Founder,G-Y128480,Ивковић,Јовањдан,Врањско Поморавље,Житорађе/Владичин Хан,42.7101975,22.1131526
location_terminal,PH908_primary,PH908_family,Founder,BY93199,Ороз,Аранђеловдан,Херцеговина,Жиљево/Невесиње,43.2412265,18.1563411
location_terminal,PH908_primary,PH908_family,Founder,FT14506,Дангубић,Аранђеловдан,Херцеговина,Жрвањ/Љубиње,42.9371052,18.1881995
location_terminal,R1a,non_I2,Founder,Z280,Радић,Ђурђевдан,Херцеговина,Жрвањ/Љубиње,42.9371052,18.1881995
location_terminal,PH908_primary,PH908_family,Founder,FT16449,Чабрило,Ђурђевдан,Херцеговина,Жуберин/Невесиње,43.211467,17.9892999
location_terminal,PH908_primary,PH908_family,Founder,FT190799,Недељковић,Лучиндан,Шумадија,Жупањац/Лазаревац,44.3376614,20.2136285
location_terminal,J2,non_I2,Founder,J-Y14439,Аврамовић,Лучиндан,Топлица,Жуч/Куршумлија,43.202075,21.1562884
location_terminal,PH908_primary,PH908_family,Founder,FT14506,Тошић,Томиндан,Источна Босна,Жљебови/Соколац,43.996984,18.8820151
location_terminal,E,non_I2,Founder,E-BY165837,Милановић,Митровдан,Стари Влах,Заблаће/Чачак,43.8432239,20.4479607
location_terminal,PH908_primary,PH908_family,Founder,FT16449,Вучковић,Петровдан,Стари Влах,Заблаће/Чачак,43.8432239,20.4479607
location_terminal,R1a,non_I2,Founder,Z280,Поповић,Јовањдан,Стари Влах,Заблаће/Чачак,43.8432239,20.4479607
location_terminal,R1b,non_I2,Founder,BY38894,Јовановић,Ђурђевдан,Шумадија,Забојница/Кнић,43.9973838,20.7499552
location_terminal,I1,non_I2,Founder,FGC22061,Адамовић,Ђурђевдан,Стари Влах,Забрдњи Тоци/Пријепоље,43.4740073,19.5102387
location_terminal,I1,non_I2,Founder,BY169301,Симић,Никољдан,Шумадија,Забрежје/Бања/Аранђеловац,44.2906194,20.6251573
location_terminal,PH908_primary,PH908_family,Founder,FT14506,Дуњић,Ђурђевдан,Источна Босна,Заваит/Фоча,43.4229449,18.886168
location_terminal,R1a,non_I2,Founder,BY99654,Кораћ,Никољдан,Херцеговина,Завала/Требиње,42.7098295,18.3457261
location_terminal,J2,non_I2,Founder,J-Y155375,Козица,Никољдан,Стари Влах,Завинограђе/Пријепоље,43.2498076,19.697773
location_terminal,R1a,non_I2,Founder,L1029,Гајић,Аранђеловдан,Мачва,Завлака/Крупањ,44.4554446,19.4834196
location_terminal,R1a,non_I2,Founder,YP4278,Џагић,Аранђеловдан,Мачва,Завлака/Крупањ,44.4554446,19.4834196
location_terminal,R1b,non_I2,Founder,BY38894,Чворовић,Лучиндан,Стари Влах,Заглавак/Бајина Башта,43.9178947,19.7267791
location_terminal,R1a,non_I2,Founder,YP270,Перић,Ђурђевдан,Североисточна Босна,Загони/Бијељина,44.7150494,19.1101887
location_terminal,I1,non_I2,Founder,FGC22061,Међо,Ђурђевдан,Источна Босна,Загор/Трново,43.6663872,18.5924655
location_terminal,PH908_primary,PH908_family,Founder,FT16449,Поповић,Илиндан,Зета,Загора/Котор,42.302515,18.7496065
location_terminal,PH908_primary,PH908_family,Founder,FT14506,Унковић,Ђурђевдан,Херцеговина,Загора/Требиње,42.8063794,18.2001257
location_terminal,N,non_I2,Founder,N-FT213937,Петровић,Јовањдан,Херцеговина,Загора/Требиње,42.8063794,18.2001257
location_terminal,E,non_I2,Founder,E-BY165837,Вујошевић,Никољдан,Брда,Заград/Беране,42.921945,19.782832
location_terminal,Y3120_deep_mid_nonPH908,nonPH908_I2,Relic,Y476914,Ђилас,Лучиндан,Стара Херцеговина,Заград/Никшић,45.1814787,15.7881042
location_terminal,PH908_primary,PH908_family,Founder,BY93199,Црногорац,Аранђеловдан,Херцеговина,Заграђе/Казанци/Гацко,43.0593419,18.6387096
location_terminal,J2,non_I2,Founder,J-Y22063,Спасић,Јовањдан,Врањско Поморавље,Загужање/Сурдулица,42.7067418,22.1499474
location_terminal,E,non_I2,Founder,E-FGC11450,Ђајић,Стевањдан,Источна Босна,Закмур/Фоча,43.4614071,18.6949606
location_terminal,E,non_I2,Founder,E-Y142744,Рашевић,Лазарева Субота,Источна Босна,Закмур/Фоча,43.4614071,18.6949606
location_terminal,R1a,non_I2,Founder,BY99654,Ресановић,Никољдан,Банија,Закопа/Двор,45.0613492,16.3515562
location_terminal,J2,non_I2,Founder,J-Y22059,Бештић,Никољдан,Херцеговина,Залом/Невесиње,43.2352217,18.2779684
location_terminal,J2,non_I2,Founder,J-Y22063,Вуковојац,Јовањдан,Лика,Залужница/Врховине,44.8555404,15.3565872
location_terminal,R1b,non_I2,Founder,A274,Тодоровић,Стевањдан,Стари Влах,Заовине/Бајина Башта,43.8681234,19.3539846
location_terminal,E,non_I2,Founder,E-Z16988,Вујовић,Никољдан,Херцеговина,Засада/Билећа,43.0556158,18.2262525
location_terminal,E,non_I2,Founder,E-Y126722,Радовановић,Часне Вериге апостола Петра,Стари Влах,Засеље/Пожега,43.9183914,19.9874782
location_terminal,I1,non_I2,Founder,Y155080,Танкосић,Никољдан,Стари Влах,Засеље/Пожега,43.9183914,19.9874782
location_terminal,E,non_I2,Founder,E-CTS11222,Ковачевић,Ђурђевдан,Стара Херцеговина,Заслап/Никшић,42.6784123,18.5932433
location_terminal,E,non_I2,Relic,E-A11802,Мрша,Непознато,Далмација,Затон/Шибеник,43.7870205,15.823553
location_terminal,PH908_primary,PH908_family,Founder,FT14506,Јеловац,Лазарева Субота,Стара Херцеговина,Захум/Вишњица/Пљевља,43.8313209,17.4494404
location_terminal,R1a,non_I2,Founder,L1029,Куртовић,Св. пророк Јеремија,Херцеговина,Зачула/Требиње,42.7098295,18.3457261
location_terminal,PH908_primary,PH908_family,Founder,Y56203,Јакишић,Стевањдан,Босанска Крајина,Зајаруга/Гламоч,44.0196674,16.9104798
location_terminal,G,non_I2,Relic,G-Z45690,Пуљезевић,Алимпијевдан,Мачва,Зајача/Лозница,44.456944,19.244444
location_terminal,R1a,non_I2,Founder,L1029,Нанић,Никољдан,Тимочка Крајина,Зајечар,43.9030925,22.2785536
location_terminal,E,non_I2,Founder,E-Z1057,Љубојевић,Јовањдан,Стари Влах,Збојштица/Ужице,43.801092,19.8692072
location_terminal,R1b,non_I2,Relic,Z15952,Вучковић,Никољдан,Стари Влах,Збојштица/Ужице,43.801092,19.8692072
location_terminal,R1a,non_I2,Relic,Y323345,Исаиловић,Лучиндан,Колубара,Звечка/Обреновац,44.640248,20.164318
location_terminal,I1,non_I2,Founder,FGC22061,Досковић,Никољдан,Стари Влах,Звијезд/Пријепоље,43.363749,19.5502986
location_terminal,PH908_primary,PH908_family,Founder,FT16449,Кисић,Никољдан,Херцеговина,Звијерина/Билећа,42.9328223,18.2713905
location_terminal,G,non_I2,Relic,G-Y13112,Буката,Ђурђевдан,Славонија,Зденци/Вировитица,45.5836206,17.9528638
location_terminal,G,non_I2,Founder,G-Y128480,Аксентијевић,Јовањдан,Топлица,Здравиње/Прокупље,43.3097172,21.3926351
location_terminal,R1a,non_I2,Founder,Z280,Ђуровић,Јовањдан,Стара Херцеговина,Зеленика/Херцег Нови,42.4516792,18.5774346
location_terminal,J2,non_I2,Founder,J-L70,Нуркић,Нема,Североисточна Босна,Зелина Средња/Градачац,44.8212383,18.3625598
location_terminal,R1b,non_I2,Relic,A12332,Петровић,Јовањдан,Источни Срем,Земун,44.8444,20.4123996
location_terminal,R1a,non_I2,Founder,Y260767,Бојић,Јовањдан,Источни Срем,Земун,44.8444,20.4123996
location_terminal,J2,non_I2,Founder,J-Z38299,Коцољевац (Кукавица),Лучиндан,Далмација,Земуник Горњи/Земуник Доњи,44.1095798,15.4312483
location_terminal,R1a,non_I2,Founder,BY99654,Ђинић,Никољдан,Далмација,Земуник Доњи,44.1050024,15.3794791
location_terminal,E,non_I2,Founder,E-Z1057,Гајић,Никољдан,Шумадија,Зеоке/Лазаревац,44.4100886,20.3251085
location_terminal,PH908_primary,PH908_family,Founder,FT16449,Срдановић,Петровдан,Шумадија,Зеоке/Лазаревац,44.4100886,20.3251085
location_terminal,R1a,non_I2,Founder,L1029,Марјановић,Никољдан,Шумадија,Зеоке/Лазаревац,44.4100886,20.3251085
location_terminal,I1,non_I2,Founder,FGC22061,Ћаловић,Ђурђевдан,Стари Влах,Зеоке/Лучани,43.8448345,20.264368
location_terminal,R1a,non_I2,Founder,L1029,Николић,Аранђеловдан,Стари Влах,Зеоке/Лучани,43.8448345,20.264368
location_terminal,R1a,non_I2,Founder,L1029,Кликовац,Ђурђиц,Зета,Зета,42.3195857,19.2264879
location_terminal,N,non_I2,Founder,N-FT182494,Грабовица,Савиндан,Североисточна Босна,Зидоње/Велика Њива/Шековићи,44.3008172,18.8513911
location_terminal,PH908_primary,PH908_family,Relic,Y189089,Маврак,Јовањдан,Херцеговина,Зијемљe/Источни Мостар,43.4097358,18.0002323
location_terminal,PH908_primary,PH908_family,Founder,FT16449,Каришик,Ђурђевдан,Херцеговина,Зијемље/Источни Мостар,43.4097358,18.0002323
location_terminal,R1a,non_I2,Founder,Z280,Куртеш,Ђурђевдан,Херцеговина,Зијемље/Мостар,43.4097358,18.0002323
location_terminal,J2,non_I2,Relic,J-Y29678,Савић,Аранђеловдан,Стари Влах,Злакуса/Ужице,43.8022341,19.952395
location_terminal,G,non_I2,Founder,G-Y128480,Лукић,Ђурђевдан,Стари Влах,Злодол/Бајина Башта,43.9453634,19.6850915
location_terminal,E,non_I2,Founder,E-CTS11222,Стевановић,Никољдан,Херцеговина,Зови До/Невесиње,43.1574316,18.2122491
location_terminal,PH908_primary,PH908_family,Founder,Y56203,Ковач,Стевањдан,Херцеговина,Зови До/Невесиње,43.1574316,18.2122491
location_terminal,PH908_primary,PH908_family,Relic,Y135654,Газдић,Ђурђевдан,Стара Херцеговина,Зорловићи/Пљевља,43.3565611,19.3584715
location_terminal,E,non_I2,Founder,E-Z16988,Ерић,Никољдан,Североисточна Босна,Зоље/Калесија,44.4580637,18.8991351
location_terminal,E,non_I2,Founder,E-Z1057,Станић,Видовдан,Лика,Ивакуша/Водотеч/Бриње,45.0726416,15.0746292
location_terminal,R1a,non_I2,Founder,YP270,Гајић,Никољдан,Шумадија,Ивановци/Љиг,44.2260773,20.3075042
location_terminal,E,non_I2,Founder,E-BY165837,Куч,Никољдан,Брда,Ивање/Бијело Поље,42.9993016,19.875814
location_terminal,Y3120_deep_mid_nonPH908,nonPH908_I2,Founder,Z17855,Соколовић,Аранђеловдан,Јабланица,Ивање/Бојник,43.0009751,21.5868902
location_terminal,J2,non_I2,Founder,J-Y22063,Кајевић,Нема,Стари Влах,Ивезићи/Пријепоље,43.2243718,19.6515771
location_terminal,R1b,non_I2,Founder,FT44409,Симоновић,Мратиндан,Западни Банат,Идвор/Ковачица,45.1903495,20.5131341
location_terminal,PH908_primary,PH908_family,Founder,FT14506,Јанковић,Никољдан,Косово,Извор/Ново Брдо,42.5969551,21.386058
location_terminal,PH908_primary,PH908_family,Founder,FT16449,Мастиловић,Мратиндан,Херцеговина,Изгори/Гацко,43.2465901,18.6457461
location_terminal,G,non_I2,Founder,G-FTC64765,Атељевић,Аранђеловдан,Херцеговина,Изгори/Гацко,43.2465901,18.6457461
location_terminal,R1a,non_I2,Founder,L1029,Рошко,Никољдан,Босанска Крајина,Илова/Прњавор,44.8817167,17.6999456
location_terminal,I1,non_I2,Founder,FGC22061,Радовић,Ђурђевдан,Источна Босна,Иловице/Трново,43.6995871,18.4502065
location_terminal,J2,non_I2,Founder,J-Y14439,Лукић,Никољдан,Топлица,Иричићи/Брус,43.2311494,20.9508633
location_terminal,R1b,non_I2,Founder,FT44409,Ђурић,Ђурђиц,Метохија,Исток,42.7816777,20.4882544
location_terminal,E,non_I2,Founder,E-Z1057,Рељић,Никољдан,Босанска Крајина,Исјек/Босанско Грахово,44.1390686,16.4784841
location_terminal,R1a,non_I2,Founder,BY30743,Јовановић,Никољдан,Шумадија,Кавадар/Рековац,43.8374553,21.132143
location_terminal,E,non_I2,Founder,E-FGC11450,Николић,Јовањдан,Шумадија,Кавадар/Рековац,43.8374553,21.132143
location_terminal,PH908_primary,PH908_family,Founder,FT16449,Калајџић,Игњатијевдан,Источна Босна,Кадино Брдо/Фалиши/Фоча,43.8725438,19.630875
location_terminal,R1a,non_I2,Founder,L1029,Огњеновић,Јовањдан,Далмација,Какањ/Кистање,43.9286182,15.890286
location_terminal,E,non_I2,Founder,E-FGC11450,Рајић,Никољдан,Источна Босна,Калаузовићи/Соколац,43.9601994,18.6013683
location_terminal,PH908_primary,PH908_family,Founder,FT16449,Николић,Митровдан,Колубара,Калиновац/Уб,44.5017928,19.9541005
location_terminal,PH908_primary,PH908_family,Founder,FT14506,Мандић,Митровдан,Источна Босна,Калиновик,43.5043116,18.4467193
location_terminal,J2,non_I2,Founder,J-FT413312,Његуш,Никољдан,Источна Босна,Калиновик,43.5043116,18.4467193
location_terminal,R1a,non_I2,Founder,L1029,Младић,Ђурђевдан,Источна Босна,Калиновик,43.5043116,18.4467193
location_terminal,I1,non_I2,Founder,FGC22061,Капетановић,Ђурђевдан,Стара Херцеговина,Калушићи/Пљевља,43.3372423,19.3401923
location_terminal,G,non_I2,Relic,G-M3124,Младеновић,Аранђеловдан,Понишавље,Камбелевац/Бабушница,43.015551,22.422141
location_terminal,R1a,non_I2,Relic,Y289137,Спајић,Никољдан,Источна Босна,Камен/Рогатица,43.7325285,19.0800618
location_terminal,J2,non_I2,Founder,J-Y155375,Крнојелац,Никољдан,Источна Босна,Камен/Чајниче,43.5707265,19.0771924
location_terminal,I1,non_I2,Founder,FGC22061,Павловић,Никољдан,Шумадија,Камендол/Гроцка,44.611825,20.750586
location_terminal,PH908_primary,PH908_family,Relic,Y11229,Станковић,Никољдан,Расина,Каменица/Алексинац,43.4482965,21.6039815
location_terminal,R1a,non_I2,Founder,Z280,Иванов,Јовањдан,Понишавље,Каменица/Димитровград,43.134318,22.892878
location_terminal,R1a,non_I2,Founder,Z280,Радовић,Јовањдан,Рашка,Каменица/Требиће/Лепосавић,43.2006661,20.6601376
location_terminal,E,non_I2,Founder,E-CTS11222,Чолаковић,Никољдан,Стара Херцеговина,Каменско/Никшић,42.7872649,18.733532
location_terminal,J2,non_I2,Founder,J-FT413312,Вуковић,Јовањдан,Стара Херцеговина,Каменско/Никшић,42.7872649,18.733532
location_terminal,PH908_primary,PH908_family,Relic,FTA49542,Раковац,Лучиндан,Расина,Камењача/Трстеник,43.5725132,21.0681773
location_terminal,R1b,non_I2,Relic,Y504829,Жуњанин,Аранђеловдан,Расина,Камењача/Трстеник,43.5725132,21.0681773
location_terminal,R1a,non_I2,Founder,L1029,Петровић,Никољдан,Браничево,Каона/Кучево,44.4895001,21.6219058
location_terminal,R1a,non_I2,Relic,YP1337,Зарић,Петковдан,Браничево,Каона/Кучево,44.4895001,21.6219058
location_terminal,R1a,non_I2,Founder,YP270,Милићевић,Томиндан,Стари Влах,Каона/Лучани,43.7113568,20.4068295
location_terminal,PH908_map_nonprimary,PH908_family,Founder,Y4882,Гордић,Мратиндан,Херцеговина,Капавица/Љубиње,42.9699757,18.1324096
location_terminal,Y3120_deep_mid_nonPH908,nonPH908_I2,Founder,Z17855,Радојичић,Алимпијевдан,Стари Влах,Каран/Ужице,43.918941,19.9069981
location_terminal,R1b,non_I2,Founder,BY38894,Обрадовић,Ђурђиц,Стари Влах,Катићи/Ивањица,43.5703446,20.0542015
location_terminal,I1,non_I2,Founder,FGC22061,Вељовић,Ђурђевдан,Шумадија,Катрга/Чачак,43.8301911,20.5551159
location_terminal,R1a,non_I2,Founder,YP270,Челиковић,Стевањдан,Стари Влах,Качер/Ужице,43.8230609,19.7810958
location_terminal,E,non_I2,Founder,E-Z13591,Вукићевић,Петковдан,Косово,Кајково/Лепосавић,43.1374608,20.7999019
location_terminal,J2,non_I2,Founder,J-Y155375,Гушевац,Ђурђевдан,Далмација,Кањане/Дрниш,43.8566266,16.2521614
location_terminal,E,non_I2,Founder,E-Z1057,Визин,Нема,Бачка,Келебија/Суботица,46.1280667,19.5940406
location_terminal,E,non_I2,Founder,E-Z1057,Ковачевић,Ђурђевдан,Лика,Кесићи/Латин/Плашки,44.5103938,17.1314614
location_terminal,R1a,non_I2,Founder,BY99654,Ковачевић,Мратиндан,Лика,Кестенова Корита/Доњи Лапац,44.5521346,15.9609632
location_terminal,PH908_primary,PH908_family,Founder,FT14506,Јеринкић,Јовањдан,Западни Банат,Кикинда,45.8300065,20.4653054
location_terminal,R1b,non_I2,Relic,Y58552,Каприш,Аранђеловдан,Западни Банат,Кикинда,45.8300065,20.4653054
location_terminal,R1a,non_I2,Founder,YP4278,Француски,Јовањдан,Западни Банат,Кикинда,45.8300065,20.4653054
location_terminal,R1a,non_I2,Founder,Z280,Мако,Нема,Западни Банат,Кикинда,45.8300065,20.4653054
location_terminal,N,non_I2,Founder,N-FT182494,Крнета,Јовањдан,Далмација,Кистање,43.9814264,15.9653321
location_terminal,PH908_map_nonprimary,PH908_family,Founder,Y4882,Мисита,Св. Врачи,Херцеговина,Кијев До/Равно,42.8047167,17.9942763
location_terminal,J2,non_I2,Founder,J-Y22059,Травар,Јовањдан,Босанска Крајина,Кијевци/Градишка,45.0443206,17.1629297
location_terminal,I1,non_I2,Founder,FGC22061,Радојичић,Ђурђевдан,Шумадија,Клатичево/Горњи Милановац,44.0545104,20.4200762
location_terminal,PH908_primary,PH908_family,Founder,FT14506,Марушић,Никољдан,Херцеговина,Клепци/Чапљина,43.0933385,17.7203542
location_terminal,R1a,non_I2,Founder,BY99654,Којић,Св. Врачи,Мачва,Клење/Богатић,44.807222,19.434444
location_terminal,G,non_I2,Founder,G-Y128480,Зорбић,Стевањдан,Мачва,Клење/Богатић,44.807222,19.434444
location_terminal,N,non_I2,Founder,N-FT182494,Ђенадић,Никољдан,Мачва,Клење/Богатић,44.807222,19.434444
location_terminal,I1,non_I2,Founder,Y155080,Новаковић,Никољдан,Мачва,Клење/Богатић,44.807222,19.434444
location_terminal,G,non_I2,Relic,G-P15,Миленковић,Аранђеловдан,Топлица,Клисурица/Прокупље,43.3442032,21.5765565
location_terminal,G,non_I2,Founder,G-FTC64765,Бакоч,Аранђеловдан,Херцеговина,Клобук/Требиње,42.7115465,18.5315292
location_terminal,E,non_I2,Founder,E-Z13591,Младеновић,Митровдан,Тимочка Крајина,Клокочевац/Мајданпек,44.3460115,22.1798355
location_terminal,J2,non_I2,Founder,J-Y230579,Јеринић,Никољдан,Мачва,Клупци/Лозница,44.539006,19.2422026
location_terminal,N,non_I2,Founder,N-FT182494,Ристановић,Ђурђевдан,Шумадија,Кнежевац/Београд,44.7383816,20.4309098
location_terminal,E,non_I2,Founder,E-Z38456,Дујковић,Јовањдан,Босанска Крајина,Кнежево,44.488477,17.3893928
location_terminal,I1,non_I2,Founder,FGC22061,Ђумић,Аранђеловдан,Далмација,Книн,44.04085,16.199433
location_terminal,R1a,non_I2,Founder,Y189493,Аздејковић,Аранђеловдан,Расина,Кобиље/Брус,43.4065645,21.0318929
location_terminal,N,non_I2,Founder,N-FT213937,Вуковић,Јовањдан,Североисточна Босна,Кованлук/Бијељина,44.7503932,19.2627524
location_terminal,Y3120_shallow_nonPH908,nonPH908_I2,Relic,Y474927,Веруовић,Лучиндан,Стари Влах,Ковачевац/Пријепоље,43.3405624,19.640762
location_terminal,I2_unmapped_nonPH908,nonPH908_I2,Relic,Y336905,Бјелетић,Лучиндан,Стара Херцеговина,Ковачи/Никшић,43.6650815,19.2232474
location_terminal,PH908_primary,PH908_family,Founder,FT16449,Мркоња,Ђурђевдан,Херцеговина,Ковачина/Требиње,42.7823303,18.1982297
location_terminal,E,non_I2,Founder,E-Y7168,Мијуков,Ђурђевдан,Западни Банат,Ковин,44.7412405,20.9781361
location_terminal,I1,non_I2,Founder,FTA86559,Илић,Никољдан,Западни Банат,Ковин,44.7412405,20.9781361
location_terminal,R1a,non_I2,Founder,Z280,Проданов,Михољдан,Бачка,Ковиљ,41.5096583,25.6625717
location_terminal,N,non_I2,Relic,N-FGC28483,Узелац,Никољдан,Далмација,Кожловац/Бенковац,43.9977712,15.677424
location_terminal,J2,non_I2,Founder,J-Y155375,Гајевић,Ђурђевдан,Стара Херцеговина,Козица/Пљевља,43.2435507,19.520246
location_terminal,R1a,non_I2,Founder,L1029,Шотра,Никољдан,Херцеговина,Козице/Столац,43.1400884,17.9140101
location_terminal,PH908_primary,PH908_family,Relic,Y232617,Шакота,Јовањдан,Херцеговина,Козице/Столац,43.1400884,17.9140101
location_terminal,PH908_map_nonprimary,PH908_family,Founder,Y4882,Ћорлука,Јовањдан,Херцеговина,Козице/Столац,43.1400884,17.9140101
location_terminal,J2,non_I2,Founder,J-Y14439,Савић,Ђурђевдан,Мачва,Козјак/Лозница,44.5867673,19.2833921
location_terminal,R1a,non_I2,Founder,L1029,Красић,Ђурђевдан,Босанска Крајина,Кокори/Прњавор,44.8128141,17.4919931
location_terminal,E,non_I2,Founder,E-L241,Пејчиновић,Лучиндан,Стари Влах,Кокошиће/Сјеница,43.2675657,20.1373172
location_terminal,PH908_primary,PH908_family,Founder,FT16449,Икач,Ђурђевдан,Далмација,Коларина/Бенковац,43.9766917,15.6632885
location_terminal,PH908_primary,PH908_family,Relic,Y255062,Булатовић,Лучиндан,Брда,Колашин,42.8238387,19.5218005
location_terminal,E,non_I2,Founder,E-Z1057,Бошњаковић,Томиндан,Североисточна Босна,Колимер/Тузла,44.5444883,18.8224738
location_terminal,J2,non_I2,Founder,J-Y14439,Ђуровић,Савиндан,Источна Босна,Колијевке/Горажде,43.6547924,18.9843328
location_terminal,I1,non_I2,Founder,FGC22061,Маричић,Ђурђевдан,Стари Влах,Комадине/Ивањица,43.5012816,20.2564071
location_terminal,E,non_I2,Founder,E-PH1395,Стефановић,Св. Александар Невски,Шумадија,Комаране/Рековац,43.8309357,21.0781824
location_terminal,I1,non_I2,Founder,FT428459,Шапоњић,Стевањдан,Стари Влах,Комарани/Нова Варош,43.4371935,19.8785747
location_terminal,I1,non_I2,Founder,FGC22061,Вуковић,Никољдан,Колубара,Комирић/Осечина,44.4274479,19.5459541
location_terminal,J2,non_I2,Relic,J-Y13341,Угарковић,Ђурђевдан,Лика,Комић/Удбина,44.4509084,15.7403448
location_terminal,I1,non_I2,Relic,Z58,Стојчевић,Нема,Североисточна Босна,Комушина Горња/Теслић,44.531381,17.8406769
location_terminal,PH908_primary,PH908_family,Relic,FTA49542,Конатар,Никољдан,Брда,Конатари/Уневине/Бијело Поље,43.1059858,19.7758066
location_terminal,PH908_primary,PH908_family,Founder,FT16449,Никша,Никољдан,Босанска Крајина,Копић/Гламоч,43.9361395,16.9721647
location_terminal,E,non_I2,Founder,E-FT178289,Копривица,Никољдан,Стара Херцеговина,Копривице/Никшић,43.9074264,18.7070734
location_terminal,R1b,non_I2,Founder,L51,Рафаел,Нема,Централна Хрватска,Копривница,46.1623335,16.8307909
location_terminal,PH908_primary,PH908_family,Founder,Y51673,Маринковић,Игњатијевдан,Кордун,Коранско Село/Бариловић,45.2781333,15.5338662
location_terminal,R1a,non_I2,Founder,YP417,Живојиновић,Ђурђиц,Шумадија,Кораћица/Младеновац,44.4445158,20.6060227
location_terminal,G,non_I2,Relic,G-Z17887,Николић,Никољдан,Тимочка Крајина,Корбово/Кладово,44.5266153,22.709503
location_terminal,I1,non_I2,Founder,FGC22061,Јевтић,Ђурђевдан,Мачва,Коренита/Лозница,44.504199,19.3018587
location_terminal,PH908_primary,PH908_family,Relic,FT176119,Видовић,Јовањдан,Североисточна Босна,Коренита/Угљевик,44.7516289,18.961579
location_terminal,N,non_I2,Founder,N-FT182494,Тодоровић,Јовањдан,Североисточна Босна,Коренита/Угљевик,44.7516289,18.961579
location_terminal,PH908_primary,PH908_family,Founder,Y56203,Поповић,Аранђеловдан,Североисточна Босна,Коренита/Угљевик,44.7516289,18.961579
location_terminal,J2,non_I2,Founder,J-Y22059,Жарковић,Стевањдан,Славонија,Кореничани/Ђуловац,45.650526,17.3608867
location_terminal,E,non_I2,Relic,E-BY4553,Ђинисић,Ђурђевдан,Североисточна Босна,Кореташи/Лопаре,44.7696152,18.8632593
location_terminal,Y3120_shallow_nonPH908,nonPH908_I2,Relic,Y177200,Миловановић,Јовањдан,Североисточна Босна,Кореташи/Лопаре,44.7696152,18.8632593
location_terminal,I1,non_I2,Relic,Y220153,Рикановић,Јовањдан,Североисточна Босна,Кореташи/Лопаре,44.7696152,18.8632593
location_terminal,E,non_I2,Founder,E-Z38456,Ђекић,Никољдан,Косово,Коретиште/Гњилане,42.4847406,21.4412425
location_terminal,PH908_primary,PH908_family,Founder,BY93199,Глушац,Аранђеловдан,Херцеговина,Корита/Билећа,42.8941397,18.3250134
location_terminal,J2,non_I2,Founder,J-FT413312,Сворцан,Јовањдан,Херцеговина,Корита/Билећа,42.8941397,18.3250134
location_terminal,R1b,non_I2,Founder,FT49714,Марић,Аранђеловдан,Рашка,Коритник/Ивањица,43.28039,20.3387543
location_terminal,R1a,non_I2,Founder,Y189493,Радовановић,Стевањдан,Косово,Кориље/Звечан,42.9088412,20.8089548
location_terminal,Y3120_deep_mid_nonPH908,nonPH908_I2,Relic,Y263173,Радовић,Никољдан,Косово,Кориље/Звечан,42.9088412,20.8089548
location_terminal,PH908_primary,PH908_family,Founder,FT14506,Петровић,Ђурђевдан,Стара Херцеговина,Косаница/Пљевља,43.1961149,19.3217827
location_terminal,I1,non_I2,Founder,FGC22061,Марић,Аранђеловдан,Топлица,Косаничка Рача/Куршумлија,43.0048317,21.3194402
location_terminal,PH908_primary,PH908_family,Founder,FT190799,Поповић,Лучиндан,Стари Влах,Косатица/Пријепоље,43.3873486,19.7340695
location_terminal,R1b,non_I2,Founder,FT44409,Лововић,Никољдан,Стари Влах,Косатица/Пријепоље,43.3873486,19.7340695
location_terminal,E,non_I2,Founder,E-BY165837,Петровић,Никољдан,Брда,Косор/Подгорица,42.4954379,19.3714714
location_terminal,R1a,non_I2,Founder,BY99654,Медић,Ђурђевдан,Далмација,Косоре/Врлика,43.9320959,16.4127197
location_terminal,I1,non_I2,Founder,FGC22061,Срдановић,Никољдан,Стара Херцеговина,Косорићи/Добра Села/Шавник,44.0528966,18.9849007
location_terminal,I1,non_I2,Founder,FGC22061,Недић,Никољдан,Стара Херцеговина,Косорићи/Шавник,42.9561634,19.135653
location_terminal,J2,non_I2,Founder,J-Y155375,Вићентић,Ђурђевдан,Мачва,Костајник/Крупањ,44.4325,19.2994444
location_terminal,PH908_primary,PH908_family,Founder,Y58629,Бијелић,Јовањдан,Босанска Крајина,Костајница,45.2187079,16.5463194
location_terminal,R1b,non_I2,Founder,FT44409,Буковшак,Нема,Централна Хрватска,Костел/Преграда,46.1839785,15.7256223
location_terminal,J2,non_I2,Founder,J-L70,Јанковић,Алимпијевдан,Рашка,Косуриће/Нови Пазар,43.1798597,20.4642062
location_terminal,I1,non_I2,Founder,FGC22061,Илић,Ђурђевдан,Стари Влах,Косјерић,43.9971574,19.9071184
location_terminal,R1a,non_I2,Founder,BY30743,Весовић,Аранђеловдан,Стари Влах,Котража/Лучани,43.7042885,20.2323381
location_terminal,PH908_primary,PH908_family,Founder,FT16449,Чакаревић,Игњатијевдан,Стари Влах,Котража/Лучани,43.7042885,20.2323381
location_terminal,I2_unmapped_nonPH908,nonPH908_I2,Relic,P95,Пртењак,Ђурђевдан,Стари Влах,Котража/Лучани,43.7042885,20.2323381
location_terminal,E,non_I2,Founder,E-Z1057,Лукић,Јовањдан,Мачва,Коцељева,44.4876069,19.7509634
location_terminal,I1,non_I2,Founder,FTA86559,Милутиновић,Пантелијевдан,Мачва,Коцељева,44.4876069,19.7509634
location_terminal,E,non_I2,Founder,E-FT104106,Мрваљевић,Јовањдан,Стара Херцеговина,Кочани/Никшић,42.7932159,18.9077636
location_terminal,R1b,non_I2,Founder,BY38894,Игленџа,Јовањдан,Далмација,Кољане/Врлика,43.8733941,16.5015021
location_terminal,E,non_I2,Founder,E-Y126722,Ковачевић,Никољдан,Далмација,Кољане/Врлика,43.8733941,16.5015021
location_terminal,I1,non_I2,Founder,FGC22061,Шкрбић,Никољдан,Далмација,Кољане/Врлика,43.8733941,16.5015021
location_terminal,G,non_I2,Relic,G-Z6211,Кркобабић,Јовањдан,Далмација,Кољане/Врлика,43.8733941,16.5015021
location_terminal,R1a,non_I2,Founder,L1029,Денић,Никољдан,Далмација,Кољане/Врлика,43.8733941,16.5015021
location_terminal,N,non_I2,Founder,N-FT182494,Катић,Никољдан,Далмација,Кољане/Врлика,43.8733941,16.5015021
location_terminal,R1a,non_I2,Founder,YP417,Вученовић,Св. Василије Велики,Далмација,Кољане/Врлика,43.8733941,16.5015021
location_terminal,J2,non_I2,Relic,J-L24,Бркљачић,Нема,Далмација,Коњско/Клис,43.5933037,16.5009741
location_terminal,E,non_I2,Founder,E-CTS11222,Мијовић,Никољдан,Херцеговина,Коњско/Требиње,42.6442494,18.4598538
location_terminal,PH908_primary,PH908_family,Founder,FT14506,Ћурић,Ђурђевдан,Херцеговина,Коњско/Требиње,42.6442494,18.4598538
location_terminal,R1a,non_I2,Founder,L1029,Ђорђевић,Св. Врачи,Топлица,Коњува/Куршумлија,43.2086049,21.2186819
location_terminal,E,non_I2,Founder,E-Z1057,Станковић,Алимпијевдан,Косово,Коњух/Липљан,42.5394477,21.1400963
location_terminal,G,non_I2,Founder,G-Y128480,Тодоровић,Св. Јевстатије,Шумадија,Коњуша/Кнић,44.0120308,20.6048155
location_terminal,PH908_primary,PH908_family,Founder,FT16449,Достинић,Ђурђевдан,Херцеговина,Краварево/Гацко,43.2012938,18.5213756
location_terminal,N,non_I2,Founder,N-FT182494,Вујанић,Св. Василије Велики,Славонија,Крагуј/Пакрац,45.4361891,17.233197
location_terminal,I1,non_I2,Founder,FGC22061,Јевђевић,Ђурђевдан,Шумадија,Крагујевац,44.0142628,20.9162394
location_terminal,R1a,non_I2,Founder,Y260767,Бјелетић,Непознато,Шумадија,Крагујевац,44.0142628,20.9162394
location_terminal,E,non_I2,Founder,E-L241,Тошић,Јовањдан,Мачва,Крајишници/Лозница,44.5221008,19.2116518
location_terminal,R1b,non_I2,Relic,Y572491,Костић,Јовањдан,Косово,Крајиште/Липљан,42.4938543,21.0468671
location_terminal,R1b,non_I2,Founder,A274,Ћук,Аранђеловдан,Херцеговина,Крајпоље/Љубиње,42.9209583,18.1214927
location_terminal,PH908_primary,PH908_family,Founder,FT14506,Козић,Ђурђевдан,Херцеговина,Крајпоље/Љубиње,42.9209583,18.1214927
location_terminal,E,non_I2,Founder,E-PH1395,Лекић,Аранђеловдан,Брда,Краље/Андријевица,42.734307,19.7522991
location_terminal,PH908_primary,PH908_family,Founder,FT190799,Јакшић,Лучиндан,Рашка,Краљево,43.7234519,20.6870792
location_terminal,PH908_map_nonprimary,PH908_family,Founder,Y4882,Чорак,Никољдан,Лика,Крбава/Удбина,44.6112132,15.6612829
location_terminal,E,non_I2,Founder,E-Y126722,Влаисављевић,Часне Вериге апостола Петра,Лика,Крбавица/Кореница,44.7093316,15.6268504
location_terminal,E,non_I2,Founder,E-Z1057,Хрњак,Јовањдан,Лика,Крбавица/Кореница,44.7093316,15.6268504
location_terminal,R1a,non_I2,Founder,YP417,Говедарица,Никољдан,Херцеговина,Крекови/Невесиње,43.3041604,18.2014624
location_terminal,E,non_I2,Founder,E-L241,Марјановић,Никољдан,Косово,Кремената/Косовска Каменица,42.6766374,21.5214949
location_terminal,R1a,non_I2,Founder,Y189493,Јелић,Марковдан,Босанска Крајина,Кремна/Прњавор,44.8216214,17.6961577
location_terminal,E,non_I2,Founder,E-L241,Чолић,Ђурђиц,Стари Влах,Кремна/Ужице,43.8502197,19.5800524
location_terminal,I1,non_I2,Founder,FT428459,Богосављевић,Стевањдан,Стари Влах,Кремна/Ужице,43.8502197,19.5800524
location_terminal,PH908_primary,PH908_family,Founder,Y56203,Илић,Аранђеловдан,Североисточна Босна,Крива Бара/Бијељина,44.8150247,19.2851123
location_terminal,J2,non_I2,Founder,J-Y155375,Пашић,Ђурђевдан,Стари Влах,Крива Река/Чајетина,43.7844179,19.8111819
location_terminal,PH908_primary,PH908_family,Founder,FT386055,Еремић,Аранђеловдан,Кордун,Криваја Војнићка/Војнић,45.3264042,15.7220451
location_terminal,E,non_I2,Founder,E-L241,Вукајловић,Стевањдан,Босанска Крајина,Криваја/Приједор,44.839875,16.8422579
location_terminal,PH908_primary,PH908_family,Founder,Y51673,Зиројевић,Никољдан,Херцеговина,Криводо/Дубљевићи/Гацко,43.2618254,18.3855462
location_terminal,R1a,non_I2,Founder,Y189493,Пјешчић,Стевањдан,Стара Херцеговина,Криводо/Равно/Плужине,43.2618254,18.3855462
location_terminal,Y3120_deep_mid_nonPH908,nonPH908_I2,Founder,Z17855,Вукшић,Никољдан,Далмација,Кричке/Дрниш,43.8323676,16.2069017
location_terminal,PH908_primary,PH908_family,Founder,Y56203,Комадина,Нема,Ријека и Кварнер,Крмпоте/Нови Винодолски,45.128264,14.7888328
location_terminal,E,non_I2,Founder,E-Z1057,Малешевић,Ђурђиц,Мачва,Крнуле/Владимирци,44.5833977,19.749725
location_terminal,J2,non_I2,Founder,J-Y22063,Радовић,Никољдан,Мачва,Крнуле/Владимирци,44.5833977,19.749725
location_terminal,PH908_primary,PH908_family,Founder,FT14506,Пуровић,Петковдан,Стара Херцеговина,Крстац/Горње Чарађе/Никшић,43.5339655,18.958303
location_terminal,E,non_I2,Founder,E-FGC11450,Тубић,Савиндан,Стари Влах,Крстац/Сјеница,43.3296107,20.0115537
location_terminal,R1b,non_I2,Founder,A274,Бокић,Јовањдан,Херцеговина,Кртиње/Љубиње,42.8998866,18.2345695
location_terminal,E,non_I2,Founder,E-Z38456,Драгоњић,Петковдан,Расина,Крушевац,43.58264,21.3264811
location_terminal,I1,non_I2,Founder,BY169301,Трајковић,Тривуњдан,Косово,Крушевац/Обилић,42.6605565,21.0826418
location_terminal,E,non_I2,Founder,E-Z16988,Ћоровић,Аћимовдан,Херцеговина,Крушевица/Љубиње,42.9106923,18.1233759
location_terminal,PH908_map_nonprimary,PH908_family,Founder,Y4882,Косјерина,Никољдан,Херцеговина,Крушевица/Љубиње,42.9106923,18.1233759
location_terminal,E,non_I2,Founder,E-PH1395,Маслаковић,Ђурђевдан,Топлица,Крушевица/Прокупље,43.1210237,21.4427585
location_terminal,R1a,non_I2,Founder,Z280,Павловић,Ђурђевдан,Стара Херцеговина,Крушевице/Херцег Нови,42.5349986,18.4947279
location_terminal,R1b,non_I2,Relic,FGC14376,Ђоговић,Никољдан,Пелагонија,Крушево,43.3702578,18.6994171
location_terminal,I1,non_I2,Founder,FGC22061,Радовић,Аранђеловдан,Брда,Крушево/Бијело Поље,43.0015989,19.73946
location_terminal,R1b,non_I2,Founder,A274,Допуђ,Стевањдан,Далмација,Крушево/Обровац,44.1801998,15.6489328
location_terminal,E,non_I2,Founder,E-Y128213,Лисичић,Јовањдан,Стара Херцеговина,Крушево/Пљевља,43.2815936,19.2713164
location_terminal,PH908_primary,PH908_family,Relic,Y135654,Радовић,Никољдан,Источна Босна,Крушевци/Соколац,44.0420697,18.7198448
location_terminal,R1a,non_I2,Founder,BY30743,Савић,Никољдан,Источни Срем,Крушедол Село/Ириг,45.1129059,19.9473526
location_terminal,PH908_primary,PH908_family,Founder,FT16449,Лучић,Ђурђиц,Стари Влах,Крушчица/Ариље,43.6958322,19.9905575
location_terminal,I1,non_I2,Founder,Y155080,Павловић,Никољдан,Стари Влах,Крушчица/Ариље,43.6958322,19.9905575
location_terminal,E,non_I2,Founder,E-FT104106,Кунарац,Ђурђевдан,Источна Босна,Крушчица/Драгочава/Фоча,43.3258322,18.4064011
location_terminal,R1a,non_I2,Founder,FT288648,Жарковић,Никољдан,Херцеговина,Крушчица/Калиновик,43.3258322,18.4064011
location_terminal,PH908_primary,PH908_family,Founder,Y51673,Скоко,Ђурђевдан,Херцеговина,Крушчица/Калиновик,43.3258322,18.4064011
location_terminal,R1a,non_I2,Founder,BY30743,Макањић,Аранђеловдан,Стари Влах,Крчагово/Ужице,43.842907,19.8630592
location_terminal,J2,non_I2,Founder,J-Y22063,Новаковић,Никољдан,Босанска Крајина,Кршље/Нови Град,44.9378459,16.4168891
location_terminal,PH908_primary,PH908_family,Founder,FT386055,Бранковић,Аранђеловдан,Босанска Крајина,Крња Јела/Босански Петровац,44.6187758,16.4062319
location_terminal,PH908_primary,PH908_family,Founder,FT16449,Јечменица,Никољдан,Стари Влах,Крњача/Прибој,43.4253222,19.3984642
location_terminal,E,non_I2,Founder,E-L241,Живановић,Ђурђиц,Шумадија,Крњево/Велика Плана,44.4092503,21.0482186
location_terminal,G,non_I2,Founder,G-Y128480,Ђекић,Стевањдан,Босанска Крајина,Крњеуша/Босански Петровац,44.6900976,16.2267131
location_terminal,R1b,non_I2,Founder,L51,Пекић,Аранђеловдан,Зета,Крњице/Бар,42.2117654,19.180242
location_terminal,E,non_I2,Founder,E-FT178289,Ђокић,Јовањдан,Североисточна Босна,Крћина/Угљевик,44.5959094,19.0624968
location_terminal,E,non_I2,Founder,E-FT104106,Пејовић,Јовањдан,Херцеговина,Кубатовина/Струпићи/Берковићи,43.0724681,18.1800932
location_terminal,J2,non_I2,Founder,J-Y230579,Миливојевић,Никољдан,Херцеговина,Кубатовина/Струпићи/Берковићи,43.0724681,18.1800932
location_terminal,R1a,non_I2,Relic,P278.2,Аранђеловић,Никољдан,Браничево,Кудреш/Голубац,44.6147118,21.5839341
location_terminal,Y3120_deep_mid_nonPH908,nonPH908_I2,Founder,Z17855,Мириловић,Никољдан,Источни Срем,Кузмин/Сремска Митровица,45.0218413,19.4082254
location_terminal,PH908_primary,PH908_family,Founder,FT16449,Корора,Ђурђиц,Стара Херцеговина,Кукавица/Пљевља,42.6273609,21.3479637
location_terminal,E,non_I2,Founder,E-PH1395,Петровић,Аранђеловдан,Рашка,Кулизино Село/Дајићи/Ивањица,43.4039852,20.2853921
location_terminal,E,non_I2,Founder,E-FT178289,Брусин,Јовањдан,Западни Банат,Кумане/Нови Бечеј,45.5400113,20.2274206
location_terminal,Y3120_shallow_nonPH908,nonPH908_I2,Relic,Y267977,Оџић/O Jack,Јовањдан,Западни Банат,Кумане/Нови Бечеј,45.5400113,20.2274206
location_terminal,E,non_I2,Founder,E-L241,Величковић,Стевањдан,Северна Македонија,Куманово,42.135913,21.7185474
location_terminal,PH908_primary,PH908_family,Founder,FT16449,Довезенски,Аранђеловдан,Северна Македонија,Куманово,42.135913,21.7185474
location_terminal,E,non_I2,Founder,E-Z16988,Вујновић,Никољдан,Стара Херцеговина,Кумбор/Херцег Нови,42.4403576,18.587667
location_terminal,R1b,non_I2,Founder,FT49714,Шћекић,Петковдан,Брда,Курикуће/Беране,42.8776904,19.7466909
location_terminal,E,non_I2,Founder,E-BY165837,Вујадиновић,Никољдан,Топлица,Куршумлија,43.1380502,21.2717791
location_terminal,R1b,non_I2,Founder,BY38894,Михаиловић,Митровдан,Шумадија,Кусадак/Смедеревска Паланка,44.3997222,20.8033333
location_terminal,I1,non_I2,Founder,FGC22061,Башевић,Ђурђевдан,Источна Босна,Кусаче/Соколац,43.9286803,18.8682872
location_terminal,J2,non_I2,Founder,J-FT413312,Радуловић,Јовањдан,Источна Босна,Кусаче/Хан Пијесак,44.0601159,18.9813131
location_terminal,E,non_I2,Founder,E-Z1057,Пајкић,Јовањдан,Браничево,Кусиће/Велико Градиште,44.7182741,21.5297831
location_terminal,PH908_primary,PH908_family,Relic,BY77359,Лазаревић,Јовањдан,Шумадија,Кусовац/Кнић,43.964743,20.6705617
location_terminal,I1,non_I2,Founder,FGC22061,Тановић,Ђурђевдан,Источна Босна,Кусуци/Рогатица,43.7184512,19.090371
location_terminal,N,non_I2,Founder,N-FT182494,Видовић,Никољдан,Средња Босна,Кутања/Доњи Вакуф,44.1374347,17.373552
location_terminal,PH908_primary,PH908_family,Founder,FT16449,Вујовић,Никољдан,Херцеговина,Кути/Билећа,43.0200574,18.2867202
location_terminal,R1a,non_I2,Founder,L1029,Ракић,Никољдан,Централна Хрватска,Кутина,45.483097,16.7755908
location_terminal,I1,non_I2,Founder,FGC22061,Миливојевић,Ђурђевдан,Топлица,Кутловац/Блаце,43.247778,21.240278
location_terminal,R1b,non_I2,Founder,FT49714,Марић,Аранђеловдан,Топлица,Кутлово/Куршумлија,42.9626239,21.3152757
location_terminal,I1,non_I2,Founder,FGC22061,Ратковић,Никољдан,Стари Влах,Кучин/Пријепоље,43.4792831,19.6330634
location_terminal,I1,non_I2,Relic,Z63,Новичић,Илиндан,Браничево,Кушиљево/Свилајнац,44.2867939,21.2097198
location_terminal,J2,non_I2,Founder,J-Y22063,Поповић,Никољдан,Стари Влах,Кушићан/Ивањица,43.5816675,20.2304548
location_terminal,PH908_primary,PH908_family,Relic,FT190854,Бојановић,Лучиндан,Стари Влах,Кушићи/Ивањица,43.6025295,20.2720022
location_terminal,E,non_I2,Founder,E-FT104106,Вуловић,Никољдан,Североисточна Босна,Кућишта/Попови/Бијељина,44.7633867,19.2733399
location_terminal,I2_unmapped_nonPH908,nonPH908_I2,Relic,PF4459,Капетановић,Нема,Херцеговина,Кључ/Гацко,43.0877191,18.4902065
location_terminal,PH908_primary,PH908_family,Founder,FT14506,Несторовић,Ђурђиц,Колубара,Кључ/Мионица,44.2297199,20.0509975
location_terminal,Y3120_deep_mid_nonPH908,nonPH908_I2,Relic,BY92056,Крстић,Аранђеловдан,Тимочка Крајина,Књажевац,43.5675155,22.2556547
location_terminal,E,non_I2,Founder,E-Y7168,Угриновић,Никољдан,Западна Македонија,Лабуништа/Струга,41.2688788,20.5979506
location_terminal,E,non_I2,Founder,E-BY165837,Гашић,Аранђеловдан,Метохија,Лабљане/Пећ,42.572352,21.3530252
location_terminal,E,non_I2,Founder,E-FT178289,Јањушевић,Никољдан,Стара Херцеговина,Лаз/Никшић,46.052257,23.417935
location_terminal,R1a,non_I2,Founder,Z280,Лазовић,Јовањдан,Брда,Лазовићи/Бијело Поље,43.0200788,19.993327
location_terminal,PH908_primary,PH908_family,Founder,Y51673,Милићевић,Никољдан,Херцеговина,Лакат/Невесиње,43.3725804,18.0686131
location_terminal,I1,non_I2,Founder,FGC22061,Борковић,Никољдан,Далмација,Лактац/Хрваце,43.8521199,16.5362621
location_terminal,Y3120_deep_mid_nonPH908,nonPH908_I2,Founder,Z17855,Винчић,Ђурђевдан,Далмација,Лактац/Хрваце,43.8521199,16.5362621
location_terminal,R1a,non_I2,Founder,BY99654,Радетић,Ђурђевдан,Босанска Крајина,Лакташи,44.9074664,17.3022887
location_terminal,J2,non_I2,Founder,J-Y155375,Стојчевић,Ђурђевдан,Босанска Крајина,Ламинци/Градишка,45.0792332,17.3226077
location_terminal,R1a,non_I2,Founder,L1029,Мамић,Михољдан,Босанска Крајина,Ламовита/Приједор,44.9440873,16.9278261
location_terminal,E,non_I2,Founder,E-Z1057,Комненовић,Јовањдан,Стара Херцеговина,Ластва/Кленак/Никшић,42.7008432,18.4753091
location_terminal,I1,non_I2,Founder,FGC22061,Свилокос,Ђурђевдан,Источни Срем,Лаћарак/Сремска Митровица,44.9975082,19.5649928
location_terminal,I1,non_I2,Founder,FGC22061,Лековић,Никољдан,Брда,Лековина/Бијело Поље,43.1541429,19.6058041
location_terminal,R1a,non_I2,Founder,FT288648,Мартић,Стевањдан,Североисточна Босна,Лендићи/Грачаница,44.7114636,18.2864085
location_terminal,PH908_primary,PH908_family,Founder,Y56203,Бошњак,Нема,Бачка,Ленија/Сомбор,45.7761548,19.1846712
location_terminal,E,non_I2,Founder,E-Z1057,Планиничић,Ђурђевдан,Расина,Лепенац/Брус,43.348585,21.084035
location_terminal,E,non_I2,Relic,E-COR1,Хуњади,Нема,Централна Хрватска,Лепоглава/Вараждин,46.2075318,16.0441744
location_terminal,PH908_map_nonprimary,PH908_family,Founder,Y4882,Милосављевић,Јовањдан,Рашка,Лескова/Бело Брдо/Лепосавић,43.2235805,20.8226512
location_terminal,E,non_I2,Founder,E-Y142744,Митић,Аранђеловдан,Јабланица,Лесковац,42.9951304,21.9464271
location_terminal,E,non_I2,Founder,E-Y142744,Радовановић,Лазарева Субота,Шумадија,Лесковац/Кнић,43.8463619,20.7457892
location_terminal,E,non_I2,Founder,E-Z13591,Славковић,Петковдан,Рашка,Леча/Нови Пазар,43.073085,20.5577213
location_terminal,E,non_I2,Founder,E-BY165837,Премовић,Митровдан,Рашка,Лешак/Лепосавић,43.1671463,20.7425833
location_terminal,PH908_primary,PH908_family,Founder,FT190799,Ћипранић,Лучиндан,Стара Херцеговина,Ливеровићи/Никшић,42.7417709,19.073395
location_terminal,J2,non_I2,Relic,J-M205,Станковић,Никољдан,Шумадија,Липе/Смедерево,44.6409954,20.9992927
location_terminal,PH908_map_nonprimary,PH908_family,Founder,Y4882,Мартић,Томиндан,Шумадија,Липе/Смедерево,44.6409954,20.9992927
location_terminal,Y3120_shallow_nonPH908,nonPH908_I2,Relic,Y319762,Грковић,Ђурђевдан,Славонија,Липик,44.6675596,20.29876
location_terminal,E,non_I2,Founder,E-Z1057,Бјелогрлић,Стевањдан,Херцеговина,Липник/Гацко,43.1410785,18.6177569
location_terminal,G,non_I2,Founder,G-Y128480,Лојовић,Стевањдан,Херцеговина,Липник/Гацко,43.1410785,18.6177569
location_terminal,I1,non_I2,Founder,FGC22061,Васић,Ђурђевдан,Мачва,Липница/Лозница,44.5605556,19.28
location_terminal,J2,non_I2,Founder,J-Y22063,Стевановић,Никољдан,Рашка,Липова/Врњачка Бања,43.6162816,20.871667
location_terminal,I1,non_I2,Founder,Y155080,Петровић,Никољдан,Шумадија,Липовац/Горњи Милановац,44.052779,20.6337538
location_terminal,PH908_primary,PH908_family,Founder,FT190799,Зечевић,Лучиндан,Шумадија,Липовац/Топола,44.252915,20.6341266
location_terminal,E,non_I2,Founder,E-FGC11450,Стојановић,Јовањдан,Јабланица,Липовица/Власотинце,43.025175,22.104992
location_terminal,N,non_I2,Founder,N-FT182494,Шкарић,Никољдан,Лика,Липово Поље/Перушић,44.7508933,15.2164316
location_terminal,E,non_I2,Founder,E-FGC11450,Кресић,Ђурђевдан,Северна Барања,Липово/Мохач,45.9933836,18.6821079
location_terminal,G,non_I2,Founder,G-Y128480,Поповић,Стевањдан,Мачва,Липолист/Шабац,44.697828,19.501014
location_terminal,R1b,non_I2,Founder,L51,Станисављевић,Ђурђевдан,Мачва,Липолист/Шабац,44.697828,19.501014
location_terminal,G,non_I2,Relic,G-CTS11562,Чепкеновић,Илиндан,Косово,Липљан,42.5213395,21.122598
location_terminal,E,non_I2,Founder,E-Z1057,Босић,Аранђеловдан,Стари Влах,Лис/Лучани,43.8056527,20.1770139
location_terminal,G,non_I2,Relic,G-L91,Јовичић,Ђурђиц,Стари Влах,Лис/Лучани,43.8056527,20.1770139
location_terminal,E,non_I2,Founder,E-BY165837,Шулубурић,Никољдан,Стари Влах,Лиса/Ивањица,43.6514103,20.2292886
location_terminal,I1,non_I2,Founder,FGC22061,Вратоњић,Никољдан,Стари Влах,Лиса/Ивањица,43.6514103,20.2292886
location_terminal,R1a,non_I2,Founder,L1029,Ајдачић,Аранђеловдан,Стари Влах,Лиса/Ивањица,43.6514103,20.2292886
location_terminal,R1a,non_I2,Founder,YP270,Јованчић,Ђурђиц,Стари Влах,Лиса/Ивањица,43.6514103,20.2292886
location_terminal,J2,non_I2,Founder,J-Y155375,Давидовић,Ђурђевдан,Стари Влах,Лисице/Лучани,43.8474485,20.1582242
location_terminal,J2,non_I2,Founder,J-Y22063,Домановић,Аранђеловдан,Стари Влах,Лисице/Лучани,43.8474485,20.1582242
location_terminal,Y3120_shallow_nonPH908,nonPH908_I2,Relic,Y267977,Вујовић,Лучиндан,Стари Влах,Лисице/Лучани,43.8474485,20.1582242
location_terminal,I1,non_I2,Relic,Y4045,Ковачић (Ковач),Митровдан,Крањска,Литија,46.0575677,14.8314192
location_terminal,E,non_I2,Founder,E-Z1057,Букарица,Аранђеловдан,Далмација,Лишане Тињске/Бенковац,44.0333553,15.6128513
location_terminal,E,non_I2,Founder,E-Z1057,Булатовић,Лучиндан,Брда,Лијешње/Колашин,42.7726174,19.3177209
location_terminal,E,non_I2,Founder,E-Z1057,Миљковић,Алимпијевдан,Косово,Ловац/Звечан,42.9617891,20.7636038
location_terminal,R1a,non_I2,Founder,L1029,Николић,Никољдан,Североисточна Босна,Лозна/Бановићи,44.4376937,18.3498309
location_terminal,PH908_primary,PH908_family,Relic,Y59595,Кузмановић,Св. Врачи,Североисточна Босна,Лозна/Бановићи,44.4376937,18.3498309
location_terminal,R1a,non_I2,Founder,L1029,Стефановић,Ђурђиц,Расина,Лознац/Алексинац,43.4642398,21.6035527
location_terminal,R1a,non_I2,Founder,FT288648,Видаковић,Никољдан,Мачва,Лозница,44.5309221,19.2237478
location_terminal,J2,non_I2,Founder,J-Y22059,Николић,Аранђеловдан,Североисточна Босна,Лозница/Братунац,44.1418662,19.4082391
location_terminal,E,non_I2,Founder,E-PH1395,Грујовић,Аранђеловдан,Стари Влах,Лозница/Чачак,43.8669804,20.3318977
location_terminal,PH908_map_nonprimary,PH908_family,Relic,MF4021,Лазовић,Никољдан,Стари Влах,Лозница/Чачак,43.8669804,20.3318977
location_terminal,R1b,non_I2,Founder,BY38894,Марковић,Никољдан,Шумадија,Лозовик/Велика Плана,44.4677494,21.1007233
location_terminal,G,non_I2,Founder,G-Y128480,Радојковић,Никољдан,Шумадија,Лозовик/Велика Плана,44.4677494,21.1007233
location_terminal,R1a,non_I2,Founder,L1029,Бабић,Јовањдан,Херцеговина,Локве/Чапљина,43.1528752,17.8242673
location_terminal,R1a,non_I2,Founder,L1029,Накић,Никољдан,Врањско Поморавље,Лопардинце/Бујановац,42.4985124,21.7737998
location_terminal,E,non_I2,Founder,E-PH1395,Милошевић,Аранђеловдан,Брда,Лопате/Лијева Ријека,43.8143079,18.3251677
location_terminal,E,non_I2,Founder,E-PH1395,Милошевић,Аранђеловдан,Брда,Лопате/Подгорица,42.6550548,19.4853512
location_terminal,I1,non_I2,Founder,FGC22061,Кустурић,Алимпијевдан,Стари Влах,Лопаш/Пожега,43.8053585,20.1239919
location_terminal,I1,non_I2,Founder,FTA86559,Јанковић,Никољдан,Стари Влах,Лопаш/Пожега,43.8053585,20.1239919
location_terminal,J2,non_I2,Founder,J-Y155375,Поповић,Никољдан,Стари Влах,Лопаш/Пожега,43.8053585,20.1239919
location_terminal,R1b,non_I2,Relic,Y175368,Живановић,Велика Госпојина,Стари Влах,Лопаш/Пожега,43.8053585,20.1239919
location_terminal,Y3120_deep_mid_nonPH908,nonPH908_I2,Founder,Z17855,Рајаковић,Алимпијевдан,Стари Влах,Лопаш/Пожега,43.8053585,20.1239919
location_terminal,R1a,non_I2,Founder,Z280,Мирчетић,Јовањдан,Стари Влах,Лопаш/Пожега,43.8053585,20.1239919
location_terminal,J2,non_I2,Relic,J-Y22069,Батоћанин,Стевањдан,Расина,Лопаш/Трстеник,43.5769422,21.0781372
location_terminal,PH908_map_nonprimary,PH908_family,Founder,Y4882,Ковач,Јовањдан,Херцеговина,Лопоч/Сливница Бобани/Равно,42.7742557,18.0754271
location_terminal,R1a,non_I2,Founder,Y189493,Стојановић,Никољдан,Стари Влах,Лочевци/Горњи Милановац,44.0522841,20.3516323
location_terminal,E,non_I2,Founder,E-FT178289,Петровић,Јовањдан,Мачва,Лоњин/Љубовија,44.2225382,19.3520244
location_terminal,J2,non_I2,Founder,J-L70,Јовановић,Аранђеловдан,Шумадија,Лоћика/Рековац,43.8578945,21.1867475
location_terminal,E,non_I2,Founder,E-Z13591,Томашевић,Петковдан,Брда,Лубово/Даниловград,44.3083701,17.0584936
location_terminal,PH908_primary,PH908_family,Founder,FT16449,Дучић,Ђурђевдан,Херцеговина,Луг/Требиње,42.7714001,18.2193084
location_terminal,E,non_I2,Relic,E-BY154448,Томашевић,Петковдан,Западни Банат,Луговет/Соколовац,45.7021072,18.7957333
location_terminal,PH908_primary,PH908_family,Founder,FT16449,Грцић,Јовањдан,Босанска Крајина,Лука/Босанско Грахово,44.1593887,16.4009362
location_terminal,PH908_primary,PH908_family,Founder,FT14506,Митровић,Зачеће Св. Јована Крститеља,Херцеговина,Лука/Лапја/Требиње,42.6543069,18.3038914
location_terminal,E,non_I2,Founder,E-Z16988,Зуровац,Јовањдан,Херцеговина,Лука/Невесиње,43.4349614,18.1173786
location_terminal,R1a,non_I2,Founder,FT288648,Цвијановић,Стевањдан,Североисточна Босна,Лукавац Горњи/Лукавац,44.5784343,18.5362383
location_terminal,I1,non_I2,Founder,Y155080,Савић,Лучиндан,Колубара,Лукавац/Ваљево,44.2970451,19.9999414
location_terminal,J2,non_I2,Relic,J-PF7412,Богић,Петковдан,Тимочка Крајина,Луково/Бољевац,43.8007681,21.8387674
location_terminal,PH908_primary,PH908_family,Founder,BY93199,Радовић,Аранђеловдан,Стара Херцеговина,Луково/Никшић,42.8048674,19.0215375
location_terminal,R1b,non_I2,Founder,FT49714,Јовановић,Аранђеловдан,Брда,Лутово/Подгорица,42.6279981,19.3856978
location_terminal,PH908_primary,PH908_family,Relic,BY55537,Рендулић,Никољдан,Стари Влах,Лучани,43.8602275,20.1365353
location_terminal,R1a,non_I2,Founder,BY99654,Предојевић,Алимпијевдан,Босанска Крајина,Лушци Паланка/Сански Мост,44.7461652,16.4310366
location_terminal,PH908_primary,PH908_family,Founder,FT14506,Прошић,Вартоломијевдан,Босанска Крајина,Лушци Паланка/Сански Мост,44.7461652,16.4310366
location_terminal,J2,non_I2,Founder,J-Y22059,Николић,Лучиндан,Шумадија,Луњевица/Горњи Милановац,43.9969955,20.4801032
location_terminal,I1,non_I2,Founder,FGC22061,Туфегџић,Јовањдан,Босанска Крајина,Магаљдол/Мркоњић Град,44.3941626,17.1568811
location_terminal,R1a,non_I2,Founder,Z280,Јевтић,Михољдан,Североисточна Босна,Магнојевић Доњи/Бијељина,44.8061995,19.0135165
location_terminal,E,non_I2,Founder,E-Y142744,Богдановић,Јовањдан,Североисточна Босна,Магнојевић Средњи/Бијељина,44.7830695,18.9928742
location_terminal,I1,non_I2,Founder,FGC22061,Петковић,Мала Госпојина,Зета,Мажина/Тиват,42.4349651,18.7015452
location_terminal,I1,non_I2,Founder,FGC22061,Дрчелић,Никољдан,Стари Влах,Мажићи/Прибој,43.4962651,19.6021988
location_terminal,N,non_I2,Founder,N-FGC28435,Бабић,Јовањдан,Лика,Мазин/Грачац,44.4528213,15.9668142
location_terminal,I1,non_I2,Founder,FGC22061,Ковач,Никољдан,Источна Босна,Мазоче/Фоча,43.4022632,18.8016731
location_terminal,I1,non_I2,Founder,FTA86559,Љубичић,Видовдан,Банија,Мала Врановина/Топуско,45.2846486,16.0085184
location_terminal,G,non_I2,Founder,G-FTC64765,Петровић,Аранђеловдан,Мачва,Мала Врањска/Шабац,44.695063,19.733799
location_terminal,I1,non_I2,Relic,Z58,Галијаш,Никољдан,Централна Хрватска,Мала Градуса/Суња,45.3385545,16.4635965
location_terminal,PH908_primary,PH908_family,Founder,Y51673,Поповић,Никољдан,Херцеговина,Мала Грачаница/Грачаница/Гацко,43.1784292,18.5216392
location_terminal,G,non_I2,Founder,G-Y128480,Николић,Никољдан,Топлица,Мала Драгуша/Блаце,43.2701119,21.3567636
location_terminal,R1a,non_I2,Founder,YP417,Марковић,Ђурђиц,Шумадија,Мала Иванча/Сопот,44.5931773,20.6105874
location_terminal,R1b,non_I2,Relic,PF7563,Ђурић,Никољдан,Топлица,Мала Косаница/Куршумлија,42.976845,21.2952074
location_terminal,PH908_primary,PH908_family,Founder,FT14506,Ступар,Лазарева Субота,Босанска Крајина,Мала Крупска Рујишка/Нови Град,44.9216557,16.3432266
location_terminal,E,non_I2,Founder,E-Y128213,Арсеновић,Јовањдан,Североисточна Босна,Мала Обарска/Бијељина,44.7929623,19.2011643
location_terminal,R1a,non_I2,Founder,L1029,Вакичић,Мратиндан,Североисточна Босна,Мала Обарска/Бијељина,44.7929623,19.2011643
location_terminal,PH908_primary,PH908_family,Relic,FT109387,Стевановић,Св. апостол Филип,Шумадија,Мала Плана/Смедеревска Паланка,44.3699164,21.016793
location_terminal,J2,non_I2,Founder,J-Z38299,Пауновић,Никољдан,Шумадија,Мала Плана/Смедеревска Паланка,44.3699164,21.016793
location_terminal,E,non_I2,Founder,E-Y142744,Марчетић,Аранђеловдан,Лика,Мала Попина/Отрић/Грачац,44.2322197,16.0557494
location_terminal,E,non_I2,Founder,E-FT178289,Дакић,Јовањдан,Стара Херцеговина,Мала Црна Гора/Жабљак,43.2085897,19.0062228
location_terminal,PH908_primary,PH908_family,Founder,FT14506,Станимировић,Лазарева Субота,Стара Херцеговина,Мале Крће/Пљевља,43.4276152,19.2895324
location_terminal,R1a,non_I2,Founder,Y144943,Шакотић,Лазарева Субота,Североисточна Босна,Малешић/Зворник,44.4923689,19.0660931
location_terminal,I1,non_I2,Founder,FGC22061,Ждрало,Ђурђевдан,Средња Босна,Малешићи/Илијаш,43.9307699,18.2837961
location_terminal,E,non_I2,Founder,E-Z16988,Шошо,Никољдан,Херцеговина,Мали Баљивац/Баљивац/Равно,42.7935009,18.047114
location_terminal,R1a,non_I2,Founder,YP270,Митровић,Ђурђиц,Колубара,Мали Борак/Лајковац,44.4555515,20.2109902
location_terminal,I2_unmapped_nonPH908,nonPH908_I2,Relic,S2361,Брчић,Нема,Далматинска острва,Мали Иж/Задар,44.0334525,15.130577
location_terminal,J2,non_I2,Founder,J-L70,Трујкић,Мали Никољдан,Тимочка Крајина,Мали Кривељ/Бор,44.1492178,22.0454914
location_terminal,I1,non_I2,Founder,Y155080,Иванишевић,Ђурђевдан,Босанска Крајина,Мали Радић/Босанска Крупа,44.8426972,16.0883574
location_terminal,E,non_I2,Founder,E-Z13591,Марковић,Петковдан,Шумадија,Мало Орашје/Смедерево,44.564481,20.7851972
location_terminal,N,non_I2,Founder,N-FT213937,Чоловић,Јовањдан,Херцеговина,Мало Поље/Мостар,43.241874,17.8843939
location_terminal,J2,non_I2,Founder,J-FT413312,Радуловић,Јовањдан,Источна Босна,Мало Поље/Хан Пијесак,44.0968627,18.8890171
location_terminal,Y3120_deep_mid_nonPH908,nonPH908_I2,Founder,Z17855,Арсић,Никољдан,Косово,Манастир/Божевце/Косовска Каменица,41.85969,25.58212
location_terminal,R1b,non_I2,Relic,FT77046,Цвитковац,Ђурђевдан,Далмација,Маовице/Врлика,43.8959074,16.3849929
location_terminal,R1a,non_I2,Founder,Y189493,Приметица,Никољдан,Далмација,Маовице/Врлика,43.8959074,16.3849929
location_terminal,G,non_I2,Relic,G-Y129040,Живковић,Игњатијевдан,Источни Срем,Марадик/Инђија,45.1008678,19.9933374
location_terminal,E,non_I2,Founder,E-Z16988,Маринку,Јовањдан,Западни Банат,Маргита/Пландиште,45.2154255,21.1740065
location_terminal,N,non_I2,Founder,N-FGC28435,Бабић,Јовањдан,Босанска Крајина,Марини/Приједор,45.066198,16.6150608
location_terminal,PH908_primary,PH908_family,Founder,FT14506,Јовановић,Ђурђевдан,Колубара,Маркова Црква/Лајковац,44.328494,20.085404
location_terminal,Y3120_shallow_nonPH908,nonPH908_I2,Relic,Y84307,Доцић,Ђурђевдан,Шумадија,Марковац/Велика Плана,44.2373263,21.1074385
location_terminal,PH908_primary,PH908_family,Founder,BY93199,Тодоровић,Аранђеловдан,Зета,Марковина/Цетиње,42.5423512,19.0074242
location_terminal,R1b,non_I2,Relic,FTA42008,Обреновић,Св. Врачи,Стари Влах,Марковица/Лучани,43.8543049,20.2151012
location_terminal,E,non_I2,Founder,E-Z13591,Брајушковић,Лучиндан,Брда,Мартинићи/Даниловград,42.5399016,19.2033317
location_terminal,I1,non_I2,Founder,FGC22061,Била,Ђурђевдан,Банија,Мартиновићи/Глина,45.2968019,16.2616946
location_terminal,E,non_I2,Founder,E-L241,Грубић,Никољдан,Источни Срем,Мартинци/Сремска Митровица,45.0102365,19.4633111
location_terminal,R1a,non_I2,Founder,Y189493,Михајловић,Никољдан,Шумадија,Маскаре/Варварин,43.6783916,21.3801829
location_terminal,J2,non_I2,Founder,J-Y22063,Цветковић,Никољдан,Стари Влах,Маскова/Ивањица,43.5121604,20.0547766
location_terminal,E,non_I2,Relic,E-FT183738,Балтић,Никољдан,Босанска Крајина,Масловаре/Нови Град,45.0121598,16.4326781
location_terminal,R1a,non_I2,Relic,YP337,Манић,Аранђеловдан,Врањско Поморавље,Масурица/Сурдулица,42.6708333,22.1616667
location_terminal,E,non_I2,Founder,E-Z38456,Бољевић,Петковдан,Зета,Матагужи/Зета,42.3231624,19.2740185
location_terminal,R1a,non_I2,Relic,P278.2,Ђорђевић,Алимпијевдан,Северна Македонија,Матејче/Липково,42.1255581,21.5977767
location_terminal,PH908_primary,PH908_family,Founder,FT14506,Милошевић,Ђурђиц,Косово,Матица/Звечан,42.9158139,20.8216267
location_terminal,E,non_I2,Founder,E-FT178289,Мирковић,Јовањдан,Стара Херцеговина,Мацаваре/Никшић,42.8560662,18.5766311
location_terminal,R1a,non_I2,Relic,YP3992,Чупић,Аврамијевдан,Мачва,Мачванска Митровица/Сремска Митровица,44.9666021,19.5946213
location_terminal,E,non_I2,Founder,E-Z13591,Величковић,Петковдан,Топлица,Мачковац/Куршумлија,43.1581576,21.2796539
location_terminal,R1a,non_I2,Founder,L1029,Митрашевић,Аранђеловдан,Североисточна Босна,Мачковац/Лопаре,44.6552975,18.8106768
location_terminal,N,non_I2,Relic,N-FT193452,Зоговић,Јовањдан,Брда,Машница/Плав,42.6680526,19.8863786
location_terminal,E,non_I2,Founder,E-PH1395,Стијовић,Аранђеловдан,Брда,Маште/Беране,42.8435792,19.8728701
location_terminal,R1a,non_I2,Founder,BY99654,Проле,Ђурђевдан,Босанска Крајина,Мајевац/Шипово,44.2455931,17.0377664
location_terminal,R1b,non_I2,Founder,FT44409,Живановић,Алимпијевдан,Колубара,Мајиновић/Ваљево,44.2856983,19.7307274
location_terminal,E,non_I2,Founder,E-L241,Мутић,Никољдан,Босанска Крајина,Мајкић Јапра Доња/Сански Мост,44.7970137,16.353156
location_terminal,PH908_primary,PH908_family,Relic,FT34788,Даниловић,Јовањдан,Мачва,Мајур/Шабац,44.7708247,19.6547859
location_terminal,PH908_primary,PH908_family,Founder,Y56203,Сломић,Аранђеловдан,Мачва,Мајур/Шабац,44.7708247,19.6547859
location_terminal,I1,non_I2,Founder,FGC22061,Вишњић,Никољдан,Кордун,Маљевац/Цетинград,45.2004859,15.7874822
location_terminal,R1a,non_I2,Founder,Z280,Михајловић,Никољдан,Врањско Поморавље,Мањак/Владичин Хан,42.768522,22.1321
location_terminal,E,non_I2,Relic,E-BY167606,Беговић,Никољдан,Јабланица,Маћедонце/Медвеђа,42.808552,21.568621
location_terminal,R1a,non_I2,Founder,YP417,Загорац,Никољдан,Лика,Медак/Госпић,44.4552092,15.5078935
location_terminal,I1,non_I2,Founder,FGC22061,Рудић,Аранђеловдан,Брда,Медановићи/Бијело Поље,43.0285518,19.7308888
location_terminal,E,non_I2,Founder,E-Z38456,Рисимић,Ђурђиц,Шумадија,Медвеђа/Трстеник,43.6280323,21.0564562
location_terminal,PH908_primary,PH908_family,Founder,FT14506,Јачић,Лучиндан,Шумадија,Медвеђа/Трстеник,43.6280323,21.0564562
location_terminal,PH908_primary,PH908_family,Founder,FT16449,Мишчевић,Јовањдан,Босанска Крајина,Медено Поље/Босански Петровац,44.565949,16.2756102
location_terminal,R1a,non_I2,Founder,L1029,Јовишић,Ђурђевдан,Босанска Крајина,Медна/Мркоњић Град,44.3595975,16.9224624
location_terminal,PH908_primary,PH908_family,Founder,FT14506,Јекић,Никољдан,Стари Влах,Медовине/Ивањица,43.3410712,20.2004153
location_terminal,E,non_I2,Founder,E-BY165837,Радоњић,Никољдан,Брда,Медун/Подгорица,42.471582,19.3614332
location_terminal,E,non_I2,Founder,E-BY165837,Радевић,Аранђеловдан,Брда,Мезгаљи/Беране,42.8435792,19.8728701
location_terminal,PH908_map_nonprimary,PH908_family,Relic,BY4177,Глигоријевић,Никољдан,Понишавље,Мезграја/Бабушница,43.004871,22.291389
location_terminal,PH908_primary,PH908_family,Founder,Y51673,Марковић (Лазић),Ђурђевдан,Североисточна Босна,Мезграја/Угљевик,44.6359587,19.002575
location_terminal,PH908_primary,PH908_family,Founder,FT16449,Гаћина,Ђурђевдан,Херцеговина,Мека Груда/Билећа,43.0357594,18.399358
location_terminal,G,non_I2,Relic,G-Y425678,Козлица,Никољдан,Лика,Мекињар/Удбина,44.579895,15.6701528
location_terminal,E,non_I2,Founder,E-L241,Бошњак,Ђурђевдан,Западни Банат,Меленци/Зрењанин,45.5166819,20.316299
location_terminal,J2,non_I2,Relic,J-Z6065,Пандуров,Никољдан,Западни Банат,Меленци/Зрењанин,45.5166819,20.316299
location_terminal,R1a,non_I2,Founder,BY99654,Бубуљ,Јовањдан,Лика,Мелиновац/Доњи Лапац,44.7405425,15.895207
location_terminal,R1a,non_I2,Founder,Z280,Радић,Ђурђевдан,Херцеговина,Мелијев До/Жрвањ/Љубиње,42.9371052,18.1881995
location_terminal,I1,non_I2,Founder,FGC22061,Вуковић,Аранђеловдан,Стара Херцеговина,Меруља/Новаковићи/Жабљак,43.0511307,19.1695811
location_terminal,G,non_I2,Founder,G-Y128480,Вуковић,Ђурђевдан,Херцеговина,Месари/Требиње,42.7889133,18.1841986
location_terminal,R1a,non_I2,Founder,L1029,Скочибушић,Нема,Херцеговина,Месиховина/Дувно,43.576556,17.2856106
location_terminal,E,non_I2,Founder,E-BY165837,Радовић,Ђурђевдан,Стара Херцеговина,Метаљка/Пљевља,43.5290166,19.1411237
location_terminal,R1b,non_I2,Relic,FT307035,Лопичић,Ђурђевдан,Зета,Метеризи/Цетиње,42.3785294,19.0573074
location_terminal,I2_unmapped_nonPH908,nonPH908_I2,Relic,L801,Ђурђевић,Никољдан,Мачва,Метковић/Богатић,44.8550803,19.5469405
location_terminal,R1b,non_I2,Founder,BY38894,Видић,Никољдан,Топлица,Механе/Куршумлија,43.0217039,21.3719166
location_terminal,J2,non_I2,Founder,J-Y22059,Јовановић,Ђурђиц,Мачва,Меховине/Владимирци,44.6379674,19.7811087
location_terminal,E,non_I2,Founder,E-FT104106,Бјелица,Петковдан,Херцеговина,Меча/Берковићи,43.1002817,18.1219308
location_terminal,J2,non_I2,Founder,J-Y155375,Сарић,Никољдан,Источна Босна,Мештревац/Фоча,43.2900651,18.9952065
location_terminal,J2,non_I2,Founder,J-Y22059,Војаковић,Никољдан,Североисточна Босна,Међаши/Бијељина,44.8235509,19.312055
location_terminal,I1,non_I2,Relic,FTA28824,Марковић,Савиндан,Североисточна Босна,Међе/Сребреница,44.005572,19.3725148
location_terminal,I1,non_I2,Founder,FGC22061,Гегић,Нема,Источна Босна,Међеђа/Вишеград,43.7301271,19.1712325
location_terminal,R1a,non_I2,Relic,FT62520,Блажић,Стевањдан,Шумадија,Међулужје/Младеновац,44.409469,20.6863009
location_terminal,PH908_primary,PH908_family,Founder,FT16449,Стевановић,Никољдан,Херцеговина,Милавићи/Билећа,43.0685339,18.2180127
location_terminal,PH908_primary,PH908_family,Founder,FT14506,Јовановић,Ђурђевдан,Стари Влах,Милатовићи/Лучани,43.7276927,20.3696394
location_terminal,J2,non_I2,Founder,J-Y14439,Сатарић,Јовањдан,Стари Влах,Милатовићи/Лучани,43.7276927,20.3696394
location_terminal,J2,non_I2,Founder,J-Y22063,Зечевић,Никољдан,Стари Влах,Милатовићи/Лучани,43.7276927,20.3696394
location_terminal,PH908_primary,PH908_family,Relic,FT176119,Пајкановић,Јовањдан,Североисточна Босна,Милино Село/Лопаре,44.679853,18.8565502
location_terminal,I1,non_I2,Founder,FGC22061,Радуловић,Ђурђевдан,Стари Влах,Милићевци/Чачак,43.9604585,20.3460895
location_terminal,N,non_I2,Founder,N-FT213937,Пантовић,Јовањдан,Стари Влах,Милићевци/Чачак,43.9604585,20.3460895
location_terminal,PH908_primary,PH908_family,Founder,BY93199,Миљешковић,Ивањдан,Зета,Миловићи/Тиват,42.3995835,18.6741249
location_terminal,PH908_primary,PH908_family,Founder,Y51673,Фржовић,Никољдан,Херцеговина,Милошев До/Биоград/Невесиње,43.1904352,18.1315842
location_terminal,R1a,non_I2,Founder,Y260767,Јовичић,Јовањдан,Мачва,Миокус/Шабац,44.704107,19.826961
location_terminal,E,non_I2,Founder,E-Z1057,Бубало,Ђурђевдан,Херцеговина,Мионићи/Требиње,42.730559,18.2377027
location_terminal,PH908_primary,PH908_family,Relic,FTB32566,Кујовић,Св. Василије Велики,Брда,Миоска/Колашин,42.8154268,19.4133338
location_terminal,N,non_I2,Founder,N-FT213937,Ветмић,Јовањдан,Далмација,Миочић/Дрниш,43.8805432,16.2320367
location_terminal,PH908_primary,PH908_family,Founder,Y58629,Денда,Јовањдан,Херцеговина,Мириловићи/Билећа,42.8827254,18.3436757
location_terminal,E,non_I2,Founder,E-Z1057,Бешењи,Никољдан,Јужна Барања,Мирковац/Кнежеви Виногради,45.7374429,18.7983997
location_terminal,PH908_primary,PH908_family,Founder,Y58629,Поплашен,Јовањдан,Далмација,Мирловић Поље/Ружић,42.7517779,22.1094616
location_terminal,I1,non_I2,Founder,FGC22061,Николић,Никољдан,Стари Влах,Миросаљци/Ариље,43.7087269,20.12871
location_terminal,PH908_primary,PH908_family,Founder,FT14506,Мишељић,Ђурђевдан,Херцеговина,Мируше/Билећа,42.8360962,18.4631591
location_terminal,R1a,non_I2,Founder,Y260767,Милошевић,Никољдан,Шумадија,Мислођин/Обреновац,44.627547,20.227381
location_terminal,E,non_I2,Founder,E-Z38456,Мијаиловић,Аранђеловдан,Рашка,Митрова Река/Алуловиће/Нови Пазар,43.2202977,20.4497152
location_terminal,R1a,non_I2,Founder,L1029,Шорак,Стевањдан,Лика,Михаљевац/Кореница,45.8395848,15.9750439
location_terminal,N,non_I2,Founder,N-FGC28435,Ђерић,Јовањдан,Лика,Михаљевац/Кореница,45.8395848,15.9750439
location_terminal,Y3120_deep_mid_nonPH908,nonPH908_I2,Founder,Z17855,Зеленовић,Ђурђевдан,Херцеговина,Михољаче/Гацко,43.1382827,18.5762976
location_terminal,R1a,non_I2,Founder,BY99654,Маринковић,Ђурђевдан,Мачва,Мишар/Шабац,44.734559,19.754708
location_terminal,PH908_primary,PH908_family,Founder,FT14506,Рудан,Ђурђевдан,Херцеговина,Мишљен/Љубиње,42.9494201,17.9930017
location_terminal,Y3120_shallow_nonPH908,nonPH908_I2,Relic,Y336366,Спајић,Лучиндан,Источна Босна,Мишћевина/Пљеско/Рогатица,43.7366992,19.0549349
location_terminal,E,non_I2,Founder,E-L241,Давидовић,Алимпијевдан,Колубара,Мијачи/Ваљево,44.2180088,19.7152584
location_terminal,R1a,non_I2,Founder,Y144943,Жерајић,Лазарева Субота,Херцеговина,Миљевац/Невесиње,43.2555172,18.1340632
location_terminal,E,non_I2,Founder,E-PH1395,Анђелковић,Аранђеловдан,Рашка,Мланча/Краљево,43.5258023,20.400969
location_terminal,J2,non_I2,Relic,J-Y430906,Радивојевић,Никољдан,Јабланица,Млачиште/Црна Трава,42.786998,22.224848
location_terminal,J2,non_I2,Founder,J-L70,Петровић,Никољдан,Метохија,Мовљане/Сува Река,42.3731264,20.9030401
location_terminal,E,non_I2,Founder,E-Z1057,Млађеновић,Никољдан,Североисточна Босна,Модран/Бијељина,44.6768039,19.1770397
location_terminal,J2,non_I2,Founder,J-Y230579,Микановић,Јовањдан,Североисточна Босна,Модран/Бијељина,44.6768039,19.1770397
location_terminal,N,non_I2,Founder,N-FT213937,Кајмаковић,Јовањдан,Североисточна Босна,Модран/Бијељина,44.6768039,19.1770397
location_terminal,R1b,non_I2,Founder,A274,Шпијуновић,Стевањдан,Стари Влах,Мокра Гора/Ужице,43.7897531,19.5031247
location_terminal,PH908_primary,PH908_family,Founder,FT16449,Бучевац,Стевањдан,Стари Влах,Мокра Гора/Ужице,43.7897531,19.5031247
location_terminal,R1a,non_I2,Founder,Z280,Јовановић,Петковдан,Тимочка Крајина,Мокрање/Неготин,44.1565767,22.5457659
location_terminal,PH908_primary,PH908_family,Founder,FT14506,Радановић,Ђурђевдан,Стара Херцеговина,Мокрине/Херцег Нови,42.5032117,18.4951416
location_terminal,G,non_I2,Founder,G-FTC64765,Шуберић,Аранђеловдан,Стара Херцеговина,Мокрине/Херцег Нови,42.5032117,18.4951416
location_terminal,I1,non_I2,Founder,FGC22061,Бједов,Ђурђевдан,Далмација,Мокро Поље/Ервеник,44.0823219,16.0457544
location_terminal,PH908_primary,PH908_family,Founder,FT16449,Поповић,Лучиндан,Далмација,Мокро Поље/Ервеник,44.0823219,16.0457544
location_terminal,N,non_I2,Founder,N-FGC28435,Бабић,Јовањдан,Далмација,Мокро Поље/Ервеник,44.0823219,16.0457544
location_terminal,R1a,non_I2,Founder,BY99654,Југовић,Никољдан,Источна Босна,Мокро/Пале,43.8929855,18.6359305
location_terminal,G,non_I2,Founder,G-Y128480,Михајловић,Јовањдан,Босанска Крајина,Мокроноге/Дрвар,44.3477268,16.4475046
location_terminal,J2,non_I2,Founder,J-Y22063,Богдановић,Јовањдан,Источна Босна,Мокронози/Рудо,43.5925875,19.4845248
location_terminal,PH908_primary,PH908_family,Founder,FT14506,Звекић,Јовањдан,Бачка,Мол/Ада,45.7638971,20.130055
location_terminal,R1a,non_I2,Founder,BY30743,Недељковић,Никољдан,Шумадија,Моравци/Љиг,44.2418967,20.2762635
location_terminal,PH908_primary,PH908_family,Relic,Y135653,Јанкетић,Срђевдан,Брда,Морачко Требаљево/Колашин,42.864431,19.5214221
location_terminal,R1b,non_I2,Founder,FT44409,Миловановић,Аранђеловдан,Тимочка Крајина,Мосна/Доњи Милановац,44.3372979,23.368993
location_terminal,E,non_I2,Founder,E-FT104106,Пејановић,Петковдан,Херцеговина,Мостар,43.3435855,17.8076584
location_terminal,I1,non_I2,Founder,FGC22061,Лозо,Ђурђевдан,Херцеговина,Мостар,43.3435855,17.8076584
location_terminal,PH908_primary,PH908_family,Founder,Y58629,Кнежић,Јовањдан,Херцеговина,Мостар,43.3435855,17.8076584
location_terminal,J2,non_I2,Founder,J-Y155375,Вуловић,Никољдан,Шумадија,Мотрић/Рековац,43.8188142,21.0748458
location_terminal,Y3120_shallow_nonPH908,nonPH908_I2,Relic,Y319762,Побулић,Ђурђевдан,Северна Барања,Мохач,45.9933836,18.6821079
location_terminal,J2,non_I2,Founder,J-Y22063,Вуковић,Ђурђевдан,Брда,Мојковац,42.9624908,19.5799899
location_terminal,PH908_primary,PH908_family,Founder,Y51673,Табаковић,Никољдан,Херцеговина,Мрежица/Билећа,42.8663725,18.4411507
location_terminal,E,non_I2,Founder,E-Z16988,Бошковић,Никољдан,Херцеговина,Мркоњићи/Требиње,42.8416883,18.1002849
location_terminal,R1a,non_I2,Founder,Y189493,Илић,Аранђеловдан,Расина,Мрмош/Александровац,43.5272221,21.1685085
location_terminal,R1a,non_I2,Founder,Z280,Вукотић,Јовањдан,Шумадија,Мрчајевци/Чачак,43.8670549,20.5296713
location_terminal,E,non_I2,Founder,E-Z1057,Милаковић,Ђурђевдан,Босанска Крајина,Мрђе/Дрвар,44.3077639,16.4900893
location_terminal,R1a,non_I2,Founder,L1029,Кривоглав,Зачеће Св. Јована Крститеља,Херцеговина,Мрњићи/Требиње,42.6671229,18.2600196
location_terminal,PH908_primary,PH908_family,Founder,Y134585,Марић,Св. Симеон Богопримац,Средња Босна,Мудрике/Травник,44.3147471,17.5270707
location_terminal,PH908_primary,PH908_family,Relic,Y279925,Зороје,Никољдан,Кордун,Мудрић Село/Оштарски Станови/Раковица,45.0170007,15.6485193
location_terminal,J2,non_I2,Founder,J-L70,Краљић,Нема,Кварнерска острва,Мурај/Крк,45.0508794,14.6012333
location_terminal,E,non_I2,Founder,E-PH1395,Гарчевић,Аранђеловдан,Брда,Мурино/Плав,42.6620235,19.8850352
location_terminal,R1b,non_I2,Founder,A274,Зотовић,Никољдан,Херцеговина,Мушићи/Домашево/Требиње,43.8323946,19.2625799
location_terminal,E,non_I2,Founder,E-Z1057,Михајловић,Никољдан,Метохија,Мушутиште/Сува Река,42.298928600000004,20.8900745
location_terminal,N,non_I2,Founder,N-FT213937,Ћосовић,Јовањдан,Источна Босна,Мјешаји/Фоча,43.4378956,18.7579307
location_terminal,I1,non_I2,Founder,FTA86559,Букинац,Аранђеловдан,Бачка,Надаљ/Србобран,45.5076291,19.9237515
location_terminal,PH908_primary,PH908_family,Founder,FT386055,Будимир,Аранђеловдан,Лика,Надврело/Грачац,44.2217557,16.0798836
location_terminal,E,non_I2,Founder,E-CTS11222,Марковић,Никољдан,Херцеговина,Надинићи/Гацко,43.1952306,18.4685501
location_terminal,R1a,non_I2,Founder,YP417,Шолаја,Томиндан,Херцеговина,Надинићи/Гацко,43.1952306,18.4685501
location_terminal,J2,non_I2,Relic,J-CTS8786,Емровић,Нема,Рашка,Намга/Тутин,43.0639557,20.3576955
location_terminal,PH908_map_nonprimary,PH908_family,Relic,Z16983,Поњевић,Никољдан,Босанска Крајина,Натпоље/Шипово,44.2425187,17.2024326
location_terminal,I1,non_I2,Founder,BY169301,Репац,Никољдан,Лика,Небљуси/Доњи Лапац,44.6631006,15.9442275
location_terminal,PH908_primary,PH908_family,Founder,FT16449,Милиџан,Јовањдан,Херцеговина,Невада/Равно,42.7441107,18.1283686
location_terminal,PH908_primary,PH908_family,Founder,BY93199,Мањак,Аранђеловдан,Херцеговина,Невесиње,43.258198,18.106113
location_terminal,E,non_I2,Founder,E-CTS11222,Вучетић,Никољдан,Херцеговина,Невесиње,43.258198,18.106113
location_terminal,E,non_I2,Founder,E-Z1057,Руљ,Лучиндан,Херцеговина,Невесиње,43.258198,18.106113
location_terminal,PH908_primary,PH908_family,Founder,FT14506,Зубац,Ђурђевдан,Херцеговина,Невесиње,43.258198,18.106113
location_terminal,PH908_primary,PH908_family,Founder,FT16449,Ковачевић,Ђурђевдан,Херцеговина,Невесиње,43.258198,18.106113
location_terminal,N,non_I2,Founder,N-FT182494,Паровић,Аранђеловдан,Херцеговина,Невесиње,43.258198,18.106113
location_terminal,PH908_primary,PH908_family,Founder,Y51673,Фржовић,Никољдан,Херцеговина,Невесиње,43.258198,18.106113
location_terminal,R1a,non_I2,Founder,YP4278,Граховац,Ђурђевдан,Херцеговина,Невесиње,43.258198,18.106113
location_terminal,J2,non_I2,Relic,J-PF5177,Кладник,Нема,Крањска,Невље/Камник,46.2296387,14.6235277
location_terminal,R1b,non_I2,Founder,BY38894,Ћировић,Ђурђевдан,Стари Влах,Негбина/Нова Варош,43.5421575,19.7887808
location_terminal,E,non_I2,Founder,E-Y142744,Савић,Никољдан,Тимочка Крајина,Неготин,44.2271199,22.5308921
location_terminal,E,non_I2,Founder,E-Z1057,Габоровић,Ђурђиц,Стари Влах,Негришори/Лучани,43.8493223,20.1896095
location_terminal,R1a,non_I2,Founder,YP270,Илић,Ђурђиц,Стари Влах,Негришори/Лучани,43.8493223,20.1896095
location_terminal,E,non_I2,Founder,E-Z16988,Милићевић,Никољдан,Херцеговина,Неновићи/Равно,42.7148242,18.1343408
location_terminal,I1,non_I2,Founder,FGC22061,Иванчајић,Ђурђевдан,Источна Босна,Неправдићи/Соколац,43.8510294,18.7664904
location_terminal,E,non_I2,Relic,E-M81,Јанковић,Петровдан,Западни Банат,Неузина/Сечањ,45.3447229,20.7122272
location_terminal,E,non_I2,Founder,E-Z1057,Лазић,Никољдан,Понишавље,Ниш,43.3211301,21.8959232
location_terminal,E,non_I2,Founder,E-Z13591,Поповић,Петковдан,Понишавље,Ниш,43.3211301,21.8959232
location_terminal,R1a,non_I2,Relic,FTB42580,Раковац,Аранђеловдан,Понишавље,Ниш,43.3211301,21.8959232
location_terminal,R1a,non_I2,Founder,YP270,Костић,Мратиндан,Понишавље,Ниш,43.3211301,21.8959232
location_terminal,J2,non_I2,Founder,J-L70,Живадиновић,Никољдан,Понишавље,Нишка Бања,43.2933122,22.0072312
location_terminal,R1b,non_I2,Founder,BY38894,Мусић,Нема,Стари Влах,Нова Варош,43.4597045,19.8154494
location_terminal,J2,non_I2,Relic,J-PF5008,Кратовац,Нема,Стари Влах,Нова Варош,43.4597045,19.8154494
location_terminal,E,non_I2,Founder,E-Z1057,Личанин,Ђурђевдан,Славонија,Нова Градишка,45.2599175,17.3826861
location_terminal,I1,non_I2,Relic,Z63,Марковић,Нема,Славонија,Нова Градишка,45.2599175,17.3826861
location_terminal,R1a,non_I2,Founder,YP4278,Колунџија,Никољдан,Кордун,Нова Кршља/Раковица,44.9932298,15.6499541
location_terminal,PH908_primary,PH908_family,Relic,Y4946,Додиг,Нема,Далмација,Нова Села/Кула Норинска,43.1015971,17.5592472
location_terminal,R1a,non_I2,Founder,L1029,Јовић (Јовановић),Томиндан,Метохија,Новаке/Призрен,42.3015963,20.7553664
location_terminal,I1,non_I2,Founder,FGC22061,Жугић,Никољдан,Стара Херцеговина,Новаковићи/Жабљак,43.0890756,19.1627149
location_terminal,PH908_primary,PH908_family,Relic,Y131175,Пек,Нема,Источни Срем,Нови Бановци/Стара Пазова,44.9532153,20.2824281
location_terminal,G,non_I2,Relic,G-M406,Голубовић,Св. Ђорђе посни,Понишавље,Нови Брачин/Ражањ,43.7525918,21.504418
location_terminal,J2,non_I2,Relic,J-Z7671,Јелачић,Св. Василије Велики,Источни Срем,Нови Карловци/Инђија,45.0787738,20.1788232
location_terminal,J2,non_I2,Founder,J-Y22063,Батанчев,Св. Василије Велики,Западни Банат,Нови Кнежевац,46.0427093,20.0933532
location_terminal,Y3120_shallow_nonPH908,nonPH908_I2,Relic,Y339476,Перкучин,Никољдан,Западни Банат,Нови Кнежевац,46.0427093,20.0933532
location_terminal,E,non_I2,Founder,E-Z13591,Билаловић,Нема,Рашка,Нови Пазар,43.1406913,20.518057
location_terminal,PH908_primary,PH908_family,Founder,FT190799,Радовановић,Лучиндан,Рашка,Нови Пазар,43.1406913,20.518057
location_terminal,PH908_primary,PH908_family,Founder,Y134585,Филиповић,Аранђеловдан,Рашка,Нови Пазар,43.1406913,20.518057
location_terminal,J2,non_I2,Relic,J-Y14699,Милеи,Нема,Бачка,Нови Сад,45.2617769,19.8213325
location_terminal,E,non_I2,Founder,E-Z1057,Станић,Видовдан,Источни Срем,Нови Сланкамен/Инђија,45.1257668,20.2390854
location_terminal,J2,non_I2,Founder,J-Y22063,Котарац,Јовањдан,Источни Срем,Нови Сланкамен/Инђија,45.1257668,20.2390854
location_terminal,R1b,non_I2,Founder,BY38894,Рајковић,Петковдан,Тимочка Крајина,Ново Корито/Књажевац,43.6390663,22.4451115
location_terminal,R1a,non_I2,Founder,L1029,Јовић,Алимпијевдан,Шумадија,Ново Ланиште/Јагодина,44.0403555,21.2348023
location_terminal,J2,non_I2,Relic,J-L26,Јуришић,Никољдан,Западни Банат,Ново Милошево/Нови Бечеј,45.7213056,20.3017485
location_terminal,J2,non_I2,Relic,J-Y523332,Станаћев,Ђурђевдан,Западни Банат,Ново Милошево/Нови Бечеј,45.7213056,20.3017485
location_terminal,PH908_primary,PH908_family,Founder,Y58629,Лека,Јовањдан,Лика,Ново Село Кореничко/Плитвичка Језера,44.8718658,15.7179726
location_terminal,R1a,non_I2,Founder,L1029,Илић,Петковдан,Врањско Поморавље,Ново Село/Бујановац,42.5970817,21.8178924
location_terminal,E,non_I2,Founder,E-Z38456,Радеч,Аранђеловдан,Брда,Ново Село/Даниловград,42.4923888,19.1767047
location_terminal,J2,non_I2,Founder,J-Z38299,Решетар,Петковдан,Брда,Ново Село/Даниловград,42.4923888,19.1767047
location_terminal,I1,non_I2,Founder,Y155080,Јокановић,Јовањдан,Североисточна Босна,Ново Село/Зворник,44.3287652,19.1192376
location_terminal,E,non_I2,Founder,E-Z1057,Лепојевић,Аранђеловдан,Јабланица,Ново Село/Лесковац,42.874285,22.165413
location_terminal,G,non_I2,Relic,G-Y128646,Павловић,Савиндан,Јабланица,Ново Село/Лесковац,42.874285,22.165413
location_terminal,I1,non_I2,Founder,FGC22061,Ећимовић,Аранђеловдан,Источна Босна,Ново Село/Соколац,43.9505516,18.7937477
location_terminal,R1a,non_I2,Founder,L1029,Тамбурић,Аранђеловдан,Источна Босна,Ново Село/Соколац,43.9505516,18.7937477
location_terminal,PH908_primary,PH908_family,Founder,FT14506,Ратковић,Ђурђевдан,Херцеговина,Носати До/Жељево/Требиње,42.680871,18.4204464
location_terminal,R1b,non_I2,Founder,BY38894,Ковачевић,Никољдан,Стара Херцеговина,Нудо/Никшић,42.6708552,18.5748762
location_terminal,E,non_I2,Founder,E-L241,Симић,Никољдан,Североисточна Босна,Обади/Сребреница,44.143866,19.3628854
location_terminal,I1,non_I2,Founder,FGC22061,Остојић,Ђурђиц,Стари Влах,Обајгора/Бајина Башта,43.9556677,19.5777843
location_terminal,E,non_I2,Founder,E-Z1057,Сладоје,Ђурђевдан,Источна Босна,Обаљ/Калиновик,43.461587,18.3516776
location_terminal,PH908_primary,PH908_family,Founder,FT16449,Милидраговић,Ђурђевдан,Херцеговина,Обло Брдо/Билећа,43.0393139,18.205316
location_terminal,E,non_I2,Founder,E-FT104106,Драшко,Никољдан,Средња Босна,Оборци/Доњи Вакуф,44.1942884,17.4205977
location_terminal,E,non_I2,Founder,E-Z16988,Милићевић,Ђурђиц,Колубара,Обреновац,44.5354444,20.216511
location_terminal,E,non_I2,Founder,E-Z38456,Манић,Митровдан,Понишавље,Обреновац/Пирот,43.0378033,22.7209344
location_terminal,R1a,non_I2,Founder,L1029,Павловић,Марковдан,Североисточна Босна,Обудовац/Шамац,44.9686791,18.6010407
location_terminal,PH908_primary,PH908_family,Founder,BY93199,Николић,Мала Госпојина,Стара Херцеговина,Озринићи/Никшић,42.7442422,19.0003193
location_terminal,J2,non_I2,Founder,J-Y22063,Ројевић,Мала Госпојина,Стара Херцеговина,Озринићи/Никшић,42.7442422,19.0003193
location_terminal,I1,non_I2,Founder,FGC22061,Обреновић,Ђурђевдан,Источна Босна,Округло/Рогатица,43.8374059,19.0550406
location_terminal,R1b,non_I2,Founder,A274,Сузић,Мратиндан,Славонија,Окучани,45.2931478,17.2051758
location_terminal,E,non_I2,Founder,E-Z1057,Видић,Ђурђевдан,Славонија,Окучани,45.2931478,17.2051758
location_terminal,J2,non_I2,Founder,J-Y155375,Вучета,Ђурђевдан,Босанска Крајина,Омарска/Приједор,44.888637,16.8976638
location_terminal,J2,non_I2,Founder,J-Y155375,Петровић,Ђурђевдан,Лика,Омсица/Грачац,44.3613784,15.9351896
location_terminal,J2,non_I2,Founder,J-Y22059,Манојловић,Никољдан,Лика,Омсица/Грачац,44.3613784,15.9351896
location_terminal,R1a,non_I2,Founder,FT288648,Шушљик,Стевањдан,Средња Босна,Опара/Нови Травник,44.0976906,17.64971
location_terminal,N,non_I2,Founder,N-FT213937,Мирковић,Јовањдан,Средња Босна,Опара/Нови Травник,44.0976906,17.64971
location_terminal,I1,non_I2,Founder,FGC22061,Милић,Никољдан,Стари Влах,Опаљеник/Ивањица,43.5238149,20.1418447
location_terminal,J2,non_I2,Founder,J-Y155375,Мијаиловић,Ђурђевдан,Стари Влах,Опаљеник/Ивањица,43.5238149,20.1418447
location_terminal,G,non_I2,Founder,G-Y128480,Продановић,Ђурђевдан,Шумадија,Опланић/Кнић,43.9812818,20.6842088
location_terminal,J2,non_I2,Relic,J-FT157333,Ристовић,Ђурђевдан,Шумадија,Опланић/Кнић,43.9812818,20.6842088
location_terminal,PH908_primary,PH908_family,Founder,FT16449,Ијачић,Томиндан,Херцеговина,Опличићи/Чапљина,43.1171721,17.8104965
location_terminal,I1,non_I2,Founder,FTA86559,Готовина,Митровдан,Херцеговина,Опличићи/Чапљина,43.1171721,17.8104965
location_terminal,R1a,non_I2,Founder,Y189493,Јефтић,Јовањдан,Херцеговина,Опличићи/Чапљина,43.1171721,17.8104965
location_terminal,E,non_I2,Founder,E-Z1057,Васиљевић,Нема,Западни Банат,Опово,45.0487194,20.4331827
location_terminal,E,non_I2,Founder,E-L241,Топић,Никољдан,Босанска Крајина,Опсјечко/Челинац,44.7048323,17.3393108
location_terminal,R1a,non_I2,Relic,YP337,Банзић,Митровдан,Метохија,Оптеруша/Ораховац,42.3712928,20.7165407
location_terminal,R1b,non_I2,Founder,BY38894,Страхињић,Аранђеловдан,Јабланица,Оране/Бојник,42.9840198,21.6281279
location_terminal,PH908_primary,PH908_family,Founder,FT14506,Паскаш,Јовањдан,Лика,Ораовац/Доњи Лапац,44.5283621,15.9382326
location_terminal,E,non_I2,Founder,E-L241,Филић,Никољдан,Косово,Ораовица/Косовска Каменица,43.0057853,20.7332862
location_terminal,PH908_primary,PH908_family,Founder,FT16449,Вучинић,Ђурђевдан,Херцеговина,Орах/Билећа,42.8155828,18.4145798
location_terminal,PH908_primary,PH908_family,Founder,FT14506,Секуловић,Михољдан,Херцеговина,Орах/Равно,42.7009066,18.1804983
location_terminal,R1a,non_I2,Founder,L1029,Путица,Ђурђевдан,Херцеговина,Орах/Требиње,42.8155828,18.4145798
location_terminal,J2,non_I2,Founder,J-FT413312,Грубач,Јовањдан,Херцеговина,Ораховац/Требиње,42.67017,18.4943509
location_terminal,E,non_I2,Founder,E-Z1057,Ковачевић,Андријевдан,Брда,Ораховица/Бијело Поље,43.1138896,19.7334445
location_terminal,J2,non_I2,Founder,J-Y155375,Радовић,Ђурђевдан,Брда,Ораховица/Бијело Поље,43.1138896,19.7334445
location_terminal,J2,non_I2,Founder,J-Y22063,Маљукан,Никољдан,Источна Босна,Ораховице/Горажде,43.7048325,18.7536253
location_terminal,R1a,non_I2,Founder,Z280,Димитријевић,Јовањдан,Рашка,Орахово/Рашка,43.2173928,20.6042998
location_terminal,PH908_primary,PH908_family,Relic,Y255062,Минић,Лучиндан,Шумадија,Орашац/Аранђеловац,44.330573,20.586662
location_terminal,PH908_primary,PH908_family,Founder,FT14506,Јелић,Ђурђевдан,Херцеговина,Орашје Зубци/Требиње,42.6603538,18.4080116
location_terminal,I1,non_I2,Founder,FT428459,Мискин,Стевањдан,Херцеговина,Орашје Површ/Требиње,42.6745668,18.2675871
location_terminal,E,non_I2,Founder,E-PH1395,Јовановић,Св. Александар Невски,Метохија,Орашје/Брежаник/Пећ,45.0342753,18.6943254
location_terminal,Y3120_deep_mid_nonPH908,nonPH908_I2,Relic,BY116090,Давидовић,Никољдан,Шумадија,Орашје/Варварин,43.7435082,21.2698995
location_terminal,J2,non_I2,Relic,J-FT159176,Јовановић,Аранђеловдан,Западна Македонија,Ореовец/Македонски Брод,41.4918964,21.1316653
location_terminal,I1,non_I2,Founder,FGC22061,Костић,Јовањдан,Браничево,Орешковица/Петровац на Млави,44.3171028,21.3255622
location_terminal,E,non_I2,Relic,E-CTS693,Грубаноски,Никољдан,Западна Македонија,Орланци/Кичево,41.5028511,21.0391041
location_terminal,R1b,non_I2,Founder,FT49714,Бажалац,Аранђеловдан,Рашка,Орља Глава/Краљево,43.5435467,20.4152529
location_terminal,J2,non_I2,Founder,J-Y22063,Рњавић,Јовањдан,Браничево,Осаница/Жагубица,44.2803153,21.6690321
location_terminal,I1,non_I2,Founder,BY169301,Станковић,Ђурђевдан,Колубара,Осеченица/Мионица,44.1900361,20.0299964
location_terminal,R1a,non_I2,Founder,Y260767,Јевтић,Јовањдан,Колубара,Осечина,44.372776,19.6007285
location_terminal,R1a,non_I2,Founder,Y260767,Прокић,Јовањдан,Колубара,Осечина Село/Осечина,44.3860423,19.6161538
location_terminal,E,non_I2,Founder,E-Z1057,Кузмановић,Алимпијевдан,Шумадија,Осипаоница/Смедерево,44.543562,21.0520033
location_terminal,R1a,non_I2,Founder,FT288648,Драшковић,Никољдан,Источна Босна,Осија/Калиновик,43.5799408,18.5709344
location_terminal,E,non_I2,Founder,E-Z1057,Шандоров,Никољдан,Славонија,Осијек,45.5489982,18.6919117
location_terminal,J2,non_I2,Relic,J-M92,Еџед,Нема,Славонија,Осијек,45.5489982,18.6919117
location_terminal,R1a,non_I2,Founder,L1029,Гојковић,Ђурђевдан,Североисточна Босна,Осиња/Дервента,44.8564569,17.8651127
location_terminal,PH908_primary,PH908_family,Founder,FT16449,Вукељић,Ђурђевдан,Североисточна Босна,Осојница/Добој,44.6418051,18.1189736
location_terminal,J2,non_I2,Founder,J-Y22059,Стојановић,Јовањдан,Средња Босна,Осојница/Зеница,44.2187646,17.815246900000002
location_terminal,J2,non_I2,Founder,J-Y22063,Перић,Мратиндан,Североисточна Босна,Остојићево/Бијељина,44.8588983,19.2335324
location_terminal,R1a,non_I2,Founder,L1029,Станковић,Јовањдан,Лика,Острвица/Госпић,44.5628718,15.4532645
location_terminal,E,non_I2,Founder,E-Y142744,Благојевић,Лазарева Субота,Источна Босна,Острмци/Јошаница/Фоча,43.5535415,18.832184
location_terminal,R1b,non_I2,Founder,FT44409,Гвозденовић,Јовањдан,Западни Срем,Острово/Маркушица,45.3385814,18.7898786
location_terminal,PH908_primary,PH908_family,Founder,Y51673,Манигода,Никољдан,Херцеговина,Острожац/Јабланица,43.6850325,17.82552
location_terminal,G,non_I2,Founder,G-Y128480,Мириловић,Јовањдан,Кордун,Острожин/Вргинмост,45.4228116,15.8755313
location_terminal,E,non_I2,Founder,E-L241,Алексић,Јовањдан,Колубара,Остружањ/Осечина,44.3481096,19.5671699
location_terminal,G,non_I2,Relic,G-L1264,Живановић,Никољдан,Шумадија,Остружница/Чукарица/Београд,44.7285552,20.3191998
location_terminal,E,non_I2,Founder,E-Y126722,Гојковић,Никољдан,Североисточна Босна,Осјечани Горњи/Добој,44.8401239,18.1260786
location_terminal,E,non_I2,Founder,E-FT104106,Ћузовић,Ђурђевдан,Стара Херцеговина,Отиловићи/Пљевља,43.3322924,19.4141889
location_terminal,R1a,non_I2,Founder,BY99654,Устић,Ђурђевдан,Далмација,Отишић/Врлика,43.8488797,16.4510202
location_terminal,J2,non_I2,Founder,J-Y22059,Деспинић,Јовањдан,Далмација,Отишић/Врлика,43.8488797,16.4510202
location_terminal,PH908_primary,PH908_family,Relic,Y189076,Рнић,Пантелијевдан,Далмација,Отишић/Врлика,43.8488797,16.4510202
location_terminal,E,non_I2,Founder,E-L241,Вукић,Тривуњдан,Босанска Крајина,Отпочиваљка/Прњавор,44.9334961,17.5231765
location_terminal,E,non_I2,Founder,E-Z38456,Кокора,Никољдан,Стари Влах,Очка Гора/Бранешци/Чајетина,43.7509335,19.6953302
location_terminal,I1,non_I2,Relic,BY3386,Вујиновић,Никољдан,Херцеговина,Ошањићи/Столац,43.0941614,17.9419112
location_terminal,R1b,non_I2,Relic,Y5587,Видовић,Ђурђевдан,Североисточна Босна,Ошве/Маглај,44.553838,18.0528083
location_terminal,I1,non_I2,Founder,FGC22061,Бједов,Ђурђевдан,Далмација,Оћестово/Книн,44.0542067,16.1309726
location_terminal,PH908_primary,PH908_family,Founder,Y58629,Ђогић,Јовањдан,Херцеговина,Оџаци/Коњиц,43.5189109,18.2271197
location_terminal,J2,non_I2,Relic,J-Y22069,Батоћанин,Стевањдан,Расина,Оџаци/Трстеник,43.6005637,21.0347199
location_terminal,I1,non_I2,Founder,FGC22061,Фуртула,Аранђеловдан,Брда,Павино Поље/Бијело Поље,43.0341595,19.7473559
location_terminal,R1a,non_I2,Founder,L1029,Копања,Никољдан,Босанска Крајина,Павловац/Бања Лука,44.7938294,17.14294
location_terminal,I1,non_I2,Founder,FGC22061,Пандуревић,Никољдан,Источна Босна,Павловац/Пале,43.7729969,18.491387
location_terminal,E,non_I2,Relic,E-A6295,Живковић,Јовањдан,Понишавље,Паклештица/Пирот,43.2079169,22.7390351
location_terminal,PH908_primary,PH908_family,Founder,Y134585,Ћосић,Аранђеловдан,Стари Влах,Паковраће/Чачак,43.899284,20.2606344
location_terminal,PH908_primary,PH908_family,Founder,FT14506,Трифковић,Митровдан,Источна Босна,Пале,43.8141813,18.5696052
location_terminal,PH908_primary,PH908_family,Founder,Y134585,Благојевић,Св. Симеон Богопримац,Североисточна Босна,Палежница Горња/Добој,44.833829,18.2436026
location_terminal,Y3120_shallow_nonPH908,nonPH908_I2,Relic,Y84307,Љамић,Ђурђиц,Метохија,Паличојћи/Средска/Призрен,42.1722462,20.8573222
location_terminal,PH908_primary,PH908_family,Relic,A815,Габрић,Нема,Бачка,Палић/Суботица,46.1022848,19.7634537
location_terminal,I1,non_I2,Founder,BY169301,Глоговац,Ђурђевдан,Херцеговина,Паник/Билећа,42.8036809,18.4417389
location_terminal,E,non_I2,Founder,E-Z16988,Вујновић,Никољдан,Херцеговина,Паник/Билећа,42.8036809,18.4417389
location_terminal,PH908_primary,PH908_family,Founder,Y58629,Парежанин,Лазарева Субота,Херцеговина,Паник/Билећа,42.8036809,18.4417389
location_terminal,E,non_I2,Founder,E-Z1057,Цветковић,Никољдан,Западни Банат,Панчево,44.8705686,20.6399643
location_terminal,J2,non_I2,Relic,J-Y12007,Грој,Нема,Западни Банат,Панчево,44.8705686,20.6399643
location_terminal,R1a,non_I2,Founder,L1029,Станишић,Нема,Западни Банат,Панчево,44.8705686,20.6399643
location_terminal,I1,non_I2,Relic,Y7666,Михајлов,Никољдан,Западни Банат,Панчево,44.8705686,20.6399643
location_terminal,J2,non_I2,Founder,J-Y230579,Маслаћ,Јовањдан,Стари Влах,Папратиште/Пожега,43.9159801,20.0984573
location_terminal,E,non_I2,Founder,E-Z1057,Прерадов,Томиндан,Бачка,Параге/Бачка Паланка,45.413835,19.4043598
location_terminal,I1,non_I2,Founder,FGC22061,Јанковић,Никољдан,Стари Влах,Парамун/Косјерић,44.0577361,19.8308342
location_terminal,PH908_primary,PH908_family,Founder,BY93199,Јовановић,Аранђеловдан,Шумадија,Парцани/Сопот,44.5673578,20.5266613
location_terminal,E,non_I2,Founder,E-L241,Димитријевић,Никољдан,Расина,Пасјак/Крушевац,43.5515741,21.4093298
location_terminal,N,non_I2,Relic,N-PH1612,Јовановић,Никољдан,Косово,Пасјане/Гњилане,42.4059348,21.4962974
location_terminal,PH908_primary,PH908_family,Founder,FT190799,Спасојевић,Лучиндан,Североисточна Босна,Патковача/Бијељина,44.7255327,19.227721
location_terminal,G,non_I2,Founder,G-FTC64765,Марковић,Аранђеловдан,Североисточна Босна,Патковача/Бијељина,44.7255327,19.227721
location_terminal,PH908_primary,PH908_family,Founder,Y58629,Томић,Јовањдан,Бачка,Пачир/Бачка Топола,45.9004769,19.4462159
location_terminal,I1,non_I2,Founder,FGC22061,Крстајић,Никољдан,Стара Херцеговина,Пашина Вода/Жабљак,43.1024574,19.1224124
location_terminal,J2,non_I2,Founder,J-Z38299,Илић,Савиндан,Топлица,Пашинац/Прокупље,43.2781437,21.5070025
location_terminal,E,non_I2,Founder,E-Z1057,Мирчески,Аранђеловдан,Пелагонија,Пашино Рувци/Кривогаштани,41.2682578,21.3678634
location_terminal,E,non_I2,Founder,E-Z16988,Вукоје,Никољдан,Херцеговина,Пађени/Билећа,42.9862757,18.3459219
location_terminal,R1a,non_I2,Founder,YP417,Косовић,Ђурђевдан,Североисточна Босна,Пађине/Зворник,44.5301983,19.1201826
location_terminal,I1,non_I2,Founder,FGC22061,Милошевић,Ђурђевдан,Шумадија,Пајсијевић/Кнић,43.8816968,20.740881
location_terminal,E,non_I2,Founder,E-Z38456,Јанковић,Ђурђиц,Стари Влах,Пепељ/Бајина Башта,43.9158488,19.6424693
location_terminal,G,non_I2,Founder,G-Y128480,Ацковић,Никољдан,Расина,Пепељевац/Крушевац,43.5647826,21.2543821
location_terminal,J2,non_I2,Founder,J-L70,Јевтић,Никољдан,Понишавље,Периш/Сврљиг,43.3731718,22.3164833
location_terminal,R1a,non_I2,Founder,L1029,Мијић,Никољдан,Босанска Крајина,Перна/Босанска Крупа,44.9074111,16.1038665
location_terminal,E,non_I2,Founder,E-Y142744,Чикара,Михољдан,Банија,Петковац/Петриња,45.3725635,16.3538385
location_terminal,J2,non_I2,Founder,J-Y155375,Исаиловић,Ђурђиц,Мачва,Петловача/Шабац,44.7234721,19.6240661
location_terminal,I1,non_I2,Founder,FTA86559,Ловранић,Нема,Банија,Петриња,45.4650725,14.8530801
location_terminal,R1a,non_I2,Founder,Z280,Храбовски,Нема,Источни Срем,Петроварадин/Нови Сад,45.2426175,19.8820073
location_terminal,R1b,non_I2,Founder,FT44409,Константиновић,Никољдан,Браничево,Петровац на Млави,44.3677095,21.4076704
location_terminal,R1a,non_I2,Founder,BY99654,Тошић,Никољдан,Понишавље,Петровац/Пирот,43.0791755,22.6179807
location_terminal,R1a,non_I2,Founder,BY30743,Драганић,Матијевдан,Стара Херцеговина,Петровићи/Никшић,43.803831,18.4347684
location_terminal,PH908_primary,PH908_family,Founder,FT14506,Петровић,Ђурђевдан,Североисточна Босна,Петровићи/Шековићи,44.3328784,18.8639091
location_terminal,I1,non_I2,Founder,FGC22061,Вишнић,Никољдан,Лика,Петрово Село (Гојак)/Огулин,45.2378213,15.1272363
location_terminal,PH908_primary,PH908_family,Founder,BY93199,Драгишић,Аранђеловдан,Тимочка Крајина,Петрово Село/Кладово,44.6284251,22.4285403
location_terminal,Y3120_deep_mid_nonPH908,nonPH908_I2,Founder,Z17855,Караџић,Аранђеловдан,Стара Херцеговина,Петњица/Шавник,42.9831515,19.0801473
location_terminal,PH908_primary,PH908_family,Founder,FT386055,Ђурђевић,Тривуњдан,Босанска Крајина,Печенег Илова/Прњавор,44.978077,17.6979678
location_terminal,R1b,non_I2,Founder,L51,Пот,Нема,Северна Барања,Печуј,46.0765092,18.2280317
location_terminal,E,non_I2,Relic,E-BY14150,Гаџић,Петковдан,Метохија,Пејчићи/Средска/Призрен,42.171221,20.855328
location_terminal,N,non_I2,Founder,N-FT213937,Мићић,Јовањдан,Североисточна Босна,Пељаве/Лопаре,44.6333515,18.9495018
location_terminal,PH908_primary,PH908_family,Relic,Y199158,Ћетковић,Пантелијевдан,Североисточна Босна,Пељаве/Лопаре,44.6333515,18.9495018
location_terminal,I1,non_I2,Founder,FGC22061,Радић,Јовањдан,Североисточна Босна,Пељаве/Угљевик,44.6333515,18.9495018
location_terminal,E,non_I2,Founder,E-Y126722,Јовановић,Никољдан,Метохија,Пећ,46.0765092,18.2280317
location_terminal,E,non_I2,Founder,E-Z1057,Витић,Никољдан,Метохија,Пећ,46.0765092,18.2280317
location_terminal,J2,non_I2,Relic,J-CTS8786,Недимовић (Гојковић),Нема,Метохија,Пећ,46.0765092,18.2280317
location_terminal,J2,non_I2,Relic,J-Y11200,Димитријевић,Никољдан,Метохија,Пећ,46.0765092,18.2280317
location_terminal,J2,non_I2,Relic,J-Z36800,Јанковић,Никољдан,Метохија,Пећ,46.0765092,18.2280317
location_terminal,R1b,non_I2,Founder,L51,Аврамовић,Св. Атанасије,Метохија,Пећ,46.0765092,18.2280317
location_terminal,E,non_I2,Founder,E-Z1057,Галић,Ђурђевдан,Босанска Крајина,Пећиград/Цазин,45.0542953,15.896392
location_terminal,E,non_I2,Founder,E-Y128213,Маринковић,Јовањдан,Стари Влах,Пилатовићи/Пожега,43.8263227,20.105195
location_terminal,J2,non_I2,Founder,J-Y155375,Радовановић,Ђурђевдан,Стари Влах,Пилица/Бајина Башта,43.9396867,19.6375894
location_terminal,G,non_I2,Relic,G-L140,Ђорђевић,Никољдан,Понишавље,Пирот,43.1547342,22.5865039
location_terminal,G,non_I2,Founder,G-Y128480,Лилић,Аранђеловдан,Понишавље,Пирот,43.1547342,22.5865039
location_terminal,R1a,non_I2,Founder,L1029,Јовановић,Аранђеловдан,Понишавље,Пирот,43.1547342,22.5865039
location_terminal,I1,non_I2,Founder,FGC22061,Коковић,Никољдан,Топлица,Пискаље/Прокупље,43.1856949,21.4323362
location_terminal,E,non_I2,Founder,E-Z1057,Димитријевић,Илиндан,Егејска Македонија,Писодери/Преспа,40.7870624,21.248047
location_terminal,PH908_primary,PH908_family,Founder,FT14506,Мијановић,Никољдан,Херцеговина,Пијавице/Требиње,42.7169334,18.1952705
location_terminal,R1b,non_I2,Relic,Y175368,Петровић,Велика Госпојина,Колубара,Планиница/Мионица,44.1460378,20.1204715
location_terminal,PH908_primary,PH908_family,Founder,FT16449,Вечериновић,Ђурђевдан,Лика,Плашки,46.3294368,13.7223075
location_terminal,E,non_I2,Founder,E-Z1057,Андрић,Петковдан,Косово,Племетина/Обилић,42.7069227,21.0440069
location_terminal,Y3120_deep_mid_nonPH908,nonPH908_I2,Founder,Z17855,Филиповић,Св. Врачи,Косово,Племетина/Обилић,42.7069227,21.0440069
location_terminal,I1,non_I2,Founder,FTA86559,Благојевић,Никољдан,Славонија,Плетерница/Славонска Пожега,45.2862978,17.8015103
location_terminal,R1a,non_I2,Founder,Z280,Евстратиев,Аранђеловдан,Врањско Поморавље,Плоча/Босилеград,42.5558692,22.2765965
location_terminal,E,non_I2,Founder,E-Z1057,Милошев,Митровдан,Западни Банат,Плочица/Ковин,44.7242392,20.8841521
location_terminal,R1a,non_I2,Founder,L1029,Шуша,Никољдан,Источна Босна,Плочник/Калиновик,43.3351672,18.3695385
location_terminal,PH908_primary,PH908_family,Founder,FT14506,Милојко,Ђурђевдан,Зета,Побрђе/Котор,42.3505645,18.7460506
location_terminal,E,non_I2,Founder,E-Y142744,Ћировић,Јовањдан,Брда,Подбишће/Мојковац,42.9624908,19.5799899
location_terminal,PH908_primary,PH908_family,Relic,Y199158,Дучић,Никољдан,Херцеговина,Подвори/Требиње,42.7205336,18.3653922
location_terminal,PH908_primary,PH908_family,Founder,FT16449,Шупић,Игњатијевдан,Стара Херцеговина,Подврш/Никшић,42.8192464,18.5172459
location_terminal,R1b,non_I2,Founder,L51,Ковачевић,Јовањдан,Тимочка Крајина,Подгорац/Бољевац,43.9404586,21.9501214
location_terminal,E,non_I2,Relic,E-Y328959,Нешић,Никољдан,Понишавље,Подгорац/Ражањ,43.7342818,21.5982681
location_terminal,I1,non_I2,Founder,BY169301,Кљајевић,Никољдан,Зета,Подгорица,42.3592055,19.2499266
location_terminal,PH908_primary,PH908_family,Founder,BY93199,Пејовић,Аранђеловдан,Зета,Подгорица,42.3592055,19.2499266
location_terminal,E,non_I2,Founder,E-BY165837,Ивановић,Никољдан,Зета,Подгорица,42.3592055,19.2499266
location_terminal,E,non_I2,Founder,E-Z38456,Мирковић,Митровдан,Зета,Подгорица,42.3592055,19.2499266
location_terminal,J2,non_I2,Founder,J-FT413312,Радуловић,Јовањдан,Источна Босна,Подкозловача/Хан Пијесак,44.0812895,18.9530643
location_terminal,J2,non_I2,Founder,J-FT413312,Бјелица,Петковдан,Херцеговина,Подкубаш/Сузина/Берковићи,43.0814955,18.1520564
location_terminal,Y3120_shallow_nonPH908,nonPH908_I2,Relic,Y189170,Суботић,Арлијевдан,Источна Босна,Подлозник/Пале,43.8283092,18.7430908
location_terminal,E,non_I2,Founder,E-FGC11450,Бошњак,Аранђеловдан,Херцеговина,Подосоје/Билећа,42.8954979,18.4023234
location_terminal,G,non_I2,Founder,G-FTC64765,Тркља,Аранђеловдан,Херцеговина,Подосоје/Билећа,42.8954979,18.4023234
location_terminal,R1a,non_I2,Founder,L1029,Тривић,Никољдан,Далмација,Подосоје/Врлика,43.9039319,16.4167782
location_terminal,J2,non_I2,Founder,J-Y155375,Савић,Пантелијевдан,Стари Влах,Подосоје/Ритошићи/Прибој,43.4856499,19.2461193
location_terminal,I1,non_I2,Founder,Y155080,Миличић,Ђурђевдан,Босанска Крајина,Подосоје/Шипово,44.1938766,17.1633796
location_terminal,G,non_I2,Founder,G-Y128480,Ћурчић,Никољдан,Лика,Подум/Оточац,44.8861725,15.296355
location_terminal,J2,non_I2,Founder,J-Y22063,Кангрга,Јовањдан,Лика,Подум/Оточац,44.8861725,15.296355
location_terminal,PH908_primary,PH908_family,Founder,FT14506,Климовић,Ђурђевдан,Херцеговина,Подштировник/Требиње,42.5743199,18.4525475
location_terminal,E,non_I2,Founder,E-FT178289,Миловић,Никољдан,Стара Херцеговина,Подљут/Велимље/Никшић,42.8261122,18.6085469
location_terminal,Y3120_deep_mid_nonPH908,nonPH908_I2,Founder,Z17855,Срдановић,Ђурђевдан,Стари Влах,Пожега,45.3310723,17.6765332
location_terminal,R1a,non_I2,Founder,Z280,Видановић,Аранђеловдан,Понишавље,Покревеник/Пирот,43.2526058,22.6150667
location_terminal,I1,non_I2,Founder,FGC22061,Гаџа,Јовањдан,Херцеговина,Полице/Требиње,42.7057036,18.3593879
location_terminal,I1,non_I2,Founder,FGC22061,Богојевић,Никољдан,Стари Влах,Поникве/Стапари/Ужице,43.8908077,19.7186607
location_terminal,R1a,non_I2,Founder,BY99654,Петковић,Никољдан,Стари Влах,Пониковица/Ужице,43.8741575,19.9257519
location_terminal,I1,non_I2,Founder,FGC22061,Ћурлић,Никољдан,Босанска Крајина,Понир/Бањалука,44.7282914,17.2254977
location_terminal,Y3120_shallow_nonPH908,nonPH908_I2,Relic,Y331025,Зечевић,Лучиндан,Рашка,Попе/Тутин,42.9606779,20.3186786
location_terminal,PH908_primary,PH908_family,Founder,Y56203,Бановачки,Стевањдан,Источни Срем,Попинци/Пећинци,44.9280466,20.0072723
location_terminal,E,non_I2,Founder,E-FGC11450,Страјнић,Никољдан,Јужна Барања,Поповац,45.3780484,17.041799
location_terminal,I1,non_I2,Founder,FTA86559,Дворнић,Пантелијевдан,Јужна Барања,Поповац,45.3780484,17.041799
location_terminal,PH908_primary,PH908_family,Founder,BY93199,Јанковић,Мала Госпојина,Североисточна Босна,Попови/Бијељина,44.7633867,19.2733399
location_terminal,E,non_I2,Founder,E-FT104106,Бурић,Никољдан,Североисточна Босна,Попови/Бијељина,44.7633867,19.2733399
location_terminal,E,non_I2,Founder,E-L241,Тодоровић,Никољдан,Североисточна Босна,Попови/Бијељина,44.7633867,19.2733399
location_terminal,E,non_I2,Founder,E-Z16988,Милановић,Петровдан,Североисточна Босна,Попови/Бијељина,44.7633867,19.2733399
location_terminal,I1,non_I2,Founder,FGC22061,Милошевић,Савиндан,Североисточна Босна,Попови/Бијељина,44.7633867,19.2733399
location_terminal,J2,non_I2,Founder,J-Y22063,Бајаловић (Трифковић),Мратиндан,Североисточна Босна,Попови/Бијељина,44.7633867,19.2733399
location_terminal,J2,non_I2,Founder,J-Y230579,Ерић,Јовањдан,Североисточна Босна,Попови/Бијељина,44.7633867,19.2733399
location_terminal,N,non_I2,Founder,N-FT182494,Бокарић,Јовањдан,Североисточна Босна,Попови/Бијељина,44.7633867,19.2733399
location_terminal,R1a,non_I2,Founder,Y144943,Трифуновић,Лазарева Субота,Североисточна Босна,Попови/Бијељина,44.7633867,19.2733399
location_terminal,J2,non_I2,Founder,J-Y22063,Бобић,Јовањдан,Кордун,Поповић Брдо/Карловац,45.4647123,15.6410545
location_terminal,R1a,non_I2,Founder,L1029,Чолић,Никољдан,Шумадија,Поповић/Сопот,44.5706168,20.6095762
location_terminal,PH908_map_nonprimary,PH908_family,Founder,Y4882,Поповић,Јовањдан,Херцеговина,Поповићи/Жаково/Требиње,42.8120652,18.1400825
location_terminal,R1b,non_I2,Founder,L51,Миладиновић,Непознато,Браничево,Поповњак/Деспотовац,44.0629081,21.5088707
location_terminal,PH908_primary,PH908_family,Founder,FT14506,Граховац,Тројчиндан,Херцеговина,Потком/Љути До/Берковићи,43.1248694,18.0906735
location_terminal,G,non_I2,Founder,G-Y128480,Јањош,Св. Василије Велики,Херцеговина,Потком/Берковићи,43.1248694,18.0906735
location_terminal,PH908_primary,PH908_family,Founder,FT14506,Даниловић,Ђурђевдан,Херцеговина,Поткрај/Крај/Требиње,42.6290355,18.3957996
location_terminal,E,non_I2,Founder,E-Z13591,Шарановић,Петковдан,Брда,Поткрај/Поткула/Даниловград,43.754943,17.0691817
location_terminal,J2,non_I2,Founder,J-Y155375,Цмиљанић,Ђурђевдан,Стара Херцеговина,Поткрајци/Пљевља,43.2284734,19.4368092
location_terminal,R1b,non_I2,Founder,A274,Лечић,Аранђеловдан,Херцеговина,Потоци/Мостар,43.4078203,17.8758297
location_terminal,E,non_I2,Founder,E-FT104106,Тришић,Никољдан,Херцеговина,Потоци/Мостар,43.4078203,17.8758297
location_terminal,PH908_primary,PH908_family,Founder,FT190799,Аћимовић,Лучиндан,Херцеговина,Потоци/Мостар,43.4078203,17.8758297
location_terminal,R1a,non_I2,Founder,FT288648,Радановић,Никољдан,Босанска Крајина,Поточани/Прњавор,45.041602,18.3168964
location_terminal,R1a,non_I2,Founder,Y189493,Милосављевић,Михољдан,Босанска Крајина,Поточани/Прњавор,45.041602,18.3168964
location_terminal,N,non_I2,Founder,N-FT182494,Пјано,Никољдан,Источна Босна,Потпећe/Фоча,43.4913678,18.889166
location_terminal,R1b,non_I2,Founder,FT44409,Пантић,Ђурђиц,Мачва,Поцерски Метковић/Шабац,44.6584914,19.6210147
location_terminal,J2,non_I2,Relic,J-Y22069,Раденковић,Стевањдан,Расина,Почековина/Трстеник,43.594761,21.0885026
location_terminal,I1,non_I2,Founder,Y155080,Коларевић,Аћимовдан,Расина,Почековина/Трстеник,43.594761,21.0885026
location_terminal,PH908_primary,PH908_family,Founder,FT16449,Мишчевић,Јовањдан,Лика,Почитељ/Госпић,43.1345841,17.7319573
location_terminal,PH908_primary,PH908_family,Founder,Y56203,Дошен,Никољдан,Лика,Почитељ/Госпић,43.1345841,17.7319573
location_terminal,I1,non_I2,Relic,FT263327,Ћоровић,Савиндан,Стара Херцеговина,Пошћење/Шавник,43.9517541,17.9165425
location_terminal,R1a,non_I2,Founder,BY99654,Шмигић,Аранђеловдан,Метохија,Пољане/Исток,42.7194497,20.6082337
location_terminal,PH908_primary,PH908_family,Relic,BY169115,Рашић,Аранђеловдан,Врањско Поморавље,Пољаница/Врање,43.9103181,20.12359
location_terminal,E,non_I2,Founder,E-Z1057,Анђелковић,Никољдан,Шумадија,Пољна/Трстеник,43.705253,21.1026969
location_terminal,N,non_I2,Founder,N-FT213937,Шкипина,Јовањдан,Источна Босна,Прача/Пале,43.7717368,18.7760975
location_terminal,I1,non_I2,Founder,BY169301,Петровић,Аранђеловдан,Стари Влах,Прањани/Горњи Милановац,44.0102717,20.2082248
location_terminal,PH908_map_nonprimary,PH908_family,Relic,BY4177,Миленковић,Никољдан,Понишавље,Прва Кутина/Нишка Бања,43.2801585,21.9892766
location_terminal,PH908_primary,PH908_family,Founder,FT14506,Екмечић,Никољдан,Херцеговина,Пребиловци/Чапљина,43.0942133,17.7530067
location_terminal,I1,non_I2,Founder,FGC22061,Зарубица,Никољдан,Стара Херцеговина,Превиш/Шавник,42.9707641,19.1035204
location_terminal,J2,non_I2,Founder,J-Y14439,Кујунџић,Аранђеловдан,Стара Херцеговина,Превиш/Шавник,42.9707641,19.1035204
location_terminal,E,non_I2,Founder,E-FGC11450,Станојевић,Аранђеловдан,Јабланица,Предејане (село)/Лесковац,42.8324918,22.1403994
location_terminal,E,non_I2,Founder,E-FGC11450,Вуцеља,Аранђеловдан,Босанска Крајина,Прекаја/Дрвар,44.3184425,16.5393432
location_terminal,R1a,non_I2,Relic,YP337,Димитријевић,Св. Атанасије,Врањско Поморавље,Преображење/Врање,42.4737508,21.9317096
location_terminal,E,non_I2,Founder,E-CTS11222,Вујовић,Никољдан,Херцеговина,Прераца/Билећа,42.9768884,18.4608492
location_terminal,R1a,non_I2,Founder,YP4278,Кувекаловић,Св. Врачи,Стари Влах,Пресека/Ивањица,43.5375216,19.9962274
location_terminal,PH908_primary,PH908_family,Relic,A29945,Гајовић,Лучиндан,Топлица,Претежана/Блаце,43.255408,21.369853
location_terminal,E,non_I2,Founder,E-Z1057,Степић,Св. Мина,Топлица,Претрешња/Блаце,43.3443801,21.3508387
location_terminal,E,non_I2,Founder,E-Z1057,Игњатовић,Лучиндан,Шумадија,Прељина/Чачак,43.9013757,20.4178774
location_terminal,Y3120_shallow_nonPH908,nonPH908_I2,Relic,Y330253,Јовашевић,Ђурђевдан,Шумадија,Прељина/Чачак,43.9013757,20.4178774
location_terminal,I1,non_I2,Founder,FTA86559,Андрић,Митровдан,Херцеговина,Прењ/Столац,43.110656,17.8362306
location_terminal,E,non_I2,Founder,E-Y126722,Шкиљић,Петровдан,Североисточна Босна,Прибинић/Теслић,44.6103989,17.6906754
location_terminal,E,non_I2,Founder,E-Y142744,Илић,Јовањдан,Североисточна Босна,Прибој/Лопаре,44.6015596,18.9300839
location_terminal,N,non_I2,Founder,N-FT213937,Богдановић,Јовањдан,Североисточна Босна,Прибој/Лопаре,44.6015596,18.9300839
location_terminal,PH908_primary,PH908_family,Founder,Y56203,Бабић,Јовањдан,Североисточна Босна,Прибој/Лопаре,44.6015596,18.9300839
location_terminal,R1a,non_I2,Relic,YP5882,Радовановић,Јовањдан,Североисточна Босна,Прибој/Лопаре,44.6015596,18.9300839
location_terminal,N,non_I2,Founder,N-FT213937,Шкундрић,Јовањдан,Лика,Прибудић/Грачац,44.1437994,16.0974329
location_terminal,N,non_I2,Founder,N-FT182494,Мићовић,Аранђеловдан,Стара Херцеговина,Приградина/Никшић,42.820055,18.6506358
location_terminal,PH908_primary,PH908_family,Founder,FT16449,Пантић,Игњатијевдан,Херцеговина,Приграђани/Мостар,43.4548284,17.8536254
location_terminal,I1,non_I2,Founder,FGC22061,Јауковић,Аранђеловдан,Стара Херцеговина,Придворица/Шавник,43.3278578,18.4796303
location_terminal,E,non_I2,Founder,E-Y128213,Станковић,Никољдан,Шумадија,Придворице/Смедеревска Паланка,44.3415448,20.9022412
location_terminal,R1a,non_I2,Relic,YP1337,Радић,Јовањдан,Херцеговина,Придворци/Невесиње,43.3497198,18.1092547
location_terminal,E,non_I2,Founder,E-Z1057,Шкеро,Ђурђевдан,Херцеговина,Придворци/Требиње,42.6998922,18.3377938
location_terminal,I1,non_I2,Founder,FGC22061,Петковић,Ђурђевдан,Североисточна Босна,Придјел Доњи/Добој,44.7081961,18.0905968
location_terminal,E,non_I2,Founder,E-Z1057,Ђурђевић,Ваведење,Метохија,Призрен,42.2130151,20.7363339
location_terminal,R1a,non_I2,Founder,L1029,Јанићијевић,Ваведење,Метохија,Призрен,42.2130151,20.7363339
location_terminal,R1b,non_I2,Founder,FT49714,Калајановић,Аранђеловдан,Стари Влах,Прилике/Ивањица,43.6321744,20.1502791
location_terminal,I1,non_I2,Founder,BY169301,Јаковљевић,Никољдан,Стари Влах,Прилипац/Пожега,43.8183343,20.1148939
location_terminal,R1b,non_I2,Founder,FT49714,Антовић,Ђурђиц,Стари Влах,Прилипац/Пожега,43.8183343,20.1148939
location_terminal,G,non_I2,Relic,G-L13,Хајдарпашић,Нема,Брда,Припчићи/Бијело Поље,43.0105347,19.7401731
location_terminal,I1,non_I2,Founder,FGC22061,Мутаповић,Никољдан,Шумадија,Прислоница/Чачак,43.9522222,20.4352778
location_terminal,R1a,non_I2,Relic,Y155362,Пејић,Тривуњдан,Средња Босна,Причани/Нови Травник,44.0715397,17.6514355
location_terminal,J2,non_I2,Founder,J-Y22059,Милетић,Аранђеловдан,Тимочка Крајина,Причевац/Књажевац,43.4991139,22.3789558
location_terminal,E,non_I2,Founder,E-L241,Станојевић,Ђурђевдан,Колубара,Причевић/Ваљево,44.2799588,19.7729201
location_terminal,E,non_I2,Founder,E-PH1395,Јовановић,Аранђеловдан,Косово,Приштина,42.6638771,21.1640849
location_terminal,E,non_I2,Founder,E-Z1057,Јанићијевић,Мратиндан,Косово,Приштина,42.6638771,21.1640849
location_terminal,E,non_I2,Founder,E-Z38456,Трајковић,Петковдан,Косово,Приштина,42.6638771,21.1640849
location_terminal,E,non_I2,Relic,E-Y19508,Ћировић,Томиндан,Стари Влах,Пријановићи/Пожега,43.8574613,20.0794029
location_terminal,PH908_primary,PH908_family,Founder,FT386055,Чањак,Аранђеловдан,Босанска Крајина,Приједор,44.9801369,16.7123704
location_terminal,I1,non_I2,Founder,FGC22061,Пашановић,Нема,Стари Влах,Пријепоље,43.389209,19.6493525
location_terminal,E,non_I2,Founder,E-CTS11222,Кресоја,Никољдан,Босанска Крајина,Пркоси/Босански Петровац,44.6166046,16.1186795
location_terminal,E,non_I2,Founder,E-Z13591,Миленковић,Петковдан,Шумадија,Прлине/Рудник/Горњи Милановац,44.6841844,19.0207584
location_terminal,R1a,non_I2,Founder,Y260767,Мајсторовић,Јовањдан,Мачва,Прово/Владимирци,44.669566,19.910427
location_terminal,PH908_primary,PH908_family,Founder,Y51673,Покрајац,Никољдан,Босанска Крајина,Прово/Ливно,43.9380465,16.6708549
location_terminal,R1b,non_I2,Founder,BY38894,Ванка,Аранђеловдан,Источни Срем,Прогар/Сурчин,44.7182286,20.1589682
location_terminal,E,non_I2,Founder,E-FGC11450,Смиљанић,Јовањдан,Лика,Прокике/Бриње,44.9859473,15.0685638
location_terminal,E,non_I2,Founder,E-Z1057,Манић,Никољдан,Топлица,Прокупље,43.2343484,21.5884422
location_terminal,E,non_I2,Founder,E-Z13591,Миленковић,Петковдан,Топлица,Прокупље,43.2343484,21.5884422
location_terminal,J2,non_I2,Founder,J-Y22063,Филиповић,Ђурђевдан,Брда,Прошћење/Мојковац,43.0131403,19.4810001
location_terminal,R1a,non_I2,Relic,Y208600,Сијамија,Нема,Средња Босна,Прусац/Доњи Вакуф,44.0984545,17.3727432
location_terminal,R1a,non_I2,Founder,Y189493,Кнежевић,Ђурђиц,Босанска Крајина,Прусци/Нови Град,45.0943159,16.5231401
location_terminal,R1a,non_I2,Founder,YP4278,Коњевић,Илиндан,Источни Срем,Прхово/Пећинци,44.8839549,20.0021353
location_terminal,PH908_primary,PH908_family,Founder,FT386055,Петровић,Аранђеловдан,Лика,Прљево/Грачац,44.1558717,16.0918232
location_terminal,R1a,non_I2,Founder,FT288648,Ерцег,Стевањдан,Североисточна Босна,Прњавор Мали/Добој,44.8111934,18.0098321
location_terminal,J2,non_I2,Founder,J-Y22059,Старчевић,Стевањдан,Североисточна Босна,Прњавор Мали/Добој,44.8111934,18.0098321
location_terminal,PH908_primary,PH908_family,Founder,Y56203,Павловић,Никољдан,Шумадија,Пударци/Гроцка,44.610241,20.722287
location_terminal,E,non_I2,Founder,E-FGC11450,Видојевић,Ћириловдан,Рашка,Пуста Тушимља/Нови Пазар,43.2248464,20.5054489
location_terminal,R1b,non_I2,Founder,BY38894,Пауновић,Никољдан,Јабланица,Пусто Шилово/Медвеђа,42.8738168,21.5577694
location_terminal,E,non_I2,Founder,E-Z1057,Тајсић,Аранђеловдан,Стари Влах,Пухово/Лучани,43.8196348,20.1868629
location_terminal,PH908_primary,PH908_family,Founder,Y134585,Аксентијевић,Аранђеловдан,Стара Херцеговина,Пљевља,43.3565611,19.3584715
location_terminal,J2,non_I2,Relic,J-PH1602,Кордић,Нема,Далматинска острва,Раб,44.7562894,14.7607367
location_terminal,E,non_I2,Founder,E-Z16988,Зуровац,Јовањдан,Херцеговина,Рабина/Невесиње,43.2380045,18.0448729
location_terminal,I1,non_I2,Founder,FT428459,Ранковић,Стевањдан,Шумадија,Рабровац/Младеновац,44.3594444,20.7525
location_terminal,R1a,non_I2,Founder,Z280,Гомес Милетић,Никољдан,Браничево,Раброво/Кучево,44.5768334,21.5131923
location_terminal,PH908_primary,PH908_family,Founder,Y58629,Митрић,Јовањдан,Херцеговина,Равни/Мостар,43.4902999,17.8373719
location_terminal,R1b,non_I2,Relic,BY250,Ристановић,Ђурђевдан,Стари Влах,Равни/Ужице,43.7409801,19.8878666
location_terminal,PH908_primary,PH908_family,Relic,Y189076,Вукојевић,Пантелијевдан,Босанска Крајина,Равнице/Нови Град,45.1076986,16.4128536
location_terminal,R1a,non_I2,Founder,YP417,Салата,Митровдан,Херцеговина,Равно,42.8873119,17.9645863
location_terminal,E,non_I2,Founder,E-Z16988,Настасић,Стевањдан,Бачка,Равно Село/Врбас,45.4491119,19.6223232
location_terminal,G,non_I2,Relic,G-L140,Пејчић,Никољдан,Понишавље,Рагодеш/Пирот,43.271839,22.501542
location_terminal,PH908_primary,PH908_family,Founder,FT16449,Јовановић,Митровдан,Мачва,Радаљ/Мали Зворник,44.4038889,19.1833333
location_terminal,R1a,non_I2,Founder,L1029,Анђелић,Никољдан,Браничево,Раденка/Кучево,44.5851228,21.765049
location_terminal,E,non_I2,Relic,E-M84,Димитров (Иђић),Ђурђевдан,Понишавље,Радејна/Димитровград,43.0486308,22.8314985
location_terminal,R1b,non_I2,Founder,FT49714,Филиповић,Аранђеловдан,Брда,Радећа/Подгорица,42.5191538,19.2836784
location_terminal,I1,non_I2,Founder,FT428459,Шапоњић,Стевањдан,Стари Влах,Радијевићи/Нова Варош,43.3972408,19.8742708
location_terminal,R1b,non_I2,Founder,BY38894,Николић,Никољдан,Понишавље,Радињинци/Бабушница,43.011356,22.3796648
location_terminal,N,non_I2,Founder,N-FT213937,Антић,Јовањдан,Босанска Крајина,Радманићи/Бања Лука,44.6803826,16.95583
location_terminal,PH908_primary,PH908_family,Founder,Y56203,Чалакић,Тривуњдан,Босанска Крајина,Радманићи/Бања Лука,44.6803826,16.95583
location_terminal,E,non_I2,Founder,E-L241,Савић,Савиндан,Расина,Радманово/Брус,43.3132438,20.9172713
location_terminal,E,non_I2,Founder,E-FT178289,Бачаревић,Јовањдан,Шумадија,Радмиловић/Кнић,43.9423969,20.6383437
location_terminal,E,non_I2,Founder,E-Z1057,Милошевић,Аранђеловдан,Понишавље,Радмировац/Сврљиг,43.5055796,21.9943792
location_terminal,I1,non_I2,Founder,Y155080,Крџић,Јовањдан,Стари Влах,Радобуђа/Ариље,43.7223903,20.0406665
location_terminal,E,non_I2,Founder,E-Y128213,Буквић,Јовањдан,Стари Влах,Радовановићи/Херцеговачка Голеша/Прибој,44.5125005,19.1970916
location_terminal,R1a,non_I2,Founder,Z280,Станковић,Аранђеловдан,Врањско Поморавље,Радовница/Трговиште,42.4142996,22.2246525
location_terminal,I1,non_I2,Founder,FGC22061,Јордовић,Никољдан,Стари Влах,Радовци/Пожега,43.8384427,19.9719643
location_terminal,E,non_I2,Founder,E-Z1057,Степановић,Никољдан,Западна Македонија,Радожда/Струга,41.1045491,20.6331544
location_terminal,I1,non_I2,Founder,FGC22061,Шукић,Стевањдан,Стари Влах,Радоиња/Нова Варош,43.5154829,19.7542834
location_terminal,E,non_I2,Founder,E-CTS11222,Сандаљ,Никољдан,Босанска Крајина,Радосавска/Бања Лука,44.849613,16.9479301
location_terminal,E,non_I2,Relic,E-FT193934,Бојовић,Никољдан,Стари Влах,Радошево/Ариље,43.670264,19.9444389
location_terminal,I1,non_I2,Founder,Y155080,Милићевић,Никољдан,Стари Влах,Радошево/Ариље,43.670264,19.9444389
location_terminal,I1,non_I2,Founder,FTA86559,Тошин,Ђурђевдан,Западни Банат,Радојево/Нова Црња,45.7447038,20.7894695
location_terminal,I1,non_I2,Founder,FGC22061,Ћосић,Јовањдан,Источна Босна,Радоњићи/Пале,43.8024839,18.5397213
location_terminal,E,non_I2,Founder,E-Z1057,Вуликић,Аранђеловдан,Брда,Радуновићи/Ријека Пиперска/Подгорица,42.8505752,19.8923855
location_terminal,PH908_primary,PH908_family,Founder,Y134585,Ристић,Св. Симеон Богопримац,Североисточна Босна,Ражљево/Брчко,44.7925327,18.9078822
location_terminal,PH908_primary,PH908_family,Founder,Y51673,Манојловић,Никољдан,Далмација,Развође/Дрниш,43.9273513,16.1082919
location_terminal,E,non_I2,Founder,E-BY165837,Миловановић,Митровдан,Шумадија,Рамаћа/Крагујевац,44.0910586,20.6710661
location_terminal,Y3120_deep_mid_nonPH908,nonPH908_I2,Founder,Z17855,Купрешанин,Никољдан,Далмација,Рамљане/Книн,43.9723581,16.2050588
location_terminal,R1a,non_I2,Founder,YP4278,Кешељ,Ђурђевдан,Херцеговина,Раникуће/Зови До/Невесиње,43.1727211,18.2086436
location_terminal,R1b,non_I2,Relic,FGC24408,Натић,Никољдан,Косово,Ранилуг/Косовска Каменица,42.4921192,21.5987265
location_terminal,PH908_primary,PH908_family,Founder,FT14506,Јањић,Ђурђевдан,Херцеговина,Ранковци/Љубиње,42.9785697,18.0976962
location_terminal,PH908_primary,PH908_family,Founder,FT14506,Рачић,Ђурђевдан,Херцеговина,Ранчићи/Доње Зијемље/Источни Мостар,43.4015205,18.0106611
location_terminal,I1,non_I2,Founder,FGC22061,Кардум,Ђурђевдан,Херцеговина,Рапти Бобани/Требиње,42.7907803,18.0692064
location_terminal,PH908_primary,PH908_family,Founder,FT14506,Ступар,Лазарева Субота,Босанска Крајина,Расавци/Приједор,44.900746,16.709777
location_terminal,E,non_I2,Founder,E-Z1057,Милошевић,Јовањдан,Стари Влах,Раскрсница/Ђурашићи/Пријепоље,42.9808434,19.5645203
location_terminal,E,non_I2,Founder,E-FT178289,Курмазовић,Никољдан,Стари Влах,Расна/Пожега,43.8145564,20.0227976
location_terminal,E,non_I2,Founder,E-Z1057,Ћирјанић,Никољдан,Стари Влах,Расна/Пожега,43.8145564,20.0227976
location_terminal,E,non_I2,Founder,E-Z1057,Вацић,Никољдан,Понишавље,Расница/Пирот,43.1155347,22.5352415
location_terminal,I1,non_I2,Founder,FGC22061,Лековић,Аранђеловдан,Стара Херцеговина,Расова/Жабљак,44.6619739,18.0104173
location_terminal,R1a,non_I2,Founder,L1029,Аничић,Никољдан,Херцеговина,Расовац/Требиње,42.6712765,18.3330527
location_terminal,I1,non_I2,Founder,Y155080,Чукановић,Никољдан,Стари Влах,Распоганче/Сјеница,43.2779147,20.1666932
location_terminal,PH908_primary,PH908_family,Founder,FT14506,Лазовић,Ђурђевдан,Херцеговина,Раст/Невесиње,43.2036996,18.2009731
location_terminal,PH908_primary,PH908_family,Founder,FT16449,Грубачић,Ђурђевдан,Херцеговина,Раст/Невесиње,43.2036996,18.2009731
location_terminal,I1,non_I2,Founder,FGC22061,Филимоновић,Ђурђевдан,Рашка,Раст/Нови Пазар,43.2450348,20.3490691
location_terminal,PH908_primary,PH908_family,Founder,BY93199,Савићевић,Аранђеловдан,Топлица,Растелица/Куршумлија,43.1411125,21.1105677
location_terminal,E,non_I2,Founder,E-Y142744,Илић,Лазарева Субота,Североисточна Босна,Растошница/Сапна,44.5622326,18.9705252
location_terminal,E,non_I2,Founder,E-L241,Бачановић,Јовањдан,Стара Херцеговина,Ратишевина/Херцег Нови,42.4780599,18.5021008
location_terminal,R1b,non_I2,Founder,L51,Стојановић,Ђурђиц,Јабланица,Рафуна/Лебане,42.8570317,21.7020833
location_terminal,E,non_I2,Founder,E-Z16988,Петковић,Аћимовдан,Стари Влах,Рача/Бајина Башта,43.9514592,19.5332622
location_terminal,J2,non_I2,Founder,J-L70,Пантић,Митровдан,Браничево,Рашанац/Петровац на Млави,44.4623211,21.3651147
location_terminal,I1,non_I2,Founder,Y155080,Николић,Ђурђевдан,Шумадија,Рашевица/Параћин,43.8391727,21.3225223
location_terminal,E,non_I2,Founder,E-Y142744,Вулин,Михољдан,Босанска Крајина,Рашиновац/Босански Петровац,44.5718116,16.3531637
location_terminal,I1,non_I2,Founder,BY169301,Јовановић,Андријевдан,Метохија,Раштане/Сува Река,42.3621996,20.8315238
location_terminal,I1,non_I2,Founder,FGC22061,Трифковић,Никољдан,Херцеговина,Раштани/Мостар,43.3706518,17.8335781
location_terminal,J2,non_I2,Founder,J-Y22063,Спасојевић,Ђурђиц,Колубара,Рађево Село/Ваљево,44.2912122,19.8638094
location_terminal,N,non_I2,Relic,N-PH1612,Насковић,Никољдан,Косово,Рајановце/Косовска Каменица,42.540835,21.550102
location_terminal,E,non_I2,Founder,E-Z1057,Мацић,Ђурђевдан,Тимочка Крајина,Рајац/Неготин,44.0941731,22.5564366
location_terminal,PH908_primary,PH908_family,Relic,Y135653,Кастратовић,Ћириловдан,Стари Влах,Рајац/Чачак,43.7972124,20.4229831
location_terminal,E,non_I2,Founder,E-Z1057,Јосиповић,Лазарева Субота,Североисточна Босна,Рајетковићи/Црвица/Сребреница,44.0073932,19.5884728
location_terminal,J2,non_I2,Founder,J-Y155375,Живановић,Никољдан,Источна Босна,Рајковићи/Крна Јела/Фоча,44.9900548,16.8595881
location_terminal,E,non_I2,Founder,E-Z1057,Хаџић,Никољдан,Шумадија,Раља/Сопот,44.5717706,20.5612432
location_terminal,PH908_primary,PH908_family,Founder,Y51673,Карић,Никољдан,Колубара,Рвати/Обреновац,44.6583174,20.196005
location_terminal,E,non_I2,Relic,E-Y178858,Блаженовић,Илиндан,Босанска Крајина,Ребровац/Бања Лука,44.7592904,17.227585
location_terminal,R1a,non_I2,Founder,YP4278,Шушић,Св. Симеон Богопримац,Босанска Крајина,Рекавице/Бања Лука,44.7019591,17.1399686
location_terminal,E,non_I2,Founder,E-FT104106,Милић,Јовањдан,Зета,Ресна/Цетиње,42.4957922,18.8698971
location_terminal,N,non_I2,Founder,N-FT182494,Марковић,Ђурђиц,Шумадија,Ресник/Крагујевац,44.109431,20.9204938
location_terminal,E,non_I2,Founder,E-L241,Младеновић,Никољдан,Метохија,Ретимље/Ораховац,42.32514,20.696608
location_terminal,E,non_I2,Founder,E-Z1057,Арсић,Ђурђиц,Јабланица,Реткоцер/Медвеђа,42.8479667,21.5028084
location_terminal,R1a,non_I2,Founder,Z280,Младеновић,Никољдан,Топлица,Речица/Житорађа,43.187301,21.689948
location_terminal,I1,non_I2,Founder,FGC22061,Јанковић,Ђурђевдан,Стари Влах,Речице/Пожега,43.7818153,20.0288057
location_terminal,I1,non_I2,Relic,Y237563,Трифуновић,Ђурђевдан,Стари Влах,Речице/Пожега,43.7818153,20.0288057
location_terminal,I1,non_I2,Founder,FGC22061,Црнчевић,Јовањдан,Босанска Крајина,Рељино Село/Гламоч,44.169202,16.788806
location_terminal,R1b,non_I2,Founder,L51,Ђорђевић,Митровдан,Шумадија,Рељинци/Горњи Милановац,44.1617346,20.4177045
location_terminal,E,non_I2,Founder,E-Z1057,Грандов,Ђурђевдан,Брда,Рибаревине/Бијело Поље,42.9941808,19.7449054
location_terminal,R1a,non_I2,Founder,L1029,Васиљевић,Никољдан,Мачва,Рибари/Шабац,44.7100043,19.4238096
location_terminal,PH908_primary,PH908_family,Founder,FT16449,Секулић,Митровдан,Мачва,Рибарица/Лозница,44.5309221,19.2237478
location_terminal,E,non_I2,Founder,E-Z38456,Рибић,Никољдан,Босанска Крајина,Рибићи/Пећи/Кључ,43.687444,17.8558163
location_terminal,R1a,non_I2,Founder,Y189493,Степановић,Аранђеловдан,Расина,Рибник/Трстеник,43.6106119,21.0621145
location_terminal,E,non_I2,Relic,E-Y177539,Зелен,Никољдан,Босанска Крајина,Рилић/Купрес,43.9130287,17.2645876
location_terminal,E,non_I2,Founder,E-CTS11222,Лубурић,Никољдан,Херцеговина,Риоца/Билећа,43.0759444,18.3503379
location_terminal,I1,non_I2,Founder,FGC22061,Керин (Несторовић),Ђурђевдан,Шумадија,Рипањ/Београд,44.6390298,20.5204337
location_terminal,PH908_primary,PH908_family,Founder,FT190799,Ђорђевић,Лучиндан,Шумадија,Рипањ/Београд,44.6390298,20.5204337
location_terminal,E,non_I2,Relic,E-Z5006,Петровић,Петковдан,Шумадија,Рипањ/Вождовац/Београд,44.6390298,20.5204337
location_terminal,PH908_primary,PH908_family,Founder,FT386055,Родић,Аранђеловдан,Шумадија,Рипањ/Вождовац/Београд,44.6390298,20.5204337
location_terminal,J2,non_I2,Founder,J-Z38299,Јовановић,Зачеће Св. Јована Крститеља,Стара Херцеговина,Рисан/Котор,42.5149792,18.6955649
location_terminal,I1,non_I2,Founder,FGC22061,Карановић,Ђурђевдан,Босанска Крајина,Рисовац/Босански Петровац,44.7290273,16.2232697
location_terminal,R1a,non_I2,Founder,L1029,Ђекић,Никољдан,Североисточна Босна,Ритешић/Добој,44.8764609,18.06813
location_terminal,E,non_I2,Founder,E-Z1057,Ђорђевић,Никољдан,Шумадија,Ритопек/Гроцка,44.7385336,20.6550572
location_terminal,E,non_I2,Founder,E-CTS11222,Вуковић,Јовањдан,Стара Херцеговина,Риђани/Никшић,42.7668913,18.8940367
location_terminal,R1a,non_I2,Founder,Y144943,Ђоговић,Лазарева Субота,Херцеговина,Ријека Ђоговића/Цргово/Риља/Невесиње,43.258198,18.106113
location_terminal,E,non_I2,Founder,E-PH1395,Марсенић,Аранђеловдан,Брда,Ријека Марсенића/Андријевица,42.7832908,19.8389131
location_terminal,R1b,non_I2,Founder,FT49714,Радовановић,Аранђеловдан,Брда,Ријека Пиперска/Подгорица,42.4415238,19.2621081
location_terminal,R1b,non_I2,Founder,FT49714,Бастаћ,Аранђеловдан,Зета,Ријека Црнојевића/Цетиње,42.3563513,19.0226515
location_terminal,E,non_I2,Founder,E-CTS11222,Дрвенџија,Никољдан,Херцеговина,Риља/Невесиње,43.2608448,18.2863054
location_terminal,PH908_primary,PH908_family,Founder,Y56203,Ђурђевић,Стевањдан,Шумадија,Риљац/Трстеник,43.7321361,21.0499865
location_terminal,I1,non_I2,Founder,FGC22061,Савић,Ђурђевдан,Колубара,Робаје/Мионица,44.2155848,19.9790323
location_terminal,E,non_I2,Founder,E-FT104106,Томовић,Ђурђевдан,Брда,Ровца/Беране,42.7745463,19.9083479
location_terminal,J2,non_I2,Founder,J-Y155375,Чаркић,Ђурђевдан,Источна Босна,Рогатица,43.7997371,19.002206
location_terminal,I1,non_I2,Founder,FT428459,Живковић,Стевањдан,Стари Влах,Рогача/Лучани,43.8043674,20.2797746
location_terminal,J2,non_I2,Founder,J-Y14439,Павић,Јовањдан,Шумадија,Рогача/Сопот,44.4500202,20.534095400000002
location_terminal,E,non_I2,Founder,E-FT178289,Капетина,Никољдан,Средња Босна,Рогачићи/Илиџа,43.8306182,18.3077357
location_terminal,E,non_I2,Founder,E-Z1057,Вуловић,Јовањдан,Стари Влах,Роге/Пожега,43.7756416,19.9818139
location_terminal,E,non_I2,Founder,E-FGC11450,Маринковић,Ђурђевдан,Шумадија,Рогојевац/Крагујевац,44.0376911,20.7497909
location_terminal,R1a,non_I2,Founder,L1029,Принчевац,Аранђеловдан,Стари Влах,Рокци/Ивањица,43.5320704,20.206666
location_terminal,R1a,non_I2,Founder,L1029,Метлић,Никољдан,Босанска Крајина,Роре/Гламоч,44.2220907,16.6660795
location_terminal,E,non_I2,Founder,E-Y128213,Манић,Јовањдан,Понишавље,Росомач/Пирот,43.1691696,22.8627733
location_terminal,E,non_I2,Founder,E-Y7168,Перић,Нема,Херцеговина,Ротимља/Столац,43.1780098,17.9015565
location_terminal,PH908_primary,PH908_family,Relic,BY55537,Чвркић,Никољдан,Стари Влах,Рошци/Чачак,43.9284991,20.1923132
location_terminal,J2,non_I2,Founder,J-Y230579,Маслаћ,Јовањдан,Стари Влах,Рошци/Чачак,43.9284991,20.1923132
location_terminal,PH908_primary,PH908_family,Founder,FT16449,Ватрићевић,Игњатијевдан,Рашка,Роћевићи/Краљево,43.710339,20.5303234
location_terminal,G,non_I2,Relic,G-PF3359,Дојкић,Никољдан,Понишавље,Рсовци/Пирот,43.1727899,22.7752062
location_terminal,E,non_I2,Founder,E-Z1057,Ђунисијевић,Никољдан,Стари Влах,Ртари/Лучани,43.8594407,20.2413214
location_terminal,I1,non_I2,Founder,FT428459,Василијевић,Стевањдан,Стари Влах,Ртари/Лучани,43.8594407,20.2413214
location_terminal,G,non_I2,Founder,G-FTC64765,Недовић,Аранђеловдан,Стари Влах,Ртари/Лучани,43.8594407,20.2413214
location_terminal,I1,non_I2,Founder,FGC22061,Росић,Јовањдан,Стари Влах,Рти/Лучани,43.7400977,20.2521899
location_terminal,R1a,non_I2,Founder,Y260767,Николић,Јовањдан,Стари Влах,Руда Буква/Косјерић,44.0337399,19.7807121
location_terminal,R1b,non_I2,Founder,FT44409,Петровић,Никољдан,Топлица,Рударе/Куршумлија,43.0655664,21.3165558
location_terminal,E,non_I2,Founder,E-CTS11222,Белензаде (Белензада),Јовањдан,Босанска Крајина,Рудине/Гламоч,44.0118442,16.8967264
location_terminal,I1,non_I2,Founder,FGC22061,Видојевић,Аранђеловдан,Херцеговина,Рудо Поље/Гацко,43.1799222,18.4949758
location_terminal,PH908_primary,PH908_family,Founder,FT16449,Гојковић,Игњатијевдан,Херцеговина,Рудо Поље/Гацко,43.1799222,18.4949758
location_terminal,J2,non_I2,Founder,J-Y22063,Дивљан,Јовањдан,Херцеговина,Рудо Поље/Гацко,43.1799222,18.4949758
location_terminal,E,non_I2,Relic,E-Y177539,Лазаревић,Ђурђевдан,Шумадија,Рудовци/Лазаревац,44.3800988,20.4050622
location_terminal,J2,non_I2,Founder,J-Y22063,Драгосавац,Јовањдан,Лика,Рудопоље Брувањско/Грачац,44.3944767,15.8368085
location_terminal,N,non_I2,Founder,N-FT213937,Даутовић,Јовањдан,Лика,Рудопоље Брувањско/Грачац,44.3944767,15.8368085
location_terminal,R1a,non_I2,Founder,BY99654,Тимченко,Непознато,Колубара,Руклада/Уб,44.4052974,20.1129772
location_terminal,PH908_primary,PH908_family,Relic,FT176119,Лаковић,Јовањдан,Источна Босна,Русањ/Ново Горажде,43.6261868,19.0211127
location_terminal,G,non_I2,Founder,G-Y128480,Ракић,Мратиндан,Североисточна Босна,Рухотина/Бијељина,44.6351058,19.1869828
location_terminal,E,non_I2,Founder,E-Y128213,Симонић,Никољдан,Рашка,Руђинци/Врњачка Бања,43.6186139,20.9120197
location_terminal,J2,non_I2,Founder,J-Y22063,Арсић,Никољдан,Јабланица,Рујковац/Лебане,42.8918524,21.6417717
location_terminal,E,non_I2,Founder,E-Z1057,Лукић,Никољдан,Мачва,Руњани/Лозница,44.5459263,19.2711642
location_terminal,G,non_I2,Founder,G-Y128480,Вишњић,Никољдан,Мачва,Руњани/Лозница,44.5459263,19.2711642
location_terminal,R1a,non_I2,Founder,L1029,Пантић,Никољдан,Мачва,Руњани/Лозница,44.5459263,19.2711642
location_terminal,R1a,non_I2,Founder,L1029,Ристић,Никољдан,Североисточна Босна,Рјечица Горња/Добој,44.6041026,18.099697
location_terminal,E,non_I2,Founder,E-Z16988,Тадић,Јовањдан,Мачва,Савковић/Љубовија,44.1849727,19.5623009
location_terminal,R1a,non_I2,Founder,Y260767,Радојичић,Јовањдан,Мачва,Савковић/Љубовија,44.1849727,19.5623009
location_terminal,E,non_I2,Founder,E-Y7168,Бечејски,Никољдан,Западни Банат,Сакуле/Опово,45.1452359,20.4818833
location_terminal,R1b,non_I2,Founder,L51,Николић,Никољдан,Тимочка Крајина,Салаш/Зајечар,44.1139575,22.3200155
location_terminal,R1a,non_I2,Founder,Z280,Илић,Ђурђевдан,Тимочка Крајина,Салаш/Зајечар,44.1139575,22.3200155
location_terminal,R1b,non_I2,Founder,BY38894,Овцин,Митровдан,Бачка,Салаши Радојевићи/Сомбор,45.7727397,19.1147036
location_terminal,J2,non_I2,Relic,J-Y29678,Бељански,Аранђеловдан,Бачка,Салаши Радојевићи/Сомбор,45.7727397,19.1147036
location_terminal,I1,non_I2,Founder,FGC22061,Предовић,Ђурђиц,Рашка,Самаила/Краљево,43.7632756,20.5479556
location_terminal,R1a,non_I2,Founder,L1029,Стојановић,Аранђеловдан,Јабланица,Самарница/Власотинце,42.9364502,22.1802749
location_terminal,I1,non_I2,Founder,FTA86559,Суботин,Видовдан,Западни Банат,Санад/Чока,45.975572,20.1045666
location_terminal,E,non_I2,Founder,E-FT104106,Совиљ,Никољдан,Босанска Крајина,Саница Горња/Кључ,44.6232627,16.6271573
location_terminal,J2,non_I2,Relic,J-M205,Кричковић,Никољдан,Босанска Крајина,Саница Горња/Кључ,44.6232627,16.6271573
location_terminal,J2,non_I2,Founder,J-Y22063,Милиновић,Ђурђиц,Колубара,Санковић/Мионица,44.2595289,20.0556449
location_terminal,I1,non_I2,Founder,FGC22061,Кариклић,Никољдан,Средња Босна,Сарајево,43.8570713,18.4126147
location_terminal,R1a,non_I2,Founder,L1029,Перишић,Ђурђевдан,Средња Босна,Сарајево,43.8570713,18.4126147
location_terminal,N,non_I2,Founder,N-FT213937,Мишур,Јовањдан,Средња Босна,Сарајево,43.8570713,18.4126147
location_terminal,E,non_I2,Founder,E-L241,Шимрак,Никољдан,Стара Херцеговина,Сасовићи/Херцег Нови,42.4662752,18.5671689
location_terminal,PH908_primary,PH908_family,Founder,Y51673,Достинић,Никољдан,Стара Херцеговина,Сасовићи/Херцег Нови,42.4662752,18.5671689
location_terminal,E,non_I2,Founder,E-Y128213,Грабовчић,Јовањдан,Источна Босна,Саставци/Међуречје/Рудо,43.5560608,19.426548
location_terminal,J2,non_I2,Founder,J-Y22063,Костић,Никољдан,Стари Влах,Свештица/Ивањица,43.5927083,20.2345428
location_terminal,R1b,non_I2,Founder,FT49714,Вуковић,Аранђеловдан,Брда,Свиба/Близна/Подгорица,42.545942,19.3268806
location_terminal,E,non_I2,Founder,E-Z16988,Настасић,Стевањдан,Источни Срем,Свилош/Беочин,45.1758823,19.5857562
location_terminal,R1b,non_I2,Relic,Y168201,Вукадиновић,Св. Врачи,Косово,Свињаре/Косовска Митровица,42.8506067,20.8908089
location_terminal,PH908_primary,PH908_family,Relic,BY184790,Андрић,Тривуњдан,Топлица,Свињиште/Куршумлија,42.946502,21.4415365
location_terminal,I1,non_I2,Relic,Y54671,Бараћ,Никољдан,Лика,Сврачково Село/Удбина,44.6215063,15.6236524
location_terminal,J2,non_I2,Relic,J-Y153290,Ђорђевић,Св. Врачи,Понишавље,Сврљиг,43.4140419,22.1230473
location_terminal,R1b,non_I2,Founder,BY38894,Илић,Никољдан,Расина,Себечевац/Крушевац,43.4813195,21.2257659
location_terminal,R1b,non_I2,Founder,BY38894,Јоковић,Ђурђевдан,Стари Влах,Северово/Ариље,43.7355288,19.9577524
location_terminal,E,non_I2,Founder,E-Z1057,Бркић,Андријевдан,Стари Влах,Северово/Ариље,43.7355288,19.9577524
location_terminal,E,non_I2,Founder,E-Z1057,Ђорђевић,Ђурђевдан,Косово,Севце/Штрпце,42.2122926,20.9404369
location_terminal,I1,non_I2,Founder,FT428459,Вукојевић,Стевањдан,Херцеговина,Седлари/Требиње,42.8258977,18.0568312
location_terminal,R1b,non_I2,Founder,FT49714,Гојовић,Аранђеловдан,Топлица,Секирача/Куршумлија,42.9023731,21.4394851
location_terminal,R1a,non_I2,Founder,BY99654,Матејић,Петковдан,Шумадија,Секурич/Рековац,43.8032434,21.1711721
location_terminal,J2,non_I2,Relic,J-PF5000,Иваниш,Јовањдан,Херцеговина,Селишта/Горњи Дрежањ/Невесиње,43.1771284,18.2662043
location_terminal,R1b,non_I2,Relic,Z159,Маравић,Никољдан,Лика,Селиште/Дрежница/Огулин,41.6273457,20.2735541
location_terminal,J2,non_I2,Founder,J-Y155375,Милинковић,Ђурђевдан,Стари Влах,Семегњево/Чајетина,43.7489479,19.5856945
location_terminal,I1,non_I2,Founder,FGC22061,Лукић,Стевањдан,Средња Босна,Семизовац/Вогошћа,43.9217507,18.317059
location_terminal,E,non_I2,Founder,E-FT104106,Остојић,Ђурђиц,Бачка,Сента,45.927917,20.0954031
location_terminal,E,non_I2,Founder,E-Z1057,Борђошки,Аранђеловдан,Бачка,Сента,45.927917,20.0954031
location_terminal,R1b,non_I2,Founder,FT49714,Брковић,Аранђеловдан,Брда,Сеоца/Подгорица,42.553333,19.281667
location_terminal,R1b,non_I2,Relic,FGC24408,Поповић,Никољдан,Врањско Поморавље,Сејаце/Бујановац,42.3750281,21.9314773
location_terminal,R1a,non_I2,Founder,FT288648,Тошић,Ђурђевдан,Стари Влах,Сељашница/Пријепоље,43.3716225,19.5922106
location_terminal,PH908_primary,PH908_family,Founder,FT190799,Вукин,Лучиндан,Источни Срем,Сибач/Пећинци,44.9058129,19.9333144
location_terminal,E,non_I2,Relic,E-FTG87914,Лазовић,Никољдан,Топлица,Сибница/Блаце,43.304055,21.220112
location_terminal,R1a,non_I2,Founder,L1029,Боздоков,Аранђеловдан,Бачка,Сивац/Кула,45.7032662,19.3822068
location_terminal,J2,non_I2,Founder,J-Y155375,Мједењак,Никољдан,Далмација,Сиверић/Дрниш,43.8743874,16.1956857
location_terminal,J2,non_I2,Founder,J-Y155375,Гајић,Јовањдан,Босанска Крајина,Сиволинац/Орахова/Градишка,45.198167,17.0033109
location_terminal,R1a,non_I2,Founder,YP4278,Рудаковић,Св. Врачи,Стари Влах,Сивчина/Ивањица,43.5579931,20.1443154
location_terminal,PH908_primary,PH908_family,Founder,FT16449,Вујовић,Никољдан,Херцеговина,Симијова/Билећа,42.9906915,18.2808024
location_terminal,R1a,non_I2,Founder,Z280,Тонковић,Нема,Лика,Синац/Оточац,44.8291939,15.3314938
location_terminal,PH908_primary,PH908_family,Founder,FT14506,Живојиновић,Никољдан,Шумадија,Сипић/Рача,44.1670912,20.9546613
location_terminal,R1a,non_I2,Founder,BY99654,Николић,Ђурђиц,Колубара,Сирдија/Осечина,44.3795071,19.6480507
location_terminal,J2,non_I2,Founder,J-Y22059,Петковић,Лучиндан,Јабланица,Сијарина/Медвеђа,42.784464,21.625812
location_terminal,R1a,non_I2,Founder,L1029,Мајић,Никољдан,Стари Влах,Сијерач/Бајина Башта,44.010852,19.6490476
location_terminal,G,non_I2,Relic,G-L140,Петровић,Мратиндан,Понишавље,Сићево/Ниш,43.3411244,22.0843369
location_terminal,R1a,non_I2,Founder,BY99654,Николић,Никољдан,Понишавље,Сићево/Нишка Бања,43.3411244,22.0843369
location_terminal,G,non_I2,Founder,G-Y128480,Ђорђевић,Ђурђиц,Понишавље,Сићево/Нишка Бања,43.3411244,22.0843369
location_terminal,J2,non_I2,Founder,J-L70,Илић,Никољдан,Понишавље,Сићево/Нишка Бања,43.3411244,22.0843369
location_terminal,PH908_primary,PH908_family,Founder,FT14506,Ступар,Лазарева Субота,Босанска Крајина,Скакавац/Босански Петровац,44.6462212,16.3138425
location_terminal,E,non_I2,Founder,E-L241,Лукић,Ђурђевдан,Североисточна Босна,Скиповац Доњи/Добој,44.7960627,18.229252
location_terminal,E,non_I2,Founder,E-Z38456,Павловић,Никољдан,Северна Македонија,Скопска Црна Гора,42.4444927,19.2800818
location_terminal,R1b,non_I2,Relic,BY250,Павасовић,Никољдан,Далмација,Скрадин,43.8178464,15.923319
location_terminal,R1a,non_I2,Founder,FT288648,Станисављев (Ђорђевић),Ђурђевдан,Стари Влах,Скржути/Ужице,43.7607114,19.8734521
location_terminal,PH908_primary,PH908_family,Founder,FT16449,Дугић,Игњатијевдан,Североисточна Босна,Скугрић Горњи/Модрича,44.9287003,18.3526975
location_terminal,R1a,non_I2,Founder,L1029,Ђурђевић,Ђурђевдан,Североисточна Босна,Скугрић Доњи/Модрича,44.903747,18.3673595
location_terminal,PH908_primary,PH908_family,Founder,Y58629,Мишић,Јовањдан,Североисточна Босна,Скугрић/Модрича,44.9287003,18.3526975
location_terminal,R1a,non_I2,Founder,Y144943,Јакшић,Лазарева Субота,Банија,Слабиња/Костајница,45.1819188,16.5875481
location_terminal,I1,non_I2,Founder,BY169301,Радовић,Ђурђевдан,Колубара,Славковица/Љиг,44.1694159,20.2473301
location_terminal,R1a,non_I2,Relic,FTB79552,Даничић,Лазарева Субота,Колубара,Славковица/Љиг,44.1694159,20.2473301
location_terminal,E,non_I2,Founder,E-PH1395,Вукић,Аранђеловдан,Брда,Слатина/Андријевица,42.7537974,19.7833575
location_terminal,R1a,non_I2,Relic,S23592,Милојевић,Никољдан,Тимочка Крајина,Слатина/Књажевац,43.6072978,22.131898
location_terminal,R1b,non_I2,Founder,BY38894,Дробњаковић,Ђурђевдан,Стари Влах,Слатина/Саставци/Прибој,43.5654802,19.4328328
location_terminal,J2,non_I2,Founder,J-Y230579,Јанковић,Никољдан,Колубара,Слатина/Уб,44.3995707,19.9129619
location_terminal,E,non_I2,Founder,E-Z1057,Дробњак,Стевањдан,Херцеговина,Сливница Површ/Равно,42.6443271,18.2599286
location_terminal,E,non_I2,Founder,E-FT178289,Тунгуз,Јовањдан,Херцеговина,Сливља/Гацко,43.2901952,18.3529637
location_terminal,E,non_I2,Founder,E-Z38456,Игњатовић,Никољдан,Херцеговина,Сливља/Гацко,43.2901952,18.3529637
location_terminal,R1a,non_I2,Founder,FT288648,Драшковић,Никољдан,Херцеговина,Сливља/Гацко,43.2901952,18.3529637
location_terminal,R1a,non_I2,Founder,Y144943,Стајић,Лазарева Субота,Херцеговина,Сливља/Гацко,43.2901952,18.3529637
location_terminal,R1a,non_I2,Founder,YP417,Пикула,Никољдан,Херцеговина,Сливља/Гацко,43.2901952,18.3529637
location_terminal,PH908_primary,PH908_family,Founder,FT16449,Шкоро,Никољдан,Херцеговина,Слипчићи/Мостар,43.2359471,17.8054596
location_terminal,R1b,non_I2,Founder,L51,Татарин,Непознато,Шумадија,Смедерево,44.6651048,20.9271115
location_terminal,PH908_primary,PH908_family,Relic,A22770,Рукавина,Нема,Лика,Смољанац/Кореница,44.9410727,15.6527346
location_terminal,PH908_map_nonprimary,PH908_family,Founder,Y4882,Томасовић,Никољдан,Далмација,Смрдеље/Кистање,43.9374021,15.8961545
location_terminal,PH908_primary,PH908_family,Founder,BY93199,Мићуновић,Аранђеловдан,Стара Херцеговина,Смрдуша/Никшић,43.2447187,17.7916402
location_terminal,R1a,non_I2,Founder,Y260767,Марковић,Јовањдан,Колубара,Совљак/Уб,44.4603113,20.0259883
location_terminal,E,non_I2,Founder,E-FT104106,Савчић,Никољдан,Источна Босна,Соколац,44.7865695,15.8973452
location_terminal,E,non_I2,Founder,E-BY165837,Комадинић,Митровдан,Стари Влах,Соколићи/Чачак,43.9414481,20.3918266
location_terminal,I1,non_I2,Founder,FGC22061,Добриловић,Ђурђевдан,Источна Босна,Соколовићи/Соколац,43.9418403,18.9410114
location_terminal,PH908_primary,PH908_family,Founder,FT16449,Витомир,Игњатијевдан,Источна Босна,Соколовићи/Соколац,43.9418403,18.9410114
location_terminal,E,non_I2,Founder,E-Z16988,Чампара,Аћимовдан,Херцеговина,Солаковићи/Биоград/Невесиње,43.1769445,18.1750073
location_terminal,E,non_I2,Founder,E-Y128213,Томић,Јовањдан,Стари Влах,Солотуша/Бајина Башта,43.9019365,19.5673531
location_terminal,E,non_I2,Founder,E-Y7168,Парчетић,Нема,Бачка,Сомбор,45.7727397,19.1147036
location_terminal,E,non_I2,Founder,E-Z1057,Зурковић,Никољдан,Бачка,Сомбор,45.7727397,19.1147036
location_terminal,I1,non_I2,Founder,FTA86559,Бркић,Ђурђевдан,Бачка,Сомбор,45.7727397,19.1147036
location_terminal,J2,non_I2,Founder,J-Y155375,Галетин,Ђурђевдан,Бачка,Сомбор,45.7727397,19.1147036
location_terminal,J2,non_I2,Founder,J-Y22063,Кунић,Ђурђевдан,Бачка,Сомбор,45.7727397,19.1147036
location_terminal,J2,non_I2,Relic,J-Y29678,Бељански,Аранђеловдан,Бачка,Сомбор,45.7727397,19.1147036
location_terminal,R1a,non_I2,Founder,L1029,Попић,Јовањдан,Бачка,Сомбор,45.7727397,19.1147036
location_terminal,I1,non_I2,Founder,Y155080,Јосић,Митровдан,Бачка,Сомбор,45.7727397,19.1147036
location_terminal,PH908_map_nonprimary,PH908_family,Founder,Y4882,Лазић,Јовањдан,Бачка,Сомбор,45.7727397,19.1147036
location_terminal,R1a,non_I2,Founder,Z280,Шљукић,Никољдан,Бачка,Сомбор,45.7727397,19.1147036
location_terminal,PH908_primary,PH908_family,Founder,FT16449,Орбовић,Јовањдан,Стара Херцеговина,Сомина/Никшић,42.9576612,18.5982654
location_terminal,PH908_primary,PH908_family,Founder,BY93199,Мусић,Аранђеловдан,Херцеговина,Сопот/Залом/Невесиње,43.2405799,18.250587
location_terminal,I1,non_I2,Founder,FGC22061,Вуловић,Аранђеловдан,Стари Влах,Сопотница/Пријепоље,43.3056699,19.7376441
location_terminal,PH908_primary,PH908_family,Founder,BY93199,Радовић,Аранђеловдан,Зета,Сотонићи/Бар,42.2334056,19.0519166
location_terminal,J2,non_I2,Founder,J-Y22063,Стамболија,Ђурђевдан,Банија,Сочаница/Двор,45.065984,16.2901237
location_terminal,PH908_primary,PH908_family,Founder,FT14506,Ђурђевић,Јовањдан,Косово,Сочаница/Лепосавић,43.0561114,20.8072601
location_terminal,J2,non_I2,Relic,J-BY225800,Ристић,Аранђеловдан,Врањско Поморавље,Спанчевац/Бујановац,42.3683757,21.8453555
location_terminal,J2,non_I2,Relic,J-M319,Трајковић,Никољдан,Врањско Поморавље,Спанчевац/Бујановац,42.3683757,21.8453555
location_terminal,E,non_I2,Founder,E-FT104106,Караман,Непознато,Далмација,Сплит,43.5099367,16.4896122
location_terminal,I2_unmapped_nonPH908,nonPH908_I2,Relic,PF4088,Илић,Нема,Далмација,Сплит,43.5099367,16.4896122
location_terminal,PH908_primary,PH908_family,Founder,Y56203,Јањуз (Думичић),Нема,Далмација,Сплит,43.5099367,16.4896122
location_terminal,PH908_primary,PH908_family,Founder,FT14506,Брновић,Петковдан,Брда,Спуж/Даниловград,42.5107033,19.1969185
location_terminal,R1b,non_I2,Founder,A274,Растовић,Јовањдан,Лика,Срб/Грачац,44.3618722,16.1237712
location_terminal,E,non_I2,Founder,E-Z1057,Кулачин,Св. Врачи,Бачка,Србобран,45.5509101,19.7993393
location_terminal,R1a,non_I2,Relic,FT255070,Попмихајлов,Аранђеловдан,Бачка,Србобран,45.5509101,19.7993393
location_terminal,R1b,non_I2,Relic,Z209,Лазов,Велика Госпојина,Бачка,Србобран,45.5509101,19.7993393
location_terminal,E,non_I2,Relic,E-A783,Раденковић,Ђурђиц,Косово,Србовац/Звечан,42.9522725,20.8383449
location_terminal,E,non_I2,Founder,E-Z1057,Глишић,Алимпијевдан,Североисточна Босна,Сребреница,44.1063188,19.2952783
location_terminal,J2,non_I2,Founder,J-Y22059,Бањац,Јовањдан,Босанска Крајина,Средице/Горњи Рибник/Рибник,44.4035951,16.8269342
location_terminal,PH908_primary,PH908_family,Relic,Y59595,Муникравић,Св. Врачи,Банија,Средња Меминска/Мајур,45.2780471,16.6006657
location_terminal,R1a,non_I2,Founder,Z280,Стојковић,Ђурђевдан,Браничево,Средњево/Велико Градиште,44.6456705,21.4891071
location_terminal,E,non_I2,Relic,E-Y173089,Цветковић,Јовањдан,Јабланица,Средњи Бучумет/Медвеђа,42.911131,21.5959622
location_terminal,PH908_primary,PH908_family,Founder,FT16449,Томић,Игњатијевдан,Североисточна Босна,Средњи Загони/Бијељина,44.7568464,19.2156628
location_terminal,E,non_I2,Founder,E-Z1057,Поповић,Никољдан,Источни Срем,Сремски Карловци,45.1860254,19.9571373
location_terminal,I1,non_I2,Founder,FGC22061,Веселић,Ђурђевдан,Источни Срем,Сремски Карловци,45.1860254,19.9571373
location_terminal,R1a,non_I2,Relic,Y465102,Кујунџић,Јовањдан,Источни Срем,Сремски Карловци,45.1860254,19.9571373
location_terminal,E,non_I2,Founder,E-CTS11222,Косанић,Никољдан,Источни Срем,Сремски Михаљевци/Пећинци,44.8587944,20.0383376
location_terminal,R1b,non_I2,Founder,BY38894,Никшић,Никољдан,Шумадија,Сремчица/Чукарица,44.6719378,20.3954404
location_terminal,E,non_I2,Founder,E-Z1057,Шећеров,Михољдан,Западни Банат,Српски Крстур/Нови Кнежевац,46.1269965,20.0957423
location_terminal,J2,non_I2,Founder,J-Y22063,Јањатовић,Јовањдан,Лика,Српско Поље/Оточац,44.6596219,20.7174456
location_terminal,PH908_primary,PH908_family,Founder,FT16449,Ковачевић,Игњатијевдан,Херцеговина,Срђевићи/Гацко,43.1609281,18.4543168
location_terminal,R1a,non_I2,Founder,BY99654,Дацијар,Ђурђевдан,Босанска Крајина,Стабанџа/Велика Кладуша,45.1145604,16.0661508
location_terminal,J2,non_I2,Founder,J-Y22063,Чеперковић,Алимпијевдан,Расина,Станишинци/Врњачка Бања,43.5486681,20.9001336
location_terminal,R1a,non_I2,Relic,YP1337,Бењак,Нема,Бачка,Станишић/Сомбор,45.9385555,19.1645788
location_terminal,R1b,non_I2,Founder,FT44409,Будимац,Мратиндан,Бачка,Стапар/Сомбор,45.6640973,19.2018979
location_terminal,R1a,non_I2,Founder,YP270,Грујић,Ђурђевдан,Бачка,Стапар/Сомбор,45.6640973,19.2018979
location_terminal,R1b,non_I2,Founder,A274,Буквић,Стевањдан,Стари Влах,Стапари/Ужице,43.8703576,19.7552033
location_terminal,E,non_I2,Founder,E-Z1057,Радосављевић,Јовањдан,Источни Срем,Стари Сланкамен/Инђија,45.1414778,20.2585993
location_terminal,J2,non_I2,Founder,J-L70,Видојковић,Ђурђиц,Тимочка Крајина,Старо Корито/Књажевац,43.541708,22.3582209
location_terminal,J2,non_I2,Relic,J-M205,Шестић,Петковдан,Шумадија,Старо Село/Велика Плана,44.2925574,21.102563
location_terminal,E,non_I2,Founder,E-Z1057,Паранос,Ђурђевдан,Херцеговина,Старо Слано/Требиње,42.7651336,18.2344958
location_terminal,R1a,non_I2,Founder,L1029,Катана,Аранђеловдан,Источна Босна,Старонићи/Чајниче,43.5593609,19.1343556
location_terminal,I1,non_I2,Relic,Y264438,Пејовић,Ђурђевдан,Источна Босна,Старонићи/Чајниче,43.5593609,19.1343556
location_terminal,E,non_I2,Founder,E-Y126722,Томић,Петровдан,Брда,Старче/Колашин,42.8549212,19.3080011
location_terminal,R1b,non_I2,Founder,BY38894,Танасијевић,Непознато,Западни Банат,Старчево/Панчево,44.8100472,20.6998149
location_terminal,I1,non_I2,Founder,FGC22061,Лачњевац,Никољдан,Расина,Стањево/Александровац,43.4571508,21.0735342
location_terminal,E,non_I2,Founder,E-CTS11222,Јакшић,Никољдан,Херцеговина,Степен/Гацко,43.0789563,18.5402045
location_terminal,R1a,non_I2,Founder,Y144943,Шаренац,Лазарева Субота,Херцеговина,Степен/Гацко,43.0789563,18.5402045
location_terminal,N,non_I2,Founder,N-FT213937,Ромчевић,Јовањдан,Кордун,Стипан/Вргинмост,45.4620539,15.8695715
location_terminal,E,non_I2,Founder,E-L241,Николић,Аранђеловдан,Брда,Стијена/Подгорица,42.4621485,19.2021235
location_terminal,R1b,non_I2,Founder,FT49714,Божовић,Митровдан,Брда,Стијена/Подгорица,42.4621485,19.2021235
location_terminal,G,non_I2,Founder,G-Y128480,Марковић,Аранђеловдан,Брда,Стожер/Бијело Поље,43.1130609,19.5270629
location_terminal,I1,non_I2,Relic,FTA28840,Петровић,Митровдан,Понишавље,Стол/Бабушница,43.037575,22.468326
location_terminal,PH908_primary,PH908_family,Founder,FT14506,Мијановић,Никољдан,Херцеговина,Столац,43.0830587,17.9580026
location_terminal,PH908_primary,PH908_family,Founder,FT16449,Вукосав,Никољдан,Херцеговина,Столац,43.0830587,17.9580026
location_terminal,PH908_primary,PH908_family,Founder,Y58629,Елезовић,Нема,Херцеговина,Столац,43.0830587,17.9580026
location_terminal,PH908_primary,PH908_family,Founder,FT16449,Цицмил,Ђурђевдан,Стара Херцеговина,Столац/Плужине,43.0830587,17.9580026
location_terminal,E,non_I2,Founder,E-BY165837,Трипковић,Алимпијевдан,Расина,Стопања/Трстеник,43.5803951,21.1464623
location_terminal,E,non_I2,Founder,E-BY165837,Рајић,Ђурђиц,Шумадија,Страгари/Крагујевац,44.1508915,20.6624834
location_terminal,PH908_primary,PH908_family,Founder,FT14506,Вељковић,Никољдан,Косово,Стража/Гњилане,42.463515,21.4693599
location_terminal,E,non_I2,Founder,E-Y142744,Вулин,Михољдан,Босанска Крајина,Стричићи/Бања Лука,44.5967991,16.9827597
location_terminal,N,non_I2,Founder,N-FT213937,Курбалија,Јовањдан,Далмација,Стрмица/Книн,44.1694179,16.2616872
location_terminal,I1,non_I2,Founder,FTA86559,Живојиновић,Пантелијевдан,Колубара,Стрмово/Лајковац,44.3344294,20.1394725
location_terminal,R1b,non_I2,Founder,BY38894,Перовић,Никољдан,Брда,Стројтаница/Бијело Поље,43.0341595,19.7473559
location_terminal,PH908_primary,PH908_family,Founder,FT190799,Николић,Лучиндан,Колубара,Струганик/Мионица,44.1874997,20.1084313
location_terminal,E,non_I2,Founder,E-FT178289,Роган,Јовањдан,Херцеговина,Струпићи/Берковићи,43.0724681,18.1800932
location_terminal,PH908_primary,PH908_family,Founder,FT16449,Боро,Никољдан,Херцеговина,Струјићи/Требиње,42.8987165,18.0154035
location_terminal,E,non_I2,Founder,E-Z1057,Миловановић,Никољдан,Шумадија,Стубал/Краљево,43.6910786,20.8734846
location_terminal,E,non_I2,Founder,E-L241,Трајковић,Аранђеловдан,Јабланица,Стубла/Бојник,43.067732,21.798971
location_terminal,J2,non_I2,Founder,J-Y22059,Милићевић,Ђурђиц,Јабланица,Стубла/Медвеђа,42.884215,21.490186
location_terminal,J2,non_I2,Relic,J-Z631,Јевтић,Јовањдан,Колубара,Стубленица/Уб,44.4587155,20.1239607
location_terminal,E,non_I2,Relic,E-M84,Милосављевић,Аранђеловдан,Понишавље,Студена/Бабушница,42.969594,22.508082
location_terminal,E,non_I2,Founder,E-Y7168,Вуковић,Нема,Бачка,Суботица,46.0929654,19.6539185
location_terminal,E,non_I2,Founder,E-Z1057,Ћакић,Нема,Бачка,Суботица,46.0929654,19.6539185
location_terminal,R1a,non_I2,Founder,Y189493,Бачић,Нема,Бачка,Суботица,46.0929654,19.6539185
location_terminal,PH908_primary,PH908_family,Founder,Y56203,Видаковић,Нема,Бачка,Суботица,46.0929654,19.6539185
location_terminal,R1a,non_I2,Relic,YP3982,Рудински,Нема,Бачка,Суботица,46.0929654,19.6539185
location_terminal,PH908_primary,PH908_family,Founder,FT16449,Гаћиновић,Ђурђевдан,Херцеговина,Суви Врх/Горња Мека Груда/Билећа,43.0357594,18.399358
location_terminal,E,non_I2,Founder,E-Z1057,Ђурковић,Св. Врачи,Топлица,Суви До/Блаце,43.2578383,21.3159073
location_terminal,E,non_I2,Founder,E-Z13591,Ратковић,Петковдан,Метохија,Суви Лукавац/Исток,42.7348718,20.5091945
location_terminal,R1a,non_I2,Founder,L1029,Томић,Ђурђевдан,Североисточна Босна,Супач/Милићи,44.1573104,19.0615847
location_terminal,E,non_I2,Founder,E-Y7168,Вељковић,Никољдан,Врањско Поморавље,Сурдулица,42.6919329,22.1701473
location_terminal,E,non_I2,Founder,E-Y126722,Аничић,Часне Вериге апостола Петра,Босанска Крајина,Сурјан/Мркоњић Град,44.5308033,17.1317519
location_terminal,E,non_I2,Founder,E-Y128213,Јовановић,Ђурђевдан,Североисточна Босна,Сухо Поље/Бијељина,44.6928537,19.0961397
location_terminal,R1b,non_I2,Relic,PF7563,Радишић,Јовањдан,Североисточна Босна,Сухо Поље/Бијељина,44.6928537,19.0961397
location_terminal,E,non_I2,Founder,E-Z1057,Вукашиновић,Лучиндан,Стари Влах,Сјеница,43.2729348,19.9991727
location_terminal,G,non_I2,Relic,G-PF3345,Новаковић,Стевањдан,Колубара,Табановић/Мионица,44.2902877,20.0678871
location_terminal,E,non_I2,Founder,E-FGC11450,Давчик,Нема,Бачка,Таванкут/Суботица,46.0553723,19.482924
location_terminal,E,non_I2,Founder,E-Z38456,Игњатић,Јовањдан,Херцеговина,Талежа/Требиње,42.7104798,18.2335213
location_terminal,R1b,non_I2,Relic,BY55016,Спахић,Јовањдан,Херцеговина,Тасовчићи/Чапљина,43.1144899,17.7151826
location_terminal,E,non_I2,Founder,E-Z1057,Јовановски,Св. Варвара,Западна Македонија,Теарце,42.0962641,21.0499952
location_terminal,I1,non_I2,Founder,FGC22061,Нешић,Никољдан,Мачва,Текериш/Лозница,44.552778000000004,19.524444
location_terminal,E,non_I2,Founder,E-Z1057,Весковић,Аранђеловдан,Стари Влах,Теочин/Горњи Милановац,44.0688845,20.2368068
location_terminal,I1,non_I2,Founder,FGC22061,Луковић,Ђурђевдан,Стари Влах,Теочин/Горњи Милановац,44.0688845,20.2368068
location_terminal,PH908_primary,PH908_family,Founder,FT14506,Чоловић,Ђурђевдан,Далмација,Тепљух/Дрниш,43.8933717,16.2085222
location_terminal,PH908_primary,PH908_family,Founder,Y134585,Радешић,Св. Симеон Богопримац,Североисточна Босна,Теслић,44.6065761,17.8595061
location_terminal,I1,non_I2,Founder,FGC22061,Томић,Ђурђевдан,Стара Херцеговина,Тимар/Шавник,42.9775589,19.19491
location_terminal,PH908_primary,PH908_family,Relic,Y255062,Булатовић,Лучиндан,Стара Херцеговина,Тимар/Шавник,42.9775589,19.19491
location_terminal,I1,non_I2,Founder,BY169301,Козарев,Петковдан,Бачка,Тител,45.2043941,20.3060414
location_terminal,R1b,non_I2,Relic,M12135,Рошул,Лучиндан,Бачка,Тител,45.2043941,20.3060414
location_terminal,E,non_I2,Founder,E-FGC11450,Филиповић,Ђурђевдан,Стари Влах,Тијање/Лучани,43.8362524,20.2198954
location_terminal,R1a,non_I2,Founder,Y260767,Јовановић,Никољдан,Североисточна Босна,Тиња/Сребреник,44.6905106,18.5051362
location_terminal,E,non_I2,Founder,E-Z1057,Тошић,Јовањдан,Расина,Тоболац/Трстеник,43.552569,21.1157933
location_terminal,PH908_primary,PH908_family,Founder,FT14506,Пујић,Ђурђевдан,Херцеговина,Тодорићи/Требиње,42.6920471,18.3330098
location_terminal,I1,non_I2,Founder,FTA86559,Прцовић,Лучиндан,Херцеговина,Тодорићи/Требиње,42.6920471,18.3330098
location_terminal,R1b,non_I2,Founder,FT44409,Илић,Алимпијевдан,Мачва,Толисавац/Крупањ,44.3527778,19.435
location_terminal,J2,non_I2,Founder,J-Y22063,Вејновић,Св. Василије Велики,Лика,Толић/Удбина,44.5916521,15.6646178
location_terminal,G,non_I2,Founder,G-Y128480,Мрдак,Никољдан,Брда,Томашево/Бијело Поље,43.0690125,19.6386619
location_terminal,J2,non_I2,Founder,J-Y22063,Кокот,Јовањдан,Лика,Томингај/Грачац,44.3515641,15.8356455
location_terminal,E,non_I2,Founder,E-FGC11450,Чепрнић,Мратиндан,Стара Херцеговина,Топла/Херцег Нови,42.4592746,18.5268749
location_terminal,PH908_primary,PH908_family,Founder,FT14506,Станишић,Тројчиндан,Стара Херцеговина,Топла/Херцег Нови,42.4592746,18.5268749
location_terminal,J2,non_I2,Relic,J-L25,Раденковић,Мратиндан,Врањско Поморавље,Топли Дол/Сурдулица,42.6063889,22.3580556
location_terminal,J2,non_I2,Founder,J-Y22059,Печеница,Аранђеловдан,Североисточна Босна,Топлица/Сребреница,43.9959791,19.443655
location_terminal,E,non_I2,Founder,E-Z1057,Даниловић,Јовањдан,Североисточна Босна,Торине/Прњавор Велики/Добој,44.6853693,17.9913802
location_terminal,G,non_I2,Relic,G-Z6692,Баги,Нема,Бачка,Тотово Село/Кањижа,45.9635873,19.9194944
location_terminal,J2,non_I2,Founder,J-Y22059,Никшић (Ђурић),Ђурђевдан,Средња Босна,Травник,44.2259454,17.6661738
location_terminal,N,non_I2,Founder,N-FGC28435,Госпавић,Јовањдан,Стари Влах,Трбушани/Чачак,43.924893,20.3256573
location_terminal,E,non_I2,Founder,E-Z1057,Максимовић,Св. Мина,Топлица,Трбуње/Блаце,43.281237,21.260703
location_terminal,E,non_I2,Founder,E-Z1057,Митић,Аранђеловдан,Врањско Поморавље,Трговиште,45.0202767,16.5612331
location_terminal,E,non_I2,Founder,E-Z1057,Тасовац,Аранђеловдан,Херцеговина,Требијови/Требиње,42.7523566,18.3183293
location_terminal,R1a,non_I2,Founder,L1029,Ђерисило,Михољдан,Херцеговина,Требијови/Требиње,42.7523566,18.3183293
location_terminal,R1a,non_I2,Founder,Y189493,Јокановић,Стевањдан,Херцеговина,Требијови/Требиње,42.7523566,18.3183293
location_terminal,E,non_I2,Founder,E-FT104106,Максимовић,Непознато,Херцеговина,Требиње,42.7098295,18.3457261
location_terminal,PH908_primary,PH908_family,Founder,FT14506,Бутулија,Јовањдан,Херцеговина,Требиње,42.7098295,18.3457261
location_terminal,PH908_primary,PH908_family,Relic,FT69508,Петерсон (Косић),Ђурђевдан,Херцеговина,Требиње,42.7098295,18.3457261
location_terminal,J2,non_I2,Founder,J-L70,Кукурић,Никољдан,Херцеговина,Требиње,42.7098295,18.3457261
location_terminal,R1a,non_I2,Founder,Z280,Гуровић,Аћимовдан,Херцеговина,Требиње,42.7098295,18.3457261
location_terminal,PH908_primary,PH908_family,Founder,FT16449,Бојовић,Томиндан,Рашка,Требиће/Лепосавић,43.1931202,20.6441323
location_terminal,PH908_primary,PH908_family,Founder,FT14506,Селак,Вартоломијевдан,Босанска Крајина,Требовљани/Градишка,45.0977605,17.1266967
location_terminal,I1,non_I2,Founder,Y155080,Секулић,Никољдан,Западна Македонија,Тресонче/Маврово и Ростуша,41.562568,20.7220194
location_terminal,J2,non_I2,Founder,J-L70,Симовић,Мратиндан,Шумадија,Трешњевак/Крагујевац,43.9097407,20.9159334
location_terminal,E,non_I2,Founder,E-PH1395,Машовић,Аранђеловдан,Брда,Трешњево/Андријевица,42.7729356,19.8029233
location_terminal,E,non_I2,Relic,E-Y176957,Вукићевић,Аранђеловдан,Брда,Трешњево/Андријевица,42.7729356,19.8029233
location_terminal,E,non_I2,Founder,E-Y126722,Видовић,Часне Вериге апостола Петра,Босанска Крајина,Тријебово/Мркоњић Град,44.4845847,17.0808656
location_terminal,PH908_primary,PH908_family,Relic,FT109387,Пролић,Михољдан,Босанска Крајина,Тријебово/Мркоњић Град,44.4845847,17.0808656
location_terminal,PH908_primary,PH908_family,Founder,FT190799,Костић,Лучиндан,Стари Влах,Трнава/Ужице,43.8492344,19.7565513
location_terminal,PH908_primary,PH908_family,Founder,Y51673,Миловић,Никољдан,Стари Влах,Трнава/Ужице,43.8492344,19.7565513
location_terminal,G,non_I2,Relic,G-BY195513,Бојанић,Никољдан,Источна Босна,Трнавци код Рудог/Рудо,43.6161317,19.4558
location_terminal,PH908_primary,PH908_family,Founder,FT16449,Милојевић,Аранђеловдан,Херцеговина,Трновац/Грбеши/Требиње,42.770853,18.2527101
location_terminal,E,non_I2,Founder,E-Z1057,Белчевић,Ђурђевдан,Топлица,Трнови Лаз/Прокупље,43.1363325,21.4278084
location_terminal,G,non_I2,Founder,G-Y128480,Мрдак,Никољдан,Стара Херцеговина,Трновице/Пљевља,43.3534852,19.1889054
location_terminal,E,non_I2,Relic,E-Y5435,Богдановић,Аранђеловдан,Шумадија,Трновче/Велика Плана,44.4124832,21.1126168
location_terminal,E,non_I2,Founder,E-L241,Коларић,Аранђеловдан,Западни Срем,Трпиња,45.4191674,18.8996797
location_terminal,R1a,non_I2,Founder,BY99654,Грубор,Ђурђевдан,Босанска Крајина,Трубар/Дрвар,44.3489545,16.2628623
location_terminal,PH908_primary,PH908_family,Founder,FT386055,Родић,Аранђеловдан,Босанска Крајина,Трубар/Дрвар,44.3489545,16.2628623
location_terminal,I1,non_I2,Founder,FGC22061,Џекулић,Стевањдан,Стари Влах,Трудово/Нова Варош,43.5118646,19.9380612
location_terminal,E,non_I2,Founder,E-CTS11222,Радан,Никољдан,Херцеговина,Трусина/Берковићи,43.1393167,18.1066429
location_terminal,J2,non_I2,Founder,J-FT413312,Чалија,Јовањдан,Херцеговина,Трусина/Невесиње,43.1340293,18.1658954
location_terminal,Y3120_deep_mid_nonPH908,nonPH908_I2,Founder,Z17855,Кондић,Ђурђевдан,Мачва,Тршић/Лозница,44.4958165,19.2704649
location_terminal,E,non_I2,Founder,E-FT104106,Миросављевић,Лазарева Субота,Славонија,Трњани/Гарчин,45.186356,18.1508084
location_terminal,I1,non_I2,Founder,BY169301,Ђуричић,Никољдан,Колубара,Тубравић/Ваљево,44.2138565,19.7387331
location_terminal,R1b,non_I2,Relic,FT48939,Ђурашевић,Митровдан,Зета,Тудоровићи/Будва,42.2456727,18.9118979
location_terminal,E,non_I2,Founder,E-BY165837,Коћо,Нема,Брда,Тузи,42.8581287,21.2188719
location_terminal,R1a,non_I2,Relic,Y137854,Гардаш,Лазарева Субота,Североисточна Босна,Тузла,44.539298,18.6749337
location_terminal,PH908_primary,PH908_family,Founder,BY93199,Пијовић,Аранђеловдан,Јабланица,Туларе/Медвеђа,42.794168,21.460543
location_terminal,E,non_I2,Founder,E-FT104106,Марковић,Јовањдан,Јабланица,Туларе/Медвеђа,42.794168,21.460543
location_terminal,E,non_I2,Founder,E-Z38456,Стојковић,Никољдан,Шумадија,Тулеж/Аранђеловац,44.4157702,20.4422253
location_terminal,R1b,non_I2,Founder,A274,Риђешић,Аранђеловдан,Херцеговина,Тули/Зубци,42.6487584,18.37743
location_terminal,PH908_primary,PH908_family,Founder,FT14506,Кисин,Томиндан,Херцеговина,Тули/Требиње,42.6487584,18.37743
location_terminal,R1a,non_I2,Founder,BY99654,Стаменковић,Алимпијевдан,Јабланица,Тулово/Лесковац,42.883953,21.987379
location_terminal,J2,non_I2,Founder,J-Z38299,Ајдиновић,Нема,Јабланица,Тупале/Медвеђа,42.8225019,21.6059296
location_terminal,PH908_primary,PH908_family,Founder,BY93199,Килибарда,Аранђеловдан,Стара Херцеговина,Тупан/Никшић,42.7930252,18.632268
location_terminal,E,non_I2,Founder,E-Z16988,Поповац,Никољдан,Херцеговина,Турани/Требиње,42.8059433,18.2795775
location_terminal,J2,non_I2,Founder,J-Y22063,Малетић,Аранђеловдан,Бачка,Турија/Србобран,45.5376971,19.8549648
location_terminal,PH908_primary,PH908_family,Founder,FT14506,Миладиновић,Ђурђевдан,Херцеговина,Турменти/Требиње,42.6570803,18.3938393
location_terminal,R1b,non_I2,Relic,BY199059,Николић,Никољдан,Јабланица,Турјане/Бојник,42.994309,21.657
location_terminal,R1a,non_I2,Founder,L1029,Глигоревић,Ђурђевдан,Североисточна Босна,Тутњевац/Угљевик,44.7126085,18.9381212
location_terminal,PH908_primary,PH908_family,Founder,Y56203,Павковић,Никољдан,Кордун,Тушиловић/Карловац,45.3938831,15.615526
location_terminal,I1,non_I2,Founder,FGC22061,Перовић,Мратиндан,Стара Херцеговина,Тушина/Шавник,43.9517541,17.9165425
location_terminal,PH908_map_nonprimary,PH908_family,Founder,Y4882,Ковачевић,Јовањдан,Херцеговина,Туље/Требиње,42.8276289,18.1055509
location_terminal,I1,non_I2,Founder,Y155080,Вуковић,Никољдан,Колубара,Уб,44.456203,20.0737772
location_terminal,E,non_I2,Founder,E-BY165837,Прелевић,Никољдан,Брда,Убли/Подгорица,42.4922183,19.3933311
location_terminal,J2,non_I2,Founder,J-Y155375,Стојичић,Ђурђевдан,Босанска Крајина,Убовића Брдо/Мркоњић Град,44.3363229,16.8956213
location_terminal,PH908_primary,PH908_family,Founder,FT14506,Богдановић,Ђурђевдан,Херцеговина,Убоско/Љубиње,43.0086063,18.0852893
location_terminal,PH908_primary,PH908_family,Founder,Y58629,Ћук,Јовањдан,Херцеговина,Убоско/Љубиње,43.0086063,18.0852893
location_terminal,E,non_I2,Founder,E-Y128213,Лучић,Јовањдан,Стари Влах,Увац/Прибој,43.6121974,19.5884504
location_terminal,I1,non_I2,Founder,FTA86559,Билбија,Лучиндан,Босанска Крајина,Угарци/Босанско Грахово,44.1658384,16.3733417
location_terminal,E,non_I2,Founder,E-Z13591,Дмитровић,Никољдан,Шумадија,Угриновци/Горњи Милановац,44.1715584,20.3892927
location_terminal,E,non_I2,Founder,E-Z1057,Рикић,Мратиндан,Североисточна Босна,Угљевик Село/Угљевик,44.6728349,19.0272712
location_terminal,E,non_I2,Founder,E-FT178289,Чутурић,Јовањдан,Североисточна Босна,Угљевичка Обријеж/Угљевик,44.6918984,19.0394205
location_terminal,I1,non_I2,Relic,M227,Илић,Никољдан,Шумадија,Удовице/Смедерево,44.6390478,20.8549118
location_terminal,E,non_I2,Founder,E-Y7168,Шкипина,Никољдан,Херцеговина,Удрежње/Невесиње,43.2058792,18.0894621
location_terminal,J2,non_I2,Relic,J-Y523332,Вујадиновић,Аранђеловдан,Херцеговина,Удрежње/Невесиње,43.2058792,18.0894621
location_terminal,I1,non_I2,Founder,FGC22061,Јаковљевић,Никољдан,Мачва,Узовница/Љубовија,44.2459418,19.3416603
location_terminal,N,non_I2,Founder,N-FT182494,Ђуричић,Никољдан,Североисточна Босна,Укриница/Теслић,44.6563071,17.7809626
location_terminal,PH908_primary,PH908_family,Founder,FT14506,Мијановић,Никољдан,Херцеговина,Укшићи/Требиње,42.7963217,18.3102728
location_terminal,E,non_I2,Founder,E-Y7168,Јорданов,Нема,Повардарје,Уланци/Градско,41.5879085,21.9440671
location_terminal,J2,non_I2,Founder,J-Z38299,Брауновић,Аранђеловдан,Брда,Улица/Колашин,42.7528188,19.8851246
location_terminal,J2,non_I2,Founder,J-Y155375,Самоуковић,Ђурђевдан,Средња Босна,Урдук/Хаџићи,43.7993694,18.1342966
location_terminal,E,non_I2,Founder,E-Z1057,Бојковић,Ђурђиц,Косово,Урошевац,42.3682168,21.1532848
location_terminal,N,non_I2,Founder,N-FGC28435,Кривокућа,Никољдан,Кордун,Утиња/Карловац,45.403063,15.723215
location_terminal,PH908_primary,PH908_family,Relic,BY97841,Јовановић,Аранђеловдан,Колубара,Ушће/Обреновац,44.629333,20.006634
location_terminal,E,non_I2,Founder,E-Z16988,Чубриловић,Никољдан,Херцеговина,Фатница/Билећа,43.0283069,18.3230171
location_terminal,PH908_primary,PH908_family,Founder,FT16449,Крњевић,Аранђеловдан,Херцеговина,Фатница/Билећа,43.0283069,18.3230171
location_terminal,N,non_I2,Founder,N-FT182494,Радовановић,Ђурђевдан,Херцеговина,Фатница/Билећа,43.0283069,18.3230171
location_terminal,R1b,non_I2,Relic,FT357646,Фемић,Аранђеловдан,Брда,Фемића Крш/Бјело Поље,42.969773000000004,19.7986255
location_terminal,PH908_primary,PH908_family,Founder,FT14506,Срндовић,Лазарева Субота,Источна Босна,Фоча,44.8489627,18.0062959
location_terminal,PH908_primary,PH908_family,Founder,BY93199,Анђић,Аранђеловдан,Херцеговина,Фојница/Гацко,43.2335786,18.3999075
location_terminal,J2,non_I2,Founder,J-FT413312,Гузина,Аранђеловдан,Херцеговина,Фојница/Гацко,43.2335786,18.3999075
location_terminal,PH908_primary,PH908_family,Founder,FT16449,Кундачина,Ђурђевдан,Херцеговина,Хатељи/Берковићи,43.0911638,18.1968708
location_terminal,R1a,non_I2,Founder,BY99654,Вјештица,Ђурђевдан,Босанска Крајина,Хашани/Крупа на Уни,44.8270772,16.3719322
location_terminal,N,non_I2,Founder,N-FT213937,Бундало,Јовањдан,Босанска Крајина,Хашани/Крупа на Уни,44.8270772,16.3719322
location_terminal,E,non_I2,Founder,E-Y128213,Пријовић,Јовањдан,Стари Влах,Херцеговачка Голеша/Прибој,43.5036499,19.4036702
location_terminal,R1a,non_I2,Founder,L1029,Лангура,Никољдан,Стари Влах,Херцеговачка Голеша/Прибој,43.5036499,19.4036702
location_terminal,E,non_I2,Founder,E-Z16988,Попадић,Никољдан,Херцеговина,Ходбина/Мостар,43.229703,17.8523897
location_terminal,J2,non_I2,Founder,J-Y230579,Џонлез,Јовањдан,Херцеговина,Ходбина/Мостар,43.229703,17.8523897
location_terminal,R1a,non_I2,Founder,Y189493,Главаш,Јовањдан,Херцеговина,Ходбина/Мостар,43.229703,17.8523897
location_terminal,PH908_primary,PH908_family,Founder,Y56203,Михић,Никољдан,Херцеговина,Ходбина/Мостар,43.229703,17.8523897
location_terminal,R1b,non_I2,Founder,BY38894,Крчмар,Ђурђевдан,Босанска Крајина,Хотковци/Гламоч,44.2280553,16.7863432
location_terminal,E,non_I2,Founder,E-FT104106,Муратовић,Јовањдан,Херцеговина,Хргуд/Берковићи,43.1013761,18.0433541
location_terminal,PH908_primary,PH908_family,Founder,Y51673,Милићевић,Никољдан,Херцеговина,Хргуд/Берковићи,43.1013761,18.0433541
location_terminal,E,non_I2,Founder,E-Y128213,Николић,Јовањдан,Источна Босна,Хреша/Источно Сарајево,43.875821,18.5036451
location_terminal,PH908_primary,PH908_family,Relic,Y199158,Дучић,Никољдан,Херцеговина,Хрупјела/Требиње,42.7172549,18.3435574
location_terminal,R1a,non_I2,Founder,L1029,Колак,Јовањдан,Херцеговина,Хум/Требиње,42.7284887,18.1946559
location_terminal,PH908_primary,PH908_family,Relic,Y189089,Јовановић,Јовањдан,Херцеговина,Хум/Требиње,42.7284887,18.1946559
location_terminal,PH908_primary,PH908_family,Founder,FT190799,Пејак,Лучиндан,Херцеговина,Хумилишани/Мостар,43.4315166,17.8923547
location_terminal,R1b,non_I2,Founder,BY38894,Рађен,Лазарева Субота,Источна Босна,Хунковићи/Чајниче,43.6141976,19.2229414
location_terminal,Y3120_shallow_nonPH908,nonPH908_I2,Relic,Y93273,Нухановић,Нема,Североисточна Босна,Хускићи/Лукавац,44.5631556,18.5303281
location_terminal,J2,non_I2,Relic,J-M319,Ивановић,Никољдан,Врањско Поморавље,Цакановац/Прешево,42.2749746,21.6797314
location_terminal,PH908_primary,PH908_family,Founder,FT14506,Живковић,Јовањдан,Стара Херцеговина,Царине/Никшић,42.7278357,18.6042718
location_terminal,I1,non_I2,Founder,Y155080,Ивановић,Аранђеловдан,Колубара,Цветановац/Љиг,44.2456085,20.2419637
location_terminal,R1a,non_I2,Founder,BY99654,Остојић,Стевањдан,Североисточна Босна,Цвиљевина/Тузла,44.5599349,18.8079558
location_terminal,I1,non_I2,Founder,FGC22061,Рашковић-Дробњак,Непознато,Херцеговина,Церница/Гацко,43.0770424,18.5163356
location_terminal,N,non_I2,Founder,N-FT182494,"""Церница-гроб 2, скелет 1""",Непознато,Херцеговина,Церница/Гацко,43.0770424,18.5163356
location_terminal,N,non_I2,Founder,N-FT213937,Бајчетић,Јовањдан,Херцеговина,Церница/Гацко,43.0770424,18.5163356
location_terminal,I1,non_I2,Founder,FGC22061,Митровић,Никољдан,Стари Влах,Церова/Ариље,43.7571406,20.1099523
location_terminal,J2,non_I2,Founder,J-Y155375,Ковачевић,Ђурђевдан,Мачва,Церова/Крупањ,44.4008333,19.3780556
location_terminal,E,non_I2,Founder,E-Z1057,Младеновић,Стевањдан,Шумадија,Церовац/Смедеревска Паланка,44.3280615,20.8646795
location_terminal,E,non_I2,Founder,E-Z1057,Башић,Јовањдан,Херцеговина,Церовац/Требиње,42.7135098,18.2003988
location_terminal,R1a,non_I2,Founder,YP417,Павковић,Св. Василије Велики,Босанска Крајина,Церовица/Нови Град,45.1025255,16.4379424
location_terminal,E,non_I2,Founder,E-Y126722,Анђелић,Часне Вериге апостола Петра,Североисточна Босна,Церовица/Станари,44.7087663,17.8703372
location_terminal,E,non_I2,Founder,E-Y142744,Китић,Ђурђевдан,Североисточна Босна,Церовица/Станари,44.7087663,17.8703372
location_terminal,E,non_I2,Founder,E-Z38456,Нојић,Никољдан,Североисточна Босна,Церовица/Станари,44.7087663,17.8703372
location_terminal,R1a,non_I2,Founder,BY30743,Огњеновић,Никољдан,Стара Херцеговина,Церовица/Тупан/Никшић,44.7172787,17.8870955
location_terminal,Y3120_shallow_nonPH908,nonPH908_I2,Relic,Y313595,Поповић,Лазарева Субота,Босанска Крајина,Церовљани/Градишка,45.0535948,17.2061523
location_terminal,R1b,non_I2,Founder,BY38894,Гаргента,Ђурђевдан,Далмација,Цетина/Цивљане,43.9739095,16.4271869
location_terminal,R1a,non_I2,Founder,BY99654,Медић,Ђурђевдан,Далмација,Цетина/Цивљане,43.9739095,16.4271869
location_terminal,E,non_I2,Founder,E-FT104106,Милаш,Стевањдан,Далмација,Цетина/Цивљане,43.9739095,16.4271869
location_terminal,PH908_primary,PH908_family,Founder,FT386055,Преочанин,Аранђеловдан,Далмација,Цетина/Цивљане,43.9739095,16.4271869
location_terminal,R1a,non_I2,Founder,L1029,Ђукић,Јовањдан,Далмација,Цетина/Цивљане,43.9739095,16.4271869
location_terminal,PH908_primary,PH908_family,Founder,Y58629,Баришић,Јовањдан,Далмација,Цетина/Цивљане,43.9739095,16.4271869
location_terminal,E,non_I2,Relic,E-FT287248,Мартиновић,Јовањдан,Зета,Цетиње,42.389633,18.9246085
location_terminal,E,non_I2,Founder,E-Z1057,Трапарић,Јовањдан,Херцеговина,Цибријан/Врпоље Љубомир/Требиње,42.7645262,18.3643403
location_terminal,E,non_I2,Founder,E-FT104106,Црномарковић,Јовањдан,Далмација,Цивљане,43.9556008,16.4050607
location_terminal,J2,non_I2,Founder,J-Y22059,Шарац,Никољдан,Далмација,Цивљане,43.9556008,16.4050607
location_terminal,R1a,non_I2,Founder,YP417,Билић,Јовањдан,Далмација,Цивљане,43.9556008,16.4050607
location_terminal,I2_unmapped_nonPH908,nonPH908_I2,Relic,Z78,Јевтић,Митровдан,Шумадија,Цикот/Рековац,43.8958205,21.0890293
location_terminal,PH908_primary,PH908_family,Founder,FT14506,Кондић,Никољдан,Босанска Крајина,Цикоте/Приједор,44.974563,16.7075768
location_terminal,Y3120_deep_mid_nonPH908,nonPH908_I2,Relic,A8741,Панчевачки,Никољдан,Западни Банат,Црепаја/Ковачица,45.0092297,20.6372859
location_terminal,R1a,non_I2,Founder,BY99654,Ђукић,Ђурђиц,Западни Банат,Црепаја/Ковачица,45.0092297,20.6372859
location_terminal,E,non_I2,Founder,E-FT104106,Атанацковић,Ђурђиц,Западни Банат,Црепаја/Ковачица,45.0092297,20.6372859
location_terminal,J2,non_I2,Relic,J-L26,Стојаков,Андријевдан,Западни Банат,Црепаја/Ковачица,45.0092297,20.6372859
location_terminal,I1,non_I2,Founder,FGC22061,Бандука,Ђурђевдан,Средња Босна,Црепљани/Хаџићи,43.7899078,18.2048651
location_terminal,PH908_primary,PH908_family,Relic,Y177506,Мазалица,Јовањдан,Централна Хрватска,Црквени Бок/Суња,45.3455404,16.7139689
location_terminal,E,non_I2,Founder,E-Y7168,Ценић,Аранђеловдан,Јабланица,Црковница/Лесковац,43.122721,22.018498
location_terminal,E,non_I2,Founder,E-Z13591,Вучић,Петковдан,Метохија,Црколез/Исток,42.814265,20.6292434
location_terminal,E,non_I2,Founder,E-Y7168,Ромић,Никољдан,Босанска Крајина,Црна Долина/Приједор,45.0258623,16.7190536
location_terminal,E,non_I2,Founder,E-Y128213,Спарић,Јовањдан,Стари Влах,Црнетићи/Херцеговачка Голеша/Прибој,43.5036499,19.4036702
location_terminal,PH908_primary,PH908_family,Founder,FT16449,Јечменица,Никољдан,Стара Херцеговина,Црни Врх/Пљевља,43.3876934,19.4001538
location_terminal,E,non_I2,Founder,E-L241,Савичић,Никољдан,Босанска Крајина,Црни Врх/Челинац,44.7756748,17.3972787
location_terminal,J2,non_I2,Founder,J-Y22059,Барош,Никољдан,Босанска Крајина,Црни Луг/Босанско Грахово,44.0780129,16.5800104
location_terminal,PH908_primary,PH908_family,Relic,Y232617,Пирић,Нема,Херцеговина,Црнићи-Кула/Столац,43.1383968,17.8605227
location_terminal,E,non_I2,Founder,E-Z1057,Шћепановић,Аранђеловдан,Брда,Црнци/Подгорица,46.0386172,13.765327600000001
location_terminal,R1a,non_I2,Founder,BY99654,Босић,Јовањдан,Североисточна Босна,Црнча/Дервента,44.8435466,17.9089735
location_terminal,R1a,non_I2,Founder,FT288648,Ђукић,Стевањдан,Североисточна Босна,Црнча/Дервента,44.8435466,17.9089735
location_terminal,J2,non_I2,Founder,J-Z38299,Марковић,Аранђеловдан,Шумадија,Црнче/Јагодина,43.9894353,21.1486668
location_terminal,R1a,non_I2,Founder,L1029,Живановић,Стевањдан,Браничево,Црљенац/Мало Црниће,44.4949069,21.3612602
location_terminal,I1,non_I2,Founder,BY169301,Лончаревић,Јовањдан,Стара Херцеговина,Црљенице/Пљевља,43.3583633,19.4067498
location_terminal,PH908_primary,PH908_family,Founder,FT16449,Ненадић,Никољдан,Стара Херцеговина,Црљенице/Пљевља,43.3583633,19.4067498
location_terminal,R1a,non_I2,Founder,BY30743,Павловић,Ђурђевдан,Североисточна Босна,Црњелово Горње/Бијељина,44.8417893,19.124625
location_terminal,G,non_I2,Founder,G-FTC64765,Вучковић,Аранђеловдан,Североисточна Босна,Црњелово Горње/Бијељина,44.8417893,19.124625
location_terminal,E,non_I2,Founder,E-Y128213,Петровић,Ђурђевдан,Североисточна Босна,Црњелово Доње/Бијељина,44.8562052,19.1480726
location_terminal,N,non_I2,Founder,N-FGC28435,Мидановић,Јовањдан,Североисточна Босна,Црњелово Доње/Бијељина,44.8562052,19.1480726
location_terminal,PH908_primary,PH908_family,Founder,FT14506,Милетић,Аранђеловдан,Херцеговина,Чаваш/Равно,42.8873119,17.9645863
location_terminal,PH908_primary,PH908_family,Relic,Y48807,Михић,Јовањдан,Херцеговина,Чаваш/Равно,42.8873119,17.9645863
location_terminal,J2,non_I2,Founder,J-Y22063,Тинтор,Св. Врачи,Банија,Чавловица/Двор,45.161172,16.158292
location_terminal,PH908_primary,PH908_family,Founder,Y51673,Чавор,Ђурђевдан,Зета,Чавори/Котор,42.3639324,18.8049965
location_terminal,I1,non_I2,Founder,FGC22061,Ћеран,Ђурђевдан,Босанска Крајина,Чаглица/Велика Кладуша,45.120781,15.9840396
location_terminal,I1,non_I2,Founder,FT428459,Јефтић,Стевањдан,Североисточна Босна,Чакловићи Горњи/Тузла,44.5204035,18.7570357
location_terminal,R1a,non_I2,Founder,BY30743,Елезовић,Матијевдан,Херцеговина,Чапљина,43.1133536,17.705039
location_terminal,E,non_I2,Relic,E-M34,Милосављевић,Ђурђевдан,Стари Влах,Чачак,43.8914332,20.3491624
location_terminal,I1,non_I2,Founder,FGC22061,Станојевић,Ђурђевдан,Стари Влах,Чачак,43.8914332,20.3491624
location_terminal,J2,non_I2,Founder,J-Y230579,Војиновић,Ђурђевдан,Стари Влах,Чачак,43.8914332,20.3491624
location_terminal,R1a,non_I2,Founder,L1029,Поповић,Стевањдан,Североисточна Босна,Чађавица Горња/Бијељина,44.7174967,19.0163704
location_terminal,E,non_I2,Founder,E-Y142744,Михајловић,Јовањдан,Североисточна Босна,Чађавица Доња/Бијељина,44.7848293,19.0901929
location_terminal,PH908_primary,PH908_family,Founder,Y56203,Карлица,Стевањдан,Босанска Крајина,Чађавица Доња/Нови Град,44.9710596,16.3197581
location_terminal,PH908_primary,PH908_family,Founder,FT16449,Перотић,Лучиндан,Херцеговина,Чваљина/Равно,42.8667928,17.9733988
location_terminal,PH908_primary,PH908_family,Founder,BY93199,Вујовић,Аранђеловдан,Зета,Чево/Цетиње,42.5455378,18.9191085
location_terminal,R1a,non_I2,Relic,L260,Гашпар,Нема,Бачка,Челарево/Бачка Паланка,45.2696714,19.5278917
location_terminal,R1a,non_I2,Relic,BY170000,Арнаутовић,Стевањдан,Херцеговина,Челебићи/Коњиц,43.3913313,18.9682323
location_terminal,PH908_primary,PH908_family,Founder,FT16449,Аврамовић,Никољдан,Херцеговина,Челебићи/Коњиц,43.3913313,18.9682323
location_terminal,J2,non_I2,Founder,J-Y155375,Тодовић,Никољдан,Источна Босна,Челебићи/Фоча,43.3913313,18.9682323
location_terminal,E,non_I2,Founder,E-Y126722,Радујковић,Часне Вериге апостола Петра,Босанска Крајина,Челинац,44.7241731,17.319359
location_terminal,R1a,non_I2,Founder,Y189493,Васиљевић,Стевањдан,Североисточна Босна,Челопек/Зворник,44.440092,19.122167
location_terminal,I2_unmapped_nonPH908,nonPH908_I2,Relic,P95,Кнежевић,Аранђеловдан,Стари Влах,Чемериковци/Доброселица/Чајетина,43.6178359,19.7203881
location_terminal,PH908_primary,PH908_family,Founder,FT16449,Зеленовић,Игњатијевдан,Североисточна Босна,Ченгић/Бијељина,44.6474906,19.1547291
location_terminal,J2,non_I2,Founder,J-Y155375,Јелић,Ђурђевдан,Североисточна Босна,Ченгић/Бијељина,44.6474906,19.1547291
location_terminal,G,non_I2,Relic,G-PF3345,Загорчић,Никољдан,Бачка,Ченеј/Нови Сад,45.3697869,19.8013472
location_terminal,PH908_primary,PH908_family,Founder,FT16449,Дедијер,Игњатијевдан,Херцеговина,Чепелица/Билећа,42.8445222,18.4067779
location_terminal,PH908_primary,PH908_family,Founder,Y58629,Џелетовић,Јовањдан,Херцеговина,Чепелица/Билећа,42.8445222,18.4067779
location_terminal,R1a,non_I2,Founder,L1029,Бајић,Стевањдан,Централна Хрватска,Четвртковац/Суња,45.3505168,16.5404707
location_terminal,I1,non_I2,Founder,Y155080,Савић,Ђурђевдан,Североисточна Босна,Чечава/Теслић,44.6922483,17.7150943
location_terminal,E,non_I2,Founder,E-Z13591,Стојановић,Петковдан,Косово,Чешановиће/Зубин Поток,42.9686117,20.6450363
location_terminal,R1a,non_I2,Founder,FT288648,Малешевић,Никољдан,Босанска Крајина,Чивчије/Прњавор,44.8166454,17.5261919
location_terminal,PH908_primary,PH908_family,Founder,FT386055,Јањић,Аранђеловдан,Босанска Крајина,Чивчије/Прњавор,44.8166454,17.5261919
location_terminal,R1a,non_I2,Founder,L1029,Жујковић,Ђурђиц,Расина,Читлук/Крушевац,43.5939349,21.272291
location_terminal,R1a,non_I2,Founder,Z280,Лончар,Јовањдан,Херцеговина,Чичево/Требиње,42.6348744,18.2918066
location_terminal,E,non_I2,Founder,E-L241,Поповић,Јовањдан,Славонија,Човац/Окучани,45.2372552,17.1701162
location_terminal,E,non_I2,Founder,E-Z1057,Велединовић,Ђурђевдан,Славонија,Човац/Окучани,45.2372552,17.1701162
location_terminal,R1a,non_I2,Founder,Z280,Мудровчић,Нема,Лика,Човићи/Оточац,44.2727195,19.2296184
location_terminal,R1b,non_I2,Relic,Z15952,Добросављевић,Никољдан,Мачва,Чокешина/Лозница,44.653159,19.3836822
location_terminal,PH908_primary,PH908_family,Founder,FT16449,Васић,Ђурђевдан,Босанска Крајина,Чорле/Прњавор,44.904721,17.5893212
location_terminal,E,non_I2,Founder,E-Z1057,Комљеновић,Часне Вериге апостола Петра,Кордун,Чремушница/Вргинмост,45.3556367,15.8649944
location_terminal,E,non_I2,Founder,E-Z13591,Рајковић,Ђурђиц,Тимочка Крајина,Чубра/Неготин,44.1908783,22.4673454
location_terminal,R1a,non_I2,Founder,L1029,Симић,Аранђеловдан,Браничево,Чубура/Ражањ,43.6669071,21.5353302
location_terminal,E,non_I2,Founder,E-FT104106,Гајић,Никољдан,Босанска Крајина,Чуклић/Шипово,44.2310095,17.1318429
location_terminal,Y3120_deep_mid_nonPH908,nonPH908_I2,Founder,Z17855,Миленковић,Никољдан,Јабланица,Чукурусци/Златанце/Црна Трава,42.8102936,22.326142
location_terminal,I1,non_I2,Founder,FGC22061,Предојевић,Стевањдан,Шумадија,Чумић/Крагујевац,44.1377164,20.7880504
location_terminal,I1,non_I2,Founder,FGC22061,Драгићевић,Никољдан,Топлица,Чунгула/Блаце,43.2463092,21.2931523
location_terminal,E,non_I2,Founder,E-Z1057,Иванов,Јовањдан,Бачка,Чуруг/Жабаљ,45.4732331,20.0717969
location_terminal,E,non_I2,Founder,E-Z1057,Кајевић,Ђурђиц,Северна Македонија,Чучер/Чучер-Сандево,42.0994869,21.3868611
location_terminal,I1,non_I2,Founder,BY169301,Тодоровић,Никољдан,Мачва,Шабац,44.7571535,19.6953972
location_terminal,E,non_I2,Founder,E-L241,Јездимировић,Аранђеловдан,Мачва,Шабац,44.7571535,19.6953972
location_terminal,R1a,non_I2,Founder,FT288648,Мрђеновачки,Никољдан,Мачва,Шабац,44.7571535,19.6953972
location_terminal,J2,non_I2,Founder,J-Y155375,Јовановић,Ђурђевдан,Мачва,Шабац,44.7571535,19.6953972
location_terminal,PH908_primary,PH908_family,Founder,Y56203,Максимовић,Никољдан,Мачва,Шабац,44.7571535,19.6953972
location_terminal,PH908_primary,PH908_family,Founder,FT14506,Поповић,Ђурђиц,Браничево,Шавац/Параћин,43.8425978,21.3596289
location_terminal,R1a,non_I2,Relic,YP343,Велимановић,Митровдан,Браничево,Шавац/Параћин,43.8425978,21.3596289
location_terminal,PH908_primary,PH908_family,Founder,FT16449,Гавриловић,Никољдан,Расина,Шавране/Крушевац,43.4914301,21.2783129
location_terminal,N,non_I2,Founder,N-FT182494,Мишић,Никољдан,Североисточна Босна,Шадићи Горњи/Власеница,44.2671041,18.9844078
location_terminal,R1a,non_I2,Founder,YP270,Димитријевић,Никољдан,Понишавље,Шарбановац/Сокобања,43.7051435,21.8783244
location_terminal,PH908_primary,PH908_family,Relic,Y188841,Југовић,Пантелијевдан,Босанска Крајина,Шаринци/Прњавор,44.801421,17.5674552
location_terminal,R1b,non_I2,Founder,FT44409,Бошњак,Алимпијевдан,Северна Барања,Шарок/Мохач,45.9933836,18.6821079
location_terminal,R1a,non_I2,Founder,L1029,Лучић,Аранђеловдан,Источни Срем,Шашинци/Сремска Митровица,44.966599,19.7416158
location_terminal,R1b,non_I2,Founder,FT44409,Полимац,Митровдан,Банија,Швракарица/Двор,45.1774121,16.3372045
location_terminal,I1,non_I2,Founder,Y155080,Станимировић,Никољдан,Мачва,Шеварице/Шабац,44.8672047,19.6597085
location_terminal,N,non_I2,Founder,N-FT213937,Кнежић,Јовањдан,Босанска Крајина,Шеменовци/Купрес,44.0838628,17.1267686
location_terminal,I1,non_I2,Relic,Y16437,Давидовић,Лазарева Субота,Тимочка Крајина,Шести Габар/Књажевац,43.4348519,22.3734424
location_terminal,E,non_I2,Founder,E-Z1057,Миленковић,Јовањдан,Понишавље,Шетка/Ражањ,43.721203,21.5513364
location_terminal,E,non_I2,Relic,E-A9739,Милисављевић,Никољдан,Браничево,Шетоње/Петровац на Млави,44.2729178,21.4743516
location_terminal,E,non_I2,Relic,E-L1250,Ракић,Ђурђиц,Браничево,Шетоње/Петровац на Млави,44.2729178,21.4743516
location_terminal,I1,non_I2,Founder,Y155080,Лекић,Ђурђевдан,Босанска Крајина,Шеховци/Мркоњић Град,44.488056,17.1212053
location_terminal,PH908_primary,PH908_family,Founder,FT16449,Красић,Игњатијевдан,Босанска Крајина,Шешковци/Лакташи,44.9604861,17.4334034
location_terminal,R1a,non_I2,Founder,L1029,Минић,Аранђеловдан,Стара Херцеговина,Шипачно/Никшић,43.1643561,18.3709171
location_terminal,E,non_I2,Founder,E-Y142744,Јагуз,Михољдан,Босанска Крајина,Шипово,44.2809431,17.0853048
location_terminal,G,non_I2,Founder,G-Y128480,Башић,Јовањдан,Босанска Крајина,Шиповљани/Дрвар,44.3521919,16.4122818
location_terminal,R1a,non_I2,Founder,L1029,Галовић,Ђурђевдан,Лика,Широка Кула/Госпић,44.6154137,15.4559555
location_terminal,E,non_I2,Relic,E-Y173089,Максић,Петковдан,Врањско Поморавље,Широка Планина/Трговиште,42.3077778,22.0336111
location_terminal,E,non_I2,Founder,E-PH1395,Лекић,Аранђеловдан,Топлица,Широке Њиве/Прокупље,43.0976671,21.4680934
location_terminal,R1a,non_I2,Founder,Y260767,Радовановић,Никољдан,Топлица,Широке Њиве/Прокупље,43.0976671,21.4680934
location_terminal,PH908_primary,PH908_family,Founder,FT14506,Ранђеловић,Никољдан,Јабланица,Шишава/Власотинце,42.990208,22.115749
location_terminal,PH908_primary,PH908_family,Founder,Y134585,Перлић,Стевањдан,Средња Босна,Шишава/Травник,44.3141765,17.5620452
location_terminal,Y3120_deep_mid_nonPH908,nonPH908_I2,Relic,BY200456,Станковић,Аранђеловдан,Стари Влах,Шиљци/Забрњица/Прибој,44.5077168,18.7247453
location_terminal,J2,non_I2,Founder,J-Y22063,Дивјак,Јовањдан,Лика,Шкаре/Оточац,44.8917641,15.3098142
location_terminal,J2,non_I2,Founder,J-Y22059,Петровић,Лучиндан,Зета,Шкаљари/Котор,42.4177352,18.7658634
location_terminal,E,non_I2,Founder,E-Z1057,Смилић,Св. Мина,Топлица,Штава/Куршумлија,43.1704962,20.9726989
location_terminal,E,non_I2,Founder,E-L241,Радуловић,Лучиндан,Стари Влах,Штаваљ/Сјеница,43.2740496,20.1227045
location_terminal,E,non_I2,Founder,E-CTS11222,Ђурковић,Никољдан,Стара Херцеговина,Штедим/Никшић,42.9084694,21.2153623
location_terminal,I1,non_I2,Relic,FTA28840,Орељ,Ђурђевдан,Лика,Штикада/Ловинац,44.3160877,15.7958176
location_terminal,J2,non_I2,Founder,J-Y22063,Дупор,Јовањдан,Лика,Штикада/Ловинац,44.3160877,15.7958176
location_terminal,PH908_primary,PH908_family,Founder,FT190799,Девић,Лучиндан,Далмација,Штиково/Дрниш,43.9102015,16.3162066
location_terminal,R1a,non_I2,Founder,YP4278,Ераковић,Ђурђевдан,Далмација,Штиково/Дрниш,43.9102015,16.3162066
location_terminal,E,non_I2,Relic,E-CTS693,Дуков,Непознато,Источна Македонија,Штип,41.7374724,22.1935856
location_terminal,R1a,non_I2,Founder,L1029,Зипевски,Никољдан,Источна Македонија,Штип,41.7374724,22.1935856
location_terminal,I1,non_I2,Founder,BY169301,Миљковић,Алимпијевдан,Расина,Штитаре/Крушевац,43.4448272,21.2217082
location_terminal,J2,non_I2,Founder,J-Y22063,Вуковић,Ђурђевдан,Брда,Штитарица/Мојковац,42.9204061,19.5297278
location_terminal,R1b,non_I2,Founder,FT49714,Вјетровић,Никољдан,Стари Влах,Штитково/Нова Варош,43.4812205,19.9883145
location_terminal,E,non_I2,Founder,E-Z1057,Здравковић (Мрђинац),Никољдан,Косово,Штрпце,42.2401249,21.0253337
location_terminal,PH908_primary,PH908_family,Founder,FT14506,Тасић,Никољдан,Косово,Штрпце,42.2401249,21.0253337
location_terminal,PH908_primary,PH908_family,Relic,Y207627,Доганџић,Никољдан,Косово,Штрпце,42.2401249,21.0253337
location_terminal,J2,non_I2,Founder,J-Y155375,Анџић,Ђурђевдан,Источна Босна,Штрпци/Рудо,43.6371002,19.4860732
location_terminal,R1a,non_I2,Founder,Z280,Мрдић,Митровдан,Херцеговина,Шумата Главица/Горњи Ораховац/Требиње,42.6826235,18.4858981
location_terminal,PH908_map_nonprimary,PH908_family,Relic,MF4021,Ђукетић,Никољдан,Шумадија,Шушњар/Лазаревац,44.3640136,20.2511165
location_terminal,I1,non_I2,Founder,FGC22061,Шљиванчанин,Ђурђевдан,Стара Херцеговина,Шљиванско/Жабљак,43.1180746,19.3081483
location_terminal,G,non_I2,Founder,G-Y128480,Малиџан,Ђурђевдан,Стара Херцеговина,Шљиванско/Пљевља,43.3274873,19.2237441
location_terminal,PH908_primary,PH908_family,Relic,Y151087,Нешић,Св. Врачи,Косово,Шљивовица/Вучитрн,42.8895257,20.9955869
location_terminal,E,non_I2,Founder,E-FT104106,Шукиловић,Ђурђевдан,Стари Влах,Шљивовица/Чајетина,43.8169413,19.6659619
location_terminal,R1a,non_I2,Founder,Y189493,Спасојевић,Марковдан,Босанска Крајина,Шњеготина Велика/Челинац,44.7147009,17.5427528
location_terminal,E,non_I2,Founder,E-L241,Кичић,Михољдан,Босанска Крајина,Шњеготина Средња/Челинац,44.6939155,17.53773
location_terminal,R1b,non_I2,Founder,A274,Сушић,Аранђеловдан,Херцеговина,Шћеница Љубомир/Требиње,42.8363878,18.3190328
